inst,family,spec,n_tr,tr_r,tr_wr,tr_pf,tr_dd,segs,seg_ok,te_n,te_r,te_pf
GOLD,A_asia_ny,A_asia_ny_rev|ref19-21o1|act22-09|rev|b0.75|a10|m1.0|tp0.75|x08,315,78.48,73.97,1.94,8.09,+19.6 / +38.3 / +21.6,True,118,26.43,1.78
GOLD,A_asia_ny,A_asia_ny_rev|ref19-21o1|act22-09|rev|b0.75|a10|m1.0|tpopp|x08,315,-14.12,40.32,0.93,33.34,-9.3 / +4.4 / -8.2,False,118,7.93,1.13
GOLD,A_asia_ny,A_asia_ny_rev|ref19-21o1|act22-09|rev|b1.0|a10|m1.0|tp0.75|x08,294,69.03,73.13,1.86,7.31,+6.8 / +31.8 / +31.5,True,115,34.01,2.23
GOLD,A_asia_ny,A_asia_ny_rev|ref19-21o1|act22-09|rev|b1.0|a10|m1.0|tpopp|x08,294,-9.67,38.1,0.95,33.3,-13.8 / +5.3 / -0.2,False,115,1.46,1.02
GOLD,A_asia_ny,A_asia_ny_rev|ref19-21o1|act22-09|rev|b1.25|a10|m1.0|tp0.75|x08,262,71.98,75.57,2.1,4.87,+18.5 / +23.3 / +31.2,True,101,34.79,2.62
GOLD,A_asia_ny,A_asia_ny_rev|ref19-21o1|act22-09|rev|b1.25|a10|m1.0|tpopp|x08,262,-8.3,35.88,0.95,34.9,-10.8 / -1.3 / +4.8,False,101,2.78,1.05
GOLD,A_asia_ny,A_asia_ny_rev|ref19-21o1|act22-10|rev|b0.75|a10|m1.0|tp0.75|x08,319,79.62,73.98,1.94,8.09,+18.5 / +39.0 / +23.1,True,119,27.16,1.81
GOLD,A_asia_ny,A_asia_ny_rev|ref19-21o1|act22-10|rev|b0.75|a10|m1.0|tpopp|x08,319,-18.23,39.81,0.91,35.42,-10.3 / +3.4 / -10.2,False,119,6.9,1.11
GOLD,A_asia_ny,A_asia_ny_rev|ref19-21o1|act22-10|rev|b1.0|a10|m1.0|tp0.75|x08,301,70.51,73.09,1.86,7.31,+6.4 / +33.2 / +31.9,True,117,35.49,2.28
GOLD,A_asia_ny,A_asia_ny_rev|ref19-21o1|act22-10|rev|b1.0|a10|m1.0|tpopp|x08,301,-13.6,37.54,0.93,35.2,-16.0 / +6.6 / -3.3,False,117,0.98,1.02
GOLD,A_asia_ny,A_asia_ny_rev|ref19-21o1|act22-10|rev|b1.25|a10|m1.0|tp0.75|x08,273,76.3,75.82,2.13,4.87,+19.5 / +22.7 / +35.1,True,103,34.52,2.53
GOLD,A_asia_ny,A_asia_ny_rev|ref19-21o1|act22-10|rev|b1.25|a10|m1.0|tpopp|x08,273,-9.04,35.53,0.95,33.78,-12.1 / +1.0 / +3.1,False,103,0.76,1.01
GOLD,B_london,B_london_rev|ref19-21o1|act06-09|rev|b0.25|a10|m1.0|tp0.5|x10,410,-4.96,68.05,0.96,15.52,-6.1 / +3.3 / -2.7,False,149,-0.23,0.99
GOLD,B_london,B_london_rev|ref19-21o1|act06-09|rev|b0.25|a10|m1.0|tp0.5|x11,410,-6.55,68.05,0.95,17.46,-6.2 / +1.9 / -2.7,False,149,1.2,1.03
GOLD,B_london,B_london_rev|ref19-21o1|act06-09|rev|b0.25|a10|m1.0|tp0.75|x10,410,1.79,59.02,1.01,14.24,+0.4 / +6.2 / -5.6,False,149,1.66,1.03
GOLD,B_london,B_london_rev|ref19-21o1|act06-09|rev|b0.25|a10|m1.0|tp0.75|x11,410,-1.03,59.27,0.99,17.09,+0.6 / +5.5 / -8.0,False,149,-1.64,0.97
GOLD,B_london,B_london_rev|ref19-21o1|act06-09|rev|b0.25|a10|m1.0|tpopp|x10,410,-47.03,39.27,0.79,63.68,+4.2 / -25.6 / -26.4,False,149,-11.33,0.83
GOLD,B_london,B_london_rev|ref19-21o1|act06-09|rev|b0.25|a10|m1.0|tpopp|x11,410,-43.38,37.07,0.82,64.24,+6.3 / -25.3 / -25.3,False,149,-13.68,0.82
GOLD,B_london,B_london_rev|ref19-21o1|act06-09|rev|b0.25|a10|m1.5|tp0.5|x10,410,-5.78,63.41,0.95,12.18,-3.3 / -0.3 / -2.6,False,149,1.5,1.04
GOLD,B_london,B_london_rev|ref19-21o1|act06-09|rev|b0.25|a10|m1.5|tp0.5|x11,410,-10.25,64.15,0.92,17.49,-3.2 / -1.3 / -6.3,False,149,2.33,1.06
GOLD,B_london,B_london_rev|ref19-21o1|act06-09|rev|b0.25|a10|m1.5|tp0.75|x10,410,-27.84,50.98,0.83,36.26,-6.5 / -12.7 / -9.4,False,149,-1.63,0.96
GOLD,B_london,B_london_rev|ref19-21o1|act06-09|rev|b0.25|a10|m1.5|tp0.75|x11,410,-29.67,51.71,0.82,37.1,-5.3 / -13.4 / -11.7,False,149,-2.02,0.96
GOLD,B_london,B_london_rev|ref19-21o1|act06-09|rev|b0.25|a10|m1.5|tpopp|x10,410,-41.96,43.66,0.76,52.82,-3.3 / -24.7 / -14.5,False,149,-4.19,0.91
GOLD,B_london,B_london_rev|ref19-21o1|act06-09|rev|b0.25|a10|m1.5|tpopp|x11,410,-40.82,43.17,0.78,54.8,+1.5 / -27.0 / -15.9,False,149,-5.88,0.89
GOLD,B_london,B_london_rev|ref19-21o1|act06-09|rev|b0.5|a10|m1.0|tp0.5|x10,387,4.12,69.51,1.04,10.26,-4.0 / +1.3 / +6.3,False,142,4.24,1.1
GOLD,B_london,B_london_rev|ref19-21o1|act06-09|rev|b0.5|a10|m1.0|tp0.5|x11,387,2.56,69.77,1.02,12.2,-4.1 / -0.2 / +6.4,False,142,4.29,1.1
GOLD,B_london,B_london_rev|ref19-21o1|act06-09|rev|b0.5|a10|m1.0|tp0.75|x10,387,20.8,61.76,1.15,10.72,+10.2 / +6.1 / +3.7,True,142,12.04,1.25
GOLD,B_london,B_london_rev|ref19-21o1|act06-09|rev|b0.5|a10|m1.0|tp0.75|x11,387,19.17,62.02,1.13,13.7,+10.1 / +6.1 / +2.1,True,142,10.51,1.21
GOLD,B_london,B_london_rev|ref19-21o1|act06-09|rev|b0.5|a10|m1.0|tpopp|x10,387,-35.43,40.57,0.83,52.71,+6.5 / -27.4 / -15.3,False,142,-8.48,0.87
GOLD,B_london,B_london_rev|ref19-21o1|act06-09|rev|b0.5|a10|m1.0|tpopp|x11,387,-37.81,38.24,0.83,53.15,+3.9 / -28.8 / -13.9,False,142,-9.53,0.87
GOLD,B_london,B_london_rev|ref19-21o1|act06-09|rev|b0.5|a10|m1.5|tp0.5|x10,387,7.59,65.89,1.07,7.71,+3.5 / +0.4 / +3.2,True,142,9.96,1.3
GOLD,B_london,B_london_rev|ref19-21o1|act06-09|rev|b0.5|a10|m1.5|tp0.5|x11,387,2.87,66.41,1.03,11.68,+2.6 / -1.2 / +1.0,False,142,11.12,1.34
GOLD,B_london,B_london_rev|ref19-21o1|act06-09|rev|b0.5|a10|m1.5|tp0.75|x10,387,-10.38,53.75,0.93,20.71,-1.9 / -8.2 / -1.0,False,142,4.07,1.1
GOLD,B_london,B_london_rev|ref19-21o1|act06-09|rev|b0.5|a10|m1.5|tp0.75|x11,387,-11.95,54.01,0.92,22.04,-0.9 / -10.5 / -1.3,False,142,3.22,1.07
GOLD,B_london,B_london_rev|ref19-21o1|act06-09|rev|b0.5|a10|m1.5|tpopp|x10,387,-38.77,44.19,0.76,49.47,-3.6 / -24.7 / -11.0,False,142,-2.81,0.93
GOLD,B_london,B_london_rev|ref19-21o1|act06-09|rev|b0.5|a10|m1.5|tpopp|x11,387,-43.47,43.41,0.75,53.47,-3.3 / -28.0 / -12.8,False,142,-3.96,0.92
GOLD,B_london,B_london_rev|ref19-21o1|act06-09|rev|b0.75|a10|m1.0|tp0.5|x10,345,3.3,70.14,1.03,12.23,+1.2 / -3.1 / +4.7,False,130,1.25,1.03
GOLD,B_london,B_london_rev|ref19-21o1|act06-09|rev|b0.75|a10|m1.0|tp0.5|x11,345,1.96,69.57,1.02,13.64,+0.9 / -4.0 / +4.7,False,130,2.15,1.05
GOLD,B_london,B_london_rev|ref19-21o1|act06-09|rev|b0.75|a10|m1.0|tp0.75|x10,345,13.4,61.74,1.1,13.47,+10.3 / -2.9 / +5.3,False,130,11.48,1.26
GOLD,B_london,B_london_rev|ref19-21o1|act06-09|rev|b0.75|a10|m1.0|tp0.75|x11,345,10.5,61.16,1.08,16.44,+10.6 / -4.2 / +3.4,False,130,10.26,1.22
GOLD,B_london,B_london_rev|ref19-21o1|act06-09|rev|b0.75|a10|m1.0|tpopp|x10,345,-40.64,39.71,0.79,52.96,+5.8 / -31.3 / -15.8,False,130,-12.43,0.8
GOLD,B_london,B_london_rev|ref19-21o1|act06-09|rev|b0.75|a10|m1.0|tpopp|x11,345,-41.41,36.52,0.8,50.24,+1.9 / -32.4 / -11.8,False,130,-14.71,0.79
GOLD,B_london,B_london_rev|ref19-21o1|act06-09|rev|b0.75|a10|m1.5|tp0.5|x10,345,2.5,65.8,1.03,14.44,+3.9 / -8.2 / +6.3,False,130,9.39,1.31
GOLD,B_london,B_london_rev|ref19-21o1|act06-09|rev|b0.75|a10|m1.5|tp0.5|x11,345,-2.6,65.8,0.98,16.83,+2.4 / -10.2 / +4.6,False,130,10.61,1.35
GOLD,B_london,B_london_rev|ref19-21o1|act06-09|rev|b0.75|a10|m1.5|tp0.75|x10,345,-10.2,54.78,0.92,23.65,+6.7 / -15.6 / -2.0,False,130,3.01,1.08
GOLD,B_london,B_london_rev|ref19-21o1|act06-09|rev|b0.75|a10|m1.5|tp0.75|x11,345,-11.04,54.49,0.92,24.36,+7.0 / -17.6 / -1.2,False,130,1.25,1.03
GOLD,B_london,B_london_rev|ref19-21o1|act06-09|rev|b0.75|a10|m1.5|tpopp|x10,345,-40.07,43.48,0.73,45.48,-0.3 / -28.7 / -11.6,False,130,-6.29,0.85
GOLD,B_london,B_london_rev|ref19-21o1|act06-09|rev|b0.75|a10|m1.5|tpopp|x11,345,-40.78,42.32,0.75,46.37,-1.1 / -31.3 / -8.9,False,130,-8.18,0.83
GOLD,B_london,B_london_rev|ref19-21o1|act06-09|rev_cf|b0.25|a10|m1.0|tp0.5|x10,107,-22.78,54.21,0.52,26.6,-4.8 / -10.8 / -7.7,False,24,-0.19,0.97
GOLD,B_london,B_london_rev|ref19-21o1|act06-09|rev_cf|b0.25|a10|m1.0|tp0.5|x11,107,-20.78,56.07,0.55,24.79,-4.5 / -10.2 / -6.6,False,24,0.8,1.13
GOLD,B_london,B_london_rev|ref19-21o1|act06-09|rev_cf|b0.25|a10|m1.0|tp0.75|x10,107,-19.83,49.53,0.61,23.64,-3.4 / -8.7 / -8.0,False,24,-0.35,0.95
GOLD,B_london,B_london_rev|ref19-21o1|act06-09|rev_cf|b0.25|a10|m1.0|tp0.75|x11,107,-20.49,48.6,0.61,24.82,-6.2 / -7.9 / -6.6,False,24,-0.93,0.88
GOLD,B_london,B_london_rev|ref19-21o1|act06-09|rev_cf|b0.25|a10|m1.0|tpopp|x10,107,-23.27,44.86,0.55,28.53,-0.1 / -11.7 / -11.7,False,24,1.06,1.15
GOLD,B_london,B_london_rev|ref19-21o1|act06-09|rev_cf|b0.25|a10|m1.0|tpopp|x11,107,-11.77,48.6,0.77,21.54,+6.7 / -8.2 / -10.4,False,24,0.38,1.05
GOLD,B_london,B_london_rev|ref19-21o1|act06-09|rev_cf|b0.25|a10|m1.5|tp0.5|x10,107,-16.39,54.21,0.58,18.93,-4.1 / -6.0 / -6.4,False,24,0.93,1.23
GOLD,B_london,B_london_rev|ref19-21o1|act06-09|rev_cf|b0.25|a10|m1.5|tp0.5|x11,107,-14.74,54.21,0.62,17.63,-4.9 / -5.5 / -4.5,False,24,1.23,1.28
GOLD,B_london,B_london_rev|ref19-21o1|act06-09|rev_cf|b0.25|a10|m1.5|tp0.75|x10,107,-18.03,46.73,0.59,21.45,-3.2 / -6.5 / -8.5,False,24,2.71,1.67
GOLD,B_london,B_london_rev|ref19-21o1|act06-09|rev_cf|b0.25|a10|m1.5|tp0.75|x11,107,-13.89,48.6,0.68,17.18,-3.6 / -4.8 / -5.6,False,24,3.38,1.76
GOLD,B_london,B_london_rev|ref19-21o1|act06-09|rev_cf|b0.25|a10|m1.5|tpopp|x10,107,-18.59,47.66,0.51,22.1,-2.1 / -7.6 / -9.1,False,24,1.43,1.36
GOLD,B_london,B_london_rev|ref19-21o1|act06-09|rev_cf|b0.25|a10|m1.5|tpopp|x11,107,-9.24,52.34,0.75,14.03,+2.6 / -5.5 / -6.4,False,24,1.47,1.32
GOLD,B_london,B_london_rev|ref19-21o1|act06-09|rev_cf|b0.5|a10|m1.0|tp0.5|x10,71,-14.37,53.52,0.53,18.53,-4.0 / -6.5 / -3.4,False,14,1.09,1.34
GOLD,B_london,B_london_rev|ref19-21o1|act06-09|rev_cf|b0.5|a10|m1.0|tp0.5|x11,71,-12.69,57.75,0.58,17.02,-3.7 / -6.3 / -2.4,False,14,1.25,1.4
GOLD,B_london,B_london_rev|ref19-21o1|act06-09|rev_cf|b0.5|a10|m1.0|tp0.75|x10,71,-13.93,47.89,0.59,18.49,-4.3 / -5.3 / -3.9,False,14,-0.27,0.94
GOLD,B_london,B_london_rev|ref19-21o1|act06-09|rev_cf|b0.5|a10|m1.0|tp0.75|x11,71,-12.9,49.3,0.63,18.57,-5.0 / -4.7 / -2.9,False,14,-1.45,0.72
GOLD,B_london,B_london_rev|ref19-21o1|act06-09|rev_cf|b0.5|a10|m1.0|tpopp|x10,71,-13.31,43.66,0.62,18.91,-4.1 / -3.3 / -5.5,False,14,1.01,1.3
GOLD,B_london,B_london_rev|ref19-21o1|act06-09|rev_cf|b0.5|a10|m1.0|tpopp|x11,71,-12.18,45.07,0.65,19.42,-3.4 / -2.2 / -6.2,False,14,0.2,1.05
GOLD,B_london,B_london_rev|ref19-21o1|act06-09|rev_cf|b0.5|a10|m1.5|tp0.5|x10,71,-12.7,50.7,0.53,15.52,-5.7 / -4.4 / -2.2,False,14,0.15,1.06
GOLD,B_london,B_london_rev|ref19-21o1|act06-09|rev_cf|b0.5|a10|m1.5|tp0.5|x11,71,-11.0,52.11,0.58,14.82,-5.9 / -4.3 / -0.5,False,14,0.05,1.02
GOLD,B_london,B_london_rev|ref19-21o1|act06-09|rev_cf|b0.5|a10|m1.5|tp0.75|x10,71,-13.05,45.07,0.56,16.7,-4.5 / -6.7 / -1.7,False,14,-0.35,0.91
GOLD,B_london,B_london_rev|ref19-21o1|act06-09|rev_cf|b0.5|a10|m1.5|tp0.75|x11,71,-11.51,45.07,0.61,15.54,-4.5 / -6.4 / -0.4,False,14,-0.2,0.95
GOLD,B_london,B_london_rev|ref19-21o1|act06-09|rev_cf|b0.5|a10|m1.5|tpopp|x10,71,-12.04,45.07,0.55,15.77,-5.6 / -2.7 / -3.5,False,14,1.01,1.53
GOLD,B_london,B_london_rev|ref19-21o1|act06-09|rev_cf|b0.5|a10|m1.5|tpopp|x11,71,-10.77,46.48,0.59,15.6,-4.9 / -2.7 / -3.0,False,14,1.02,1.45
GOLD,B_london,B_london_rev|ref19-21o1|act06-10|rev|b0.25|a10|m1.0|tp0.5|x10,417,-3.19,68.35,0.98,16.13,-5.2 / +3.2 / -1.7,False,151,0.72,1.02
GOLD,B_london,B_london_rev|ref19-21o1|act06-10|rev|b0.25|a10|m1.0|tp0.5|x11,417,-4.77,68.35,0.96,18.07,-5.3 / +1.8 / -1.8,False,151,2.16,1.05
GOLD,B_london,B_london_rev|ref19-21o1|act06-10|rev|b0.25|a10|m1.0|tp0.75|x10,417,4.49,59.47,1.03,14.24,+1.9 / +6.6 / -4.7,False,151,2.83,1.05
GOLD,B_london,B_london_rev|ref19-21o1|act06-10|rev|b0.25|a10|m1.0|tp0.75|x11,417,2.25,59.71,1.01,16.73,+2.1 / +5.9 / -6.5,False,151,-0.78,0.99
GOLD,B_london,B_london_rev|ref19-21o1|act06-10|rev|b0.25|a10|m1.0|tpopp|x10,417,-45.01,39.57,0.8,62.23,+6.4 / -26.4 / -25.7,False,151,-10.8,0.84
GOLD,B_london,B_london_rev|ref19-21o1|act06-10|rev|b0.25|a10|m1.0|tpopp|x11,417,-41.18,37.65,0.83,62.14,+8.0 / -27.2 / -22.9,False,151,-13.22,0.83
GOLD,B_london,B_london_rev|ref19-21o1|act06-10|rev|b0.25|a10|m1.5|tp0.5|x10,417,-2.82,64.03,0.98,11.15,-2.4 / +1.1 / -2.0,False,151,2.28,1.06
GOLD,B_london,B_london_rev|ref19-21o1|act06-10|rev|b0.25|a10|m1.5|tp0.5|x11,417,-6.9,64.75,0.95,16.07,-2.2 / +0.2 / -5.3,False,151,2.9,1.07
GOLD,B_london,B_london_rev|ref19-21o1|act06-10|rev|b0.25|a10|m1.5|tp0.75|x10,417,-25.49,51.56,0.84,33.91,-5.4 / -12.3 / -8.6,False,151,-0.6,0.99
GOLD,B_london,B_london_rev|ref19-21o1|act06-10|rev|b0.25|a10|m1.5|tp0.75|x11,417,-27.39,52.28,0.84,34.83,-4.6 / -13.0 / -10.6,False,151,-1.2,0.98
GOLD,B_london,B_london_rev|ref19-21o1|act06-10|rev|b0.25|a10|m1.5|tpopp|x10,417,-39.94,44.12,0.77,50.81,-1.8 / -24.6 / -14.0,False,151,-3.83,0.92
GOLD,B_london,B_london_rev|ref19-21o1|act06-10|rev|b0.25|a10|m1.5|tpopp|x11,417,-38.76,43.88,0.79,52.8,+2.7 / -27.7 / -14.3,False,151,-5.57,0.89
GOLD,B_london,B_london_rev|ref19-21o1|act06-10|rev|b0.5|a10|m1.0|tp0.5|x10,394,7.35,70.05,1.06,10.26,-4.6 / +3.7 / +7.8,False,143,4.71,1.11
GOLD,B_london,B_london_rev|ref19-21o1|act06-10|rev|b0.5|a10|m1.0|tp0.5|x11,394,5.79,70.3,1.05,12.2,-4.7 / +2.2 / +7.8,False,143,4.77,1.11
GOLD,B_london,B_london_rev|ref19-21o1|act06-10|rev|b0.5|a10|m1.0|tp0.75|x10,394,25.79,62.44,1.18,10.72,+9.8 / +9.3 / +5.9,True,143,12.77,1.26
GOLD,B_london,B_london_rev|ref19-21o1|act06-10|rev|b0.5|a10|m1.0|tp0.75|x11,394,24.15,62.69,1.17,13.7,+9.7 / +9.3 / +4.3,True,143,11.24,1.22
GOLD,B_london,B_london_rev|ref19-21o1|act06-10|rev|b0.5|a10|m1.0|tpopp|x10,394,-36.02,40.86,0.83,52.49,+4.6 / -27.5 / -13.9,False,143,-8.14,0.87
GOLD,B_london,B_london_rev|ref19-21o1|act06-10|rev|b0.5|a10|m1.0|tpopp|x11,394,-39.55,38.58,0.82,54.86,+1.8 / -31.5 / -10.7,False,143,-8.95,0.88
GOLD,B_london,B_london_rev|ref19-21o1|act06-10|rev|b0.5|a10|m1.5|tp0.5|x10,394,10.91,66.5,1.1,7.71,+2.9 / +2.8 / +4.7,True,143,10.44,1.32
GOLD,B_london,B_london_rev|ref19-21o1|act06-10|rev|b0.5|a10|m1.5|tp0.5|x11,394,6.19,67.01,1.05,11.68,+2.0 / +1.2 / +2.4,True,143,11.61,1.35
GOLD,B_london,B_london_rev|ref19-21o1|act06-10|rev|b0.5|a10|m1.5|tp0.75|x10,394,-10.11,53.81,0.93,20.64,-3.5 / -8.1 / +0.7,False,143,4.81,1.12
GOLD,B_london,B_london_rev|ref19-21o1|act06-10|rev|b0.5|a10|m1.5|tp0.75|x11,394,-11.54,54.31,0.92,21.31,-3.0 / -10.2 / +0.9,False,143,3.95,1.09
GOLD,B_london,B_london_rev|ref19-21o1|act06-10|rev|b0.5|a10|m1.5|tpopp|x10,394,-39.37,44.42,0.76,50.19,-5.2 / -24.6 / -10.1,False,143,-2.59,0.94
GOLD,B_london,B_london_rev|ref19-21o1|act06-10|rev|b0.5|a10|m1.5|tpopp|x11,394,-44.2,43.91,0.75,54.35,-5.4 / -28.8 / -10.7,False,143,-3.57,0.93
GOLD,B_london,B_london_rev|ref19-21o1|act06-10|rev|b0.75|a10|m1.0|tp0.5|x10,360,8.24,71.11,1.08,10.82,+1.8 / -0.7 / +6.7,False,134,3.19,1.08
GOLD,B_london,B_london_rev|ref19-21o1|act06-10|rev|b0.75|a10|m1.0|tp0.5|x11,360,7.32,70.56,1.07,12.23,+1.5 / -1.7 / +7.0,False,134,4.1,1.1
GOLD,B_london,B_london_rev|ref19-21o1|act06-10|rev|b0.75|a10|m1.0|tp0.75|x10,360,20.64,62.78,1.16,11.31,+11.9 / +0.7 / +7.3,True,134,13.84,1.31
GOLD,B_london,B_london_rev|ref19-21o1|act06-10|rev|b0.75|a10|m1.0|tp0.75|x11,360,17.59,62.22,1.13,14.28,+12.3 / -0.6 / +5.2,False,134,13.21,1.28
GOLD,B_london,B_london_rev|ref19-21o1|act06-10|rev|b0.75|a10|m1.0|tpopp|x10,360,-39.44,40.56,0.8,50.35,+1.2 / -26.8 / -14.5,False,134,-10.76,0.83
GOLD,B_london,B_london_rev|ref19-21o1|act06-10|rev|b0.75|a10|m1.0|tpopp|x11,360,-36.16,38.06,0.83,44.99,-0.9 / -24.9 / -11.2,False,134,-12.19,0.82
GOLD,B_london,B_london_rev|ref19-21o1|act06-10|rev|b0.75|a10|m1.5|tp0.5|x10,360,8.0,66.67,1.08,11.55,+4.7 / -4.8 / +7.7,False,134,10.97,1.36
GOLD,B_london,B_london_rev|ref19-21o1|act06-10|rev|b0.75|a10|m1.5|tp0.5|x11,360,3.0,66.94,1.03,14.27,+3.2 / -6.6 / +5.9,False,134,12.57,1.41
GOLD,B_london,B_london_rev|ref19-21o1|act06-10|rev|b0.75|a10|m1.5|tp0.75|x10,360,-6.03,55.56,0.95,19.79,+4.4 / -10.0 / -1.2,False,134,4.46,1.12
GOLD,B_london,B_london_rev|ref19-21o1|act06-10|rev|b0.75|a10|m1.5|tp0.75|x11,360,-4.46,56.11,0.97,18.91,+5.6 / -11.1 / +0.3,False,134,3.36,1.08
GOLD,B_london,B_london_rev|ref19-21o1|act06-10|rev|b0.75|a10|m1.5|tpopp|x10,360,-38.32,44.17,0.75,43.72,-3.4 / -24.6 / -10.7,False,134,-5.18,0.88
GOLD,B_london,B_london_rev|ref19-21o1|act06-10|rev|b0.75|a10|m1.5|tpopp|x11,360,-35.58,44.17,0.78,41.18,-2.3 / -25.4 / -8.5,False,134,-6.5,0.86
GOLD,B_london,B_london_rev|ref19-21o1|act06-10|rev_cf|b0.25|a10|m1.0|tp0.5|x10,131,-28.3,54.2,0.52,31.05,-4.2 / -13.7 / -10.8,False,34,-1.38,0.87
GOLD,B_london,B_london_rev|ref19-21o1|act06-10|rev_cf|b0.25|a10|m1.0|tp0.5|x11,131,-22.98,55.73,0.58,25.91,-3.9 / -12.6 / -6.9,False,34,-0.4,0.96
GOLD,B_london,B_london_rev|ref19-21o1|act06-10|rev_cf|b0.25|a10|m1.0|tp0.75|x10,131,-22.11,50.38,0.65,25.25,-1.3 / -10.9 / -10.1,False,34,-1.79,0.85
GOLD,B_london,B_london_rev|ref19-21o1|act06-10|rev_cf|b0.25|a10|m1.0|tp0.75|x11,131,-19.77,49.62,0.68,23.44,-4.4 / -9.6 / -5.9,False,34,-3.59,0.72
GOLD,B_london,B_london_rev|ref19-21o1|act06-10|rev_cf|b0.25|a10|m1.0|tpopp|x10,131,-28.76,45.8,0.55,33.55,+0.4 / -15.7 / -13.7,False,34,-1.65,0.87
GOLD,B_london,B_london_rev|ref19-21o1|act06-10|rev_cf|b0.25|a10|m1.0|tpopp|x11,131,-13.26,48.85,0.78,23.78,+7.1 / -11.5 / -9.0,False,34,-2.36,0.82
GOLD,B_london,B_london_rev|ref19-21o1|act06-10|rev_cf|b0.25|a10|m1.5|tp0.5|x10,131,-20.08,54.96,0.6,22.17,-3.5 / -8.0 / -8.8,False,34,-0.2,0.98
GOLD,B_london,B_london_rev|ref19-21o1|act06-10|rev_cf|b0.25|a10|m1.5|tp0.5|x11,131,-13.83,54.2,0.69,16.27,-3.4 / -6.4 / -4.1,False,34,1.42,1.23
GOLD,B_london,B_london_rev|ref19-21o1|act06-10|rev_cf|b0.25|a10|m1.5|tp0.75|x10,131,-20.19,48.09,0.63,22.92,-2.8 / -7.6 / -10.0,False,34,1.34,1.15
GOLD,B_london,B_london_rev|ref19-21o1|act06-10|rev_cf|b0.25|a10|m1.5|tp0.75|x11,131,-13.07,48.09,0.73,15.82,-3.0 / -5.2 / -5.0,False,34,3.49,1.56
GOLD,B_london,B_london_rev|ref19-21o1|act06-10|rev_cf|b0.25|a10|m1.5|tpopp|x10,131,-22.58,49.62,0.53,25.77,-2.4 / -8.7 / -11.6,False,34,-0.59,0.93
GOLD,B_london,B_london_rev|ref19-21o1|act06-10|rev_cf|b0.25|a10|m1.5|tpopp|x11,131,-9.8,51.91,0.77,15.4,+3.2 / -7.4 / -5.7,False,34,1.9,1.3
GOLD,B_london,B_london_rev|ref19-21o1|act06-10|rev_cf|b0.5|a10|m1.0|tp0.5|x10,89,-18.05,53.93,0.54,22.21,-1.4 / -11.8 / -4.5,False,20,-0.52,0.92
GOLD,B_london,B_london_rev|ref19-21o1|act06-10|rev_cf|b0.5|a10|m1.0|tp0.5|x11,89,-14.54,56.18,0.6,18.88,-1.1 / -10.7 / -2.4,False,20,-0.36,0.94
GOLD,B_london,B_london_rev|ref19-21o1|act06-10|rev_cf|b0.5|a10|m1.0|tp0.75|x10,89,-15.11,49.44,0.64,19.35,-0.2 / -10.5 / -4.0,False,20,-2.88,0.67
GOLD,B_london,B_london_rev|ref19-21o1|act06-10|rev_cf|b0.5|a10|m1.0|tp0.75|x11,89,-12.85,49.44,0.68,17.68,-1.2 / -9.4 / -1.9,False,20,-3.28,0.61
GOLD,B_london,B_london_rev|ref19-21o1|act06-10|rev_cf|b0.5|a10|m1.0|tpopp|x10,89,-15.08,46.07,0.64,20.68,+0.8 / -9.9 / -5.5,False,20,-2.85,0.66
GOLD,B_london,B_london_rev|ref19-21o1|act06-10|rev_cf|b0.5|a10|m1.0|tpopp|x11,89,-13.54,46.07,0.67,20.78,+1.0 / -9.6 / -4.7,False,20,-2.11,0.72
GOLD,B_london,B_london_rev|ref19-21o1|act06-10|rev_cf|b0.5|a10|m1.5|tp0.5|x10,89,-11.65,55.06,0.64,14.7,-3.0 / -5.7 / -2.7,False,20,-2.92,0.57
GOLD,B_london,B_london_rev|ref19-21o1|act06-10|rev_cf|b0.5|a10|m1.5|tp0.5|x11,89,-10.71,51.69,0.64,13.94,-3.4 / -7.1 / -0.0,False,20,-0.38,0.91
GOLD,B_london,B_london_rev|ref19-21o1|act06-10|rev_cf|b0.5|a10|m1.5|tp0.75|x10,89,-8.98,50.56,0.74,12.88,-0.4 / -7.3 / -1.0,False,20,-4.67,0.47
GOLD,B_london,B_london_rev|ref19-21o1|act06-10|rev_cf|b0.5|a10|m1.5|tp0.75|x11,89,-11.18,44.94,0.67,15.64,-1.8 / -9.6 / +0.4,False,20,-0.95,0.82
GOLD,B_london,B_london_rev|ref19-21o1|act06-10|rev_cf|b0.5|a10|m1.5|tpopp|x10,89,-12.68,49.44,0.6,16.5,-2.3 / -6.0 / -4.1,False,20,-3.24,0.53
GOLD,B_london,B_london_rev|ref19-21o1|act06-10|rev_cf|b0.5|a10|m1.5|tpopp|x11,89,-11.43,47.19,0.62,16.48,-1.9 / -7.2 / -2.1,False,20,0.28,1.08
GOLD,B_london,B_london_rev|ref19-21o1|act07-10|rev|b0.25|a10|m1.0|tp0.5|x10,405,-8.42,66.42,0.93,20.87,+2.0 / -3.8 / -6.0,False,146,15.57,1.47
GOLD,B_london,B_london_rev|ref19-21o1|act07-10|rev|b0.25|a10|m1.0|tp0.5|x11,405,-10.69,66.91,0.92,23.27,+1.8 / -5.6 / -6.3,False,146,14.02,1.38
GOLD,B_london,B_london_rev|ref19-21o1|act07-10|rev|b0.25|a10|m1.0|tp0.75|x10,405,-6.9,56.79,0.96,15.84,-0.2 / -5.5 / -0.5,False,146,9.28,1.2
GOLD,B_london,B_london_rev|ref19-21o1|act07-10|rev|b0.25|a10|m1.0|tp0.75|x11,405,-7.58,57.78,0.95,16.91,-0.3 / -7.5 / +0.8,False,146,4.98,1.09
GOLD,B_london,B_london_rev|ref19-21o1|act07-10|rev|b0.25|a10|m1.0|tpopp|x10,405,-78.39,37.78,0.64,82.47,-14.8 / -37.6 / -25.3,False,146,-4.34,0.92
GOLD,B_london,B_london_rev|ref19-21o1|act07-10|rev|b0.25|a10|m1.0|tpopp|x11,405,-87.23,35.31,0.63,90.56,-20.1 / -40.8 / -25.8,False,146,-6.27,0.9
GOLD,B_london,B_london_rev|ref19-21o1|act07-10|rev|b0.25|a10|m1.5|tp0.5|x10,405,-1.31,61.48,0.99,12.75,+0.7 / +1.0 / -2.5,False,146,6.41,1.2
GOLD,B_london,B_london_rev|ref19-21o1|act07-10|rev|b0.25|a10|m1.5|tp0.5|x11,405,0.32,64.44,1.0,11.66,+1.3 / +1.7 / -2.3,False,146,5.81,1.17
GOLD,B_london,B_london_rev|ref19-21o1|act07-10|rev|b0.25|a10|m1.5|tp0.75|x10,405,-36.45,47.16,0.75,39.62,-11.5 / -12.0 / -12.4,False,146,-1.48,0.96
GOLD,B_london,B_london_rev|ref19-21o1|act07-10|rev|b0.25|a10|m1.5|tp0.75|x11,405,-39.69,49.14,0.75,41.9,-13.2 / -12.6 / -13.5,False,146,0.35,1.01
GOLD,B_london,B_london_rev|ref19-21o1|act07-10|rev|b0.25|a10|m1.5|tpopp|x10,405,-55.96,41.73,0.64,58.67,-12.3 / -22.6 / -20.7,False,146,-5.22,0.86
GOLD,B_london,B_london_rev|ref19-21o1|act07-10|rev|b0.25|a10|m1.5|tpopp|x11,405,-61.73,41.73,0.64,63.83,-16.0 / -23.7 / -21.7,False,146,-2.52,0.94
GOLD,B_london,B_london_rev|ref19-21o1|act07-10|rev|b0.5|a10|m1.0|tp0.5|x10,382,-6.22,66.75,0.95,18.32,+2.5 / -4.0 / -4.0,False,135,19.14,1.67
GOLD,B_london,B_london_rev|ref19-21o1|act07-10|rev|b0.5|a10|m1.0|tp0.5|x11,382,-9.13,67.28,0.93,20.68,+2.2 / -6.5 / -4.3,False,135,17.98,1.59
GOLD,B_london,B_london_rev|ref19-21o1|act07-10|rev|b0.5|a10|m1.0|tp0.75|x10,382,6.56,58.64,1.05,13.11,+7.8 / -2.5 / +1.9,False,135,11.88,1.28
GOLD,B_london,B_london_rev|ref19-21o1|act07-10|rev|b0.5|a10|m1.0|tp0.75|x11,382,5.61,59.69,1.04,13.2,+7.1 / -3.9 / +2.9,False,135,9.96,1.21
GOLD,B_london,B_london_rev|ref19-21o1|act07-10|rev|b0.5|a10|m1.0|tpopp|x10,382,-82.51,38.22,0.6,86.13,-28.6 / -30.3 / -23.0,False,135,-7.29,0.86
GOLD,B_london,B_london_rev|ref19-21o1|act07-10|rev|b0.5|a10|m1.0|tpopp|x11,382,-94.44,34.03,0.58,98.19,-31.8 / -39.5 / -22.7,False,135,-8.82,0.85
GOLD,B_london,B_london_rev|ref19-21o1|act07-10|rev|b0.5|a10|m1.5|tp0.5|x10,382,11.25,63.87,1.12,11.38,+8.8 / +2.5 / +0.4,True,135,8.13,1.28
GOLD,B_london,B_london_rev|ref19-21o1|act07-10|rev|b0.5|a10|m1.5|tp0.5|x11,382,11.73,66.49,1.11,9.71,+8.0 / +2.7 / +1.4,True,135,8.45,1.27
GOLD,B_london,B_london_rev|ref19-21o1|act07-10|rev|b0.5|a10|m1.5|tp0.75|x10,382,-22.14,49.74,0.83,27.3,-11.4 / -7.3 / -3.0,False,135,-2.07,0.94
GOLD,B_london,B_london_rev|ref19-21o1|act07-10|rev|b0.5|a10|m1.5|tp0.75|x11,382,-23.61,51.31,0.84,27.34,-10.9 / -9.2 / -3.2,False,135,-0.29,0.99
GOLD,B_london,B_london_rev|ref19-21o1|act07-10|rev|b0.5|a10|m1.5|tpopp|x10,382,-57.38,42.67,0.61,59.6,-17.9 / -20.7 / -18.3,False,135,-7.73,0.79
GOLD,B_london,B_london_rev|ref19-21o1|act07-10|rev|b0.5|a10|m1.5|tpopp|x11,382,-64.48,41.1,0.61,66.67,-21.1 / -24.0 / -19.0,False,135,-5.26,0.87
GOLD,B_london,B_london_rev|ref19-21o1|act07-10|rev|b0.75|a10|m1.0|tp0.5|x10,342,4.07,69.01,1.04,11.24,+7.0 / -2.4 / -1.0,False,129,17.52,1.62
GOLD,B_london,B_london_rev|ref19-21o1|act07-10|rev|b0.75|a10|m1.0|tp0.5|x11,342,2.79,69.3,1.03,14.17,+7.5 / -4.8 / -0.3,False,129,17.31,1.6
GOLD,B_london,B_london_rev|ref19-21o1|act07-10|rev|b0.75|a10|m1.0|tp0.75|x10,342,12.37,59.94,1.1,10.34,+12.7 / -3.1 / +3.2,False,129,12.64,1.32
GOLD,B_london,B_london_rev|ref19-21o1|act07-10|rev|b0.75|a10|m1.0|tp0.75|x11,342,10.41,60.53,1.08,13.54,+12.3 / -6.0 / +4.3,False,129,13.02,1.3
GOLD,B_london,B_london_rev|ref19-21o1|act07-10|rev|b0.75|a10|m1.0|tpopp|x10,342,-74.77,37.13,0.6,76.13,-26.2 / -29.2 / -19.0,False,129,-7.5,0.85
GOLD,B_london,B_london_rev|ref19-21o1|act07-10|rev|b0.75|a10|m1.0|tpopp|x11,342,-77.76,35.09,0.61,78.44,-27.2 / -31.7 / -18.7,False,129,-7.86,0.86
GOLD,B_london,B_london_rev|ref19-21o1|act07-10|rev|b0.75|a10|m1.5|tp0.5|x10,342,12.55,64.62,1.15,6.03,+8.7 / -0.4 / +4.6,False,129,10.52,1.41
GOLD,B_london,B_london_rev|ref19-21o1|act07-10|rev|b0.75|a10|m1.5|tp0.5|x11,342,9.79,66.37,1.11,6.26,+7.3 / -1.2 / +3.9,False,129,11.89,1.43
GOLD,B_london,B_london_rev|ref19-21o1|act07-10|rev|b0.75|a10|m1.5|tp0.75|x10,342,-18.16,50.0,0.84,23.63,-7.3 / -4.7 / -5.9,False,129,0.63,1.02
GOLD,B_london,B_london_rev|ref19-21o1|act07-10|rev|b0.75|a10|m1.5|tp0.75|x11,342,-17.03,52.05,0.86,22.13,-6.8 / -5.6 / -4.5,False,129,1.45,1.04
GOLD,B_london,B_london_rev|ref19-21o1|act07-10|rev|b0.75|a10|m1.5|tpopp|x10,342,-54.12,40.64,0.6,54.7,-18.8 / -19.8 / -15.3,False,129,-5.43,0.84
GOLD,B_london,B_london_rev|ref19-21o1|act07-10|rev|b0.75|a10|m1.5|tpopp|x11,342,-56.23,40.64,0.62,56.35,-20.7 / -20.1 / -15.3,False,129,-3.86,0.9
GOLD,B_london,B_london_rev|ref19-21o1|act07-10|rev_cf|b0.25|a10|m1.0|tp0.5|x10,108,-22.98,53.7,0.52,25.09,-3.1 / -10.9 / -9.5,False,26,-1.3,0.84
GOLD,B_london,B_london_rev|ref19-21o1|act07-10|rev_cf|b0.25|a10|m1.0|tp0.5|x11,108,-18.38,54.63,0.59,20.66,-2.8 / -10.4 / -5.6,False,26,-0.19,0.97
GOLD,B_london,B_london_rev|ref19-21o1|act07-10|rev_cf|b0.25|a10|m1.0|tp0.75|x10,108,-16.96,50.93,0.66,19.7,+0.6 / -10.8 / -7.0,False,26,-2.13,0.77
GOLD,B_london,B_london_rev|ref19-21o1|act07-10|rev_cf|b0.25|a10|m1.0|tp0.75|x11,108,-13.72,50.0,0.71,16.77,-1.1 / -9.7 / -3.1,False,26,-3.48,0.64
GOLD,B_london,B_london_rev|ref19-21o1|act07-10|rev_cf|b0.25|a10|m1.0|tpopp|x10,108,-21.31,48.15,0.57,25.23,-0.7 / -13.0 / -7.9,False,26,-3.03,0.7
GOLD,B_london,B_london_rev|ref19-21o1|act07-10|rev_cf|b0.25|a10|m1.0|tpopp|x11,108,-18.27,47.22,0.61,23.02,-1.8 / -10.9 / -5.7,False,26,-2.45,0.74
GOLD,B_london,B_london_rev|ref19-21o1|act07-10|rev_cf|b0.25|a10|m1.5|tp0.5|x10,108,-13.99,55.56,0.63,15.65,-0.8 / -8.1 / -5.2,False,26,-1.86,0.73
GOLD,B_london,B_london_rev|ref19-21o1|act07-10|rev_cf|b0.25|a10|m1.5|tp0.5|x11,108,-7.46,53.7,0.77,9.47,-0.8 / -5.7 / -1.2,False,26,0.14,1.03
GOLD,B_london,B_london_rev|ref19-21o1|act07-10|rev_cf|b0.25|a10|m1.5|tp0.75|x10,108,-15.72,48.15,0.64,17.76,-1.7 / -9.4 / -4.8,False,26,-1.58,0.8
GOLD,B_london,B_london_rev|ref19-21o1|act07-10|rev_cf|b0.25|a10|m1.5|tp0.75|x11,108,-9.68,45.37,0.74,11.76,-2.4 / -6.4 / -1.0,False,26,0.97,1.19
GOLD,B_london,B_london_rev|ref19-21o1|act07-10|rev_cf|b0.25|a10|m1.5|tpopp|x10,108,-14.16,52.78,0.6,16.77,-1.9 / -6.2 / -6.2,False,26,-2.51,0.69
GOLD,B_london,B_london_rev|ref19-21o1|act07-10|rev_cf|b0.25|a10|m1.5|tpopp|x11,108,-10.16,50.0,0.67,13.32,-2.0 / -5.2 / -3.1,False,26,0.99,1.2
GOLD,B_london,B_london_rev|ref19-21o1|act07-10|rev_cf|b0.5|a10|m1.0|tp0.5|x10,74,-16.14,52.7,0.51,19.03,-1.9 / -8.0 / -5.8,False,15,-1.46,0.72
GOLD,B_london,B_london_rev|ref19-21o1|act07-10|rev_cf|b0.5|a10|m1.0|tp0.5|x11,74,-13.62,52.7,0.56,16.68,-1.6 / -6.9 / -4.7,False,15,-1.3,0.75
GOLD,B_london,B_london_rev|ref19-21o1|act07-10|rev_cf|b0.5|a10|m1.0|tp0.75|x10,74,-13.95,48.65,0.6,16.9,-0.0 / -8.7 / -4.8,False,15,-3.38,0.52
GOLD,B_london,B_london_rev|ref19-21o1|act07-10|rev_cf|b0.5|a10|m1.0|tp0.75|x11,74,-11.92,45.95,0.64,15.4,-1.0 / -6.9 / -3.7,False,15,-3.15,0.54
GOLD,B_london,B_london_rev|ref19-21o1|act07-10|rev_cf|b0.5|a10|m1.0|tpopp|x10,74,-12.82,47.3,0.62,17.11,-0.8 / -6.8 / -4.8,False,15,-4.09,0.45
GOLD,B_london,B_london_rev|ref19-21o1|act07-10|rev_cf|b0.5|a10|m1.0|tpopp|x11,74,-12.38,44.59,0.63,18.1,-0.7 / -6.4 / -4.9,False,15,-2.79,0.57
GOLD,B_london,B_london_rev|ref19-21o1|act07-10|rev_cf|b0.5|a10|m1.5|tp0.5|x10,74,-8.98,55.41,0.65,11.16,-0.7 / -5.1 / -2.9,False,15,-3.52,0.41
GOLD,B_london,B_london_rev|ref19-21o1|act07-10|rev_cf|b0.5|a10|m1.5|tp0.5|x11,74,-7.73,48.65,0.66,10.05,-1.1 / -5.6 / -0.9,False,15,-0.47,0.86
GOLD,B_london,B_london_rev|ref19-21o1|act07-10|rev_cf|b0.5|a10|m1.5|tp0.75|x10,74,-7.95,50.0,0.71,10.48,+0.6 / -6.6 / -1.7,False,15,-5.77,0.28
GOLD,B_london,B_london_rev|ref19-21o1|act07-10|rev_cf|b0.5|a10|m1.5|tp0.75|x11,74,-9.82,40.54,0.63,12.29,-1.3 / -7.6 / -0.8,False,15,-1.54,0.65
GOLD,B_london,B_london_rev|ref19-21o1|act07-10|rev_cf|b0.5|a10|m1.5|tpopp|x10,74,-8.94,51.35,0.63,11.85,-1.8 / -3.6 / -3.3,False,15,-4.34,0.34
GOLD,B_london,B_london_rev|ref19-21o1|act07-10|rev_cf|b0.5|a10|m1.5|tpopp|x11,74,-8.29,45.95,0.63,12.1,-2.0 / -4.2 / -1.9,False,15,-0.37,0.89
GOLD,B_london,B_london_rev|ref00-05o1|act06-09|rev|b0.25|a10|m1.0|tp0.5|x10,383,-10.36,67.62,0.92,17.23,+0.0 / -2.3 / -8.6,False,132,-1.93,0.95
GOLD,B_london,B_london_rev|ref00-05o1|act06-09|rev|b0.25|a10|m1.0|tp0.5|x11,383,-10.23,67.62,0.92,17.43,+0.1 / -2.5 / -8.4,False,132,-1.65,0.96
GOLD,B_london,B_london_rev|ref00-05o1|act06-09|rev|b0.25|a10|m1.0|tp0.75|x10,383,1.54,59.79,1.01,18.51,+10.3 / +2.7 / -12.2,False,132,-1.51,0.97
GOLD,B_london,B_london_rev|ref00-05o1|act06-09|rev|b0.25|a10|m1.0|tp0.75|x11,383,0.22,59.53,1.0,20.77,+10.4 / +3.5 / -14.4,False,132,-4.83,0.91
GOLD,B_london,B_london_rev|ref00-05o1|act06-09|rev|b0.25|a10|m1.0|tpopp|x10,383,12.06,42.82,1.06,33.64,+32.4 / +8.0 / -29.1,False,132,-7.93,0.87
GOLD,B_london,B_london_rev|ref00-05o1|act06-09|rev|b0.25|a10|m1.0|tpopp|x11,383,8.74,39.95,1.04,42.79,+37.0 / +9.9 / -39.0,False,132,-6.3,0.9
GOLD,B_london,B_london_rev|ref00-05o1|act06-09|rev|b0.25|a10|m1.5|tp0.5|x10,383,1.76,66.32,1.02,16.7,+6.6 / -2.2 / -3.2,False,132,-0.98,0.97
GOLD,B_london,B_london_rev|ref00-05o1|act06-09|rev|b0.25|a10|m1.5|tp0.5|x11,383,-0.34,66.58,1.0,18.26,+6.7 / -0.5 / -7.1,False,132,0.11,1.0
GOLD,B_london,B_london_rev|ref00-05o1|act06-09|rev|b0.25|a10|m1.5|tp0.75|x10,383,6.02,57.44,1.04,22.34,+16.1 / -4.9 / -5.9,False,132,-0.42,0.99
GOLD,B_london,B_london_rev|ref00-05o1|act06-09|rev|b0.25|a10|m1.5|tp0.75|x11,383,3.56,56.14,1.03,25.28,+18.4 / -3.8 / -11.7,False,132,3.38,1.08
GOLD,B_london,B_london_rev|ref00-05o1|act06-09|rev|b0.25|a10|m1.5|tpopp|x10,383,-2.64,47.26,0.98,30.55,+20.0 / -5.9 / -17.3,False,132,-5.44,0.87
GOLD,B_london,B_london_rev|ref00-05o1|act06-09|rev|b0.25|a10|m1.5|tpopp|x11,383,-3.7,45.17,0.98,37.48,+27.7 / -4.7 / -27.3,False,132,-1.01,0.98
GOLD,B_london,B_london_rev|ref00-05o1|act06-09|rev|b0.5|a10|m1.0|tp0.5|x10,358,-14.08,67.04,0.88,21.54,-2.8 / -4.5 / -7.2,False,124,1.64,1.04
GOLD,B_london,B_london_rev|ref00-05o1|act06-09|rev|b0.5|a10|m1.0|tp0.5|x11,358,-13.54,67.04,0.89,21.48,-2.3 / -4.7 / -7.0,False,124,2.08,1.05
GOLD,B_london,B_london_rev|ref00-05o1|act06-09|rev|b0.5|a10|m1.0|tp0.75|x10,358,-0.01,59.78,1.0,19.86,+10.4 / -2.8 / -8.4,False,124,-1.52,0.97
GOLD,B_london,B_london_rev|ref00-05o1|act06-09|rev|b0.5|a10|m1.0|tp0.75|x11,358,-0.43,59.5,1.0,20.99,+11.2 / -2.2 / -10.2,False,124,-4.5,0.91
GOLD,B_london,B_london_rev|ref00-05o1|act06-09|rev|b0.5|a10|m1.0|tpopp|x10,358,16.3,42.74,1.08,28.89,+33.8 / +5.0 / -23.2,False,124,-10.6,0.82
GOLD,B_london,B_london_rev|ref00-05o1|act06-09|rev|b0.5|a10|m1.0|tpopp|x11,358,12.69,39.11,1.06,37.45,+40.0 / +5.3 / -33.4,False,124,-11.44,0.82
GOLD,B_london,B_london_rev|ref00-05o1|act06-09|rev|b0.5|a10|m1.5|tp0.5|x10,358,-2.12,65.92,0.98,18.07,+5.5 / -5.9 / -2.3,False,124,-0.41,0.99
GOLD,B_london,B_london_rev|ref00-05o1|act06-09|rev|b0.5|a10|m1.5|tp0.5|x11,358,-3.94,65.92,0.97,19.46,+5.8 / -4.3 / -6.0,False,124,1.43,1.04
GOLD,B_london,B_london_rev|ref00-05o1|act06-09|rev|b0.5|a10|m1.5|tp0.75|x10,358,10.87,59.22,1.09,13.91,+12.3 / -5.2 / +3.0,False,124,-1.91,0.95
GOLD,B_london,B_london_rev|ref00-05o1|act06-09|rev|b0.5|a10|m1.5|tp0.75|x11,358,6.21,56.7,1.05,17.57,+12.7 / -4.8 / -2.4,False,124,1.39,1.04
GOLD,B_london,B_london_rev|ref00-05o1|act06-09|rev|b0.5|a10|m1.5|tpopp|x10,358,-3.31,46.65,0.98,29.54,+19.0 / -7.5 / -15.3,False,124,-7.26,0.83
GOLD,B_london,B_london_rev|ref00-05o1|act06-09|rev|b0.5|a10|m1.5|tpopp|x11,358,-5.36,43.85,0.97,36.08,+26.1 / -7.3 / -24.7,False,124,-3.67,0.91
GOLD,B_london,B_london_rev|ref00-05o1|act06-09|rev|b0.75|a10|m1.0|tp0.5|x10,340,-24.35,64.71,0.8,30.94,-5.9 / -7.4 / -11.5,False,117,-1.17,0.97
GOLD,B_london,B_london_rev|ref00-05o1|act06-09|rev|b0.75|a10|m1.0|tp0.5|x11,340,-24.44,64.71,0.8,31.38,-6.1 / -7.6 / -11.2,False,117,-0.56,0.99
GOLD,B_london,B_london_rev|ref00-05o1|act06-09|rev|b0.75|a10|m1.0|tp0.75|x10,340,-11.87,57.65,0.92,26.18,+5.7 / -5.4 / -12.9,False,117,0.47,1.01
GOLD,B_london,B_london_rev|ref00-05o1|act06-09|rev|b0.75|a10|m1.0|tp0.75|x11,340,-12.5,57.35,0.92,27.04,+6.0 / -4.8 / -14.4,False,117,-2.24,0.95
GOLD,B_london,B_london_rev|ref00-05o1|act06-09|rev|b0.75|a10|m1.0|tpopp|x10,340,1.11,41.76,1.01,23.38,+15.6 / +2.0 / -17.2,False,117,-10.92,0.8
GOLD,B_london,B_london_rev|ref00-05o1|act06-09|rev|b0.75|a10|m1.0|tpopp|x11,340,-1.19,38.53,0.99,29.79,+20.9 / +2.6 / -25.6,False,117,-10.73,0.82
GOLD,B_london,B_london_rev|ref00-05o1|act06-09|rev|b0.75|a10|m1.5|tp0.5|x10,340,-9.74,63.82,0.91,21.27,+2.8 / -7.2 / -5.8,False,117,1.15,1.04
GOLD,B_london,B_london_rev|ref00-05o1|act06-09|rev|b0.75|a10|m1.5|tp0.5|x11,340,-10.8,64.12,0.9,21.77,+2.7 / -5.6 / -8.4,False,117,2.33,1.07
GOLD,B_london,B_london_rev|ref00-05o1|act06-09|rev|b0.75|a10|m1.5|tp0.75|x10,340,7.65,58.24,1.06,16.83,+12.5 / -4.7 / -0.9,False,117,-1.45,0.96
GOLD,B_london,B_london_rev|ref00-05o1|act06-09|rev|b0.75|a10|m1.5|tp0.75|x11,340,6.66,56.47,1.05,18.27,+13.3 / -4.0 / -3.3,False,117,1.06,1.03
GOLD,B_london,B_london_rev|ref00-05o1|act06-09|rev|b0.75|a10|m1.5|tpopp|x10,340,-9.05,46.18,0.94,27.87,+10.7 / -7.4 / -12.8,False,117,-7.34,0.81
GOLD,B_london,B_london_rev|ref00-05o1|act06-09|rev|b0.75|a10|m1.5|tpopp|x11,340,-11.53,43.82,0.92,32.87,+15.1 / -6.7 / -20.5,False,117,-4.31,0.89
GOLD,B_london,B_london_rev|ref00-05o1|act06-09|rev_cf|b0.25|a10|m1.0|tp0.5|x10,78,-12.17,53.85,0.59,12.97,-4.1 / +1.5 / -8.9,False,18,4.33,2.81
GOLD,B_london,B_london_rev|ref00-05o1|act06-09|rev_cf|b0.25|a10|m1.0|tp0.5|x11,78,-13.73,56.41,0.58,14.24,-4.9 / +0.9 / -9.2,False,18,3.98,2.45
GOLD,B_london,B_london_rev|ref00-05o1|act06-09|rev_cf|b0.25|a10|m1.0|tp0.75|x10,78,-10.67,47.44,0.68,13.94,-1.6 / +0.6 / -8.9,False,18,1.79,1.43
GOLD,B_london,B_london_rev|ref00-05o1|act06-09|rev_cf|b0.25|a10|m1.0|tp0.75|x11,78,-13.19,47.44,0.65,16.1,-3.3 / -0.0 / -9.4,False,18,3.07,1.72
GOLD,B_london,B_london_rev|ref00-05o1|act06-09|rev_cf|b0.25|a10|m1.0|tpopp|x10,78,-8.38,38.46,0.77,14.95,+0.7 / +0.8 / -9.2,False,18,-0.17,0.97
GOLD,B_london,B_london_rev|ref00-05o1|act06-09|rev_cf|b0.25|a10|m1.0|tpopp|x11,78,-11.19,34.62,0.73,18.93,+2.3 / -3.2 / -9.8,False,18,1.38,1.26
GOLD,B_london,B_london_rev|ref00-05o1|act06-09|rev_cf|b0.25|a10|m1.5|tp0.5|x10,78,-10.38,48.72,0.6,11.54,-3.1 / +0.4 / -7.2,False,18,0.8,1.26
GOLD,B_london,B_london_rev|ref00-05o1|act06-09|rev_cf|b0.25|a10|m1.5|tp0.5|x11,78,-12.98,51.28,0.58,14.16,-2.5 / -0.6 / -9.5,False,18,1.87,1.62
GOLD,B_london,B_london_rev|ref00-05o1|act06-09|rev_cf|b0.25|a10|m1.5|tp0.75|x10,78,-8.57,46.15,0.68,10.61,-3.6 / +1.8 / -6.2,False,18,-0.3,0.93
GOLD,B_london,B_london_rev|ref00-05o1|act06-09|rev_cf|b0.25|a10|m1.5|tp0.75|x11,78,-12.12,44.87,0.63,13.56,-2.6 / +0.0 / -9.2,False,18,1.77,1.44
GOLD,B_london,B_london_rev|ref00-05o1|act06-09|rev_cf|b0.25|a10|m1.5|tpopp|x10,78,-7.61,41.03,0.73,11.41,-1.9 / +1.8 / -7.0,False,18,-0.84,0.8
GOLD,B_london,B_london_rev|ref00-05o1|act06-09|rev_cf|b0.25|a10|m1.5|tpopp|x11,78,-9.57,39.74,0.71,13.84,+1.6 / -1.4 / -9.4,False,18,0.42,1.1
GOLD,B_london,B_london_rev|ref00-05o1|act06-10|rev|b0.25|a10|m1.0|tp0.5|x10,391,-8.19,68.03,0.94,16.91,+0.9 / -2.4 / -7.1,False,134,-0.98,0.98
GOLD,B_london,B_london_rev|ref00-05o1|act06-10|rev|b0.25|a10|m1.0|tp0.5|x11,391,-8.06,68.03,0.94,17.1,+1.0 / -2.6 / -6.9,False,134,-0.7,0.98
GOLD,B_london,B_london_rev|ref00-05o1|act06-10|rev|b0.25|a10|m1.0|tp0.75|x10,391,3.64,60.36,1.02,16.74,+11.0 / +3.1 / -11.1,False,134,-0.06,1.0
GOLD,B_london,B_london_rev|ref00-05o1|act06-10|rev|b0.25|a10|m1.0|tp0.75|x11,391,3.84,60.1,1.02,18.14,+11.8 / +3.8 / -12.5,False,134,-3.37,0.94
GOLD,B_london,B_london_rev|ref00-05o1|act06-10|rev|b0.25|a10|m1.0|tpopp|x10,391,14.04,43.73,1.07,32.05,+33.5 / +8.7 / -28.9,False,134,-5.69,0.91
GOLD,B_london,B_london_rev|ref00-05o1|act06-10|rev|b0.25|a10|m1.0|tpopp|x11,391,12.71,40.92,1.06,41.03,+39.7 / +10.7 / -38.5,False,134,-5.77,0.91
GOLD,B_london,B_london_rev|ref00-05o1|act06-10|rev|b0.25|a10|m1.5|tp0.5|x10,391,2.82,66.75,1.02,16.11,+7.1 / -2.3 / -2.5,False,134,-0.01,1.0
GOLD,B_london,B_london_rev|ref00-05o1|act06-10|rev|b0.25|a10|m1.5|tp0.5|x11,391,1.74,67.01,1.01,17.09,+7.7 / -0.6 / -5.8,False,134,1.08,1.03
GOLD,B_london,B_london_rev|ref00-05o1|act06-10|rev|b0.25|a10|m1.5|tp0.75|x10,391,7.24,58.06,1.05,21.84,+16.8 / -5.0 / -5.3,False,134,1.05,1.03
GOLD,B_london,B_london_rev|ref00-05o1|act06-10|rev|b0.25|a10|m1.5|tp0.75|x11,391,5.5,56.78,1.04,24.46,+19.5 / -3.7 / -11.0,False,134,4.85,1.12
GOLD,B_london,B_london_rev|ref00-05o1|act06-10|rev|b0.25|a10|m1.5|tpopp|x10,391,-1.66,48.08,0.99,30.34,+20.8 / -5.7 / -17.2,False,134,-3.95,0.91
GOLD,B_london,B_london_rev|ref00-05o1|act06-10|rev|b0.25|a10|m1.5|tpopp|x11,391,-1.38,46.04,0.99,36.95,+29.5 / -4.4 / -27.0,False,134,-0.66,0.99
GOLD,B_london,B_london_rev|ref00-05o1|act06-10|rev|b0.5|a10|m1.0|tp0.5|x10,366,-11.9,67.49,0.9,20.3,-1.5 / -4.6 / -6.3,False,125,2.12,1.06
GOLD,B_london,B_london_rev|ref00-05o1|act06-10|rev|b0.5|a10|m1.0|tp0.5|x11,366,-11.36,67.49,0.91,20.25,-1.0 / -4.8 / -6.0,False,125,2.57,1.07
GOLD,B_london,B_london_rev|ref00-05o1|act06-10|rev|b0.5|a10|m1.0|tp0.75|x10,366,2.16,60.11,1.01,19.13,+10.8 / -2.4 / -6.9,False,125,-0.78,0.98
GOLD,B_london,B_london_rev|ref00-05o1|act06-10|rev|b0.5|a10|m1.0|tp0.75|x11,366,1.74,59.84,1.01,20.26,+11.5 / -1.8 / -8.7,False,125,-3.76,0.93
GOLD,B_london,B_london_rev|ref00-05o1|act06-10|rev|b0.5|a10|m1.0|tpopp|x10,366,15.57,43.17,1.08,28.33,+33.9 / +6.8 / -25.9,False,125,-10.2,0.83
GOLD,B_london,B_london_rev|ref00-05o1|act06-10|rev|b0.5|a10|m1.0|tpopp|x11,366,13.36,39.62,1.07,36.39,+40.7 / +7.3 / -35.5,False,125,-11.37,0.82
GOLD,B_london,B_london_rev|ref00-05o1|act06-10|rev|b0.5|a10|m1.5|tp0.5|x10,366,-0.81,66.12,0.99,17.71,+6.0 / -5.9 / -1.3,False,125,0.09,1.0
GOLD,B_london,B_london_rev|ref00-05o1|act06-10|rev|b0.5|a10|m1.5|tp0.5|x11,366,-1.65,66.39,0.99,18.24,+7.2 / -4.3 / -5.0,False,125,1.92,1.06
GOLD,B_london,B_london_rev|ref00-05o1|act06-10|rev|b0.5|a10|m1.5|tp0.75|x10,366,12.74,59.56,1.1,12.82,+12.7 / -4.8 / +4.1,False,125,-1.64,0.96
GOLD,B_london,B_london_rev|ref00-05o1|act06-10|rev|b0.5|a10|m1.5|tp0.75|x11,366,9.84,57.38,1.07,15.71,+14.5 / -4.4 / -1.0,False,125,1.43,1.04
GOLD,B_london,B_london_rev|ref00-05o1|act06-10|rev|b0.5|a10|m1.5|tpopp|x10,366,-4.06,46.99,0.97,30.67,+19.3 / -6.6 / -17.2,False,125,-6.99,0.83
GOLD,B_london,B_london_rev|ref00-05o1|act06-10|rev|b0.5|a10|m1.5|tpopp|x11,366,-4.05,44.54,0.97,36.08,+27.6 / -6.3 / -25.9,False,125,-3.62,0.92
GOLD,B_london,B_london_rev|ref00-05o1|act06-10|rev|b0.75|a10|m1.0|tp0.5|x10,350,-21.91,65.14,0.82,29.83,-4.3 / -8.9 / -9.3,False,121,0.77,1.02
GOLD,B_london,B_london_rev|ref00-05o1|act06-10|rev|b0.75|a10|m1.0|tp0.5|x11,350,-22.83,65.14,0.82,31.21,-4.4 / -9.1 / -9.8,False,121,1.37,1.04
GOLD,B_london,B_london_rev|ref00-05o1|act06-10|rev|b0.75|a10|m1.0|tp0.75|x10,350,-8.38,58.0,0.94,23.42,+6.7 / -4.9 / -10.9,False,121,3.41,1.07
GOLD,B_london,B_london_rev|ref00-05o1|act06-10|rev|b0.75|a10|m1.0|tp0.75|x11,350,-9.8,57.71,0.94,25.08,+6.9 / -4.3 / -13.1,False,121,0.69,1.01
GOLD,B_london,B_london_rev|ref00-05o1|act06-10|rev|b0.75|a10|m1.0|tpopp|x10,350,-0.52,41.71,1.0,23.93,+18.4 / +0.4 / -20.0,False,121,-9.66,0.83
GOLD,B_london,B_london_rev|ref00-05o1|act06-10|rev|b0.75|a10|m1.0|tpopp|x11,350,-2.18,38.57,0.99,29.89,+24.1 / +0.8 / -28.0,False,121,-10.03,0.84
GOLD,B_london,B_london_rev|ref00-05o1|act06-10|rev|b0.75|a10|m1.5|tp0.5|x10,350,-6.25,64.29,0.94,18.61,+3.1 / -5.7 / -4.1,False,121,3.1,1.1
GOLD,B_london,B_london_rev|ref00-05o1|act06-10|rev|b0.75|a10|m1.5|tp0.5|x11,350,-7.74,64.57,0.93,19.63,+3.0 / -4.1 / -7.1,False,121,4.29,1.14
GOLD,B_london,B_london_rev|ref00-05o1|act06-10|rev|b0.75|a10|m1.5|tp0.75|x10,350,10.55,58.29,1.09,15.03,+12.5 / -2.5 / -0.2,False,121,0.82,1.02
GOLD,B_london,B_london_rev|ref00-05o1|act06-10|rev|b0.75|a10|m1.5|tp0.75|x11,350,10.28,56.86,1.08,17.51,+14.3 / -1.8 / -3.0,False,121,3.17,1.09
GOLD,B_london,B_london_rev|ref00-05o1|act06-10|rev|b0.75|a10|m1.5|tpopp|x10,350,-8.55,46.29,0.94,27.37,+12.5 / -7.3 / -14.3,False,121,-6.83,0.83
GOLD,B_london,B_london_rev|ref00-05o1|act06-10|rev|b0.75|a10|m1.5|tpopp|x11,350,-9.2,44.29,0.94,31.81,+18.0 / -6.6 / -21.3,False,121,-4.18,0.9
GOLD,B_london,B_london_rev|ref00-05o1|act06-10|rev_cf|b0.25|a10|m1.0|tp0.5|x10,92,-11.96,56.52,0.65,14.41,-0.5 / -0.1 / -10.7,False,23,3.73,1.84
GOLD,B_london,B_london_rev|ref00-05o1|act06-10|rev_cf|b0.25|a10|m1.0|tp0.5|x11,92,-15.01,56.52,0.6,17.19,-1.7 / -0.4 / -12.3,False,23,3.93,1.93
GOLD,B_london,B_london_rev|ref00-05o1|act06-10|rev_cf|b0.25|a10|m1.0|tp0.75|x10,92,-9.7,50.0,0.75,15.13,+3.5 / -2.3 / -10.2,False,23,1.94,1.32
GOLD,B_london,B_london_rev|ref00-05o1|act06-10|rev_cf|b0.25|a10|m1.0|tp0.75|x11,92,-13.5,47.83,0.68,19.08,+1.2 / -1.5 / -12.6,False,23,3.77,1.66
GOLD,B_london,B_london_rev|ref00-05o1|act06-10|rev_cf|b0.25|a10|m1.0|tpopp|x10,92,1.85,41.3,1.04,12.3,+13.2 / -2.6 / -8.0,False,23,-5.27,0.49
GOLD,B_london,B_london_rev|ref00-05o1|act06-10|rev_cf|b0.25|a10|m1.0|tpopp|x11,92,-11.53,36.96,0.75,22.98,+7.4 / -5.4 / -13.0,False,23,-0.1,0.99
GOLD,B_london,B_london_rev|ref00-05o1|act06-10|rev_cf|b0.25|a10|m1.5|tp0.5|x10,92,-11.41,51.09,0.63,14.68,+0.7 / -2.9 / -8.7,False,23,0.24,1.05
GOLD,B_london,B_london_rev|ref00-05o1|act06-10|rev_cf|b0.25|a10|m1.5|tp0.5|x11,92,-12.3,51.09,0.63,15.26,+0.8 / -1.6 / -11.1,False,23,2.51,1.66
GOLD,B_london,B_london_rev|ref00-05o1|act06-10|rev_cf|b0.25|a10|m1.5|tp0.75|x10,92,-9.1,47.83,0.73,11.62,-0.1 / -1.2 / -7.3,False,23,-1.86,0.74
GOLD,B_london,B_london_rev|ref00-05o1|act06-10|rev_cf|b0.25|a10|m1.5|tp0.75|x11,92,-10.93,45.65,0.69,14.51,+0.9 / -0.7 / -10.9,False,23,2.85,1.59
GOLD,B_london,B_london_rev|ref00-05o1|act06-10|rev_cf|b0.25|a10|m1.5|tpopp|x10,92,-2.79,43.48,0.92,11.04,+6.4 / -1.8 / -6.9,False,23,-5.9,0.37
GOLD,B_london,B_london_rev|ref00-05o1|act06-10|rev_cf|b0.25|a10|m1.5|tpopp|x11,92,-8.9,41.3,0.74,15.65,+5.4 / -2.9 / -11.1,False,23,-0.43,0.92
GOLD,B_london,B_london_rev|ref00-05o1|act06-10|rev_cf|b0.5|a10|m1.0|tp0.5|x10,61,-3.79,62.3,0.81,7.94,+1.2 / +2.7 / -6.9,False,13,1.13,1.35
GOLD,B_london,B_london_rev|ref00-05o1|act06-10|rev_cf|b0.5|a10|m1.0|tp0.5|x11,61,-5.9,60.66,0.73,8.62,-0.7 / +2.6 / -7.3,False,13,1.6,1.59
GOLD,B_london,B_london_rev|ref00-05o1|act06-10|rev_cf|b0.5|a10|m1.0|tp0.75|x10,61,-5.04,52.46,0.79,9.5,+1.6 / +1.2 / -7.2,False,13,-0.45,0.91
GOLD,B_london,B_london_rev|ref00-05o1|act06-10|rev_cf|b0.5|a10|m1.0|tp0.75|x11,61,-7.8,47.54,0.71,12.37,-0.2 / +1.0 / -8.0,False,13,0.99,1.26
GOLD,B_london,B_london_rev|ref00-05o1|act06-10|rev_cf|b0.5|a10|m1.0|tpopp|x10,61,2.76,45.9,1.11,7.76,+6.7 / +3.8 / -7.0,False,13,-3.46,0.5
GOLD,B_london,B_london_rev|ref00-05o1|act06-10|rev_cf|b0.5|a10|m1.0|tpopp|x11,61,-3.89,39.34,0.86,12.07,+2.5 / +3.4 / -9.3,False,13,-1.16,0.76
GOLD,B_london,B_london_rev|ref00-05o1|act06-10|rev_cf|b0.5|a10|m1.5|tp0.5|x10,61,-5.25,54.1,0.72,8.21,+0.1 / -0.0 / -4.8,False,13,-1.63,0.64
GOLD,B_london,B_london_rev|ref00-05o1|act06-10|rev_cf|b0.5|a10|m1.5|tp0.5|x11,61,-5.75,52.46,0.71,8.74,+1.1 / +0.1 / -6.6,False,13,0.16,1.05
GOLD,B_london,B_london_rev|ref00-05o1|act06-10|rev_cf|b0.5|a10|m1.5|tp0.75|x10,61,-2.5,52.46,0.87,5.63,+0.1 / +1.5 / -3.6,False,13,-2.02,0.64
GOLD,B_london,B_london_rev|ref00-05o1|act06-10|rev_cf|b0.5|a10|m1.5|tp0.75|x11,61,-3.38,47.54,0.83,7.73,+2.1 / +1.1 / -6.3,False,13,-0.09,0.98
GOLD,B_london,B_london_rev|ref00-05o1|act06-10|rev_cf|b0.5|a10|m1.5|tpopp|x10,61,-0.12,47.54,0.99,6.72,+3.1 / +3.1 / -5.8,False,13,-4.31,0.35
GOLD,B_london,B_london_rev|ref00-05o1|act06-10|rev_cf|b0.5|a10|m1.5|tpopp|x11,61,-0.8,45.9,0.96,7.47,+3.5 / +3.2 / -7.1,False,13,-1.6,0.6
GOLD,B_london,B_london_rev|ref00-05o1|act07-10|rev|b0.25|a10|m1.0|tp0.5|x10,376,15.47,71.28,1.15,7.62,+12.0 / -3.6 / +6.6,False,128,9.49,1.3
GOLD,B_london,B_london_rev|ref00-05o1|act07-10|rev|b0.25|a10|m1.0|tp0.5|x11,376,15.08,71.54,1.14,7.07,+12.8 / -3.6 / +5.4,False,128,9.87,1.3
GOLD,B_london,B_london_rev|ref00-05o1|act07-10|rev|b0.25|a10|m1.0|tp0.75|x10,376,29.96,63.3,1.23,9.64,+22.7 / +0.2 / +7.5,True,128,2.5,1.05
GOLD,B_london,B_london_rev|ref00-05o1|act07-10|rev|b0.25|a10|m1.0|tp0.75|x11,376,30.59,63.56,1.23,10.01,+24.1 / -0.6 / +7.4,False,128,1.6,1.03
GOLD,B_london,B_london_rev|ref00-05o1|act07-10|rev|b0.25|a10|m1.0|tpopp|x10,376,10.54,47.07,1.06,19.73,+24.6 / -2.3 / -11.4,False,128,-18.58,0.67
GOLD,B_london,B_london_rev|ref00-05o1|act07-10|rev|b0.25|a10|m1.0|tpopp|x11,376,3.52,43.09,1.02,33.71,+33.7 / -6.3 / -23.6,False,128,-16.32,0.74
GOLD,B_london,B_london_rev|ref00-05o1|act07-10|rev|b0.25|a10|m1.5|tp0.5|x10,376,22.76,68.88,1.25,7.46,+15.1 / -1.3 / +9.2,False,128,4.27,1.14
GOLD,B_london,B_london_rev|ref00-05o1|act07-10|rev|b0.25|a10|m1.5|tp0.5|x11,376,22.28,69.15,1.23,7.19,+15.4 / -0.6 / +7.7,False,128,6.6,1.22
GOLD,B_london,B_london_rev|ref00-05o1|act07-10|rev|b0.25|a10|m1.5|tp0.75|x10,376,20.92,59.31,1.19,7.73,+16.2 / -1.3 / +6.3,False,128,-4.02,0.89
GOLD,B_london,B_london_rev|ref00-05o1|act07-10|rev|b0.25|a10|m1.5|tp0.75|x11,376,19.55,58.51,1.16,8.57,+16.7 / +0.7 / +2.3,True,128,1.47,1.04
GOLD,B_london,B_london_rev|ref00-05o1|act07-10|rev|b0.25|a10|m1.5|tpopp|x10,376,5.55,52.13,1.04,15.99,+16.2 / -4.9 / -5.5,False,128,-10.37,0.73
GOLD,B_london,B_london_rev|ref00-05o1|act07-10|rev|b0.25|a10|m1.5|tpopp|x11,376,-0.39,47.87,1.0,26.61,+21.8 / -6.6 / -15.5,False,128,-4.03,0.9
GOLD,B_london,B_london_rev|ref00-05o1|act07-10|rev|b0.5|a10|m1.0|tp0.5|x10,354,16.09,71.75,1.17,7.55,+10.4 / -3.9 / +9.2,False,121,12.39,1.43
GOLD,B_london,B_london_rev|ref00-05o1|act07-10|rev|b0.5|a10|m1.0|tp0.5|x11,354,15.94,72.03,1.16,7.99,+11.2 / -4.0 / +8.2,False,121,12.4,1.42
GOLD,B_london,B_london_rev|ref00-05o1|act07-10|rev|b0.5|a10|m1.0|tp0.75|x10,354,37.7,64.69,1.32,9.66,+23.7 / -2.9 / +16.1,False,121,0.52,1.01
GOLD,B_london,B_london_rev|ref00-05o1|act07-10|rev|b0.5|a10|m1.0|tp0.75|x11,354,37.04,64.69,1.31,10.52,+24.5 / -3.7 / +15.5,False,121,-0.53,0.99
GOLD,B_london,B_london_rev|ref00-05o1|act07-10|rev|b0.5|a10|m1.0|tpopp|x10,354,23.02,47.46,1.14,18.39,+25.2 / +1.6 / -3.7,False,121,-19.65,0.63
GOLD,B_london,B_london_rev|ref00-05o1|act07-10|rev|b0.5|a10|m1.0|tpopp|x11,354,12.82,42.66,1.07,28.81,+30.9 / -2.4 / -15.7,False,121,-19.17,0.68
GOLD,B_london,B_london_rev|ref00-05o1|act07-10|rev|b0.5|a10|m1.5|tp0.5|x10,354,21.72,68.64,1.25,10.09,+14.8 / -4.5 / +10.9,False,121,1.85,1.06
GOLD,B_london,B_london_rev|ref00-05o1|act07-10|rev|b0.5|a10|m1.5|tp0.5|x11,354,21.41,68.93,1.24,9.3,+15.3 / -3.8 / +9.4,False,121,4.04,1.13
GOLD,B_london,B_london_rev|ref00-05o1|act07-10|rev|b0.5|a10|m1.5|tp0.75|x10,354,22.71,59.32,1.22,9.38,+14.7 / -2.4 / +10.4,False,121,-3.97,0.89
GOLD,B_london,B_london_rev|ref00-05o1|act07-10|rev|b0.5|a10|m1.5|tp0.75|x11,354,19.61,57.91,1.17,8.87,+15.2 / -1.1 / +5.6,False,121,-0.34,0.99
GOLD,B_london,B_london_rev|ref00-05o1|act07-10|rev|b0.5|a10|m1.5|tpopp|x10,354,6.57,50.85,1.05,16.99,+15.6 / -5.3 / -3.6,False,121,-11.52,0.68
GOLD,B_london,B_london_rev|ref00-05o1|act07-10|rev|b0.5|a10|m1.5|tpopp|x11,354,-1.69,46.33,0.99,27.37,+19.6 / -7.3 / -14.0,False,121,-6.11,0.84
GOLD,B_london,B_london_rev|ref00-05o1|act07-10|rev|b0.75|a10|m1.0|tp0.5|x10,337,7.73,69.73,1.08,12.67,+8.4 / -7.4 / +6.2,False,119,11.52,1.4
GOLD,B_london,B_london_rev|ref00-05o1|act07-10|rev|b0.75|a10|m1.0|tp0.5|x11,337,6.11,70.03,1.06,14.42,+8.8 / -7.6 / +4.4,False,119,11.82,1.4
GOLD,B_london,B_london_rev|ref00-05o1|act07-10|rev|b0.75|a10|m1.0|tp0.75|x10,337,26.64,62.91,1.23,13.11,+18.8 / -6.4 / +13.5,False,119,7.71,1.19
GOLD,B_london,B_london_rev|ref00-05o1|act07-10|rev|b0.75|a10|m1.0|tp0.75|x11,337,25.04,62.91,1.21,15.11,+19.2 / -7.0 / +12.1,False,119,6.89,1.16
GOLD,B_london,B_london_rev|ref00-05o1|act07-10|rev|b0.75|a10|m1.0|tpopp|x10,337,9.12,46.29,1.06,23.53,+15.1 / -4.7 / -1.4,False,119,-11.69,0.76
GOLD,B_london,B_london_rev|ref00-05o1|act07-10|rev|b0.75|a10|m1.0|tpopp|x11,337,-1.49,41.25,0.99,37.55,+19.3 / -8.3 / -12.7,False,119,-11.74,0.79
GOLD,B_london,B_london_rev|ref00-05o1|act07-10|rev|b0.75|a10|m1.5|tp0.5|x10,337,21.44,68.55,1.26,9.31,+14.0 / -3.9 / +10.9,False,119,5.83,1.21
GOLD,B_london,B_london_rev|ref00-05o1|act07-10|rev|b0.75|a10|m1.5|tp0.5|x11,337,19.57,68.55,1.23,8.42,+13.3 / -3.0 / +8.8,False,119,8.6,1.32
GOLD,B_london,B_london_rev|ref00-05o1|act07-10|rev|b0.75|a10|m1.5|tp0.75|x10,337,23.2,59.64,1.24,10.4,+17.7 / -3.4 / +8.8,False,119,-1.33,0.96
GOLD,B_london,B_london_rev|ref00-05o1|act07-10|rev|b0.75|a10|m1.5|tp0.75|x11,337,21.9,58.16,1.21,9.81,+17.6 / -1.0 / +5.1,False,119,1.82,1.05
GOLD,B_london,B_london_rev|ref00-05o1|act07-10|rev|b0.75|a10|m1.5|tpopp|x10,337,4.07,51.04,1.04,17.89,+12.0 / -6.3 / -1.7,False,119,-8.93,0.74
GOLD,B_london,B_london_rev|ref00-05o1|act07-10|rev|b0.75|a10|m1.5|tpopp|x11,337,-3.98,46.29,0.97,27.06,+13.7 / -7.0 / -10.9,False,119,-4.45,0.88
GOLD,B_london,B_london_rev|ref00-05o1|act07-10|rev_cf|b0.25|a10|m1.0|tp0.5|x10,71,-10.92,53.52,0.6,13.64,+1.3 / -2.2 / -9.6,False,14,1.53,1.47
GOLD,B_london,B_london_rev|ref00-05o1|act07-10|rev_cf|b0.25|a10|m1.0|tp0.5|x11,71,-13.52,53.52,0.55,16.32,-0.5 / -1.5 / -11.2,False,14,1.81,1.61
GOLD,B_london,B_london_rev|ref00-05o1|act07-10|rev_cf|b0.25|a10|m1.0|tp0.75|x10,71,-11.38,45.07,0.64,16.33,+2.8 / -4.2 / -9.6,False,14,0.24,1.05
GOLD,B_london,B_london_rev|ref00-05o1|act07-10|rev_cf|b0.25|a10|m1.0|tp0.75|x11,71,-13.75,43.66,0.6,19.2,+2.4 / -3.5 / -12.4,False,14,2.11,1.53
GOLD,B_london,B_london_rev|ref00-05o1|act07-10|rev_cf|b0.25|a10|m1.0|tpopp|x10,71,0.62,36.62,1.02,10.8,+10.5 / -2.1 / -7.4,False,14,-5.69,0.25
GOLD,B_london,B_london_rev|ref00-05o1|act07-10|rev_cf|b0.25|a10|m1.0|tpopp|x11,71,-9.06,35.21,0.74,18.81,+6.8 / -3.5 / -12.1,False,14,-0.73,0.86
GOLD,B_london,B_london_rev|ref00-05o1|act07-10|rev_cf|b0.25|a10|m1.5|tp0.5|x10,71,-10.67,46.48,0.56,13.95,+0.5 / -3.0 / -8.0,False,14,-1.17,0.72
GOLD,B_london,B_london_rev|ref00-05o1|act07-10|rev_cf|b0.25|a10|m1.5|tp0.5|x11,71,-11.08,46.48,0.57,14.39,+1.6 / -1.8 / -10.7,False,14,0.91,1.29
GOLD,B_london,B_london_rev|ref00-05o1|act07-10|rev_cf|b0.25|a10|m1.5|tp0.75|x10,71,-8.45,43.66,0.67,11.96,+0.9 / -2.1 / -7.0,False,14,-2.39,0.55
GOLD,B_london,B_london_rev|ref00-05o1|act07-10|rev_cf|b0.25|a10|m1.5|tp0.75|x11,71,-8.91,42.25,0.66,13.75,+2.9 / -1.1 / -10.4,False,14,1.99,1.63
GOLD,B_london,B_london_rev|ref00-05o1|act07-10|rev_cf|b0.25|a10|m1.5|tpopp|x10,71,-3.02,38.03,0.88,10.1,+5.3 / -1.9 / -6.1,False,14,-6.13,0.17
GOLD,B_london,B_london_rev|ref00-05o1|act07-10|rev_cf|b0.25|a10|m1.5|tpopp|x11,71,-7.54,38.03,0.71,14.8,+5.3 / -2.5 / -10.1,False,14,-1.01,0.74
GOLD,B_london,B_london_rev|ref22-04o0|act06-09|rev|b0.25|a10|m1.0|tp0.5|x10,317,40.33,77.29,1.58,4.2,+6.2 / +16.3 / +17.3,True,100,13.94,1.63
GOLD,B_london,B_london_rev|ref22-04o0|act06-09|rev|b0.25|a10|m1.0|tp0.5|x11,317,39.16,77.29,1.55,3.89,+6.7 / +15.2 / +16.8,True,100,15.33,1.7
GOLD,B_london,B_london_rev|ref22-04o0|act06-09|rev|b0.25|a10|m1.0|tp0.75|x10,317,47.63,66.88,1.48,6.35,+8.1 / +19.4 / +19.4,True,100,24.29,1.96
GOLD,B_london,B_london_rev|ref22-04o0|act06-09|rev|b0.25|a10|m1.0|tp0.75|x11,317,46.02,67.19,1.45,6.35,+9.4 / +18.9 / +17.0,True,100,24.43,1.93
GOLD,B_london,B_london_rev|ref22-04o0|act06-09|rev|b0.25|a10|m1.0|tpopp|x10,317,-10.02,39.43,0.94,32.21,+10.8 / -16.0 / -5.6,False,100,-4.43,0.89
GOLD,B_london,B_london_rev|ref22-04o0|act06-09|rev|b0.25|a10|m1.0|tpopp|x11,317,-23.63,38.17,0.87,39.3,+5.8 / -20.3 / -9.9,False,100,-10.63,0.78
GOLD,B_london,B_london_rev|ref22-04o0|act06-09|rev|b0.25|a10|m1.5|tp0.5|x10,317,36.74,72.87,1.53,4.92,+5.3 / +10.0 / +20.9,True,100,18.05,2.07
GOLD,B_london,B_london_rev|ref22-04o0|act06-09|rev|b0.25|a10|m1.5|tp0.5|x11,317,33.97,73.19,1.46,4.33,+5.7 / +9.3 / +18.5,True,100,18.74,2.09
GOLD,B_london,B_london_rev|ref22-04o0|act06-09|rev|b0.25|a10|m1.5|tp0.75|x10,317,22.87,58.99,1.23,8.0,+4.9 / +3.2 / +14.0,True,100,11.98,1.49
GOLD,B_london,B_london_rev|ref22-04o0|act06-09|rev|b0.25|a10|m1.5|tp0.75|x11,317,21.78,60.25,1.2,8.11,+5.8 / +3.2 / +12.0,True,100,11.18,1.43
GOLD,B_london,B_london_rev|ref22-04o0|act06-09|rev|b0.25|a10|m1.5|tpopp|x10,317,-16.47,44.16,0.87,33.05,+7.0 / -18.6 / -5.3,False,100,-1.27,0.95
GOLD,B_london,B_london_rev|ref22-04o0|act06-09|rev|b0.25|a10|m1.5|tpopp|x11,317,-31.27,43.22,0.78,40.96,+2.3 / -21.9 / -12.2,False,100,-5.05,0.84
GOLD,B_london,B_london_rev|ref22-04o0|act06-09|rev|b0.5|a10|m1.0|tp0.5|x10,259,32.67,77.99,1.57,7.13,+3.8 / +14.9 / +13.5,True,79,9.98,1.54
GOLD,B_london,B_london_rev|ref22-04o0|act06-09|rev|b0.5|a10|m1.0|tp0.5|x11,259,31.22,77.61,1.54,7.4,+3.5 / +14.3 / +13.0,True,79,10.87,1.61
GOLD,B_london,B_london_rev|ref22-04o0|act06-09|rev|b0.5|a10|m1.0|tp0.75|x10,259,40.84,67.57,1.52,5.24,+11.7 / +11.4 / +17.0,True,79,14.14,1.63
GOLD,B_london,B_london_rev|ref22-04o0|act06-09|rev|b0.5|a10|m1.0|tp0.75|x11,259,38.46,67.18,1.47,5.72,+11.3 / +11.2 / +15.3,True,79,13.97,1.58
GOLD,B_london,B_london_rev|ref22-04o0|act06-09|rev|b0.5|a10|m1.0|tpopp|x10,259,-36.61,37.07,0.75,49.41,+4.7 / -21.6 / -20.4,False,79,-0.41,0.99
GOLD,B_london,B_london_rev|ref22-04o0|act06-09|rev|b0.5|a10|m1.0|tpopp|x11,259,-50.53,33.59,0.69,58.07,-3.1 / -23.2 / -25.1,False,79,-1.28,0.96
GOLD,B_london,B_london_rev|ref22-04o0|act06-09|rev|b0.5|a10|m1.5|tp0.5|x10,259,29.79,72.97,1.53,5.47,+6.8 / +8.4 / +14.1,True,79,13.64,2.04
GOLD,B_london,B_london_rev|ref22-04o0|act06-09|rev|b0.5|a10|m1.5|tp0.5|x11,259,27.97,72.59,1.48,5.8,+7.5 / +8.0 / +12.0,True,79,14.82,2.11
GOLD,B_london,B_london_rev|ref22-04o0|act06-09|rev|b0.5|a10|m1.5|tp0.75|x10,259,9.7,57.53,1.11,10.36,+6.0 / -4.5 / +7.4,False,79,16.21,2.1
GOLD,B_london,B_london_rev|ref22-04o0|act06-09|rev|b0.5|a10|m1.5|tp0.75|x11,259,9.36,56.76,1.1,11.29,+6.6 / -4.4 / +6.4,False,79,15.46,1.97
GOLD,B_london,B_london_rev|ref22-04o0|act06-09|rev|b0.5|a10|m1.5|tpopp|x10,259,-34.74,41.31,0.69,44.32,-1.5 / -23.8 / -9.9,False,79,2.66,1.15
GOLD,B_london,B_london_rev|ref22-04o0|act06-09|rev|b0.5|a10|m1.5|tpopp|x11,259,-46.71,38.61,0.64,52.8,-7.3 / -24.9 / -15.1,False,79,2.72,1.13
GOLD,B_london,B_london_rev|ref22-04o0|act06-09|rev|b0.75|a10|m1.0|tp0.5|x10,215,30.44,77.21,1.7,7.7,+3.5 / +12.0 / +14.4,True,60,6.17,1.41
GOLD,B_london,B_london_rev|ref22-04o0|act06-09|rev|b0.75|a10|m1.0|tp0.5|x11,215,28.67,78.14,1.63,7.96,+2.1 / +11.4 / +14.7,True,60,6.14,1.41
GOLD,B_london,B_london_rev|ref22-04o0|act06-09|rev|b0.75|a10|m1.0|tp0.75|x10,215,40.92,68.84,1.68,5.44,+10.3 / +14.0 / +15.9,True,60,7.01,1.37
GOLD,B_london,B_london_rev|ref22-04o0|act06-09|rev|b0.75|a10|m1.0|tp0.75|x11,215,37.36,69.3,1.58,5.7,+9.3 / +13.8 / +13.6,True,60,6.81,1.35
GOLD,B_london,B_london_rev|ref22-04o0|act06-09|rev|b0.75|a10|m1.0|tpopp|x10,215,-39.27,35.35,0.68,46.06,-4.4 / -15.6 / -20.1,False,60,0.63,1.03
GOLD,B_london,B_london_rev|ref22-04o0|act06-09|rev|b0.75|a10|m1.0|tpopp|x11,215,-49.93,31.16,0.63,54.96,-12.9 / -14.3 / -23.6,False,60,-3.92,0.85
GOLD,B_london,B_london_rev|ref22-04o0|act06-09|rev|b0.75|a10|m1.5|tp0.5|x10,215,25.3,72.56,1.55,5.54,+4.7 / +9.2 / +10.9,True,60,6.48,1.51
GOLD,B_london,B_london_rev|ref22-04o0|act06-09|rev|b0.75|a10|m1.5|tp0.5|x11,215,20.9,73.02,1.42,5.72,+3.7 / +7.7 / +9.0,True,60,6.4,1.47
GOLD,B_london,B_london_rev|ref22-04o0|act06-09|rev|b0.75|a10|m1.5|tp0.75|x10,215,20.34,60.47,1.31,7.66,+5.2 / +0.1 / +14.3,True,60,11.06,1.85
GOLD,B_london,B_london_rev|ref22-04o0|act06-09|rev|b0.75|a10|m1.5|tp0.75|x11,215,14.34,58.6,1.2,7.75,+1.9 / -0.5 / +12.2,False,60,10.48,1.75
GOLD,B_london,B_london_rev|ref22-04o0|act06-09|rev|b0.75|a10|m1.5|tpopp|x10,215,-36.45,38.6,0.63,41.2,-10.8 / -12.8 / -13.3,False,60,1.5,1.09
GOLD,B_london,B_london_rev|ref22-04o0|act06-09|rev|b0.75|a10|m1.5|tpopp|x11,215,-41.36,35.81,0.61,45.24,-16.2 / -11.8 / -14.0,False,60,-2.1,0.89
GOLD,B_london,B_london_rev|ref22-04o0|act06-09|rev_cf|b0.25|a10|m1.0|tp0.5|x10,141,-36.87,48.94,0.45,38.47,-5.7 / -11.2 / -19.3,False,49,-0.2,0.99
GOLD,B_london,B_london_rev|ref22-04o0|act06-09|rev_cf|b0.25|a10|m1.0|tp0.5|x11,141,-37.86,51.77,0.45,39.19,-7.6 / -10.7 / -19.1,False,49,-0.9,0.94
GOLD,B_london,B_london_rev|ref22-04o0|act06-09|rev_cf|b0.25|a10|m1.0|tp0.75|x10,141,-32.19,43.97,0.56,34.33,-3.2 / -10.3 / -18.0,False,49,-9.11,0.58
GOLD,B_london,B_london_rev|ref22-04o0|act06-09|rev_cf|b0.25|a10|m1.0|tp0.75|x11,141,-34.18,46.1,0.55,36.26,-6.1 / -9.3 / -18.3,False,49,-11.44,0.53
GOLD,B_london,B_london_rev|ref22-04o0|act06-09|rev_cf|b0.25|a10|m1.0|tpopp|x10,141,-23.5,39.01,0.69,30.42,+4.8 / -12.7 / -14.9,False,49,-11.77,0.48
GOLD,B_london,B_london_rev|ref22-04o0|act06-09|rev_cf|b0.25|a10|m1.0|tpopp|x11,141,-30.33,39.01,0.63,34.92,+1.3 / -14.1 / -17.0,False,49,-11.17,0.56
GOLD,B_london,B_london_rev|ref22-04o0|act06-09|rev_cf|b0.25|a10|m1.5|tp0.5|x10,141,-27.5,46.81,0.51,28.93,-4.8 / -5.1 / -17.1,False,49,-3.14,0.74
GOLD,B_london,B_london_rev|ref22-04o0|act06-09|rev_cf|b0.25|a10|m1.5|tp0.5|x11,141,-29.81,49.65,0.5,31.2,-6.2 / -5.3 / -18.0,False,49,-5.95,0.63
GOLD,B_london,B_london_rev|ref22-04o0|act06-09|rev_cf|b0.25|a10|m1.5|tp0.75|x10,141,-24.01,42.55,0.59,26.19,-0.8 / -7.1 / -15.7,False,49,-5.7,0.59
GOLD,B_london,B_london_rev|ref22-04o0|act06-09|rev_cf|b0.25|a10|m1.5|tp0.75|x11,141,-26.9,44.68,0.58,28.76,-2.6 / -6.9 / -17.0,False,49,-7.02,0.61
GOLD,B_london,B_london_rev|ref22-04o0|act06-09|rev_cf|b0.25|a10|m1.5|tpopp|x10,141,-22.18,41.13,0.63,25.51,+0.5 / -7.2 / -15.0,False,49,-5.45,0.57
GOLD,B_london,B_london_rev|ref22-04o0|act06-09|rev_cf|b0.25|a10|m1.5|tpopp|x11,141,-26.42,42.55,0.59,29.15,-1.3 / -8.4 / -16.4,False,49,-6.3,0.63
GOLD,B_london,B_london_rev|ref22-04o0|act06-09|rev_cf|b0.5|a10|m1.0|tp0.5|x10,86,-28.19,46.51,0.38,29.21,-9.7 / -5.4 / -12.5,False,25,-6.44,0.43
GOLD,B_london,B_london_rev|ref22-04o0|act06-09|rev_cf|b0.5|a10|m1.0|tp0.5|x11,86,-28.45,47.67,0.39,29.31,-10.4 / -5.1 / -12.5,False,25,-6.27,0.46
GOLD,B_london,B_london_rev|ref22-04o0|act06-09|rev_cf|b0.5|a10|m1.0|tp0.75|x10,86,-28.58,39.53,0.43,30.65,-8.7 / -6.5 / -12.7,False,25,-7.44,0.44
GOLD,B_london,B_london_rev|ref22-04o0|act06-09|rev_cf|b0.5|a10|m1.0|tp0.75|x11,86,-30.02,39.53,0.43,32.02,-10.6 / -5.6 / -13.2,False,25,-7.56,0.44
GOLD,B_london,B_london_rev|ref22-04o0|act06-09|rev_cf|b0.5|a10|m1.0|tpopp|x10,86,-21.88,37.21,0.56,28.42,-2.6 / -7.1 / -11.5,False,25,-9.76,0.32
GOLD,B_london,B_london_rev|ref22-04o0|act06-09|rev_cf|b0.5|a10|m1.0|tpopp|x11,86,-29.18,32.56,0.46,35.6,-5.3 / -8.5 / -14.9,False,25,-7.0,0.52
GOLD,B_london,B_london_rev|ref22-04o0|act06-09|rev_cf|b0.5|a10|m1.5|tp0.5|x10,86,-24.27,43.02,0.39,25.45,-8.2 / -2.7 / -12.8,False,25,-1.32,0.77
GOLD,B_london,B_london_rev|ref22-04o0|act06-09|rev_cf|b0.5|a10|m1.5|tp0.5|x11,86,-26.22,44.19,0.39,27.13,-8.5 / -2.9 / -14.4,False,25,-2.43,0.67
GOLD,B_london,B_london_rev|ref22-04o0|act06-09|rev_cf|b0.5|a10|m1.5|tp0.75|x10,86,-22.57,40.7,0.45,24.87,-7.1 / -2.9 / -12.1,False,25,-4.8,0.37
GOLD,B_london,B_london_rev|ref22-04o0|act06-09|rev_cf|b0.5|a10|m1.5|tp0.75|x11,86,-26.45,38.37,0.41,28.4,-8.0 / -3.5 / -14.6,False,25,-5.06,0.46
GOLD,B_london,B_london_rev|ref22-04o0|act06-09|rev_cf|b0.5|a10|m1.5|tpopp|x10,86,-19.86,39.53,0.5,23.77,-3.5 / -3.9 / -12.0,False,25,-3.4,0.48
GOLD,B_london,B_london_rev|ref22-04o0|act06-09|rev_cf|b0.5|a10|m1.5|tpopp|x11,86,-25.53,36.05,0.42,29.14,-4.3 / -5.3 / -15.5,False,25,-2.87,0.65
GOLD,B_london,B_london_rev|ref22-04o0|act06-10|rev|b0.25|a10|m1.0|tp0.5|x10,337,44.94,77.74,1.62,3.47,+8.9 / +16.4 / +19.2,True,106,15.3,1.66
GOLD,B_london,B_london_rev|ref22-04o0|act06-10|rev|b0.25|a10|m1.0|tp0.5|x11,337,43.76,77.74,1.59,3.47,+9.4 / +15.3 / +18.6,True,106,16.69,1.73
GOLD,B_london,B_london_rev|ref22-04o0|act06-10|rev|b0.25|a10|m1.0|tp0.75|x10,337,54.8,67.36,1.54,6.51,+11.4 / +19.9 / +22.8,True,106,25.49,1.95
GOLD,B_london,B_london_rev|ref22-04o0|act06-10|rev|b0.25|a10|m1.0|tp0.75|x11,337,52.75,67.95,1.5,6.05,+13.2 / +18.4 / +20.3,True,106,26.07,1.95
GOLD,B_london,B_london_rev|ref22-04o0|act06-10|rev|b0.25|a10|m1.0|tpopp|x10,337,-9.01,40.06,0.95,33.9,+12.7 / -19.1 / -3.3,False,106,-2.81,0.94
GOLD,B_london,B_london_rev|ref22-04o0|act06-10|rev|b0.25|a10|m1.0|tpopp|x11,337,-20.6,39.47,0.89,40.19,+8.1 / -22.7 / -6.8,False,106,-8.79,0.83
GOLD,B_london,B_london_rev|ref22-04o0|act06-10|rev|b0.25|a10|m1.5|tp0.5|x10,337,40.52,73.0,1.56,5.03,+7.5 / +9.6 / +22.8,True,106,18.52,2.01
GOLD,B_london,B_london_rev|ref22-04o0|act06-10|rev|b0.25|a10|m1.5|tp0.5|x11,337,37.33,73.59,1.48,4.13,+8.3 / +8.2 / +20.4,True,106,19.5,2.06
GOLD,B_london,B_london_rev|ref22-04o0|act06-10|rev|b0.25|a10|m1.5|tp0.75|x10,337,27.36,59.35,1.26,8.03,+7.3 / +3.6 / +15.7,True,106,13.44,1.52
GOLD,B_london,B_london_rev|ref22-04o0|act06-10|rev|b0.25|a10|m1.5|tp0.75|x11,337,27.58,61.42,1.25,7.18,+9.6 / +3.6 / +13.7,True,106,12.94,1.47
GOLD,B_london,B_london_rev|ref22-04o0|act06-10|rev|b0.25|a10|m1.5|tpopp|x10,337,-16.44,44.51,0.88,35.17,+8.6 / -21.2 / -4.4,False,106,-0.52,0.98
GOLD,B_london,B_london_rev|ref22-04o0|act06-10|rev|b0.25|a10|m1.5|tpopp|x11,337,-28.78,44.51,0.81,42.26,+5.0 / -23.6 / -10.8,False,106,-4.16,0.88
GOLD,B_london,B_london_rev|ref22-04o0|act06-10|rev|b0.5|a10|m1.0|tp0.5|x10,278,33.86,77.7,1.54,6.57,+5.4 / +13.1 / +14.9,True,85,11.36,1.58
GOLD,B_london,B_london_rev|ref22-04o0|act06-10|rev|b0.5|a10|m1.0|tp0.5|x11,278,32.41,77.34,1.51,6.84,+5.0 / +12.5 / +14.4,True,85,12.24,1.65
GOLD,B_london,B_london_rev|ref22-04o0|act06-10|rev|b0.5|a10|m1.0|tp0.75|x10,278,43.77,67.63,1.52,5.63,+14.7 / +8.6 / +19.7,True,85,16.76,1.71
GOLD,B_london,B_london_rev|ref22-04o0|act06-10|rev|b0.5|a10|m1.0|tp0.75|x11,278,41.4,67.27,1.47,5.63,+14.3 / +8.4 / +17.9,True,85,16.6,1.66
GOLD,B_london,B_london_rev|ref22-04o0|act06-10|rev|b0.5|a10|m1.0|tpopp|x10,278,-35.57,38.13,0.77,51.7,+6.8 / -23.2 / -19.9,False,85,-3.0,0.91
GOLD,B_london,B_london_rev|ref22-04o0|act06-10|rev|b0.5|a10|m1.0|tpopp|x11,278,-49.62,34.89,0.71,60.12,+2.2 / -28.4 / -24.3,False,85,-3.3,0.91
GOLD,B_london,B_london_rev|ref22-04o0|act06-10|rev|b0.5|a10|m1.5|tp0.5|x10,278,32.45,73.02,1.54,5.39,+10.0 / +5.5 / +16.4,True,85,16.56,2.27
GOLD,B_london,B_london_rev|ref22-04o0|act06-10|rev|b0.5|a10|m1.5|tp0.5|x11,278,31.52,73.02,1.51,5.71,+10.7 / +5.7 / +14.6,True,85,17.74,2.33
GOLD,B_london,B_london_rev|ref22-04o0|act06-10|rev|b0.5|a10|m1.5|tp0.75|x10,278,10.93,57.55,1.12,11.49,+9.5 / -8.8 / +9.5,False,85,16.43,2.03
GOLD,B_london,B_london_rev|ref22-04o0|act06-10|rev|b0.5|a10|m1.5|tp0.75|x11,278,12.15,57.55,1.13,12.65,+11.3 / -8.8 / +8.9,False,85,16.18,1.97
GOLD,B_london,B_london_rev|ref22-04o0|act06-10|rev|b0.5|a10|m1.5|tpopp|x10,278,-33.54,42.45,0.72,44.35,-0.4 / -24.5 / -9.1,False,85,0.85,1.04
GOLD,B_london,B_london_rev|ref22-04o0|act06-10|rev|b0.5|a10|m1.5|tpopp|x11,278,-43.8,40.65,0.67,51.26,-4.1 / -26.2 / -14.1,False,85,1.4,1.06
GOLD,B_london,B_london_rev|ref22-04o0|act06-10|rev|b0.75|a10|m1.0|tp0.5|x10,236,36.41,77.97,1.8,7.26,+5.0 / +13.1 / +17.7,True,69,9.79,1.64
GOLD,B_london,B_london_rev|ref22-04o0|act06-10|rev|b0.75|a10|m1.0|tp0.5|x11,236,35.22,79.24,1.74,7.53,+3.6 / +13.1 / +18.0,True,69,10.49,1.69
GOLD,B_london,B_london_rev|ref22-04o0|act06-10|rev|b0.75|a10|m1.0|tp0.75|x10,236,46.53,69.07,1.72,5.44,+13.3 / +12.9 / +19.6,True,69,12.64,1.65
GOLD,B_london,B_london_rev|ref22-04o0|act06-10|rev|b0.75|a10|m1.0|tp0.75|x11,236,42.34,69.49,1.61,5.7,+12.3 / +12.0 / +17.3,True,69,13.41,1.68
GOLD,B_london,B_london_rev|ref22-04o0|act06-10|rev|b0.75|a10|m1.0|tpopp|x10,236,-38.48,37.29,0.7,46.68,+0.8 / -21.0 / -19.0,False,69,1.46,1.05
GOLD,B_london,B_london_rev|ref22-04o0|act06-10|rev|b0.75|a10|m1.0|tpopp|x11,236,-47.19,33.05,0.67,54.01,-5.3 / -21.5 / -21.3,False,69,0.2,1.01
GOLD,B_london,B_london_rev|ref22-04o0|act06-10|rev|b0.75|a10|m1.5|tp0.5|x10,236,30.7,73.31,1.64,5.54,+7.8 / +9.0 / +13.4,True,69,10.22,1.79
GOLD,B_london,B_london_rev|ref22-04o0|act06-10|rev|b0.75|a10|m1.5|tp0.5|x11,236,25.88,73.73,1.49,5.72,+6.9 / +7.0 / +11.5,True,69,10.8,1.8
GOLD,B_london,B_london_rev|ref22-04o0|act06-10|rev|b0.75|a10|m1.5|tp0.75|x10,236,26.26,61.86,1.38,6.87,+8.9 / -0.3 / +16.8,False,69,14.44,2.09
GOLD,B_london,B_london_rev|ref22-04o0|act06-10|rev|b0.75|a10|m1.5|tp0.75|x11,236,21.5,60.17,1.29,6.97,+6.7 / -0.9 / +15.0,False,69,15.84,2.14
GOLD,B_london,B_london_rev|ref22-04o0|act06-10|rev|b0.75|a10|m1.5|tpopp|x10,236,-34.03,41.1,0.66,39.72,-7.7 / -14.2 / -12.6,False,69,2.47,1.14
GOLD,B_london,B_london_rev|ref22-04o0|act06-10|rev|b0.75|a10|m1.5|tpopp|x11,236,-38.6,38.14,0.65,43.67,-11.4 / -14.9 / -12.8,False,69,1.18,1.06
GOLD,B_london,B_london_rev|ref22-04o0|act06-10|rev_cf|b0.25|a10|m1.0|tp0.5|x10,162,-45.27,48.15,0.43,47.34,-7.1 / -15.4 / -22.0,False,55,2.68,1.19
GOLD,B_london,B_london_rev|ref22-04o0|act06-10|rev_cf|b0.25|a10|m1.0|tp0.5|x11,162,-42.71,50.62,0.45,44.04,-8.2 / -12.9 / -21.0,False,55,1.43,1.09
GOLD,B_london,B_london_rev|ref22-04o0|act06-10|rev_cf|b0.25|a10|m1.0|tp0.75|x10,162,-38.34,43.83,0.55,41.2,-3.9 / -13.7 / -20.0,False,55,-8.23,0.65
GOLD,B_london,B_london_rev|ref22-04o0|act06-10|rev_cf|b0.25|a10|m1.0|tp0.75|x11,162,-37.59,45.68,0.56,40.03,-6.3 / -11.0 / -19.8,False,55,-9.39,0.62
GOLD,B_london,B_london_rev|ref22-04o0|act06-10|rev_cf|b0.25|a10|m1.0|tpopp|x10,162,-33.13,37.04,0.64,39.76,+3.3 / -18.1 / -17.7,False,55,-5.44,0.79
GOLD,B_london,B_london_rev|ref22-04o0|act06-10|rev_cf|b0.25|a10|m1.0|tpopp|x11,162,-36.46,38.89,0.61,41.56,+0.4 / -18.5 / -17.8,False,55,-10.37,0.61
GOLD,B_london,B_london_rev|ref22-04o0|act06-10|rev_cf|b0.25|a10|m1.5|tp0.5|x10,162,-31.1,48.15,0.52,33.01,-6.3 / -6.1 / -18.3,False,55,-1.72,0.87
GOLD,B_london,B_london_rev|ref22-04o0|act06-10|rev_cf|b0.25|a10|m1.5|tp0.5|x11,162,-30.38,49.38,0.53,31.76,-6.0 / -5.6 / -18.3,False,55,-4.59,0.72
GOLD,B_london,B_london_rev|ref22-04o0|act06-10|rev_cf|b0.25|a10|m1.5|tp0.75|x10,162,-29.87,42.59,0.58,32.77,-3.3 / -8.6 / -17.6,False,55,-3.04,0.8
GOLD,B_london,B_london_rev|ref22-04o0|act06-10|rev_cf|b0.25|a10|m1.5|tp0.75|x11,162,-27.8,45.06,0.59,29.67,-3.0 / -7.6 / -16.9,False,55,-4.91,0.73
GOLD,B_london,B_london_rev|ref22-04o0|act06-10|rev_cf|b0.25|a10|m1.5|tpopp|x10,162,-30.59,40.12,0.58,35.02,-1.8 / -9.8 / -18.6,False,55,-2.23,0.86
GOLD,B_london,B_london_rev|ref22-04o0|act06-10|rev_cf|b0.25|a10|m1.5|tpopp|x11,162,-28.57,42.59,0.59,31.64,-1.6 / -10.3 / -16.3,False,55,-5.8,0.68
GOLD,B_london,B_london_rev|ref22-04o0|act06-10|rev_cf|b0.5|a10|m1.0|tp0.5|x10,96,-34.11,44.79,0.35,35.13,-12.8 / -8.1 / -12.6,False,27,-5.49,0.52
GOLD,B_london,B_london_rev|ref22-04o0|act06-10|rev_cf|b0.5|a10|m1.0|tp0.5|x11,96,-32.86,44.79,0.36,33.73,-12.8 / -7.8 / -11.8,False,27,-5.86,0.5
GOLD,B_london,B_london_rev|ref22-04o0|act06-10|rev_cf|b0.5|a10|m1.0|tp0.75|x10,96,-33.75,38.54,0.42,35.82,-11.8 / -8.9 / -12.3,False,27,-7.74,0.46
GOLD,B_london,B_london_rev|ref22-04o0|act06-10|rev_cf|b0.5|a10|m1.0|tp0.75|x11,96,-33.93,37.5,0.42,35.94,-13.0 / -8.1 / -12.3,False,27,-7.46,0.45
GOLD,B_london,B_london_rev|ref22-04o0|act06-10|rev_cf|b0.5|a10|m1.0|tpopp|x10,96,-26.65,35.42,0.54,33.03,-5.7 / -8.1 / -12.2,False,27,-7.7,0.5
GOLD,B_london,B_london_rev|ref22-04o0|act06-10|rev_cf|b0.5|a10|m1.0|tpopp|x11,96,-33.16,31.25,0.45,39.58,-7.7 / -11.2 / -13.8,False,27,-6.9,0.53
GOLD,B_london,B_london_rev|ref22-04o0|act06-10|rev_cf|b0.5|a10|m1.5|tp0.5|x10,96,-28.55,42.71,0.38,30.05,-9.8 / -5.3 / -12.9,False,27,-0.35,0.94
GOLD,B_london,B_london_rev|ref22-04o0|act06-10|rev_cf|b0.5|a10|m1.5|tp0.5|x11,96,-28.61,41.67,0.38,29.52,-10.2 / -4.6 / -13.5,False,27,-2.37,0.68
GOLD,B_london,B_london_rev|ref22-04o0|act06-10|rev_cf|b0.5|a10|m1.5|tp0.75|x10,96,-27.61,39.58,0.43,30.6,-8.4 / -5.3 / -13.4,False,27,-3.33,0.56
GOLD,B_london,B_london_rev|ref22-04o0|act06-10|rev_cf|b0.5|a10|m1.5|tp0.75|x11,96,-28.76,36.46,0.41,30.71,-9.6 / -5.4 / -13.5,False,27,-4.99,0.47
GOLD,B_london,B_london_rev|ref22-04o0|act06-10|rev_cf|b0.5|a10|m1.5|tpopp|x10,96,-23.81,38.54,0.49,28.58,-4.7 / -5.5 / -13.1,False,27,-2.36,0.69
GOLD,B_london,B_london_rev|ref22-04o0|act06-10|rev_cf|b0.5|a10|m1.5|tpopp|x11,96,-27.96,34.38,0.41,31.57,-5.9 / -7.2 / -14.5,False,27,-2.81,0.66
GOLD,B_london,B_london_rev|ref22-04o0|act07-10|rev|b0.25|a10|m1.0|tp0.5|x10,313,18.97,72.84,1.23,7.41,+4.0 / +5.5 / +9.0,True,100,21.13,2.26
GOLD,B_london,B_london_rev|ref22-04o0|act07-10|rev|b0.25|a10|m1.0|tp0.5|x11,313,17.91,72.84,1.21,7.41,+4.5 / +4.1 / +8.8,True,100,21.93,2.29
GOLD,B_london,B_london_rev|ref22-04o0|act07-10|rev|b0.25|a10|m1.0|tp0.75|x10,313,30.72,63.58,1.29,10.92,+2.7 / +11.2 / +17.2,True,100,28.74,2.39
GOLD,B_london,B_london_rev|ref22-04o0|act07-10|rev|b0.25|a10|m1.0|tp0.75|x11,313,30.74,64.54,1.28,9.75,+4.2 / +9.3 / +17.5,True,100,29.19,2.32
GOLD,B_london,B_london_rev|ref22-04o0|act07-10|rev|b0.25|a10|m1.0|tpopp|x10,313,-37.29,40.26,0.77,46.59,-8.9 / -16.7 / -11.3,False,100,4.45,1.13
GOLD,B_london,B_london_rev|ref22-04o0|act07-10|rev|b0.25|a10|m1.0|tpopp|x11,313,-46.51,36.74,0.74,55.3,-7.5 / -22.7 / -16.1,False,100,-0.03,1.0
GOLD,B_london,B_london_rev|ref22-04o0|act07-10|rev|b0.25|a10|m1.5|tp0.5|x10,313,24.2,69.01,1.33,7.68,+2.9 / +5.2 / +16.4,True,100,18.94,2.26
GOLD,B_london,B_london_rev|ref22-04o0|act07-10|rev|b0.25|a10|m1.5|tp0.5|x11,313,24.47,71.57,1.32,7.35,+3.0 / +5.6 / +16.0,True,100,19.42,2.23
GOLD,B_london,B_london_rev|ref22-04o0|act07-10|rev|b0.25|a10|m1.5|tp0.75|x10,313,10.75,55.91,1.11,12.51,-2.7 / +6.3 / +7.5,False,100,5.23,1.22
GOLD,B_london,B_london_rev|ref22-04o0|act07-10|rev|b0.25|a10|m1.5|tp0.75|x11,313,8.77,58.79,1.08,11.73,-1.2 / +5.1 / +5.0,False,100,4.46,1.17
GOLD,B_london,B_london_rev|ref22-04o0|act07-10|rev|b0.25|a10|m1.5|tpopp|x10,313,-30.03,44.73,0.75,36.83,-5.4 / -14.5 / -9.8,False,100,2.89,1.12
GOLD,B_london,B_london_rev|ref22-04o0|act07-10|rev|b0.25|a10|m1.5|tpopp|x11,313,-39.51,43.13,0.71,45.8,-6.9 / -16.8 / -15.6,False,100,1.02,1.04
GOLD,B_london,B_london_rev|ref22-04o0|act07-10|rev|b0.5|a10|m1.0|tp0.5|x10,262,23.06,75.19,1.36,8.75,+5.9 / +8.2 / +8.4,True,81,18.43,2.46
GOLD,B_london,B_london_rev|ref22-04o0|act07-10|rev|b0.5|a10|m1.0|tp0.5|x11,262,21.35,74.81,1.32,8.81,+5.6 / +7.4 / +7.9,True,81,17.68,2.31
GOLD,B_london,B_london_rev|ref22-04o0|act07-10|rev|b0.5|a10|m1.0|tp0.75|x10,262,25.22,63.36,1.29,9.86,+8.9 / +1.9 / +13.7,True,81,20.98,2.18
GOLD,B_london,B_london_rev|ref22-04o0|act07-10|rev|b0.5|a10|m1.0|tp0.75|x11,262,22.45,63.74,1.24,10.24,+8.6 / +0.0 / +13.0,True,81,22.76,2.23
GOLD,B_london,B_london_rev|ref22-04o0|act07-10|rev|b0.5|a10|m1.0|tpopp|x10,262,-45.94,38.17,0.67,56.77,-18.1 / -13.4 / -14.4,False,81,4.17,1.16
GOLD,B_london,B_london_rev|ref22-04o0|act07-10|rev|b0.5|a10|m1.0|tpopp|x11,262,-58.16,34.73,0.63,66.97,-18.6 / -20.4 / -19.2,False,81,5.34,1.18
GOLD,B_london,B_london_rev|ref22-04o0|act07-10|rev|b0.5|a10|m1.5|tp0.5|x10,262,20.06,68.7,1.33,7.55,+3.6 / +4.1 / +11.8,True,81,15.27,2.26
GOLD,B_london,B_london_rev|ref22-04o0|act07-10|rev|b0.5|a10|m1.5|tp0.5|x11,262,19.5,70.61,1.3,6.91,+3.0 / +5.0 / +11.0,True,81,16.68,2.34
GOLD,B_london,B_london_rev|ref22-04o0|act07-10|rev|b0.5|a10|m1.5|tp0.75|x10,262,-2.03,53.05,0.98,14.62,-5.1 / -1.8 / +5.0,False,81,8.05,1.48
GOLD,B_london,B_london_rev|ref22-04o0|act07-10|rev|b0.5|a10|m1.5|tp0.75|x11,262,-3.21,54.96,0.97,13.65,-4.5 / -1.4 / +2.7,False,81,8.29,1.47
GOLD,B_london,B_london_rev|ref22-04o0|act07-10|rev|b0.5|a10|m1.5|tpopp|x10,262,-37.36,41.98,0.64,44.04,-15.4 / -11.9 / -10.0,False,81,2.32,1.12
GOLD,B_london,B_london_rev|ref22-04o0|act07-10|rev|b0.5|a10|m1.5|tpopp|x11,262,-46.45,40.84,0.61,51.96,-18.5 / -12.8 / -15.1,False,81,4.47,1.22
GOLD,B_london,B_london_rev|ref22-04o0|act07-10|rev|b0.75|a10|m1.0|tp0.5|x10,221,27.01,75.57,1.57,3.51,+4.5 / +6.9 / +15.1,True,64,13.17,2.15
GOLD,B_london,B_london_rev|ref22-04o0|act07-10|rev|b0.75|a10|m1.0|tp0.5|x11,221,25.24,76.92,1.5,3.51,+3.1 / +6.6 / +15.1,True,64,13.81,2.23
GOLD,B_london,B_london_rev|ref22-04o0|act07-10|rev|b0.75|a10|m1.0|tp0.75|x10,221,39.8,67.42,1.64,4.26,+8.9 / +9.2 / +21.0,True,64,16.9,2.12
GOLD,B_london,B_london_rev|ref22-04o0|act07-10|rev|b0.75|a10|m1.0|tp0.75|x11,221,34.85,67.87,1.52,5.52,+7.2 / +7.5 / +19.4,True,64,19.15,2.33
GOLD,B_london,B_london_rev|ref22-04o0|act07-10|rev|b0.75|a10|m1.0|tpopp|x10,221,-36.31,37.56,0.68,42.6,-15.7 / -11.2 / -9.3,False,64,4.23,1.2
GOLD,B_london,B_london_rev|ref22-04o0|act07-10|rev|b0.75|a10|m1.0|tpopp|x11,221,-50.32,33.48,0.62,55.66,-20.9 / -16.7 / -12.5,False,64,3.67,1.17
GOLD,B_london,B_london_rev|ref22-04o0|act07-10|rev|b0.75|a10|m1.5|tp0.5|x10,221,25.38,71.49,1.55,3.85,+4.6 / +8.9 / +11.4,True,64,11.21,2.01
GOLD,B_london,B_london_rev|ref22-04o0|act07-10|rev|b0.75|a10|m1.5|tp0.5|x11,221,22.9,72.85,1.46,4.74,+3.3 / +8.6 / +10.6,True,64,12.27,2.11
GOLD,B_london,B_london_rev|ref22-04o0|act07-10|rev|b0.75|a10|m1.5|tp0.75|x10,221,11.75,57.47,1.18,11.97,-2.2 / +0.4 / +12.8,False,64,8.57,1.65
GOLD,B_london,B_london_rev|ref22-04o0|act07-10|rev|b0.75|a10|m1.5|tp0.75|x11,221,7.12,57.01,1.09,13.48,-5.1 / -0.6 / +12.1,False,64,10.98,1.82
GOLD,B_london,B_london_rev|ref22-04o0|act07-10|rev|b0.75|a10|m1.5|tpopp|x10,221,-36.27,41.18,0.6,40.08,-16.4 / -9.8 / -10.0,False,64,1.23,1.08
GOLD,B_london,B_london_rev|ref22-04o0|act07-10|rev|b0.75|a10|m1.5|tpopp|x11,221,-41.6,38.01,0.59,44.82,-19.8 / -11.9 / -9.8,False,64,1.61,1.1
GOLD,B_london,B_london_rev|ref22-04o0|act07-10|rev_cf|b0.25|a10|m1.0|tp0.5|x10,126,-40.09,45.24,0.39,41.93,-8.5 / -10.6 / -21.5,False,44,2.55,1.25
GOLD,B_london,B_london_rev|ref22-04o0|act07-10|rev_cf|b0.25|a10|m1.0|tp0.5|x11,126,-37.34,47.62,0.4,38.67,-8.9 / -7.4 / -20.6,False,44,0.97,1.08
GOLD,B_london,B_london_rev|ref22-04o0|act07-10|rev_cf|b0.25|a10|m1.0|tp0.75|x10,126,-32.98,42.06,0.52,36.02,-3.8 / -8.4 / -21.5,False,44,-2.01,0.87
GOLD,B_london,B_london_rev|ref22-04o0|act07-10|rev_cf|b0.25|a10|m1.0|tp0.75|x11,126,-30.48,44.44,0.54,32.55,-4.0 / -4.7 / -21.3,False,44,-3.72,0.78
GOLD,B_london,B_london_rev|ref22-04o0|act07-10|rev_cf|b0.25|a10|m1.0|tpopp|x10,126,-29.54,35.71,0.6,35.36,-2.1 / -9.9 / -19.1,False,44,3.76,1.23
GOLD,B_london,B_london_rev|ref22-04o0|act07-10|rev_cf|b0.25|a10|m1.0|tpopp|x11,126,-28.88,38.89,0.59,32.62,-0.0 / -9.3 / -19.0,False,44,-2.71,0.85
GOLD,B_london,B_london_rev|ref22-04o0|act07-10|rev_cf|b0.25|a10|m1.5|tp0.5|x10,126,-25.34,46.83,0.51,27.36,-2.3 / -6.3 / -17.3,False,44,-1.77,0.84
GOLD,B_london,B_london_rev|ref22-04o0|act07-10|rev_cf|b0.25|a10|m1.5|tp0.5|x11,126,-20.77,50.0,0.56,22.2,-0.2 / -3.4 / -16.9,False,44,-4.85,0.64
GOLD,B_london,B_london_rev|ref22-04o0|act07-10|rev_cf|b0.25|a10|m1.5|tp0.75|x10,126,-27.09,40.48,0.52,30.36,-4.2 / -6.3 / -17.4,False,44,-1.3,0.89
GOLD,B_london,B_london_rev|ref22-04o0|act07-10|rev_cf|b0.25|a10|m1.5|tp0.75|x11,126,-22.41,44.44,0.56,24.26,-1.8 / -3.6 / -16.7,False,44,-3.79,0.74
GOLD,B_london,B_london_rev|ref22-04o0|act07-10|rev_cf|b0.25|a10|m1.5|tpopp|x10,126,-26.66,38.89,0.54,30.54,-3.8 / -6.3 / -17.5,False,44,0.24,1.02
GOLD,B_london,B_london_rev|ref22-04o0|act07-10|rev_cf|b0.25|a10|m1.5|tpopp|x11,126,-22.26,42.86,0.57,24.45,-0.5 / -6.1 / -15.4,False,44,-4.2,0.7
GOLD,B_london,B_london_rev|ref22-04o0|act07-10|rev_cf|b0.5|a10|m1.0|tp0.5|x10,71,-29.57,40.85,0.3,30.97,-12.2 / -7.5 / -10.3,False,21,-2.1,0.7
GOLD,B_london,B_london_rev|ref22-04o0|act07-10|rev_cf|b0.5|a10|m1.0|tp0.5|x11,71,-29.04,39.44,0.29,29.47,-11.8 / -7.2 / -9.5,False,21,-2.76,0.64
GOLD,B_london,B_london_rev|ref22-04o0|act07-10|rev_cf|b0.5|a10|m1.0|tp0.75|x10,71,-28.69,35.21,0.36,30.11,-10.5 / -6.1 / -12.8,False,21,-1.35,0.83
GOLD,B_london,B_london_rev|ref22-04o0|act07-10|rev_cf|b0.5|a10|m1.0|tp0.75|x11,71,-28.61,33.8,0.36,29.29,-9.8 / -5.5 / -12.8,False,21,-1.64,0.78
GOLD,B_london,B_london_rev|ref22-04o0|act07-10|rev_cf|b0.5|a10|m1.0|tpopp|x10,71,-27.16,29.58,0.42,29.46,-8.6 / -7.3 / -12.7,False,21,1.33,1.17
GOLD,B_london,B_london_rev|ref22-04o0|act07-10|rev_cf|b0.5|a10|m1.0|tpopp|x11,71,-30.86,26.76,0.33,31.7,-7.9 / -9.2 / -13.3,False,21,0.67,1.09
GOLD,B_london,B_london_rev|ref22-04o0|act07-10|rev_cf|b0.5|a10|m1.5|tp0.5|x10,71,-23.7,39.44,0.34,24.8,-8.0 / -3.7 / -12.5,False,21,0.41,1.09
GOLD,B_london,B_london_rev|ref22-04o0|act07-10|rev_cf|b0.5|a10|m1.5|tp0.5|x11,71,-24.12,36.62,0.32,24.57,-7.0 / -3.7 / -13.1,False,21,-2.2,0.64
GOLD,B_london,B_london_rev|ref22-04o0|act07-10|rev_cf|b0.5|a10|m1.5|tp0.75|x10,71,-24.14,35.21,0.36,25.99,-7.1 / -4.5 / -13.3,False,21,-0.61,0.89
GOLD,B_london,B_london_rev|ref22-04o0|act07-10|rev_cf|b0.5|a10|m1.5|tp0.75|x11,71,-25.44,30.99,0.32,26.14,-6.2 / -5.4 / -13.4,False,21,-2.85,0.6
GOLD,B_london,B_london_rev|ref22-04o0|act07-10|rev_cf|b0.5|a10|m1.5|tpopp|x10,71,-24.12,32.39,0.37,26.2,-6.0 / -6.4 / -12.8,False,21,0.7,1.13
GOLD,B_london,B_london_rev|ref22-04o0|act07-10|rev_cf|b0.5|a10|m1.5|tpopp|x11,71,-26.62,28.17,0.29,27.18,-5.4 / -7.5 / -13.4,False,21,-0.66,0.89
GOLD,C_ny,C_ny_rev|ref07-12o0|act12-15|rev|b0.25|a10|m1.0|tp0.5|x17,352,64.65,81.53,1.95,7.42,+6.3 / +27.0 / +30.9,True,134,16.61,1.51
GOLD,C_ny,C_ny_rev|ref07-12o0|act12-15|rev|b0.25|a10|m1.0|tp0.5|x19,352,64.65,81.53,1.95,7.42,+6.3 / +27.0 / +30.9,True,134,16.61,1.51
GOLD,C_ny,C_ny_rev|ref07-12o0|act12-15|rev|b0.25|a10|m1.0|tp0.75|x17,352,109.68,76.99,2.32,7.27,+17.3 / +47.3 / +44.4,True,134,30.84,1.8
GOLD,C_ny,C_ny_rev|ref07-12o0|act12-15|rev|b0.25|a10|m1.0|tp0.75|x19,352,109.31,76.99,2.31,7.27,+17.3 / +46.5 / +44.9,True,134,31.19,1.81
GOLD,C_ny,C_ny_rev|ref07-12o0|act12-15|rev|b0.25|a10|m1.0|tp1.0|x17,352,126.52,69.89,2.17,5.79,+29.3 / +50.2 / +46.0,True,134,42.59,1.96
GOLD,C_ny,C_ny_rev|ref07-12o0|act12-15|rev|b0.25|a10|m1.0|tp1.0|x19,352,126.46,69.89,2.15,5.79,+29.3 / +49.9 / +46.4,True,134,43.84,2.0
GOLD,C_ny,C_ny_rev|ref07-12o0|act12-15|rev|b0.25|a10|m1.5|tp0.5|x17,352,81.58,83.24,2.43,4.99,+15.7 / +33.8 / +31.6,True,134,27.59,2.1
GOLD,C_ny,C_ny_rev|ref07-12o0|act12-15|rev|b0.25|a10|m1.5|tp0.5|x19,352,82.67,83.81,2.45,4.99,+15.7 / +34.5 / +32.0,True,134,27.88,2.11
GOLD,C_ny,C_ny_rev|ref07-12o0|act12-15|rev|b0.25|a10|m1.5|tp0.75|x17,352,82.25,71.02,1.86,4.78,+19.3 / +31.9 / +30.3,True,134,33.21,1.94
GOLD,C_ny,C_ny_rev|ref07-12o0|act12-15|rev|b0.25|a10|m1.5|tp0.75|x19,352,83.06,71.88,1.86,4.78,+19.2 / +32.6 / +30.5,True,134,34.73,1.99
GOLD,C_ny,C_ny_rev|ref07-12o0|act12-15|rev|b0.25|a10|m1.5|tp1.0|x17,352,37.19,55.4,1.27,8.73,+7.9 / +14.6 / +14.2,True,134,14.2,1.27
GOLD,C_ny,C_ny_rev|ref07-12o0|act12-15|rev|b0.25|a10|m1.5|tp1.0|x19,352,39.08,55.68,1.28,8.47,+6.8 / +16.9 / +14.7,True,134,15.36,1.29
GOLD,C_ny,C_ny_rev|ref07-12o0|act12-15|rev|b0.5|a10|m1.0|tp0.5|x17,307,61.24,82.41,2.1,3.86,+8.5 / +23.0 / +29.3,True,122,21.33,1.84
GOLD,C_ny,C_ny_rev|ref07-12o0|act12-15|rev|b0.5|a10|m1.0|tp0.5|x19,307,61.81,82.74,2.12,3.86,+8.5 / +23.0 / +29.9,True,122,21.33,1.84
GOLD,C_ny,C_ny_rev|ref07-12o0|act12-15|rev|b0.5|a10|m1.0|tp0.75|x17,307,112.92,80.13,2.82,3.19,+26.0 / +39.3 / +47.0,True,122,43.83,2.66
GOLD,C_ny,C_ny_rev|ref07-12o0|act12-15|rev|b0.5|a10|m1.0|tp0.75|x19,307,113.06,80.46,2.81,3.19,+26.0 / +39.3 / +47.1,True,122,43.83,2.66
GOLD,C_ny,C_ny_rev|ref07-12o0|act12-15|rev|b0.5|a10|m1.0|tp1.0|x17,307,133.57,73.29,2.62,4.24,+33.5 / +53.9 / +45.2,True,122,58.59,2.92
GOLD,C_ny,C_ny_rev|ref07-12o0|act12-15|rev|b0.5|a10|m1.0|tp1.0|x19,307,134.92,74.27,2.64,3.79,+34.1 / +54.0 / +45.8,True,122,58.49,2.92
GOLD,C_ny,C_ny_rev|ref07-12o0|act12-15|rev|b0.5|a10|m1.5|tp0.5|x17,307,85.93,86.64,3.17,3.09,+23.6 / +27.3 / +34.5,True,122,34.41,3.05
GOLD,C_ny,C_ny_rev|ref07-12o0|act12-15|rev|b0.5|a10|m1.5|tp0.5|x19,307,85.81,86.97,3.12,3.09,+24.1 / +27.3 / +33.9,True,122,34.47,3.06
GOLD,C_ny,C_ny_rev|ref07-12o0|act12-15|rev|b0.5|a10|m1.5|tp0.75|x17,307,91.23,74.59,2.28,3.83,+25.1 / +30.2 / +35.4,True,122,43.55,2.76
GOLD,C_ny,C_ny_rev|ref07-12o0|act12-15|rev|b0.5|a10|m1.5|tp0.75|x19,307,91.18,75.24,2.26,4.03,+25.9 / +30.1 / +34.5,True,122,44.31,2.78
GOLD,C_ny,C_ny_rev|ref07-12o0|act12-15|rev|b0.5|a10|m1.5|tp1.0|x17,307,69.28,61.89,1.69,5.62,+24.4 / +24.4 / +19.9,True,122,27.29,1.67
GOLD,C_ny,C_ny_rev|ref07-12o0|act12-15|rev|b0.5|a10|m1.5|tp1.0|x19,307,66.49,62.54,1.64,5.52,+23.7 / +23.5 / +18.5,True,122,29.26,1.72
GOLD,C_ny,C_ny_rev|ref07-12o0|act12-15|rev_cf|b0.25|a10|m1.0|tp0.5|x17,173,-35.0,55.49,0.55,36.38,-10.2 / -15.5 / -9.8,False,64,-2.19,0.9
GOLD,C_ny,C_ny_rev|ref07-12o0|act12-15|rev_cf|b0.25|a10|m1.0|tp0.5|x19,173,-33.78,56.07,0.56,35.16,-10.2 / -15.4 / -8.6,False,64,-2.14,0.9
GOLD,C_ny,C_ny_rev|ref07-12o0|act12-15|rev_cf|b0.25|a10|m1.0|tp0.75|x17,173,-32.92,49.13,0.63,35.06,-11.0 / -8.9 / -13.8,False,64,1.53,1.06
GOLD,C_ny,C_ny_rev|ref07-12o0|act12-15|rev_cf|b0.25|a10|m1.0|tp0.75|x19,173,-31.49,49.13,0.65,33.63,-11.6 / -9.0 / -11.7,False,64,1.7,1.07
GOLD,C_ny,C_ny_rev|ref07-12o0|act12-15|rev_cf|b0.25|a10|m1.0|tp1.0|x17,173,-30.96,45.09,0.67,33.84,-8.0 / -9.2 / -14.8,False,64,-0.23,0.99
GOLD,C_ny,C_ny_rev|ref07-12o0|act12-15|rev_cf|b0.25|a10|m1.0|tp1.0|x19,173,-30.81,43.93,0.68,33.7,-10.6 / -9.2 / -12.0,False,64,-0.59,0.98
GOLD,C_ny,C_ny_rev|ref07-12o0|act12-15|rev_cf|b0.25|a10|m1.5|tp0.5|x17,173,-10.47,61.85,0.82,11.9,-8.7 / +4.6 / -6.8,False,64,2.08,1.12
GOLD,C_ny,C_ny_rev|ref07-12o0|act12-15|rev_cf|b0.25|a10|m1.5|tp0.5|x19,173,-11.34,62.43,0.81,12.76,-9.5 / +4.3 / -6.7,False,64,2.52,1.14
GOLD,C_ny,C_ny_rev|ref07-12o0|act12-15|rev_cf|b0.25|a10|m1.5|tp0.75|x17,173,-11.0,54.91,0.83,13.18,-6.1 / +3.2 / -8.9,False,64,0.88,1.04
GOLD,C_ny,C_ny_rev|ref07-12o0|act12-15|rev_cf|b0.25|a10|m1.5|tp0.75|x19,173,-11.61,54.34,0.83,13.79,-8.5 / +3.6 / -7.5,False,64,0.94,1.04
GOLD,C_ny,C_ny_rev|ref07-12o0|act12-15|rev_cf|b0.25|a10|m1.5|tp1.0|x17,173,-8.7,50.87,0.87,10.37,-4.0 / +2.5 / -8.2,False,64,1.82,1.09
GOLD,C_ny,C_ny_rev|ref07-12o0|act12-15|rev_cf|b0.25|a10|m1.5|tp1.0|x19,173,-10.57,50.29,0.86,11.5,-6.7 / +2.0 / -6.8,False,64,3.42,1.15
GOLD,C_ny,C_ny_rev|ref07-12o0|act12-15|rev_cf|b0.5|a10|m1.0|tp0.5|x17,112,-26.09,53.57,0.51,27.03,-11.7 / -6.4 / -8.5,False,51,-1.93,0.89
GOLD,C_ny,C_ny_rev|ref07-12o0|act12-15|rev_cf|b0.5|a10|m1.0|tp0.5|x19,112,-25.38,53.57,0.52,26.32,-11.6 / -6.6 / -7.7,False,51,-1.35,0.92
GOLD,C_ny,C_ny_rev|ref07-12o0|act12-15|rev_cf|b0.5|a10|m1.0|tp0.75|x17,112,-18.84,50.0,0.67,20.29,-9.2 / -1.6 / -8.9,False,51,0.3,1.02
GOLD,C_ny,C_ny_rev|ref07-12o0|act12-15|rev_cf|b0.5|a10|m1.0|tp0.75|x19,112,-19.32,49.11,0.66,20.76,-9.7 / -1.9 / -8.5,False,51,1.49,1.08
GOLD,C_ny,C_ny_rev|ref07-12o0|act12-15|rev_cf|b0.5|a10|m1.0|tp1.0|x17,112,-14.17,47.32,0.76,16.11,-7.5 / -2.0 / -5.7,False,51,-1.15,0.95
GOLD,C_ny,C_ny_rev|ref07-12o0|act12-15|rev_cf|b0.5|a10|m1.0|tp1.0|x19,112,-15.48,45.54,0.74,17.42,-8.0 / -3.8 / -4.7,False,51,-1.16,0.95
GOLD,C_ny,C_ny_rev|ref07-12o0|act12-15|rev_cf|b0.5|a10|m1.5|tp0.5|x17,112,3.31,67.86,1.11,7.39,-4.0 / +7.0 / -0.2,False,51,-1.09,0.93
GOLD,C_ny,C_ny_rev|ref07-12o0|act12-15|rev_cf|b0.5|a10|m1.5|tp0.5|x19,112,1.08,66.96,1.03,6.85,-4.1 / +6.7 / -2.1,False,51,-0.46,0.97
GOLD,C_ny,C_ny_rev|ref07-12o0|act12-15|rev_cf|b0.5|a10|m1.5|tp0.75|x17,112,3.76,59.82,1.11,8.19,-2.7 / +6.3 / -0.6,False,51,-0.47,0.97
GOLD,C_ny,C_ny_rev|ref07-12o0|act12-15|rev_cf|b0.5|a10|m1.5|tp0.75|x19,112,1.17,57.14,1.03,7.73,-3.4 / +5.3 / -1.5,False,51,-0.72,0.96
GOLD,C_ny,C_ny_rev|ref07-12o0|act12-15|rev_cf|b0.5|a10|m1.5|tp1.0|x17,112,2.27,54.46,1.06,7.63,-2.6 / +5.4 / -1.5,False,51,2.05,1.12
GOLD,C_ny,C_ny_rev|ref07-12o0|act12-15|rev_cf|b0.5|a10|m1.5|tp1.0|x19,112,-1.31,50.0,0.97,7.45,-4.3 / +5.0 / -3.0,False,51,2.74,1.15
GOLD,C_ny,C_ny_rev|ref07-12o0|act13-16|rev|b0.25|a10|m1.0|tp0.5|x17,378,45.67,76.98,1.51,5.52,+15.3 / +15.1 / +14.8,True,144,6.03,1.14
GOLD,C_ny,C_ny_rev|ref07-12o0|act13-16|rev|b0.25|a10|m1.0|tp0.5|x19,378,45.7,76.98,1.51,5.52,+15.3 / +15.1 / +14.8,True,144,6.57,1.15
GOLD,C_ny,C_ny_rev|ref07-12o0|act13-16|rev|b0.25|a10|m1.0|tp0.75|x17,378,87.56,71.96,1.83,6.05,+30.2 / +38.2 / +18.5,True,144,21.08,1.44
GOLD,C_ny,C_ny_rev|ref07-12o0|act13-16|rev|b0.25|a10|m1.0|tp0.75|x19,378,86.74,71.96,1.81,6.05,+30.0 / +37.6 / +18.5,True,144,22.9,1.48
GOLD,C_ny,C_ny_rev|ref07-12o0|act13-16|rev|b0.25|a10|m1.0|tp1.0|x17,378,98.74,64.29,1.75,7.8,+42.3 / +43.3 / +12.1,True,144,29.46,1.54
GOLD,C_ny,C_ny_rev|ref07-12o0|act13-16|rev|b0.25|a10|m1.0|tp1.0|x19,378,95.45,64.02,1.7,7.8,+41.9 / +41.3 / +11.3,True,144,31.05,1.56
GOLD,C_ny,C_ny_rev|ref07-12o0|act13-16|rev|b0.25|a10|m1.5|tp0.5|x17,378,76.26,80.16,2.15,4.83,+21.4 / +32.5 / +21.8,True,144,27.28,1.98
GOLD,C_ny,C_ny_rev|ref07-12o0|act13-16|rev|b0.25|a10|m1.5|tp0.5|x19,378,77.08,80.95,2.13,4.83,+21.2 / +33.0 / +22.4,True,144,28.87,2.05
GOLD,C_ny,C_ny_rev|ref07-12o0|act13-16|rev|b0.25|a10|m1.5|tp0.75|x17,378,72.15,66.93,1.71,4.48,+31.7 / +22.8 / +16.9,True,144,30.69,1.8
GOLD,C_ny,C_ny_rev|ref07-12o0|act13-16|rev|b0.25|a10|m1.5|tp0.75|x19,378,70.78,67.99,1.67,5.0,+31.0 / +22.6 / +16.4,True,144,32.83,1.88
GOLD,C_ny,C_ny_rev|ref07-12o0|act13-16|rev|b0.25|a10|m1.5|tp1.0|x17,378,33.02,55.29,1.24,10.14,+15.7 / +9.2 / +7.7,True,144,11.1,1.21
GOLD,C_ny,C_ny_rev|ref07-12o0|act13-16|rev|b0.25|a10|m1.5|tp1.0|x19,378,32.04,55.29,1.23,9.95,+13.8 / +10.4 / +7.1,True,144,14.32,1.27
GOLD,C_ny,C_ny_rev|ref07-12o0|act13-16|rev|b0.5|a10|m1.0|tp0.5|x17,333,48.66,78.68,1.67,5.76,+15.9 / +15.4 / +16.8,True,135,15.74,1.47
GOLD,C_ny,C_ny_rev|ref07-12o0|act13-16|rev|b0.5|a10|m1.0|tp0.5|x19,333,49.24,78.98,1.68,5.76,+15.9 / +15.4 / +17.4,True,135,15.74,1.47
GOLD,C_ny,C_ny_rev|ref07-12o0|act13-16|rev|b0.5|a10|m1.0|tp0.75|x17,333,91.49,75.08,2.08,5.4,+28.7 / +34.3 / +27.8,True,135,35.28,1.96
GOLD,C_ny,C_ny_rev|ref07-12o0|act13-16|rev|b0.5|a10|m1.0|tp0.75|x19,333,91.29,74.77,2.06,5.4,+28.9 / +33.7 / +28.0,True,135,35.99,1.98
GOLD,C_ny,C_ny_rev|ref07-12o0|act13-16|rev|b0.5|a10|m1.0|tp1.0|x17,333,100.35,66.97,1.93,7.76,+34.6 / +41.2 / +23.5,True,135,49.6,2.22
GOLD,C_ny,C_ny_rev|ref07-12o0|act13-16|rev|b0.5|a10|m1.0|tp1.0|x19,333,100.76,66.97,1.92,8.59,+35.2 / +40.8 / +23.8,True,135,51.4,2.26
GOLD,C_ny,C_ny_rev|ref07-12o0|act13-16|rev|b0.5|a10|m1.5|tp0.5|x17,333,75.74,82.88,2.43,3.32,+24.5 / +28.0 / +22.8,True,135,34.97,2.77
GOLD,C_ny,C_ny_rev|ref07-12o0|act13-16|rev|b0.5|a10|m1.5|tp0.5|x19,333,74.04,81.98,2.34,3.32,+24.8 / +27.1 / +21.7,True,135,35.61,2.81
GOLD,C_ny,C_ny_rev|ref07-12o0|act13-16|rev|b0.5|a10|m1.5|tp0.75|x17,333,76.56,70.57,1.95,5.24,+29.5 / +26.9 / +19.5,True,135,42.9,2.54
GOLD,C_ny,C_ny_rev|ref07-12o0|act13-16|rev|b0.5|a10|m1.5|tp0.75|x19,333,75.5,69.07,1.89,6.79,+29.5 / +27.4 / +17.8,True,135,44.24,2.56
GOLD,C_ny,C_ny_rev|ref07-12o0|act13-16|rev|b0.5|a10|m1.5|tp1.0|x17,333,58.44,60.96,1.57,14.26,+27.5 / +24.3 / +6.0,True,135,32.67,1.83
GOLD,C_ny,C_ny_rev|ref07-12o0|act13-16|rev|b0.5|a10|m1.5|tp1.0|x19,333,55.47,59.46,1.51,15.26,+26.2 / +23.6 / +4.8,True,135,34.54,1.86
GOLD,C_ny,C_ny_rev|ref07-12o0|act13-16|rev_cf|b0.25|a10|m1.0|tp0.5|x17,180,-40.01,52.22,0.5,40.95,-9.7 / -17.9 / -12.9,False,68,-5.52,0.77
GOLD,C_ny,C_ny_rev|ref07-12o0|act13-16|rev_cf|b0.25|a10|m1.0|tp0.5|x19,180,-39.22,53.33,0.52,40.16,-8.8 / -18.6 / -12.2,False,68,-5.13,0.79
GOLD,C_ny,C_ny_rev|ref07-12o0|act13-16|rev_cf|b0.25|a10|m1.0|tp0.75|x17,180,-35.77,47.78,0.59,37.21,-10.6 / -13.2 / -12.6,False,68,-2.2,0.92
GOLD,C_ny,C_ny_rev|ref07-12o0|act13-16|rev_cf|b0.25|a10|m1.0|tp0.75|x19,180,-35.84,46.67,0.6,37.28,-11.3 / -14.3 / -11.0,False,68,-1.33,0.95
GOLD,C_ny,C_ny_rev|ref07-12o0|act13-16|rev_cf|b0.25|a10|m1.0|tp1.0|x17,180,-32.23,45.0,0.65,34.17,-9.8 / -13.5 / -9.9,False,68,-3.22,0.89
GOLD,C_ny,C_ny_rev|ref07-12o0|act13-16|rev_cf|b0.25|a10|m1.0|tp1.0|x19,180,-34.84,42.22,0.64,36.79,-13.1 / -15.1 / -7.6,False,68,-2.56,0.91
GOLD,C_ny,C_ny_rev|ref07-12o0|act13-16|rev_cf|b0.25|a10|m1.5|tp0.5|x17,180,-10.68,59.44,0.8,11.64,-4.4 / -0.6 / -6.1,False,68,-3.64,0.82
GOLD,C_ny,C_ny_rev|ref07-12o0|act13-16|rev_cf|b0.25|a10|m1.5|tp0.5|x19,180,-12.85,58.33,0.77,13.81,-4.9 / -1.5 / -6.9,False,68,-2.42,0.88
GOLD,C_ny,C_ny_rev|ref07-12o0|act13-16|rev_cf|b0.25|a10|m1.5|tp0.75|x17,180,-7.31,55.56,0.87,9.35,-3.2 / +0.7 / -5.6,False,68,-2.95,0.86
GOLD,C_ny,C_ny_rev|ref07-12o0|act13-16|rev_cf|b0.25|a10|m1.5|tp0.75|x19,180,-9.65,52.78,0.85,11.11,-5.7 / +0.1 / -4.8,False,68,-1.74,0.92
GOLD,C_ny,C_ny_rev|ref07-12o0|act13-16|rev_cf|b0.25|a10|m1.5|tp1.0|x17,180,-11.42,51.11,0.81,12.23,-5.0 / -1.0 / -6.4,False,68,-3.31,0.85
GOLD,C_ny,C_ny_rev|ref07-12o0|act13-16|rev_cf|b0.25|a10|m1.5|tp1.0|x19,180,-15.67,46.67,0.77,15.63,-7.7 / -2.4 / -6.5,False,68,-0.02,1.0
GOLD,C_ny,C_ny_rev|ref07-12o0|act13-16|rev_cf|b0.5|a10|m1.0|tp0.5|x17,120,-19.29,56.67,0.6,20.23,-10.6 / -3.0 / -6.2,False,52,-3.38,0.81
GOLD,C_ny,C_ny_rev|ref07-12o0|act13-16|rev_cf|b0.5|a10|m1.0|tp0.5|x19,120,-18.28,58.33,0.63,19.22,-9.8 / -3.4 / -5.6,False,52,-3.39,0.82
GOLD,C_ny,C_ny_rev|ref07-12o0|act13-16|rev_cf|b0.5|a10|m1.0|tp0.75|x17,120,-11.46,53.33,0.78,13.24,-9.7 / +1.7 / -4.2,False,52,-1.53,0.92
GOLD,C_ny,C_ny_rev|ref07-12o0|act13-16|rev_cf|b0.5|a10|m1.0|tp0.75|x19,120,-13.08,52.5,0.75,14.52,-10.2 / +0.5 / -4.1,False,52,-0.58,0.97
GOLD,C_ny,C_ny_rev|ref07-12o0|act13-16|rev_cf|b0.5|a10|m1.0|tp1.0|x17,120,-8.79,50.0,0.84,13.24,-8.4 / -1.0 / -0.3,False,52,-3.95,0.82
GOLD,C_ny,C_ny_rev|ref07-12o0|act13-16|rev_cf|b0.5|a10|m1.0|tp1.0|x19,120,-12.31,47.5,0.79,16.06,-9.0 / -4.7 / +0.4,False,52,-3.45,0.86
GOLD,C_ny,C_ny_rev|ref07-12o0|act13-16|rev_cf|b0.5|a10|m1.5|tp0.5|x17,120,2.4,65.83,1.08,5.76,-3.4 / +6.7 / -1.4,False,52,-3.73,0.76
GOLD,C_ny,C_ny_rev|ref07-12o0|act13-16|rev_cf|b0.5|a10|m1.5|tp0.5|x19,120,-0.57,65.0,0.98,6.27,-3.7 / +5.7 / -3.0,False,52,-3.19,0.81
GOLD,C_ny,C_ny_rev|ref07-12o0|act13-16|rev_cf|b0.5|a10|m1.5|tp0.75|x17,120,3.49,60.0,1.1,5.81,-2.2 / +5.1 / -0.2,False,52,-4.25,0.76
GOLD,C_ny,C_ny_rev|ref07-12o0|act13-16|rev_cf|b0.5|a10|m1.5|tp0.75|x19,120,-0.3,56.67,0.99,6.87,-3.1 / +3.1 / -1.1,False,52,-3.98,0.79
GOLD,C_ny,C_ny_rev|ref07-12o0|act13-16|rev_cf|b0.5|a10|m1.5|tp1.0|x17,120,-1.2,55.0,0.97,7.0,-3.4 / +3.4 / -2.2,False,52,-2.73,0.85
GOLD,C_ny,C_ny_rev|ref07-12o0|act13-16|rev_cf|b0.5|a10|m1.5|tp1.0|x19,120,-7.22,48.33,0.84,8.26,-4.8 / +0.3 / -3.6,False,52,-1.52,0.92
GOLD,C_ny,C_ny_rev|ref07-12o0|act13-17|rev|b0.25|a10|m1.0|tp0.5|x17,390,49.48,77.44,1.55,5.52,+15.7 / +17.0 / +16.3,True,146,6.51,1.15
GOLD,C_ny,C_ny_rev|ref07-12o0|act13-17|rev|b0.25|a10|m1.0|tp0.5|x19,390,49.95,77.44,1.55,5.52,+15.7 / +17.0 / +16.8,True,146,6.31,1.15
GOLD,C_ny,C_ny_rev|ref07-12o0|act13-17|rev|b0.25|a10|m1.0|tp0.75|x17,390,93.39,72.56,1.87,6.05,+30.7 / +41.2 / +20.7,True,146,21.81,1.46
GOLD,C_ny,C_ny_rev|ref07-12o0|act13-17|rev|b0.25|a10|m1.0|tp0.75|x19,390,93.74,72.56,1.86,6.05,+31.1 / +40.5 / +21.4,True,146,22.89,1.47
GOLD,C_ny,C_ny_rev|ref07-12o0|act13-17|rev|b0.25|a10|m1.0|tp1.0|x17,390,105.65,65.13,1.79,7.8,+43.4 / +46.1 / +15.1,True,146,30.44,1.56
GOLD,C_ny,C_ny_rev|ref07-12o0|act13-17|rev|b0.25|a10|m1.0|tp1.0|x19,390,104.3,64.87,1.76,7.8,+43.7 / +44.4 / +15.2,True,146,31.29,1.56
GOLD,C_ny,C_ny_rev|ref07-12o0|act13-17|rev|b0.25|a10|m1.5|tp0.5|x17,390,81.31,80.77,2.22,4.83,+23.0 / +34.5 / +23.3,True,146,27.77,1.99
GOLD,C_ny,C_ny_rev|ref07-12o0|act13-17|rev|b0.25|a10|m1.5|tp0.5|x19,390,82.91,81.54,2.22,4.83,+23.0 / +35.0 / +24.4,True,146,28.86,2.03
GOLD,C_ny,C_ny_rev|ref07-12o0|act13-17|rev|b0.25|a10|m1.5|tp0.75|x17,390,76.33,67.44,1.75,4.39,+31.6 / +26.2 / +17.7,True,146,31.43,1.82
GOLD,C_ny,C_ny_rev|ref07-12o0|act13-17|rev|b0.25|a10|m1.5|tp0.75|x19,390,77.25,68.72,1.72,5.0,+31.3 / +26.3 / +18.9,True,146,33.08,1.87
GOLD,C_ny,C_ny_rev|ref07-12o0|act13-17|rev|b0.25|a10|m1.5|tp1.0|x17,390,35.9,56.15,1.26,10.14,+15.6 / +11.8 / +8.0,True,146,11.59,1.22
GOLD,C_ny,C_ny_rev|ref07-12o0|act13-17|rev|b0.25|a10|m1.5|tp1.0|x19,390,34.77,56.15,1.25,9.95,+14.4 / +13.5 / +6.2,True,146,14.81,1.28
GOLD,C_ny,C_ny_rev|ref07-12o0|act13-17|rev|b0.5|a10|m1.0|tp0.5|x17,344,51.4,78.78,1.69,5.76,+15.4 / +16.9 / +18.7,True,140,17.42,1.52
GOLD,C_ny,C_ny_rev|ref07-12o0|act13-17|rev|b0.5|a10|m1.0|tp0.5|x19,344,52.42,79.07,1.71,5.76,+15.8 / +16.9 / +19.3,True,140,17.6,1.52
GOLD,C_ny,C_ny_rev|ref07-12o0|act13-17|rev|b0.5|a10|m1.0|tp0.75|x17,344,95.48,75.29,2.11,5.4,+29.3 / +35.8 / +29.7,True,140,37.46,2.02
GOLD,C_ny,C_ny_rev|ref07-12o0|act13-17|rev|b0.5|a10|m1.0|tp0.75|x19,344,94.37,74.71,2.07,5.4,+30.5 / +34.7 / +28.5,True,140,37.61,2.01
GOLD,C_ny,C_ny_rev|ref07-12o0|act13-17|rev|b0.5|a10|m1.0|tp1.0|x17,344,105.57,67.44,1.97,7.69,+35.4 / +43.2 / +25.9,True,140,51.57,2.26
GOLD,C_ny,C_ny_rev|ref07-12o0|act13-17|rev|b0.5|a10|m1.0|tp1.0|x19,344,105.59,67.15,1.94,8.47,+37.5 / +42.3 / +24.9,True,140,52.91,2.28
GOLD,C_ny,C_ny_rev|ref07-12o0|act13-17|rev|b0.5|a10|m1.5|tp0.5|x17,344,79.56,83.14,2.5,3.32,+26.0 / +29.0 / +24.0,True,140,36.42,2.83
GOLD,C_ny,C_ny_rev|ref07-12o0|act13-17|rev|b0.5|a10|m1.5|tp0.5|x19,344,78.42,82.27,2.42,3.32,+26.9 / +27.8 / +23.2,True,140,36.69,2.83
GOLD,C_ny,C_ny_rev|ref07-12o0|act13-17|rev|b0.5|a10|m1.5|tp0.75|x17,344,81.14,71.22,2.0,5.04,+31.6 / +28.1 / +20.8,True,140,44.38,2.58
GOLD,C_ny,C_ny_rev|ref07-12o0|act13-17|rev|b0.5|a10|m1.5|tp0.75|x19,344,82.03,69.77,1.96,6.71,+32.7 / +28.5 / +20.1,True,140,45.41,2.58
GOLD,C_ny,C_ny_rev|ref07-12o0|act13-17|rev|b0.5|a10|m1.5|tp1.0|x17,344,61.96,61.63,1.6,13.79,+28.5 / +25.5 / +7.4,True,140,33.11,1.83
GOLD,C_ny,C_ny_rev|ref07-12o0|act13-17|rev|b0.5|a10|m1.5|tp1.0|x19,344,61.75,60.17,1.57,14.2,+28.4 / +24.7 / +7.8,True,140,34.72,1.85
GOLD,C_ny,C_ny_rev|ref07-12o0|act13-17|rev_cf|b0.25|a10|m1.0|tp0.5|x17,200,-39.52,54.0,0.54,40.46,-9.7 / -20.8 / -9.5,False,72,-6.59,0.75
GOLD,C_ny,C_ny_rev|ref07-12o0|act13-17|rev_cf|b0.25|a10|m1.0|tp0.5|x19,200,-38.77,54.5,0.55,39.71,-9.7 / -20.3 / -9.2,False,72,-6.2,0.77
GOLD,C_ny,C_ny_rev|ref07-12o0|act13-17|rev_cf|b0.25|a10|m1.0|tp0.75|x17,200,-38.78,48.0,0.6,40.23,-9.7 / -17.1 / -12.7,False,72,-2.76,0.9
GOLD,C_ny,C_ny_rev|ref07-12o0|act13-17|rev_cf|b0.25|a10|m1.0|tp0.75|x19,200,-36.5,47.5,0.62,37.94,-11.6 / -16.2 / -9.4,False,72,-2.32,0.92
GOLD,C_ny,C_ny_rev|ref07-12o0|act13-17|rev_cf|b0.25|a10|m1.0|tp1.0|x17,200,-32.75,45.5,0.68,35.74,-7.9 / -16.8 / -9.0,False,72,-5.29,0.83
GOLD,C_ny,C_ny_rev|ref07-12o0|act13-17|rev_cf|b0.25|a10|m1.0|tp1.0|x19,200,-34.51,43.5,0.66,36.45,-12.9 / -16.8 / -5.8,False,72,-3.3,0.9
GOLD,C_ny,C_ny_rev|ref07-12o0|act13-17|rev_cf|b0.25|a10|m1.5|tp0.5|x17,200,-11.8,60.0,0.8,12.76,-2.9 / -2.1 / -7.2,False,72,-4.68,0.79
GOLD,C_ny,C_ny_rev|ref07-12o0|act13-17|rev_cf|b0.25|a10|m1.5|tp0.5|x19,200,-12.13,58.5,0.79,13.09,-4.0 / -2.8 / -5.8,False,72,-3.4,0.85
GOLD,C_ny,C_ny_rev|ref07-12o0|act13-17|rev_cf|b0.25|a10|m1.5|tp0.75|x17,200,-5.43,56.5,0.91,9.32,-0.5 / -0.7 / -5.0,False,72,-5.24,0.79
GOLD,C_ny,C_ny_rev|ref07-12o0|act13-17|rev_cf|b0.25|a10|m1.5|tp0.75|x19,200,-9.57,53.0,0.85,11.03,-4.1 / -1.4 / -4.9,False,72,-2.48,0.9
GOLD,C_ny,C_ny_rev|ref07-12o0|act13-17|rev_cf|b0.25|a10|m1.5|tp1.0|x17,200,-10.32,52.0,0.85,11.02,-5.0 / -0.5 / -5.7,False,72,-5.36,0.79
GOLD,C_ny,C_ny_rev|ref07-12o0|act13-17|rev_cf|b0.25|a10|m1.5|tp1.0|x19,200,-15.7,47.5,0.78,15.66,-7.9 / -2.2 / -6.5,False,72,-0.84,0.97
GOLD,C_ny,C_ny_rev|ref07-12o0|act13-17|rev_cf|b0.5|a10|m1.0|tp0.5|x17,131,-18.62,58.02,0.64,19.56,-10.3 / -4.5 / -4.2,False,54,-3.9,0.79
GOLD,C_ny,C_ny_rev|ref07-12o0|act13-17|rev_cf|b0.5|a10|m1.0|tp0.5|x19,131,-18.84,59.54,0.64,19.79,-9.5 / -5.8 / -4.0,False,54,-3.91,0.8
GOLD,C_ny,C_ny_rev|ref07-12o0|act13-17|rev_cf|b0.5|a10|m1.0|tp0.75|x17,131,-10.54,54.2,0.81,14.3,-8.6 / +0.4 / -3.1,False,54,-1.81,0.91
GOLD,C_ny,C_ny_rev|ref07-12o0|act13-17|rev_cf|b0.5|a10|m1.0|tp0.75|x19,131,-13.04,54.2,0.77,15.09,-9.2 / -2.4 / -2.2,False,54,-0.86,0.96
GOLD,C_ny,C_ny_rev|ref07-12o0|act13-17|rev_cf|b0.5|a10|m1.0|tp1.0|x17,131,-6.12,51.15,0.9,14.3,-8.9 / +0.2 / +1.6,False,54,-3.97,0.83
GOLD,C_ny,C_ny_rev|ref07-12o0|act13-17|rev_cf|b0.5|a10|m1.0|tp1.0|x19,131,-11.51,49.62,0.81,17.41,-11.2 / -4.1 / +2.8,False,54,-3.48,0.86
GOLD,C_ny,C_ny_rev|ref07-12o0|act13-17|rev_cf|b0.5|a10|m1.5|tp0.5|x17,131,4.4,67.18,1.14,6.79,-3.0 / +7.9 / -1.0,False,54,-4.25,0.75
GOLD,C_ny,C_ny_rev|ref07-12o0|act13-17|rev_cf|b0.5|a10|m1.5|tp0.5|x19,131,0.29,66.41,1.01,6.99,-3.1 / +4.6 / -1.7,False,54,-3.37,0.8
GOLD,C_ny,C_ny_rev|ref07-12o0|act13-17|rev_cf|b0.5|a10|m1.5|tp0.75|x17,131,5.53,61.07,1.15,6.85,-2.7 / +8.3 / -0.7,False,54,-4.52,0.76
GOLD,C_ny,C_ny_rev|ref07-12o0|act13-17|rev_cf|b0.5|a10|m1.5|tp0.75|x19,131,0.37,58.78,1.01,7.6,-4.4 / +4.3 / -0.3,False,54,-3.91,0.8
GOLD,C_ny,C_ny_rev|ref07-12o0|act13-17|rev_cf|b0.5|a10|m1.5|tp1.0|x17,131,1.69,56.49,1.04,5.66,-3.7 / +6.7 / -2.3,False,54,-2.75,0.85
GOLD,C_ny,C_ny_rev|ref07-12o0|act13-17|rev_cf|b0.5|a10|m1.5|tp1.0|x19,131,-6.75,51.15,0.85,8.45,-6.3 / +1.4 / -2.8,False,54,-1.53,0.92
GOLD,C_ny,C_ny_rev|ref07-13o0|act12-15|rev|b0.25|a10|m1.0|tp0.5|x17,396,18.44,72.22,1.16,10.91,-2.8 / +19.1 / +1.6,False,147,4.87,1.11
GOLD,C_ny,C_ny_rev|ref07-13o0|act12-15|rev|b0.25|a10|m1.0|tp0.5|x19,396,19.03,72.47,1.17,10.91,-2.2 / +19.1 / +1.6,False,147,4.87,1.11
GOLD,C_ny,C_ny_rev|ref07-13o0|act12-15|rev|b0.25|a10|m1.0|tp0.75|x17,396,50.56,66.41,1.37,8.17,+5.7 / +28.5 / +15.6,True,147,7.45,1.13
GOLD,C_ny,C_ny_rev|ref07-13o0|act12-15|rev|b0.25|a10|m1.0|tp0.75|x19,396,51.72,66.92,1.38,8.17,+6.6 / +28.8 / +15.6,True,147,6.89,1.12
GOLD,C_ny,C_ny_rev|ref07-13o0|act12-15|rev|b0.25|a10|m1.0|tp1.0|x17,396,50.77,57.83,1.3,11.06,+8.3 / +30.8 / +10.6,True,147,10.51,1.16
GOLD,C_ny,C_ny_rev|ref07-13o0|act12-15|rev|b0.25|a10|m1.0|tp1.0|x19,396,50.46,57.83,1.3,11.52,+8.5 / +31.4 / +9.6,True,147,9.87,1.15
GOLD,C_ny,C_ny_rev|ref07-13o0|act12-15|rev|b0.25|a10|m1.5|tp0.5|x17,396,44.47,75.0,1.46,6.15,+8.3 / +18.0 / +17.7,True,147,11.59,1.29
GOLD,C_ny,C_ny_rev|ref07-13o0|act12-15|rev|b0.25|a10|m1.5|tp0.5|x19,396,43.14,75.51,1.44,6.15,+8.9 / +17.4 / +16.4,True,147,10.77,1.27
GOLD,C_ny,C_ny_rev|ref07-13o0|act12-15|rev|b0.25|a10|m1.5|tp0.75|x17,396,39.23,62.63,1.29,11.04,+13.3 / +13.7 / +11.5,True,147,10.85,1.2
GOLD,C_ny,C_ny_rev|ref07-13o0|act12-15|rev|b0.25|a10|m1.5|tp0.75|x19,396,37.42,62.88,1.27,11.0,+13.3 / +14.3 / +9.1,True,147,10.43,1.19
GOLD,C_ny,C_ny_rev|ref07-13o0|act12-15|rev|b0.25|a10|m1.5|tp1.0|x17,396,12.23,51.01,1.07,15.13,+3.7 / +6.2 / +2.1,True,147,5.44,1.08
GOLD,C_ny,C_ny_rev|ref07-13o0|act12-15|rev|b0.25|a10|m1.5|tp1.0|x19,396,7.51,50.25,1.04,15.02,+2.6 / +5.8 / -0.8,False,147,6.13,1.09
GOLD,C_ny,C_ny_rev|ref07-13o0|act12-15|rev|b0.5|a10|m1.0|tp0.5|x17,369,10.98,71.27,1.1,10.77,-0.1 / +11.8 / -1.2,False,137,13.57,1.38
GOLD,C_ny,C_ny_rev|ref07-13o0|act12-15|rev|b0.5|a10|m1.0|tp0.5|x19,369,10.98,71.27,1.1,10.77,-0.1 / +11.8 / -1.2,False,137,13.57,1.38
GOLD,C_ny,C_ny_rev|ref07-13o0|act12-15|rev|b0.5|a10|m1.0|tp0.75|x17,369,43.48,66.12,1.33,8.71,+9.1 / +19.3 / +14.3,True,137,10.65,1.21
GOLD,C_ny,C_ny_rev|ref07-13o0|act12-15|rev|b0.5|a10|m1.0|tp0.75|x19,369,43.48,66.12,1.33,8.71,+9.1 / +19.3 / +14.3,True,137,10.09,1.19
GOLD,C_ny,C_ny_rev|ref07-13o0|act12-15|rev|b0.5|a10|m1.0|tp1.0|x17,369,46.42,57.99,1.29,9.58,+15.7 / +14.1 / +15.6,True,137,15.96,1.27
GOLD,C_ny,C_ny_rev|ref07-13o0|act12-15|rev|b0.5|a10|m1.0|tp1.0|x19,369,45.98,57.99,1.29,9.58,+15.3 / +14.6 / +15.1,True,137,15.07,1.25
GOLD,C_ny,C_ny_rev|ref07-13o0|act12-15|rev|b0.5|a10|m1.5|tp0.5|x17,369,42.1,75.34,1.47,6.61,+12.2 / +12.8 / +16.6,True,137,11.76,1.32
GOLD,C_ny,C_ny_rev|ref07-13o0|act12-15|rev|b0.5|a10|m1.5|tp0.5|x19,369,40.78,75.61,1.45,6.61,+12.2 / +11.9 / +16.2,True,137,11.1,1.3
GOLD,C_ny,C_ny_rev|ref07-13o0|act12-15|rev|b0.5|a10|m1.5|tp0.75|x17,369,43.7,63.69,1.35,7.86,+24.0 / +8.7 / +10.2,True,137,16.94,1.37
GOLD,C_ny,C_ny_rev|ref07-13o0|act12-15|rev|b0.5|a10|m1.5|tp0.75|x19,369,42.56,64.23,1.33,7.86,+23.6 / +9.3 / +9.0,True,137,15.52,1.33
GOLD,C_ny,C_ny_rev|ref07-13o0|act12-15|rev|b0.5|a10|m1.5|tp1.0|x17,369,22.1,53.12,1.14,12.74,+21.4 / -1.4 / +1.8,False,137,15.98,1.29
GOLD,C_ny,C_ny_rev|ref07-13o0|act12-15|rev|b0.5|a10|m1.5|tp1.0|x19,369,20.06,52.85,1.13,12.69,+21.5 / -1.2 / -0.2,False,137,15.52,1.28
GOLD,C_ny,C_ny_rev|ref07-13o0|act12-15|rev_cf|b0.25|a10|m1.0|tp0.5|x17,113,-15.55,56.64,0.65,17.88,-9.4 / -6.1 / -0.5,False,41,-0.6,0.95
GOLD,C_ny,C_ny_rev|ref07-13o0|act12-15|rev_cf|b0.25|a10|m1.0|tp0.5|x19,113,-18.14,56.64,0.62,20.47,-9.0 / -7.9 / -1.7,False,41,0.11,1.01
GOLD,C_ny,C_ny_rev|ref07-13o0|act12-15|rev_cf|b0.25|a10|m1.0|tp0.75|x17,113,-7.92,52.21,0.84,14.34,-9.9 / -2.2 / +3.5,False,41,2.4,1.16
GOLD,C_ny,C_ny_rev|ref07-13o0|act12-15|rev_cf|b0.25|a10|m1.0|tp0.75|x19,113,-11.07,52.21,0.79,15.28,-9.8 / -3.8 / +1.7,False,41,2.92,1.19
GOLD,C_ny,C_ny_rev|ref07-13o0|act12-15|rev_cf|b0.25|a10|m1.0|tp1.0|x17,113,-11.02,45.13,0.8,16.17,-9.9 / -4.3 / +2.2,False,41,1.36,1.07
GOLD,C_ny,C_ny_rev|ref07-13o0|act12-15|rev_cf|b0.25|a10|m1.0|tp1.0|x19,113,-14.35,44.25,0.76,19.06,-9.8 / -6.6 / +1.1,False,41,0.92,1.05
GOLD,C_ny,C_ny_rev|ref07-13o0|act12-15|rev_cf|b0.25|a10|m1.5|tp0.5|x17,113,-4.07,60.18,0.88,11.15,-8.9 / -0.0 / +4.4,False,41,-0.66,0.95
GOLD,C_ny,C_ny_rev|ref07-13o0|act12-15|rev_cf|b0.25|a10|m1.5|tp0.5|x19,113,-5.97,59.29,0.84,11.95,-9.3 / -0.3 / +3.2,False,41,-0.19,0.99
GOLD,C_ny,C_ny_rev|ref07-13o0|act12-15|rev_cf|b0.25|a10|m1.5|tp0.75|x17,113,-4.23,52.21,0.89,10.08,-7.9 / -0.7 / +3.6,False,41,-0.4,0.97
GOLD,C_ny,C_ny_rev|ref07-13o0|act12-15|rev_cf|b0.25|a10|m1.5|tp0.75|x19,113,-4.07,52.21,0.9,10.64,-7.0 / -1.7 / +3.8,False,41,0.2,1.01
GOLD,C_ny,C_ny_rev|ref07-13o0|act12-15|rev_cf|b0.25|a10|m1.5|tp1.0|x17,113,-7.93,46.9,0.83,11.87,-10.5 / +3.1 / -1.5,False,41,-1.94,0.88
GOLD,C_ny,C_ny_rev|ref07-13o0|act12-15|rev_cf|b0.25|a10|m1.5|tp1.0|x19,113,-7.02,44.25,0.85,12.3,-9.3 / +2.1 / -0.8,False,41,-1.28,0.92
GOLD,C_ny,C_ny_rev|ref07-13o0|act12-15|rev_cf|b0.5|a10|m1.0|tp0.5|x17,85,-12.98,55.29,0.63,13.83,-8.0 / -3.9 / -1.6,False,31,-1.42,0.87
GOLD,C_ny,C_ny_rev|ref07-13o0|act12-15|rev_cf|b0.5|a10|m1.0|tp0.5|x19,85,-13.7,56.47,0.62,14.54,-7.5 / -4.6 / -2.0,False,31,-1.69,0.85
GOLD,C_ny,C_ny_rev|ref07-13o0|act12-15|rev_cf|b0.5|a10|m1.0|tp0.75|x17,85,-8.9,49.41,0.77,11.95,-9.1 / -1.7 / +1.1,False,31,-0.17,0.99
GOLD,C_ny,C_ny_rev|ref07-13o0|act12-15|rev_cf|b0.5|a10|m1.0|tp0.75|x19,85,-9.52,51.76,0.76,12.42,-8.1 / -2.4 / +0.2,False,31,-0.44,0.97
GOLD,C_ny,C_ny_rev|ref07-13o0|act12-15|rev_cf|b0.5|a10|m1.0|tp1.0|x17,85,-13.75,41.18,0.69,15.89,-8.6 / -4.7 / -1.4,False,31,0.08,1.01
GOLD,C_ny,C_ny_rev|ref07-13o0|act12-15|rev_cf|b0.5|a10|m1.0|tp1.0|x19,85,-14.29,42.35,0.7,17.1,-7.3 / -6.2 / -1.7,False,31,-0.19,0.99
GOLD,C_ny,C_ny_rev|ref07-13o0|act12-15|rev_cf|b0.5|a10|m1.5|tp0.5|x17,85,-6.68,54.12,0.76,8.72,-8.4 / -0.0 / +1.2,False,31,-3.2,0.72
GOLD,C_ny,C_ny_rev|ref07-13o0|act12-15|rev_cf|b0.5|a10|m1.5|tp0.5|x19,85,-6.87,57.65,0.77,8.59,-8.0 / +0.2 / +0.5,False,31,-3.26,0.72
GOLD,C_ny,C_ny_rev|ref07-13o0|act12-15|rev_cf|b0.5|a10|m1.5|tp0.75|x17,85,-8.18,45.88,0.74,9.99,-7.4 / -1.9 / +0.4,False,31,-3.19,0.77
GOLD,C_ny,C_ny_rev|ref07-13o0|act12-15|rev_cf|b0.5|a10|m1.5|tp0.75|x19,85,-6.34,50.59,0.81,9.54,-5.4 / -2.6 / +0.9,False,31,-2.85,0.79
GOLD,C_ny,C_ny_rev|ref07-13o0|act12-15|rev_cf|b0.5|a10|m1.5|tp1.0|x17,85,-13.72,40.0,0.63,13.7,-9.2 / +0.1 / -5.6,False,31,-3.97,0.72
GOLD,C_ny,C_ny_rev|ref07-13o0|act12-15|rev_cf|b0.5|a10|m1.5|tp1.0|x19,85,-11.1,42.35,0.72,12.39,-6.6 / -0.5 / -5.0,False,31,-4.68,0.68
GOLD,C_ny,C_ny_rev|ref07-13o0|act13-16|rev|b0.25|a10|m1.0|tp0.5|x17,346,74.25,82.95,2.26,4.29,+28.4 / +21.9 / +23.5,True,133,17.21,1.55
GOLD,C_ny,C_ny_rev|ref07-13o0|act13-16|rev|b0.25|a10|m1.0|tp0.5|x19,346,74.44,83.24,2.25,4.29,+28.4 / +21.9 / +23.7,True,133,17.75,1.56
GOLD,C_ny,C_ny_rev|ref07-13o0|act13-16|rev|b0.25|a10|m1.0|tp0.75|x17,346,126.06,79.48,2.83,3.8,+50.9 / +40.8 / +33.6,True,133,40.03,2.23
GOLD,C_ny,C_ny_rev|ref07-13o0|act13-16|rev|b0.25|a10|m1.0|tp0.75|x19,346,126.14,79.77,2.79,3.8,+51.2 / +40.2 / +34.0,True,133,41.65,2.3
GOLD,C_ny,C_ny_rev|ref07-13o0|act13-16|rev|b0.25|a10|m1.0|tp1.0|x17,346,147.72,73.12,2.65,5.29,+69.6 / +53.8 / +23.3,True,133,53.65,2.44
GOLD,C_ny,C_ny_rev|ref07-13o0|act13-16|rev|b0.25|a10|m1.0|tp1.0|x19,346,146.64,73.12,2.6,5.67,+70.6 / +52.7 / +22.4,True,133,54.8,2.47
GOLD,C_ny,C_ny_rev|ref07-13o0|act13-16|rev|b0.25|a10|m1.5|tp0.5|x17,346,88.77,84.1,2.84,2.61,+33.6 / +27.0 / +27.7,True,133,40.14,3.58
GOLD,C_ny,C_ny_rev|ref07-13o0|act13-16|rev|b0.25|a10|m1.5|tp0.5|x19,346,88.93,84.68,2.77,2.61,+34.0 / +27.8 / +26.6,True,133,40.9,3.64
GOLD,C_ny,C_ny_rev|ref07-13o0|act13-16|rev|b0.25|a10|m1.5|tp0.75|x17,346,93.38,71.68,2.21,3.81,+40.5 / +32.5 / +19.6,True,133,41.16,2.44
GOLD,C_ny,C_ny_rev|ref07-13o0|act13-16|rev|b0.25|a10|m1.5|tp0.75|x19,346,90.95,72.54,2.1,4.44,+41.2 / +32.1 / +16.9,True,133,42.06,2.45
GOLD,C_ny,C_ny_rev|ref07-13o0|act13-16|rev|b0.25|a10|m1.5|tp1.0|x17,346,56.98,58.96,1.52,9.57,+29.8 / +18.5 / +8.3,True,133,21.32,1.48
GOLD,C_ny,C_ny_rev|ref07-13o0|act13-16|rev|b0.25|a10|m1.5|tp1.0|x19,346,55.02,59.25,1.47,10.92,+28.6 / +20.1 / +5.6,True,133,22.6,1.5
GOLD,C_ny,C_ny_rev|ref07-13o0|act13-16|rev|b0.5|a10|m1.0|tp0.5|x17,287,66.14,84.32,2.44,3.33,+22.6 / +21.6 / +21.5,True,118,24.04,2.08
GOLD,C_ny,C_ny_rev|ref07-13o0|act13-16|rev|b0.5|a10|m1.0|tp0.5|x19,287,65.39,84.32,2.4,3.33,+22.6 / +21.6 / +20.7,True,118,24.04,2.08
GOLD,C_ny,C_ny_rev|ref07-13o0|act13-16|rev|b0.5|a10|m1.0|tp0.75|x17,287,109.98,81.18,3.05,2.41,+37.4 / +35.8 / +36.1,True,118,42.59,2.76
GOLD,C_ny,C_ny_rev|ref07-13o0|act13-16|rev|b0.5|a10|m1.0|tp0.75|x19,287,108.62,80.84,2.93,2.41,+37.0 / +36.3 / +34.6,True,118,41.97,2.65
GOLD,C_ny,C_ny_rev|ref07-13o0|act13-16|rev|b0.5|a10|m1.0|tp1.0|x17,287,130.07,74.56,2.86,3.47,+50.2 / +40.9 / +38.0,True,118,55.5,2.99
GOLD,C_ny,C_ny_rev|ref07-13o0|act13-16|rev|b0.5|a10|m1.0|tp1.0|x19,287,130.38,74.91,2.79,3.92,+50.0 / +42.7 / +36.7,True,118,56.46,2.97
GOLD,C_ny,C_ny_rev|ref07-13o0|act13-16|rev|b0.5|a10|m1.5|tp0.5|x17,287,83.89,87.46,3.53,2.69,+28.0 / +29.6 / +25.8,True,118,41.19,5.26
GOLD,C_ny,C_ny_rev|ref07-13o0|act13-16|rev|b0.5|a10|m1.5|tp0.5|x19,287,81.52,86.41,3.26,2.69,+28.0 / +29.2 / +23.9,True,118,40.59,4.79
GOLD,C_ny,C_ny_rev|ref07-13o0|act13-16|rev|b0.5|a10|m1.5|tp0.75|x17,287,89.73,75.61,2.57,4.75,+37.7 / +31.0 / +20.4,True,118,46.64,3.52
GOLD,C_ny,C_ny_rev|ref07-13o0|act13-16|rev|b0.5|a10|m1.5|tp0.75|x19,287,89.07,75.26,2.47,5.43,+38.5 / +32.0 / +17.8,True,118,47.53,3.46
GOLD,C_ny,C_ny_rev|ref07-13o0|act13-16|rev|b0.5|a10|m1.5|tp1.0|x17,287,70.31,63.76,1.93,7.74,+35.1 / +22.7 / +11.8,True,118,31.43,1.97
GOLD,C_ny,C_ny_rev|ref07-13o0|act13-16|rev|b0.5|a10|m1.5|tp1.0|x19,287,64.15,62.37,1.77,9.2,+32.4 / +22.4 / +8.4,True,118,32.89,1.99
GOLD,C_ny,C_ny_rev|ref07-13o0|act13-16|rev_cf|b0.25|a10|m1.0|tp0.5|x17,178,-28.7,55.62,0.6,32.36,-10.5 / -11.5 / -5.7,False,67,-6.9,0.71
GOLD,C_ny,C_ny_rev|ref07-13o0|act13-16|rev_cf|b0.25|a10|m1.0|tp0.5|x19,178,-29.1,57.87,0.61,33.52,-10.9 / -12.2 / -5.0,False,67,-6.03,0.76
GOLD,C_ny,C_ny_rev|ref07-13o0|act13-16|rev_cf|b0.25|a10|m1.0|tp0.75|x17,178,-19.75,52.25,0.75,25.65,-7.6 / -5.8 / -5.3,False,67,-4.48,0.83
GOLD,C_ny,C_ny_rev|ref07-13o0|act13-16|rev_cf|b0.25|a10|m1.0|tp0.75|x19,178,-22.65,51.12,0.72,28.17,-10.0 / -6.9 / -4.8,False,67,-4.24,0.85
GOLD,C_ny,C_ny_rev|ref07-13o0|act13-16|rev_cf|b0.25|a10|m1.0|tp1.0|x17,178,-15.52,48.88,0.81,23.85,-7.5 / -4.3 / -2.7,False,67,-4.78,0.83
GOLD,C_ny,C_ny_rev|ref07-13o0|act13-16|rev_cf|b0.25|a10|m1.0|tp1.0|x19,178,-20.5,46.07,0.77,28.27,-12.7 / -5.1 / -1.6,False,67,-4.8,0.84
GOLD,C_ny,C_ny_rev|ref07-13o0|act13-16|rev_cf|b0.25|a10|m1.5|tp0.5|x17,178,1.04,62.92,1.02,8.13,-1.4 / +0.9 / +2.5,False,67,-5.53,0.72
GOLD,C_ny,C_ny_rev|ref07-13o0|act13-16|rev_cf|b0.25|a10|m1.5|tp0.5|x19,178,-4.5,61.24,0.91,8.98,-2.9 / +0.1 / -0.6,False,67,-4.44,0.78
GOLD,C_ny,C_ny_rev|ref07-13o0|act13-16|rev_cf|b0.25|a10|m1.5|tp0.75|x17,178,3.25,57.3,1.07,10.32,-0.8 / +2.1 / +3.0,False,67,-4.28,0.8
GOLD,C_ny,C_ny_rev|ref07-13o0|act13-16|rev_cf|b0.25|a10|m1.5|tp0.75|x19,178,-1.99,55.06,0.97,10.84,-4.0 / +1.8 / +1.2,False,67,-3.01,0.86
GOLD,C_ny,C_ny_rev|ref07-13o0|act13-16|rev_cf|b0.25|a10|m1.5|tp1.0|x17,178,-7.67,50.56,0.86,11.98,-5.9 / +1.5 / -2.2,False,67,-2.46,0.88
GOLD,C_ny,C_ny_rev|ref07-13o0|act13-16|rev_cf|b0.25|a10|m1.5|tp1.0|x19,178,-12.27,47.19,0.81,15.49,-8.1 / +0.1 / -3.3,False,67,-0.18,0.99
GOLD,C_ny,C_ny_rev|ref07-13o0|act13-16|rev_cf|b0.5|a10|m1.0|tp0.5|x17,105,-11.71,60.0,0.7,16.26,-9.0 / -2.4 / +0.7,False,46,-2.54,0.83
GOLD,C_ny,C_ny_rev|ref07-13o0|act13-16|rev_cf|b0.5|a10|m1.0|tp0.5|x19,105,-11.63,60.95,0.71,17.1,-9.1 / -2.8 / +1.4,False,46,-3.2,0.81
GOLD,C_ny,C_ny_rev|ref07-13o0|act13-16|rev_cf|b0.5|a10|m1.0|tp0.75|x17,105,-6.45,56.19,0.85,13.76,-7.2 / +1.5 / +0.3,False,46,-2.63,0.84
GOLD,C_ny,C_ny_rev|ref07-13o0|act13-16|rev_cf|b0.5|a10|m1.0|tp0.75|x19,105,-7.97,54.29,0.82,14.88,-8.3 / +0.8 / +0.6,False,46,-3.77,0.8
GOLD,C_ny,C_ny_rev|ref07-13o0|act13-16|rev_cf|b0.5|a10|m1.0|tp1.0|x17,105,-4.39,52.38,0.91,14.76,-6.7 / +0.8 / +2.5,False,46,-5.48,0.73
GOLD,C_ny,C_ny_rev|ref07-13o0|act13-16|rev_cf|b0.5|a10|m1.0|tp1.0|x19,105,-6.61,49.52,0.87,16.06,-9.0 / -0.2 / +3.6,False,46,-6.2,0.72
GOLD,C_ny,C_ny_rev|ref07-13o0|act13-16|rev_cf|b0.5|a10|m1.5|tp0.5|x17,105,5.55,67.62,1.23,5.61,+0.1 / +2.0 / +4.4,True,46,-3.8,0.72
GOLD,C_ny,C_ny_rev|ref07-13o0|act13-16|rev_cf|b0.5|a10|m1.5|tp0.5|x19,105,3.03,66.67,1.11,5.46,-0.4 / +1.6 / +2.9,False,46,-4.75,0.69
GOLD,C_ny,C_ny_rev|ref07-13o0|act13-16|rev_cf|b0.5|a10|m1.5|tp0.75|x17,105,6.12,60.95,1.21,8.38,+0.0 / +1.0 / +6.1,True,46,-4.96,0.68
GOLD,C_ny,C_ny_rev|ref07-13o0|act13-16|rev_cf|b0.5|a10|m1.5|tp0.75|x19,105,3.26,59.05,1.1,9.52,-1.3 / +0.3 / +5.3,False,46,-5.2,0.69
GOLD,C_ny,C_ny_rev|ref07-13o0|act13-16|rev_cf|b0.5|a10|m1.5|tp1.0|x17,105,-2.78,53.33,0.92,9.75,-4.2 / +1.6 / +0.9,False,46,-3.56,0.77
GOLD,C_ny,C_ny_rev|ref07-13o0|act13-16|rev_cf|b0.5|a10|m1.5|tp1.0|x19,105,-3.69,51.43,0.9,11.08,-4.9 / +1.2 / +1.1,False,46,-3.99,0.76
GOLD,C_ny,C_ny_rev|ref07-13o0|act13-17|rev|b0.25|a10|m1.0|tp0.5|x17,365,79.48,83.29,2.3,4.18,+30.1 / +24.9 / +24.1,True,135,17.69,1.56
GOLD,C_ny,C_ny_rev|ref07-13o0|act13-17|rev|b0.25|a10|m1.0|tp0.5|x19,365,79.88,83.29,2.3,4.42,+30.1 / +24.9 / +24.5,True,135,17.49,1.54
GOLD,C_ny,C_ny_rev|ref07-13o0|act13-17|rev|b0.25|a10|m1.0|tp0.75|x17,365,132.82,79.45,2.87,3.68,+51.8 / +45.2 / +35.0,True,135,40.76,2.25
GOLD,C_ny,C_ny_rev|ref07-13o0|act13-17|rev|b0.25|a10|m1.0|tp0.75|x19,365,134.2,79.73,2.84,3.92,+53.0 / +44.6 / +35.8,True,135,41.64,2.27
GOLD,C_ny,C_ny_rev|ref07-13o0|act13-17|rev|b0.25|a10|m1.0|tp1.0|x17,365,155.53,73.42,2.69,5.18,+70.5 / +58.6 / +25.4,True,135,54.63,2.46
GOLD,C_ny,C_ny_rev|ref07-13o0|act13-17|rev|b0.25|a10|m1.0|tp1.0|x19,365,156.73,73.42,2.67,5.79,+72.8 / +57.8 / +25.2,True,135,55.04,2.45
GOLD,C_ny,C_ny_rev|ref07-13o0|act13-17|rev|b0.25|a10|m1.5|tp0.5|x17,365,95.61,84.38,2.97,2.61,+35.4 / +30.0 / +29.8,True,135,40.63,3.61
GOLD,C_ny,C_ny_rev|ref07-13o0|act13-17|rev|b0.25|a10|m1.5|tp0.5|x19,365,96.63,84.93,2.91,2.61,+36.4 / +30.7 / +29.0,True,135,40.89,3.56
GOLD,C_ny,C_ny_rev|ref07-13o0|act13-17|rev|b0.25|a10|m1.5|tp0.75|x17,365,99.02,72.05,2.27,3.74,+41.7 / +36.0 / +20.6,True,135,41.89,2.46
GOLD,C_ny,C_ny_rev|ref07-13o0|act13-17|rev|b0.25|a10|m1.5|tp0.75|x19,365,99.36,73.15,2.2,4.53,+43.2 / +35.9 / +19.5,True,135,42.3,2.43
GOLD,C_ny,C_ny_rev|ref07-13o0|act13-17|rev|b0.25|a10|m1.5|tp1.0|x17,365,60.73,60.0,1.55,9.29,+30.3 / +20.6 / +9.5,True,135,21.81,1.5
GOLD,C_ny,C_ny_rev|ref07-13o0|act13-17|rev|b0.25|a10|m1.5|tp1.0|x19,365,59.03,60.27,1.5,10.54,+30.6 / +22.1 / +5.6,True,135,23.1,1.5
GOLD,C_ny,C_ny_rev|ref07-13o0|act13-17|rev|b0.5|a10|m1.0|tp0.5|x17,300,70.71,84.67,2.5,2.86,+24.5 / +22.4 / +23.4,True,124,24.71,2.05
GOLD,C_ny,C_ny_rev|ref07-13o0|act13-17|rev|b0.5|a10|m1.0|tp0.5|x19,300,69.97,84.67,2.46,2.86,+24.5 / +22.4 / +22.6,True,124,24.89,2.06
GOLD,C_ny,C_ny_rev|ref07-13o0|act13-17|rev|b0.5|a10|m1.0|tp0.75|x17,300,114.01,81.0,3.03,3.23,+38.5 / +37.0 / +37.8,True,124,43.76,2.72
GOLD,C_ny,C_ny_rev|ref07-13o0|act13-17|rev|b0.5|a10|m1.0|tp0.75|x19,300,110.92,80.33,2.85,3.43,+37.7 / +36.4 / +36.1,True,124,42.58,2.57
GOLD,C_ny,C_ny_rev|ref07-13o0|act13-17|rev|b0.5|a10|m1.0|tp1.0|x17,300,133.45,74.0,2.84,3.96,+49.1 / +42.9 / +40.5,True,124,56.46,2.94
GOLD,C_ny,C_ny_rev|ref07-13o0|act13-17|rev|b0.5|a10|m1.0|tp1.0|x19,300,133.64,74.67,2.75,4.6,+50.2 / +43.5 / +39.0,True,124,56.95,2.88
GOLD,C_ny,C_ny_rev|ref07-13o0|act13-17|rev|b0.5|a10|m1.5|tp0.5|x17,300,87.74,87.33,3.58,2.69,+30.3 / +30.1 / +26.9,True,124,41.63,4.83
GOLD,C_ny,C_ny_rev|ref07-13o0|act13-17|rev|b0.5|a10|m1.5|tp0.5|x19,300,85.05,86.33,3.27,2.69,+29.7 / +30.0 / +24.9,True,124,40.66,4.36
GOLD,C_ny,C_ny_rev|ref07-13o0|act13-17|rev|b0.5|a10|m1.5|tp0.75|x17,300,93.27,75.33,2.6,5.07,+38.7 / +32.1 / +21.8,True,124,47.11,3.39
GOLD,C_ny,C_ny_rev|ref07-13o0|act13-17|rev|b0.5|a10|m1.5|tp0.75|x19,300,94.21,75.67,2.52,5.88,+40.1 / +33.8 / +19.6,True,124,47.7,3.3
GOLD,C_ny,C_ny_rev|ref07-13o0|act13-17|rev|b0.5|a10|m1.5|tp1.0|x17,300,72.3,63.67,1.95,7.8,+36.1 / +22.6 / +13.0,True,124,30.86,1.91
GOLD,C_ny,C_ny_rev|ref07-13o0|act13-17|rev|b0.5|a10|m1.5|tp1.0|x19,300,68.47,63.0,1.8,8.67,+33.8 / +23.4 / +10.4,True,124,32.06,1.91
GOLD,C_ny,C_ny_rev|ref07-13o0|act13-17|rev_cf|b0.25|a10|m1.0|tp0.5|x17,197,-30.18,56.35,0.62,34.3,-8.8 / -14.6 / -5.8,False,69,-7.43,0.7
GOLD,C_ny,C_ny_rev|ref07-13o0|act13-17|rev_cf|b0.25|a10|m1.0|tp0.5|x19,197,-29.49,57.87,0.63,34.37,-9.2 / -14.6 / -4.7,False,69,-6.56,0.75
GOLD,C_ny,C_ny_rev|ref07-13o0|act13-17|rev_cf|b0.25|a10|m1.0|tp0.75|x17,197,-26.98,50.76,0.7,33.84,-4.4 / -11.9 / -9.6,False,69,-4.77,0.82
GOLD,C_ny,C_ny_rev|ref07-13o0|act13-17|rev_cf|b0.25|a10|m1.0|tp0.75|x19,197,-25.9,50.25,0.71,32.64,-6.9 / -11.5 / -6.4,False,69,-4.52,0.84
GOLD,C_ny,C_ny_rev|ref07-13o0|act13-17|rev_cf|b0.25|a10|m1.0|tp1.0|x17,197,-21.0,47.72,0.78,30.74,-2.8 / -10.4 / -6.7,False,69,-4.82,0.84
GOLD,C_ny,C_ny_rev|ref07-13o0|act13-17|rev_cf|b0.25|a10|m1.0|tp1.0|x19,197,-23.18,45.69,0.76,32.41,-8.6 / -10.1 / -3.5,False,69,-4.84,0.84
GOLD,C_ny,C_ny_rev|ref07-13o0|act13-17|rev_cf|b0.25|a10|m1.5|tp0.5|x17,197,-3.55,61.93,0.93,8.01,+0.4 / -0.9 / -2.1,False,69,-6.06,0.71
GOLD,C_ny,C_ny_rev|ref07-13o0|act13-17|rev_cf|b0.25|a10|m1.5|tp0.5|x19,197,-5.53,59.9,0.9,9.69,-1.3 / -1.2 / -2.0,False,69,-4.33,0.79
GOLD,C_ny,C_ny_rev|ref07-13o0|act13-17|rev_cf|b0.25|a10|m1.5|tp0.75|x17,197,0.9,56.85,1.02,9.6,+1.9 / +0.6 / -0.6,False,69,-4.55,0.8
GOLD,C_ny,C_ny_rev|ref07-13o0|act13-17|rev_cf|b0.25|a10|m1.5|tp0.75|x19,197,-3.21,54.31,0.95,11.89,-1.9 / +0.6 / -0.9,False,69,-2.65,0.88
GOLD,C_ny,C_ny_rev|ref07-13o0|act13-17|rev_cf|b0.25|a10|m1.5|tp1.0|x17,197,-11.02,50.25,0.83,13.87,-5.4 / -0.6 / -4.0,False,69,-2.49,0.89
GOLD,C_ny,C_ny_rev|ref07-13o0|act13-17|rev_cf|b0.25|a10|m1.5|tp1.0|x19,197,-13.4,47.21,0.81,16.9,-6.9 / -1.9 / -3.6,False,69,0.1,1.0
GOLD,C_ny,C_ny_rev|ref07-13o0|act13-17|rev_cf|b0.5|a10|m1.0|tp0.5|x17,115,-11.48,60.87,0.73,16.56,-9.1 / -2.5 / +1.1,False,47,-2.06,0.86
GOLD,C_ny,C_ny_rev|ref07-13o0|act13-17|rev_cf|b0.5|a10|m1.0|tp0.5|x19,115,-11.95,61.74,0.72,17.92,-9.3 / -3.7 / +2.1,False,47,-2.72,0.84
GOLD,C_ny,C_ny_rev|ref07-13o0|act13-17|rev_cf|b0.5|a10|m1.0|tp0.75|x17,115,-7.97,55.65,0.84,14.08,-6.8 / +0.2 / -0.3,False,47,-1.9,0.89
GOLD,C_ny,C_ny_rev|ref07-13o0|act13-17|rev_cf|b0.5|a10|m1.0|tp0.75|x19,115,-9.68,54.78,0.8,15.56,-7.9 / -2.2 / +1.4,False,47,-3.04,0.84
GOLD,C_ny,C_ny_rev|ref07-13o0|act13-17|rev_cf|b0.5|a10|m1.0|tp1.0|x17,115,-4.67,52.17,0.91,14.83,-7.3 / +1.2 / +2.5,False,47,-4.5,0.77
GOLD,C_ny,C_ny_rev|ref07-13o0|act13-17|rev_cf|b0.5|a10|m1.0|tp1.0|x19,115,-8.07,50.43,0.85,17.27,-10.1 / -1.6 / +4.7,False,47,-5.22,0.77
GOLD,C_ny,C_ny_rev|ref07-13o0|act13-17|rev_cf|b0.5|a10|m1.5|tp0.5|x17,115,4.09,66.96,1.14,5.61,+0.0 / +1.7 / +3.4,True,47,-3.31,0.75
GOLD,C_ny,C_ny_rev|ref07-13o0|act13-17|rev_cf|b0.5|a10|m1.5|tp0.5|x19,115,1.95,66.09,1.07,5.62,-0.5 / +0.1 / +3.4,False,47,-4.26,0.72
GOLD,C_ny,C_ny_rev|ref07-13o0|act13-17|rev_cf|b0.5|a10|m1.5|tp0.75|x17,115,5.7,60.87,1.17,8.38,-1.2 / +2.4 / +5.6,False,47,-4.23,0.72
GOLD,C_ny,C_ny_rev|ref07-13o0|act13-17|rev_cf|b0.5|a10|m1.5|tp0.75|x19,115,2.15,59.13,1.06,10.11,-3.1 / +0.5 / +5.8,False,47,-4.46,0.74
GOLD,C_ny,C_ny_rev|ref07-13o0|act13-17|rev_cf|b0.5|a10|m1.5|tp1.0|x17,115,-2.2,53.91,0.94,9.73,-5.4 / +3.4 / +0.8,False,47,-2.57,0.83
GOLD,C_ny,C_ny_rev|ref07-13o0|act13-17|rev_cf|b0.5|a10|m1.5|tp1.0|x19,115,-4.79,52.17,0.88,11.62,-6.8 / +1.4 / +1.6,False,47,-3.34,0.8
GOLD,C_ny,C_ny_rev|ref06-11o0|act12-15|rev|b0.25|a10|m1.0|tp0.5|x17,361,58.49,80.06,1.78,8.82,+4.7 / +28.4 / +24.9,True,139,8.52,1.21
GOLD,C_ny,C_ny_rev|ref06-11o0|act12-15|rev|b0.25|a10|m1.0|tp0.5|x19,361,58.49,80.06,1.78,8.82,+4.7 / +28.4 / +24.9,True,139,8.52,1.21
GOLD,C_ny,C_ny_rev|ref06-11o0|act12-15|rev|b0.25|a10|m1.0|tp0.75|x17,361,105.14,75.9,2.17,5.8,+21.2 / +45.0 / +38.1,True,139,23.22,1.51
GOLD,C_ny,C_ny_rev|ref06-11o0|act12-15|rev|b0.25|a10|m1.0|tp0.75|x19,361,105.4,75.9,2.17,5.8,+21.2 / +45.2 / +38.3,True,139,23.33,1.52
GOLD,C_ny,C_ny_rev|ref06-11o0|act12-15|rev|b0.25|a10|m1.0|tp1.0|x17,361,115.47,67.87,1.97,5.3,+25.8 / +44.0 / +44.7,True,139,36.46,1.73
GOLD,C_ny,C_ny_rev|ref06-11o0|act12-15|rev|b0.25|a10|m1.0|tp1.0|x19,361,116.91,68.14,1.98,5.3,+26.1 / +44.6 / +45.3,True,139,37.48,1.76
GOLD,C_ny,C_ny_rev|ref06-11o0|act12-15|rev|b0.25|a10|m1.5|tp0.5|x17,361,79.67,82.83,2.28,5.0,+15.6 / +32.1 / +31.4,True,139,26.9,2.01
GOLD,C_ny,C_ny_rev|ref06-11o0|act12-15|rev|b0.25|a10|m1.5|tp0.5|x19,361,79.67,82.83,2.28,5.0,+15.6 / +32.0 / +31.5,True,139,27.53,2.05
GOLD,C_ny,C_ny_rev|ref06-11o0|act12-15|rev|b0.25|a10|m1.5|tp0.75|x17,361,79.12,70.36,1.78,6.96,+16.8 / +29.4 / +32.1,True,139,33.8,1.91
GOLD,C_ny,C_ny_rev|ref06-11o0|act12-15|rev|b0.25|a10|m1.5|tp0.75|x19,361,77.96,70.64,1.75,7.24,+16.0 / +28.8 / +32.4,True,139,35.03,1.96
GOLD,C_ny,C_ny_rev|ref06-11o0|act12-15|rev|b0.25|a10|m1.5|tp1.0|x17,361,46.21,58.17,1.34,14.27,+7.8 / +24.3 / +13.7,True,139,10.02,1.18
GOLD,C_ny,C_ny_rev|ref06-11o0|act12-15|rev|b0.25|a10|m1.5|tp1.0|x19,361,43.65,57.34,1.31,14.39,+6.1 / +23.3 / +13.5,True,139,11.22,1.2
GOLD,C_ny,C_ny_rev|ref06-11o0|act12-15|rev|b0.5|a10|m1.0|tp0.5|x17,310,63.03,82.9,2.14,7.57,+5.8 / +27.9 / +28.8,True,125,19.78,1.72
GOLD,C_ny,C_ny_rev|ref06-11o0|act12-15|rev|b0.5|a10|m1.0|tp0.5|x19,310,63.03,82.9,2.14,7.57,+5.8 / +27.9 / +28.8,True,125,19.78,1.72
GOLD,C_ny,C_ny_rev|ref06-11o0|act12-15|rev|b0.5|a10|m1.0|tp0.75|x17,310,98.82,77.74,2.37,5.06,+14.3 / +43.4 / +40.4,True,125,39.7,2.33
GOLD,C_ny,C_ny_rev|ref06-11o0|act12-15|rev|b0.5|a10|m1.0|tp0.75|x19,310,99.28,77.74,2.38,5.06,+14.3 / +43.4 / +40.8,True,125,40.26,2.36
GOLD,C_ny,C_ny_rev|ref06-11o0|act12-15|rev|b0.5|a10|m1.0|tp1.0|x17,310,125.38,72.26,2.42,4.4,+24.4 / +58.8 / +41.2,True,125,48.98,2.32
GOLD,C_ny,C_ny_rev|ref06-11o0|act12-15|rev|b0.5|a10|m1.0|tp1.0|x19,310,126.77,72.58,2.44,4.4,+25.0 / +58.9 / +41.9,True,125,49.09,2.34
GOLD,C_ny,C_ny_rev|ref06-11o0|act12-15|rev|b0.5|a10|m1.5|tp0.5|x17,310,70.9,83.55,2.39,3.73,+12.4 / +31.5 / +26.5,True,125,28.38,2.33
GOLD,C_ny,C_ny_rev|ref06-11o0|act12-15|rev|b0.5|a10|m1.5|tp0.5|x19,310,70.54,83.23,2.36,3.73,+12.7 / +31.3 / +26.0,True,125,28.98,2.38
GOLD,C_ny,C_ny_rev|ref06-11o0|act12-15|rev|b0.5|a10|m1.5|tp0.75|x17,310,86.41,74.19,2.14,4.47,+19.4 / +39.7 / +26.7,True,125,35.3,2.17
GOLD,C_ny,C_ny_rev|ref06-11o0|act12-15|rev|b0.5|a10|m1.5|tp0.75|x19,310,88.13,74.19,2.16,4.79,+19.5 / +40.6 / +27.3,True,125,37.14,2.24
GOLD,C_ny,C_ny_rev|ref06-11o0|act12-15|rev|b0.5|a10|m1.5|tp1.0|x17,310,64.81,62.26,1.63,6.19,+21.3 / +27.4 / +15.5,True,125,20.96,1.46
GOLD,C_ny,C_ny_rev|ref06-11o0|act12-15|rev|b0.5|a10|m1.5|tp1.0|x19,310,62.65,60.65,1.59,6.22,+20.0 / +26.6 / +15.2,True,125,23.04,1.51
GOLD,C_ny,C_ny_rev|ref06-11o0|act12-15|rev_cf|b0.25|a10|m1.0|tp0.5|x17,187,-32.9,57.75,0.59,34.88,-6.9 / -16.7 / -9.8,False,60,-6.73,0.71
GOLD,C_ny,C_ny_rev|ref06-11o0|act12-15|rev_cf|b0.25|a10|m1.0|tp0.5|x19,187,-32.16,57.75,0.6,34.19,-6.8 / -16.5 / -9.3,False,60,-6.82,0.72
GOLD,C_ny,C_ny_rev|ref06-11o0|act12-15|rev_cf|b0.25|a10|m1.0|tp0.75|x17,187,-28.36,51.87,0.69,32.43,-9.7 / -11.1 / -8.2,False,60,-4.51,0.83
GOLD,C_ny,C_ny_rev|ref06-11o0|act12-15|rev_cf|b0.25|a10|m1.0|tp0.75|x19,187,-27.18,51.34,0.71,30.85,-10.0 / -11.1 / -6.8,False,60,-4.48,0.84
GOLD,C_ny,C_ny_rev|ref06-11o0|act12-15|rev_cf|b0.25|a10|m1.0|tp1.0|x17,187,-28.22,46.52,0.72,34.19,-4.8 / -10.1 / -14.3,False,60,-6.4,0.78
GOLD,C_ny,C_ny_rev|ref06-11o0|act12-15|rev_cf|b0.25|a10|m1.0|tp1.0|x19,187,-25.89,45.45,0.74,31.46,-5.0 / -10.2 / -11.6,False,60,-6.76,0.78
GOLD,C_ny,C_ny_rev|ref06-11o0|act12-15|rev_cf|b0.25|a10|m1.5|tp0.5|x17,187,-5.76,64.71,0.9,9.56,-3.5 / -0.4 / -2.3,False,60,-4.93,0.76
GOLD,C_ny,C_ny_rev|ref06-11o0|act12-15|rev_cf|b0.25|a10|m1.5|tp0.5|x19,187,-5.13,65.24,0.91,9.31,-4.0 / -0.6 / -1.0,False,60,-3.14,0.85
GOLD,C_ny,C_ny_rev|ref06-11o0|act12-15|rev_cf|b0.25|a10|m1.5|tp0.75|x17,187,-5.65,56.68,0.92,10.86,+1.5 / -0.6 / -7.3,False,60,-6.69,0.72
GOLD,C_ny,C_ny_rev|ref06-11o0|act12-15|rev_cf|b0.25|a10|m1.5|tp0.75|x19,187,-3.96,57.22,0.94,9.12,+1.1 / -0.9 / -4.8,False,60,-4.35,0.82
GOLD,C_ny,C_ny_rev|ref06-11o0|act12-15|rev_cf|b0.25|a10|m1.5|tp1.0|x17,187,-7.08,51.34,0.9,11.77,-1.2 / +1.8 / -8.7,False,60,-5.21,0.78
GOLD,C_ny,C_ny_rev|ref06-11o0|act12-15|rev_cf|b0.25|a10|m1.5|tp1.0|x19,187,-5.98,51.87,0.92,9.67,-2.8 / +1.7 / -5.9,False,60,-1.86,0.92
GOLD,C_ny,C_ny_rev|ref06-11o0|act12-15|rev_cf|b0.5|a10|m1.0|tp0.5|x17,123,-28.27,53.66,0.51,29.21,-12.9 / -8.1 / -7.7,False,47,-5.47,0.7
GOLD,C_ny,C_ny_rev|ref06-11o0|act12-15|rev_cf|b0.5|a10|m1.0|tp0.5|x19,123,-28.37,53.66,0.51,29.31,-12.9 / -8.1 / -7.8,False,47,-5.56,0.71
GOLD,C_ny,C_ny_rev|ref06-11o0|act12-15|rev_cf|b0.5|a10|m1.0|tp0.75|x17,123,-25.01,47.97,0.61,27.24,-13.4 / -4.6 / -7.7,False,47,-5.25,0.75
GOLD,C_ny,C_ny_rev|ref06-11o0|act12-15|rev_cf|b0.5|a10|m1.0|tp0.75|x19,123,-26.07,47.15,0.6,27.73,-14.0 / -4.7 / -8.1,False,47,-5.22,0.76
GOLD,C_ny,C_ny_rev|ref06-11o0|act12-15|rev_cf|b0.5|a10|m1.0|tp1.0|x17,123,-20.41,44.72,0.7,24.39,-11.7 / -3.6 / -6.1,False,47,-8.06,0.66
GOLD,C_ny,C_ny_rev|ref06-11o0|act12-15|rev_cf|b0.5|a10|m1.0|tp1.0|x19,123,-21.22,43.9,0.7,24.63,-12.3 / -3.9 / -6.1,False,47,-8.52,0.67
GOLD,C_ny,C_ny_rev|ref06-11o0|act12-15|rev_cf|b0.5|a10|m1.5|tp0.5|x17,123,-5.73,62.6,0.85,7.69,-6.0 / +2.1 / -2.3,False,47,-7.15,0.61
GOLD,C_ny,C_ny_rev|ref06-11o0|act12-15|rev_cf|b0.5|a10|m1.5|tp0.5|x19,123,-6.94,63.41,0.83,7.99,-5.7 / +2.0 / -3.8,False,47,-6.46,0.65
GOLD,C_ny,C_ny_rev|ref06-11o0|act12-15|rev_cf|b0.5|a10|m1.5|tp0.75|x17,123,-4.75,55.28,0.89,8.99,-4.5 / +2.3 / -3.3,False,47,-8.6,0.58
GOLD,C_ny,C_ny_rev|ref06-11o0|act12-15|rev_cf|b0.5|a10|m1.5|tp0.75|x19,123,-4.57,56.91,0.9,8.42,-4.1 / +2.1 / -3.4,False,47,-7.68,0.63
GOLD,C_ny,C_ny_rev|ref06-11o0|act12-15|rev_cf|b0.5|a10|m1.5|tp1.0|x17,123,-6.01,50.41,0.88,11.34,-3.3 / +2.1 / -5.8,False,47,-7.08,0.65
GOLD,C_ny,C_ny_rev|ref06-11o0|act12-15|rev_cf|b0.5|a10|m1.5|tp1.0|x19,123,-5.34,52.03,0.9,9.66,-4.1 / +2.1 / -4.3,False,47,-6.04,0.71
GOLD,C_ny,C_ny_rev|ref06-11o0|act13-16|rev|b0.25|a10|m1.0|tp0.5|x17,378,50.23,77.78,1.58,8.52,+16.9 / +21.0 / +11.8,True,147,-2.47,0.95
GOLD,C_ny,C_ny_rev|ref06-11o0|act13-16|rev|b0.25|a10|m1.0|tp0.5|x19,378,49.44,77.78,1.57,8.56,+16.9 / +21.0 / +11.0,True,147,-2.47,0.95
GOLD,C_ny,C_ny_rev|ref06-11o0|act13-16|rev|b0.25|a10|m1.0|tp0.75|x17,378,93.45,73.02,1.91,9.55,+28.9 / +45.3 / +18.5,True,147,12.13,1.22
GOLD,C_ny,C_ny_rev|ref06-11o0|act13-16|rev|b0.25|a10|m1.0|tp0.75|x19,378,93.42,73.28,1.9,9.55,+29.4 / +45.6 / +17.7,True,147,12.37,1.22
GOLD,C_ny,C_ny_rev|ref06-11o0|act13-16|rev|b0.25|a10|m1.0|tp1.0|x17,378,90.0,63.23,1.66,9.8,+30.8 / +42.5 / +15.7,True,147,12.84,1.2
GOLD,C_ny,C_ny_rev|ref06-11o0|act13-16|rev|b0.25|a10|m1.0|tp1.0|x19,378,90.45,63.49,1.65,9.8,+32.2 / +42.1 / +15.2,True,147,13.9,1.21
GOLD,C_ny,C_ny_rev|ref06-11o0|act13-16|rev|b0.25|a10|m1.5|tp0.5|x17,378,78.11,80.95,2.17,5.42,+22.7 / +35.6 / +19.3,True,147,23.67,1.76
GOLD,C_ny,C_ny_rev|ref06-11o0|act13-16|rev|b0.25|a10|m1.5|tp0.5|x19,378,77.06,81.22,2.12,5.42,+22.8 / +35.6 / +18.2,True,147,26.01,1.88
GOLD,C_ny,C_ny_rev|ref06-11o0|act13-16|rev|b0.25|a10|m1.5|tp0.75|x17,378,64.43,66.14,1.6,6.47,+25.2 / +24.8 / +13.7,True,147,27.37,1.66
GOLD,C_ny,C_ny_rev|ref06-11o0|act13-16|rev|b0.25|a10|m1.5|tp0.75|x19,378,59.98,66.14,1.53,7.01,+24.2 / +21.8 / +13.2,True,147,30.06,1.77
GOLD,C_ny,C_ny_rev|ref06-11o0|act13-16|rev|b0.25|a10|m1.5|tp1.0|x17,378,32.58,56.08,1.24,13.03,+15.0 / +13.7 / +3.4,True,147,15.82,1.3
GOLD,C_ny,C_ny_rev|ref06-11o0|act13-16|rev|b0.25|a10|m1.5|tp1.0|x19,378,29.92,55.29,1.21,14.58,+14.5 / +12.3 / +2.4,True,147,18.12,1.34
GOLD,C_ny,C_ny_rev|ref06-11o0|act13-16|rev|b0.5|a10|m1.0|tp0.5|x17,334,55.7,80.24,1.81,4.42,+18.9 / +21.5 / +14.8,True,137,13.72,1.39
GOLD,C_ny,C_ny_rev|ref06-11o0|act13-16|rev|b0.5|a10|m1.0|tp0.5|x19,334,55.7,80.24,1.81,4.42,+18.9 / +21.5 / +14.8,True,137,13.72,1.39
GOLD,C_ny,C_ny_rev|ref06-11o0|act13-16|rev|b0.5|a10|m1.0|tp0.75|x17,334,95.1,75.75,2.13,5.02,+25.5 / +42.5 / +26.4,True,137,30.64,1.76
GOLD,C_ny,C_ny_rev|ref06-11o0|act13-16|rev|b0.5|a10|m1.0|tp0.75|x19,334,94.69,75.15,2.12,5.02,+25.4 / +42.5 / +26.1,True,137,30.47,1.75
GOLD,C_ny,C_ny_rev|ref06-11o0|act13-16|rev|b0.5|a10|m1.0|tp1.0|x17,334,114.52,68.56,2.12,6.77,+37.0 / +48.0 / +28.5,True,137,38.27,1.8
GOLD,C_ny,C_ny_rev|ref06-11o0|act13-16|rev|b0.5|a10|m1.0|tp1.0|x19,334,114.01,68.56,2.09,6.77,+37.3 / +47.7 / +28.0,True,137,39.12,1.82
GOLD,C_ny,C_ny_rev|ref06-11o0|act13-16|rev|b0.5|a10|m1.5|tp0.5|x17,334,74.64,82.63,2.35,4.05,+21.0 / +32.1 / +21.1,True,137,33.42,2.57
GOLD,C_ny,C_ny_rev|ref06-11o0|act13-16|rev|b0.5|a10|m1.5|tp0.5|x19,334,73.02,81.74,2.28,3.92,+21.0 / +31.8 / +19.8,True,137,33.41,2.54
GOLD,C_ny,C_ny_rev|ref06-11o0|act13-16|rev|b0.5|a10|m1.5|tp0.75|x17,334,84.1,71.26,2.06,3.94,+28.5 / +31.4 / +23.6,True,137,37.23,2.18
GOLD,C_ny,C_ny_rev|ref06-11o0|act13-16|rev|b0.5|a10|m1.5|tp0.75|x19,334,84.79,70.36,2.03,3.83,+28.4 / +33.9 / +21.7,True,137,39.44,2.24
GOLD,C_ny,C_ny_rev|ref06-11o0|act13-16|rev|b0.5|a10|m1.5|tp1.0|x17,334,53.42,59.58,1.5,13.01,+23.0 / +25.1 / +4.8,True,137,25.84,1.61
GOLD,C_ny,C_ny_rev|ref06-11o0|act13-16|rev|b0.5|a10|m1.5|tp1.0|x19,334,49.56,57.19,1.44,13.97,+20.9 / +24.8 / +3.0,True,137,28.87,1.68
GOLD,C_ny,C_ny_rev|ref06-11o0|act13-16|rev_cf|b0.25|a10|m1.0|tp0.5|x17,174,-30.78,55.17,0.58,31.72,-11.8 / -14.5 / -4.9,False,64,-5.52,0.76
GOLD,C_ny,C_ny_rev|ref06-11o0|act13-16|rev_cf|b0.25|a10|m1.0|tp0.5|x19,174,-27.29,58.05,0.62,28.23,-10.9 / -13.6 / -3.3,False,64,-4.89,0.79
GOLD,C_ny,C_ny_rev|ref06-11o0|act13-16|rev_cf|b0.25|a10|m1.0|tp0.75|x17,174,-20.12,52.3,0.74,21.57,-9.9 / -8.6 / -2.3,False,64,-0.94,0.96
GOLD,C_ny,C_ny_rev|ref06-11o0|act13-16|rev_cf|b0.25|a10|m1.0|tp0.75|x19,174,-16.42,54.02,0.79,20.39,-9.4 / -8.1 / +0.3,False,64,0.73,1.03
GOLD,C_ny,C_ny_rev|ref06-11o0|act13-16|rev_cf|b0.25|a10|m1.0|tp1.0|x17,174,-16.86,48.28,0.79,20.01,-8.1 / -7.2 / -2.6,False,64,-2.93,0.89
GOLD,C_ny,C_ny_rev|ref06-11o0|act13-16|rev_cf|b0.25|a10|m1.0|tp1.0|x19,174,-13.57,48.85,0.84,20.83,-9.0 / -6.9 / +1.4,False,64,0.34,1.01
GOLD,C_ny,C_ny_rev|ref06-11o0|act13-16|rev_cf|b0.25|a10|m1.5|tp0.5|x17,174,-0.03,63.79,1.0,5.7,-1.5 / -2.2 / +3.1,False,64,-3.57,0.82
GOLD,C_ny,C_ny_rev|ref06-11o0|act13-16|rev_cf|b0.25|a10|m1.5|tp0.5|x19,174,1.01,65.52,1.02,6.25,-1.6 / -2.1 / +4.2,False,64,-1.16,0.94
GOLD,C_ny,C_ny_rev|ref06-11o0|act13-16|rev_cf|b0.25|a10|m1.5|tp0.75|x17,174,3.0,58.05,1.06,5.2,+1.4 / -0.2 / +1.1,False,64,-3.75,0.82
GOLD,C_ny,C_ny_rev|ref06-11o0|act13-16|rev_cf|b0.25|a10|m1.5|tp0.75|x19,174,4.56,59.2,1.09,5.71,+0.2 / +0.2 / +3.4,True,64,-0.08,1.0
GOLD,C_ny,C_ny_rev|ref06-11o0|act13-16|rev_cf|b0.25|a10|m1.5|tp1.0|x17,174,-0.82,53.45,0.98,5.33,-1.9 / +1.5 / -1.4,False,64,-3.19,0.85
GOLD,C_ny,C_ny_rev|ref06-11o0|act13-16|rev_cf|b0.25|a10|m1.5|tp1.0|x19,174,-0.46,53.45,0.99,5.76,-4.0 / +2.3 / +0.2,False,64,2.41,1.11
GOLD,C_ny,C_ny_rev|ref06-11o0|act13-16|rev_cf|b0.5|a10|m1.0|tp0.5|x17,121,-20.49,55.37,0.59,21.89,-13.2 / -6.7 / -1.1,False,49,-8.31,0.6
GOLD,C_ny,C_ny_rev|ref06-11o0|act13-16|rev_cf|b0.5|a10|m1.0|tp0.5|x19,121,-19.65,57.85,0.61,20.91,-12.6 / -6.9 / -0.6,False,49,-7.58,0.64
GOLD,C_ny,C_ny_rev|ref06-11o0|act13-16|rev_cf|b0.5|a10|m1.0|tp0.75|x17,121,-13.29,52.07,0.75,18.69,-13.0 / -2.2 / +1.1,False,49,-6.48,0.7
GOLD,C_ny,C_ny_rev|ref06-11o0|act13-16|rev_cf|b0.5|a10|m1.0|tp0.75|x19,121,-13.88,52.89,0.75,19.03,-13.1 / -3.1 / +1.6,False,49,-4.72,0.79
GOLD,C_ny,C_ny_rev|ref06-11o0|act13-16|rev_cf|b0.5|a10|m1.0|tp1.0|x17,121,-10.69,47.93,0.81,19.32,-11.7 / -3.8 / +3.9,False,49,-8.2,0.65
GOLD,C_ny,C_ny_rev|ref06-11o0|act13-16|rev_cf|b0.5|a10|m1.0|tp1.0|x19,121,-11.74,48.76,0.8,21.25,-11.8 / -5.4 / +4.5,False,49,-5.5,0.77
GOLD,C_ny,C_ny_rev|ref06-11o0|act13-16|rev_cf|b0.5|a10|m1.5|tp0.5|x17,121,-2.33,62.81,0.93,9.34,-6.4 / +0.1 / +3.5,False,49,-8.53,0.54
GOLD,C_ny,C_ny_rev|ref06-11o0|act13-16|rev_cf|b0.5|a10|m1.5|tp0.5|x19,121,-4.68,63.64,0.87,9.14,-6.0 / -0.7 / +1.6,False,49,-6.72,0.64
GOLD,C_ny,C_ny_rev|ref06-11o0|act13-16|rev_cf|b0.5|a10|m1.5|tp0.75|x17,121,-0.26,57.02,0.99,8.15,-4.9 / -0.7 / +4.6,False,49,-9.45,0.53
GOLD,C_ny,C_ny_rev|ref06-11o0|act13-16|rev_cf|b0.5|a10|m1.5|tp0.75|x19,121,-1.83,58.68,0.96,8.85,-4.5 / -2.0 / +4.0,False,49,-6.89,0.65
GOLD,C_ny,C_ny_rev|ref06-11o0|act13-16|rev_cf|b0.5|a10|m1.5|tp1.0|x17,121,-3.77,52.89,0.91,10.27,-3.9 / -2.7 / +1.9,False,49,-8.68,0.57
GOLD,C_ny,C_ny_rev|ref06-11o0|act13-16|rev_cf|b0.5|a10|m1.5|tp1.0|x19,121,-6.26,52.89,0.87,10.83,-4.3 / -4.1 / +1.1,False,49,-5.75,0.71
GOLD,C_ny,C_ny_rev|ref06-11o0|act13-17|rev|b0.25|a10|m1.0|tp0.5|x17,390,55.53,78.46,1.64,8.05,+17.2 / +24.6 / +13.3,True,149,-1.84,0.96
GOLD,C_ny,C_ny_rev|ref06-11o0|act13-17|rev|b0.25|a10|m1.0|tp0.5|x19,390,55.17,78.46,1.63,8.05,+17.2 / +24.6 / +12.9,True,149,-2.58,0.95
GOLD,C_ny,C_ny_rev|ref06-11o0|act13-17|rev|b0.25|a10|m1.0|tp0.75|x17,390,101.19,73.85,1.98,8.84,+29.9 / +50.1 / +20.4,True,149,13.0,1.24
GOLD,C_ny,C_ny_rev|ref06-11o0|act13-17|rev|b0.25|a10|m1.0|tp0.75|x19,390,102.16,74.1,1.98,8.84,+30.4 / +50.4 / +20.6,True,149,12.5,1.22
GOLD,C_ny,C_ny_rev|ref06-11o0|act13-17|rev|b0.25|a10|m1.0|tp1.0|x17,390,97.53,64.1,1.71,9.98,+32.6 / +47.7 / +16.2,True,149,13.96,1.22
GOLD,C_ny,C_ny_rev|ref06-11o0|act13-17|rev|b0.25|a10|m1.0|tp1.0|x19,390,99.09,64.36,1.71,10.84,+34.0 / +47.8 / +16.3,True,149,14.29,1.22
GOLD,C_ny,C_ny_rev|ref06-11o0|act13-17|rev|b0.25|a10|m1.5|tp0.5|x17,390,83.27,81.54,2.25,5.42,+23.0 / +39.1 / +20.6,True,149,24.25,1.78
GOLD,C_ny,C_ny_rev|ref06-11o0|act13-17|rev|b0.25|a10|m1.5|tp0.5|x19,390,82.89,81.79,2.2,5.42,+23.2 / +39.1 / +20.1,True,149,26.1,1.87
GOLD,C_ny,C_ny_rev|ref06-11o0|act13-17|rev|b0.25|a10|m1.5|tp0.75|x17,390,69.2,66.92,1.65,6.06,+24.9 / +30.2 / +13.3,True,149,28.2,1.68
GOLD,C_ny,C_ny_rev|ref06-11o0|act13-17|rev|b0.25|a10|m1.5|tp0.75|x19,390,65.86,66.92,1.58,6.34,+23.8 / +27.7 / +13.6,True,149,30.4,1.77
GOLD,C_ny,C_ny_rev|ref06-11o0|act13-17|rev|b0.25|a10|m1.5|tp1.0|x17,390,35.76,57.18,1.27,12.56,+14.0 / +16.7 / +4.6,True,149,16.41,1.31
GOLD,C_ny,C_ny_rev|ref06-11o0|act13-17|rev|b0.25|a10|m1.5|tp1.0|x19,390,34.14,56.41,1.24,13.21,+13.8 / +15.9 / +3.7,True,149,18.71,1.35
GOLD,C_ny,C_ny_rev|ref06-11o0|act13-17|rev|b0.5|a10|m1.0|tp0.5|x17,344,60.44,80.81,1.88,4.42,+20.7 / +22.9 / +16.3,True,141,14.18,1.39
GOLD,C_ny,C_ny_rev|ref06-11o0|act13-17|rev|b0.5|a10|m1.0|tp0.5|x19,344,60.44,80.81,1.88,4.42,+20.7 / +22.9 / +16.3,True,141,14.18,1.39
GOLD,C_ny,C_ny_rev|ref06-11o0|act13-17|rev|b0.5|a10|m1.0|tp0.75|x17,344,101.94,76.45,2.22,5.02,+28.3 / +44.3 / +28.6,True,141,31.49,1.76
GOLD,C_ny,C_ny_rev|ref06-11o0|act13-17|rev|b0.5|a10|m1.0|tp0.75|x19,344,101.93,75.87,2.2,5.02,+28.2 / +44.7 / +28.3,True,141,30.59,1.73
GOLD,C_ny,C_ny_rev|ref06-11o0|act13-17|rev|b0.5|a10|m1.0|tp1.0|x17,344,122.56,69.19,2.2,6.77,+40.8 / +50.3 / +30.4,True,141,39.62,1.81
GOLD,C_ny,C_ny_rev|ref06-11o0|act13-17|rev|b0.5|a10|m1.0|tp1.0|x19,344,121.07,69.19,2.15,6.77,+41.2 / +50.0 / +28.9,True,141,39.73,1.81
GOLD,C_ny,C_ny_rev|ref06-11o0|act13-17|rev|b0.5|a10|m1.5|tp0.5|x17,344,79.19,83.14,2.44,4.05,+22.8 / +33.3 / +22.6,True,141,33.66,2.51
GOLD,C_ny,C_ny_rev|ref06-11o0|act13-17|rev|b0.5|a10|m1.5|tp0.5|x19,344,77.85,82.27,2.37,3.92,+22.9 / +33.3 / +21.2,True,141,33.16,2.45
GOLD,C_ny,C_ny_rev|ref06-11o0|act13-17|rev|b0.5|a10|m1.5|tp0.75|x17,344,87.32,71.22,2.09,4.0,+30.3 / +31.9 / +24.5,True,141,37.97,2.16
GOLD,C_ny,C_ny_rev|ref06-11o0|act13-17|rev|b0.5|a10|m1.5|tp0.75|x19,344,87.47,70.35,2.04,4.85,+30.0 / +34.6 / +22.1,True,141,39.69,2.2
GOLD,C_ny,C_ny_rev|ref06-11o0|act13-17|rev|b0.5|a10|m1.5|tp1.0|x17,344,55.95,59.88,1.52,12.8,+23.6 / +26.7 / +5.0,True,141,25.54,1.58
GOLD,C_ny,C_ny_rev|ref06-11o0|act13-17|rev|b0.5|a10|m1.5|tp1.0|x19,344,51.63,57.56,1.45,14.01,+21.0 / +26.7 / +3.1,True,141,28.13,1.63
GOLD,C_ny,C_ny_rev|ref06-11o0|act13-17|rev_cf|b0.25|a10|m1.0|tp0.5|x17,196,-32.31,56.12,0.6,33.53,-14.6 / -14.1 / -4.0,False,67,-7.06,0.72
GOLD,C_ny,C_ny_rev|ref06-11o0|act13-17|rev_cf|b0.25|a10|m1.0|tp0.5|x19,196,-29.53,57.65,0.63,30.51,-13.4 / -14.2 / -2.4,False,67,-6.43,0.75
GOLD,C_ny,C_ny_rev|ref06-11o0|act13-17|rev_cf|b0.25|a10|m1.0|tp0.75|x17,196,-21.66,52.55,0.75,24.42,-11.9 / -8.8 / -1.7,False,67,-2.23,0.91
GOLD,C_ny,C_ny_rev|ref06-11o0|act13-17|rev_cf|b0.25|a10|m1.0|tp0.75|x19,196,-17.67,53.57,0.79,23.13,-11.5 / -8.9 / +1.9,False,67,-0.57,0.98
GOLD,C_ny,C_ny_rev|ref06-11o0|act13-17|rev_cf|b0.25|a10|m1.0|tp1.0|x17,196,-15.39,48.98,0.83,22.1,-9.4 / -6.3 / -0.7,False,67,-3.98,0.86
GOLD,C_ny,C_ny_rev|ref06-11o0|act13-17|rev_cf|b0.25|a10|m1.0|tp1.0|x19,196,-13.66,48.98,0.85,23.68,-10.5 / -7.5 / +3.4,False,67,-0.71,0.98
GOLD,C_ny,C_ny_rev|ref06-11o0|act13-17|rev_cf|b0.25|a10|m1.5|tp0.5|x17,196,-2.88,63.27,0.95,7.14,-2.7 / -1.7 / +1.0,False,67,-5.1,0.76
GOLD,C_ny,C_ny_rev|ref06-11o0|act13-17|rev_cf|b0.25|a10|m1.5|tp0.5|x19,196,0.56,64.29,1.01,6.23,-2.1 / -1.2 / +3.4,False,67,-2.35,0.89
GOLD,C_ny,C_ny_rev|ref06-11o0|act13-17|rev_cf|b0.25|a10|m1.5|tp0.75|x17,196,3.19,58.16,1.05,5.52,+1.2 / +0.4 / +0.8,True,67,-5.03,0.78
GOLD,C_ny,C_ny_rev|ref06-11o0|act13-17|rev_cf|b0.25|a10|m1.5|tp0.75|x19,196,3.66,58.16,1.06,5.59,+0.4 / -0.4 / +2.9,False,67,-1.02,0.95
GOLD,C_ny,C_ny_rev|ref06-11o0|act13-17|rev_cf|b0.25|a10|m1.5|tp1.0|x17,196,0.6,54.08,1.01,5.94,-2.1 / +1.3 / +0.4,False,67,-4.22,0.82
GOLD,C_ny,C_ny_rev|ref06-11o0|act13-17|rev_cf|b0.25|a10|m1.5|tp1.0|x19,196,-0.78,53.06,0.99,6.54,-4.1 / +0.6 / +1.7,False,67,1.39,1.06
GOLD,C_ny,C_ny_rev|ref06-11o0|act13-17|rev_cf|b0.5|a10|m1.0|tp0.5|x17,129,-19.68,56.59,0.62,22.54,-13.4 / -6.7 / -0.1,False,52,-9.85,0.56
GOLD,C_ny,C_ny_rev|ref06-11o0|act13-17|rev_cf|b0.5|a10|m1.0|tp0.5|x19,129,-19.24,58.91,0.63,21.96,-12.8 / -7.3 / +0.4,False,52,-9.12,0.61
GOLD,C_ny,C_ny_rev|ref06-11o0|act13-17|rev_cf|b0.5|a10|m1.0|tp0.75|x17,129,-10.98,53.49,0.8,19.04,-12.6 / -1.7 / +2.6,False,52,-7.77,0.67
GOLD,C_ny,C_ny_rev|ref06-11o0|act13-17|rev_cf|b0.5|a10|m1.0|tp0.75|x19,129,-12.86,54.26,0.78,19.45,-12.7 / -3.5 / +2.7,False,52,-6.01,0.75
GOLD,C_ny,C_ny_rev|ref06-11o0|act13-17|rev_cf|b0.5|a10|m1.0|tp1.0|x17,129,-6.87,49.61,0.88,20.44,-10.9 / -2.8 / +5.9,False,52,-9.24,0.64
GOLD,C_ny,C_ny_rev|ref06-11o0|act13-17|rev_cf|b0.5|a10|m1.0|tp1.0|x19,129,-10.32,50.39,0.83,22.27,-11.0 / -5.8 / +5.5,False,52,-6.54,0.75
GOLD,C_ny,C_ny_rev|ref06-11o0|act13-17|rev_cf|b0.5|a10|m1.5|tp0.5|x17,129,0.04,64.34,1.0,9.91,-6.5 / +1.6 / +4.5,False,52,-10.05,0.51
GOLD,C_ny,C_ny_rev|ref06-11o0|act13-17|rev_cf|b0.5|a10|m1.5|tp0.5|x19,129,-3.28,65.12,0.91,9.4,-5.8 / -0.3 / +2.3,False,52,-7.91,0.61
GOLD,C_ny,C_ny_rev|ref06-11o0|act13-17|rev_cf|b0.5|a10|m1.5|tp0.75|x17,129,3.66,58.91,1.09,8.47,-4.5 / +1.3 / +6.1,False,52,-10.73,0.51
GOLD,C_ny,C_ny_rev|ref06-11o0|act13-17|rev_cf|b0.5|a10|m1.5|tp0.75|x19,129,0.02,60.47,1.0,8.75,-3.9 / -1.6 / +4.7,False,52,-7.83,0.64
GOLD,C_ny,C_ny_rev|ref06-11o0|act13-17|rev_cf|b0.5|a10|m1.5|tp1.0|x17,129,1.0,55.04,1.02,10.26,-5.0 / +1.2 / +3.9,False,52,-9.71,0.56
GOLD,C_ny,C_ny_rev|ref06-11o0|act13-17|rev_cf|b0.5|a10|m1.5|tp1.0|x19,129,-3.91,55.04,0.92,10.59,-5.1 / -1.6 / +1.8,False,52,-6.77,0.68
GOLD,D,D_asia_breakout|ref22-03o0|act03-08|con|b0.25|a10|m1.0|tp1.0|x08,339,-115.85,35.99,0.47,115.78,-40.3 / -53.8 / -22.7,False,100,-24.83,0.55
GOLD,D,D_asia_breakout|ref22-03o0|act03-08|con|b0.25|a10|m1.0|tp1.0|x10,339,-112.87,37.17,0.49,113.78,-39.1 / -51.4 / -23.3,False,100,-22.87,0.6
GOLD,D,D_asia_breakout|ref22-03o0|act03-08|con|b0.25|a10|m1.0|tp1.5|x08,339,-120.28,29.79,0.48,120.71,-37.2 / -54.8 / -29.8,False,100,-20.84,0.63
GOLD,D,D_asia_breakout|ref22-03o0|act03-08|con|b0.25|a10|m1.0|tp1.5|x10,339,-112.38,31.27,0.53,113.85,-36.0 / -50.8 / -27.1,False,100,-18.03,0.69
GOLD,D,D_asia_breakout|ref22-03o0|act03-08|con|b0.25|a10|m1.0|tp2.0|x08,339,-112.61,28.32,0.52,112.89,-34.1 / -53.0 / -26.0,False,100,-18.77,0.66
GOLD,D,D_asia_breakout|ref22-03o0|act03-08|con|b0.25|a10|m1.0|tp2.0|x10,339,-100.33,29.79,0.58,102.47,-32.4 / -47.2 / -21.2,False,100,-17.94,0.69
GOLD,D,D_asia_breakout|ref22-03o0|act03-08|con|b0.25|a10|m1.5|tp1.0|x08,339,-4.63,50.44,0.96,19.94,-4.6 / +2.8 / -3.8,False,100,3.79,1.13
GOLD,D,D_asia_breakout|ref22-03o0|act03-08|con|b0.25|a10|m1.5|tp1.0|x10,339,2.92,53.1,1.02,18.75,-6.5 / +7.9 / +0.5,False,100,3.93,1.12
GOLD,D,D_asia_breakout|ref22-03o0|act03-08|con|b0.25|a10|m1.5|tp1.5|x08,339,-9.64,46.31,0.93,27.34,-15.0 / +8.5 / -3.4,False,100,7.87,1.27
GOLD,D,D_asia_breakout|ref22-03o0|act03-08|con|b0.25|a10|m1.5|tp1.5|x10,339,3.29,48.08,1.02,25.49,-15.0 / +17.6 / +0.4,False,100,6.05,1.18
GOLD,D,D_asia_breakout|ref22-03o0|act03-08|con|b0.25|a10|m1.5|tp2.0|x08,339,-3.52,45.72,0.97,24.25,-12.3 / +9.7 / -1.2,False,100,9.77,1.33
GOLD,D,D_asia_breakout|ref22-03o0|act03-08|con|b0.25|a10|m1.5|tp2.0|x10,339,13.9,47.49,1.09,25.13,-9.5 / +20.7 / +2.4,False,100,9.57,1.29
GOLD,D,D_asia_breakout|ref22-03o0|act03-08|con|b0.25|a10|m2.0|tp1.0|x08,339,6.82,51.33,1.07,14.49,-7.6 / +12.2 / +2.1,False,100,5.89,1.28
GOLD,D,D_asia_breakout|ref22-03o0|act03-08|con|b0.25|a10|m2.0|tp1.0|x10,339,13.74,54.57,1.13,17.66,-12.4 / +19.5 / +6.4,False,100,5.71,1.24
GOLD,D,D_asia_breakout|ref22-03o0|act03-08|con|b0.25|a10|m2.0|tp1.5|x08,339,9.87,49.56,1.1,13.78,-6.6 / +13.5 / +2.7,False,100,8.74,1.42
GOLD,D,D_asia_breakout|ref22-03o0|act03-08|con|b0.25|a10|m2.0|tp1.5|x10,339,23.19,52.8,1.21,17.54,-7.0 / +23.6 / +6.4,False,100,10.24,1.44
GOLD,D,D_asia_breakout|ref22-03o0|act03-08|con|b0.25|a10|m2.0|tp2.0|x08,339,6.01,48.67,1.06,16.41,-9.8 / +12.1 / +3.5,False,100,8.7,1.42
GOLD,D,D_asia_breakout|ref22-03o0|act03-08|con|b0.25|a10|m2.0|tp2.0|x10,339,18.33,52.21,1.16,20.49,-10.8 / +21.8 / +7.1,False,100,10.78,1.46
GOLD,D,D_asia_breakout|ref22-03o0|act03-08|con|b0.5|a10|m1.0|tp1.0|x08,279,-111.22,32.62,0.4,110.75,-41.3 / -48.3 / -20.6,False,87,-31.11,0.42
GOLD,D,D_asia_breakout|ref22-03o0|act03-08|con|b0.5|a10|m1.0|tp1.0|x10,279,-114.88,32.26,0.4,113.82,-39.9 / -47.0 / -26.9,False,87,-34.32,0.41
GOLD,D,D_asia_breakout|ref22-03o0|act03-08|con|b0.5|a10|m1.0|tp1.5|x08,279,-105.32,28.67,0.46,104.86,-36.2 / -44.3 / -23.8,False,87,-29.59,0.47
GOLD,D,D_asia_breakout|ref22-03o0|act03-08|con|b0.5|a10|m1.0|tp1.5|x10,279,-103.31,29.03,0.48,102.25,-30.9 / -42.0 / -29.5,False,87,-33.29,0.45
GOLD,D,D_asia_breakout|ref22-03o0|act03-08|con|b0.5|a10|m1.0|tp2.0|x08,279,-107.53,26.52,0.46,107.06,-42.9 / -42.9 / -20.7,False,87,-24.02,0.57
GOLD,D,D_asia_breakout|ref22-03o0|act03-08|con|b0.5|a10|m1.0|tp2.0|x10,279,-105.39,26.16,0.49,104.33,-37.0 / -40.7 / -26.7,False,87,-28.98,0.52
GOLD,D,D_asia_breakout|ref22-03o0|act03-08|con|b0.5|a10|m1.5|tp1.0|x08,279,-33.13,44.8,0.73,34.98,-15.5 / -8.4 / -9.3,False,87,-6.1,0.8
GOLD,D,D_asia_breakout|ref22-03o0|act03-08|con|b0.5|a10|m1.5|tp1.0|x10,279,-24.11,47.31,0.81,26.51,-15.4 / -3.9 / -4.9,False,87,-7.89,0.77
GOLD,D,D_asia_breakout|ref22-03o0|act03-08|con|b0.5|a10|m1.5|tp1.5|x08,279,-40.23,41.22,0.7,41.76,-22.3 / -10.7 / -7.3,False,87,-4.37,0.85
GOLD,D,D_asia_breakout|ref22-03o0|act03-08|con|b0.5|a10|m1.5|tp1.5|x10,279,-28.02,42.65,0.8,32.07,-20.3 / -4.1 / -3.8,False,87,-7.09,0.79
GOLD,D,D_asia_breakout|ref22-03o0|act03-08|con|b0.5|a10|m1.5|tp2.0|x08,279,-34.89,40.86,0.74,36.43,-21.2 / -7.4 / -6.5,False,87,-0.97,0.97
GOLD,D,D_asia_breakout|ref22-03o0|act03-08|con|b0.5|a10|m1.5|tp2.0|x10,279,-19.64,42.29,0.86,26.84,-15.9 / -2.3 / -1.6,False,87,-3.21,0.91
GOLD,D,D_asia_breakout|ref22-03o0|act03-08|con|b0.5|a10|m2.0|tp1.0|x08,279,-3.9,50.54,0.95,12.51,-9.0 / +9.3 / -4.3,False,87,3.08,1.16
GOLD,D,D_asia_breakout|ref22-03o0|act03-08|con|b0.5|a10|m2.0|tp1.0|x10,279,2.49,51.25,1.03,14.08,-10.4 / +15.1 / -2.3,False,87,0.63,1.03
GOLD,D,D_asia_breakout|ref22-03o0|act03-08|con|b0.5|a10|m2.0|tp1.5|x08,279,-0.44,49.46,0.99,12.07,-7.8 / +9.7 / -2.4,False,87,5.09,1.27
GOLD,D,D_asia_breakout|ref22-03o0|act03-08|con|b0.5|a10|m2.0|tp1.5|x10,279,9.85,50.18,1.1,15.05,-5.5 / +14.7 / +0.5,False,87,3.89,1.17
GOLD,D,D_asia_breakout|ref22-03o0|act03-08|con|b0.5|a10|m2.0|tp2.0|x08,279,-0.83,48.75,0.99,12.84,-8.8 / +9.3 / -1.5,False,87,3.76,1.2
GOLD,D,D_asia_breakout|ref22-03o0|act03-08|con|b0.5|a10|m2.0|tp2.0|x10,279,8.83,49.82,1.09,16.29,-7.8 / +16.4 / +0.1,False,87,3.01,1.13
GOLD,D,D_asia_breakout|ref22-03o0|act04-09|con|b0.25|a10|m1.0|tp1.0|x08,359,-100.23,39.55,0.54,100.16,-35.9 / -48.1 / -17.2,False,112,-29.43,0.53
GOLD,D,D_asia_breakout|ref22-03o0|act04-09|con|b0.25|a10|m1.0|tp1.0|x10,359,-97.34,40.39,0.55,98.25,-34.3 / -45.1 / -19.0,False,112,-27.57,0.57
GOLD,D,D_asia_breakout|ref22-03o0|act04-09|con|b0.25|a10|m1.0|tp1.5|x08,359,-100.2,33.43,0.57,100.96,-34.9 / -44.0 / -22.8,False,112,-26.99,0.59
GOLD,D,D_asia_breakout|ref22-03o0|act04-09|con|b0.25|a10|m1.0|tp1.5|x10,359,-93.12,34.54,0.61,95.15,-33.7 / -39.1 / -21.9,False,112,-25.14,0.62
GOLD,D,D_asia_breakout|ref22-03o0|act04-09|con|b0.25|a10|m1.0|tp2.0|x08,359,-95.38,31.48,0.61,96.33,-38.9 / -39.0 / -17.9,False,112,-23.87,0.64
GOLD,D,D_asia_breakout|ref22-03o0|act04-09|con|b0.25|a10|m1.0|tp2.0|x10,359,-84.78,32.59,0.65,89.01,-33.8 / -33.0 / -18.3,False,112,-27.29,0.59
GOLD,D,D_asia_breakout|ref22-03o0|act04-09|con|b0.25|a10|m1.5|tp1.0|x08,359,-7.74,50.97,0.94,19.83,-15.2 / +8.4 / -1.9,False,112,2.82,1.08
GOLD,D,D_asia_breakout|ref22-03o0|act04-09|con|b0.25|a10|m1.5|tp1.0|x10,359,-4.44,52.09,0.97,20.29,-16.6 / +11.8 / -0.6,False,112,-0.15,1.0
GOLD,D,D_asia_breakout|ref22-03o0|act04-09|con|b0.25|a10|m1.5|tp1.5|x08,359,-7.54,47.63,0.95,26.72,-24.8 / +16.3 / +0.6,False,112,6.8,1.19
GOLD,D,D_asia_breakout|ref22-03o0|act04-09|con|b0.25|a10|m1.5|tp1.5|x10,359,-1.09,47.91,0.99,27.18,-23.7 / +22.5 / -0.2,False,112,0.2,1.01
GOLD,D,D_asia_breakout|ref22-03o0|act04-09|con|b0.25|a10|m1.5|tp2.0|x08,359,-5.07,46.8,0.97,25.26,-23.6 / +14.8 / +3.4,False,112,8.11,1.22
GOLD,D,D_asia_breakout|ref22-03o0|act04-09|con|b0.25|a10|m1.5|tp2.0|x10,359,6.03,47.08,1.04,25.67,-18.0 / +22.3 / +1.5,False,112,3.22,1.09
GOLD,D,D_asia_breakout|ref22-03o0|act04-09|con|b0.25|a10|m2.0|tp1.0|x08,359,6.24,52.37,1.06,16.85,-13.9 / +16.3 / +3.7,False,112,5.17,1.19
GOLD,D,D_asia_breakout|ref22-03o0|act04-09|con|b0.25|a10|m2.0|tp1.0|x10,359,11.13,54.04,1.1,18.38,-15.7 / +22.2 / +4.4,False,112,2.02,1.08
GOLD,D,D_asia_breakout|ref22-03o0|act04-09|con|b0.25|a10|m2.0|tp1.5|x08,359,4.83,50.42,1.04,18.07,-16.4 / +16.1 / +4.9,False,112,6.83,1.25
GOLD,D,D_asia_breakout|ref22-03o0|act04-09|con|b0.25|a10|m2.0|tp1.5|x10,359,15.75,51.81,1.13,18.38,-12.0 / +22.8 / +4.8,False,112,5.96,1.23
GOLD,D,D_asia_breakout|ref22-03o0|act04-09|con|b0.25|a10|m2.0|tp2.0|x08,359,6.37,49.3,1.06,21.17,-19.5 / +17.4 / +8.2,False,112,7.78,1.29
GOLD,D,D_asia_breakout|ref22-03o0|act04-09|con|b0.25|a10|m2.0|tp2.0|x10,359,13.02,51.25,1.11,21.21,-16.0 / +23.2 / +5.5,False,112,6.0,1.23
GOLD,D,D_asia_breakout|ref22-03o0|act04-09|con|b0.5|a10|m1.0|tp1.0|x08,306,-111.24,34.31,0.44,110.77,-46.9 / -41.4 / -21.9,False,96,-40.14,0.36
GOLD,D,D_asia_breakout|ref22-03o0|act04-09|con|b0.5|a10|m1.0|tp1.0|x10,306,-109.09,34.64,0.45,108.04,-41.7 / -40.7 / -25.7,False,96,-38.66,0.38
GOLD,D,D_asia_breakout|ref22-03o0|act04-09|con|b0.5|a10|m1.0|tp1.5|x08,306,-106.66,29.74,0.49,106.19,-43.9 / -32.8 / -28.9,False,96,-37.41,0.42
GOLD,D,D_asia_breakout|ref22-03o0|act04-09|con|b0.5|a10|m1.0|tp1.5|x10,306,-97.43,31.05,0.54,96.37,-36.6 / -30.1 / -29.8,False,96,-36.2,0.44
GOLD,D,D_asia_breakout|ref22-03o0|act04-09|con|b0.5|a10|m1.0|tp2.0|x08,306,-109.8,27.78,0.49,109.33,-48.4 / -31.8 / -28.6,False,96,-31.84,0.51
GOLD,D,D_asia_breakout|ref22-03o0|act04-09|con|b0.5|a10|m1.0|tp2.0|x10,306,-99.8,28.43,0.54,98.74,-40.0 / -30.6 / -28.2,False,96,-31.9,0.51
GOLD,D,D_asia_breakout|ref22-03o0|act04-09|con|b0.5|a10|m1.5|tp1.0|x08,306,-34.45,45.1,0.75,36.3,-21.3 / -5.5 / -7.8,False,96,-9.41,0.74
GOLD,D,D_asia_breakout|ref22-03o0|act04-09|con|b0.5|a10|m1.5|tp1.0|x10,306,-20.1,47.71,0.85,24.89,-18.3 / -1.3 / -0.7,False,96,-10.58,0.71
GOLD,D,D_asia_breakout|ref22-03o0|act04-09|con|b0.5|a10|m1.5|tp1.5|x08,306,-41.41,41.18,0.72,44.49,-27.4 / -7.3 / -6.8,False,96,-6.75,0.81
GOLD,D,D_asia_breakout|ref22-03o0|act04-09|con|b0.5|a10|m1.5|tp1.5|x10,306,-22.23,43.46,0.85,30.43,-20.0 / -1.7 / -0.7,False,96,-10.35,0.72
GOLD,D,D_asia_breakout|ref22-03o0|act04-09|con|b0.5|a10|m1.5|tp2.0|x08,306,-37.3,40.2,0.75,41.91,-24.1 / -7.1 / -6.2,False,96,-2.35,0.93
GOLD,D,D_asia_breakout|ref22-03o0|act04-09|con|b0.5|a10|m1.5|tp2.0|x10,306,-14.68,42.81,0.9,26.82,-14.8 / -1.9 / +1.9,False,96,-6.97,0.81
GOLD,D,D_asia_breakout|ref22-03o0|act04-09|con|b0.5|a10|m2.0|tp1.0|x08,306,-7.52,50.0,0.92,19.8,-17.5 / +12.3 / -2.3,False,96,4.53,1.2
GOLD,D,D_asia_breakout|ref22-03o0|act04-09|con|b0.5|a10|m2.0|tp1.0|x10,306,1.91,50.33,1.02,18.2,-15.2 / +16.5 / +0.5,False,96,0.49,1.02
GOLD,D,D_asia_breakout|ref22-03o0|act04-09|con|b0.5|a10|m2.0|tp1.5|x08,306,-5.97,48.04,0.94,19.38,-17.1 / +11.4 / -0.4,False,96,6.03,1.26
GOLD,D,D_asia_breakout|ref22-03o0|act04-09|con|b0.5|a10|m2.0|tp1.5|x10,306,7.46,48.69,1.07,17.88,-10.2 / +13.6 / +3.9,False,96,3.21,1.14
GOLD,D,D_asia_breakout|ref22-03o0|act04-09|con|b0.5|a10|m2.0|tp2.0|x08,306,-1.37,47.39,0.99,20.66,-18.3 / +13.9 / +3.0,False,96,5.69,1.24
GOLD,D,D_asia_breakout|ref22-03o0|act04-09|con|b0.5|a10|m2.0|tp2.0|x10,306,6.24,48.37,1.06,19.02,-13.7 / +16.1 / +3.8,False,96,1.83,1.08
GOLD,D,D_asia_breakout|ref00-04o0|act03-08|con|b0.25|a10|m1.0|tp1.0|x08,396,-53.51,44.7,0.75,57.76,-24.9 / -20.6 / -9.0,False,136,-15.07,0.77
GOLD,D,D_asia_breakout|ref00-04o0|act03-08|con|b0.25|a10|m1.0|tp1.0|x10,396,-55.9,45.45,0.74,59.75,-26.6 / -22.7 / -7.6,False,136,-16.27,0.77
GOLD,D,D_asia_breakout|ref00-04o0|act03-08|con|b0.25|a10|m1.0|tp1.5|x08,396,-66.31,36.36,0.73,70.79,-39.7 / -18.5 / -9.6,False,136,-12.14,0.83
GOLD,D,D_asia_breakout|ref00-04o0|act03-08|con|b0.25|a10|m1.0|tp1.5|x10,396,-65.12,36.36,0.74,68.97,-42.1 / -16.3 / -8.2,False,136,-14.45,0.81
GOLD,D,D_asia_breakout|ref00-04o0|act03-08|con|b0.25|a10|m1.0|tp2.0|x08,396,-65.12,33.33,0.74,65.42,-40.0 / -11.5 / -14.1,False,136,-5.96,0.92
GOLD,D,D_asia_breakout|ref00-04o0|act03-08|con|b0.25|a10|m1.0|tp2.0|x10,396,-66.69,32.83,0.75,66.94,-44.9 / -8.7 / -13.6,False,136,-8.25,0.89
GOLD,D,D_asia_breakout|ref00-04o0|act03-08|con|b0.25|a10|m1.5|tp1.0|x08,396,-26.31,46.21,0.84,39.15,-26.2 / -7.1 / +5.9,False,136,-3.9,0.92
GOLD,D,D_asia_breakout|ref00-04o0|act03-08|con|b0.25|a10|m1.5|tp1.0|x10,396,-24.8,46.46,0.86,37.5,-24.6 / -6.5 / +5.4,False,136,-4.32,0.92
GOLD,D,D_asia_breakout|ref00-04o0|act03-08|con|b0.25|a10|m1.5|tp1.5|x08,396,-27.63,42.17,0.84,37.38,-29.9 / -1.1 / +3.0,False,136,1.44,1.03
GOLD,D,D_asia_breakout|ref00-04o0|act03-08|con|b0.25|a10|m1.5|tp1.5|x10,396,-24.96,41.67,0.87,38.88,-30.9 / +1.5 / +4.0,False,136,2.88,1.06
GOLD,D,D_asia_breakout|ref00-04o0|act03-08|con|b0.25|a10|m1.5|tp2.0|x08,396,-20.64,41.16,0.88,35.87,-29.7 / +1.7 / +7.0,False,136,3.83,1.08
GOLD,D,D_asia_breakout|ref00-04o0|act03-08|con|b0.25|a10|m1.5|tp2.0|x10,396,-16.37,40.4,0.92,41.67,-34.1 / +8.0 / +9.3,False,136,6.69,1.13
GOLD,D,D_asia_breakout|ref00-04o0|act03-08|con|b0.25|a10|m2.0|tp1.0|x08,396,-19.7,44.95,0.85,27.14,-18.2 / -2.3 / +0.5,False,136,0.44,1.01
GOLD,D,D_asia_breakout|ref00-04o0|act03-08|con|b0.25|a10|m2.0|tp1.0|x10,396,-23.06,45.71,0.85,28.34,-20.1 / -2.0 / -1.2,False,136,4.29,1.11
GOLD,D,D_asia_breakout|ref00-04o0|act03-08|con|b0.25|a10|m2.0|tp1.5|x08,396,-17.0,42.68,0.88,26.08,-19.9 / +0.2 / +2.6,False,136,3.06,1.09
GOLD,D,D_asia_breakout|ref00-04o0|act03-08|con|b0.25|a10|m2.0|tp1.5|x10,396,-19.28,42.93,0.88,31.16,-25.1 / +2.9 / +2.7,False,136,8.35,1.22
GOLD,D,D_asia_breakout|ref00-04o0|act03-08|con|b0.25|a10|m2.0|tp2.0|x08,396,-14.47,41.92,0.9,26.23,-21.0 / +1.2 / +5.2,False,136,2.18,1.06
GOLD,D,D_asia_breakout|ref00-04o0|act03-08|con|b0.25|a10|m2.0|tp2.0|x10,396,-16.71,42.42,0.89,31.67,-25.6 / +3.1 / +5.5,False,136,6.68,1.18
GOLD,D,D_asia_breakout|ref00-04o0|act03-08|con|b0.5|a10|m1.0|tp1.0|x08,382,-76.72,41.36,0.65,76.32,-35.0 / -24.5 / -16.2,False,130,-16.02,0.76
GOLD,D,D_asia_breakout|ref00-04o0|act03-08|con|b0.5|a10|m1.0|tp1.0|x10,382,-78.78,42.15,0.65,78.38,-37.2 / -26.0 / -14.5,False,130,-17.8,0.74
GOLD,D,D_asia_breakout|ref00-04o0|act03-08|con|b0.5|a10|m1.0|tp1.5|x08,382,-81.92,34.29,0.67,81.84,-47.4 / -19.3 / -14.2,False,130,-12.58,0.82
GOLD,D,D_asia_breakout|ref00-04o0|act03-08|con|b0.5|a10|m1.0|tp1.5|x10,382,-82.44,34.03,0.67,82.16,-49.8 / -18.5 / -13.1,False,130,-15.77,0.78
GOLD,D,D_asia_breakout|ref00-04o0|act03-08|con|b0.5|a10|m1.0|tp2.0|x08,382,-80.89,31.68,0.68,80.36,-47.2 / -15.2 / -17.4,False,130,-6.22,0.91
GOLD,D,D_asia_breakout|ref00-04o0|act03-08|con|b0.5|a10|m1.0|tp2.0|x10,382,-82.53,30.63,0.69,81.45,-52.1 / -12.3 / -17.1,False,130,-9.39,0.87
GOLD,D,D_asia_breakout|ref00-04o0|act03-08|con|b0.5|a10|m1.5|tp1.0|x08,382,-18.29,46.86,0.88,31.69,-21.1 / -7.5 / +9.2,False,130,-4.0,0.91
GOLD,D,D_asia_breakout|ref00-04o0|act03-08|con|b0.5|a10|m1.5|tp1.0|x10,382,-18.78,47.38,0.89,31.73,-19.6 / -8.5 / +8.4,False,130,-3.8,0.92
GOLD,D,D_asia_breakout|ref00-04o0|act03-08|con|b0.5|a10|m1.5|tp1.5|x08,382,-23.77,42.67,0.86,33.26,-25.4 / -4.0 / +5.5,False,130,1.45,1.03
GOLD,D,D_asia_breakout|ref00-04o0|act03-08|con|b0.5|a10|m1.5|tp1.5|x10,382,-25.38,41.62,0.86,36.5,-27.6 / -2.8 / +4.9,False,130,3.1,1.06
GOLD,D,D_asia_breakout|ref00-04o0|act03-08|con|b0.5|a10|m1.5|tp2.0|x08,382,-21.01,41.1,0.88,38.44,-31.8 / -0.3 / +10.9,False,130,3.52,1.08
GOLD,D,D_asia_breakout|ref00-04o0|act03-08|con|b0.5|a10|m1.5|tp2.0|x10,382,-17.51,40.31,0.91,43.28,-35.2 / +5.1 / +12.4,False,130,7.03,1.14
GOLD,D,D_asia_breakout|ref00-04o0|act03-08|con|b0.5|a10|m2.0|tp1.0|x08,382,-22.01,45.03,0.83,28.29,-20.1 / -4.8 / +2.8,False,130,0.38,1.01
GOLD,D,D_asia_breakout|ref00-04o0|act03-08|con|b0.5|a10|m2.0|tp1.0|x10,382,-22.71,46.07,0.85,27.58,-21.9 / -2.1 / +1.1,False,130,4.46,1.12
GOLD,D,D_asia_breakout|ref00-04o0|act03-08|con|b0.5|a10|m2.0|tp1.5|x08,382,-21.21,42.67,0.85,30.58,-25.2 / -1.7 / +5.6,False,130,2.75,1.08
GOLD,D,D_asia_breakout|ref00-04o0|act03-08|con|b0.5|a10|m2.0|tp1.5|x10,382,-20.69,42.93,0.86,35.49,-29.3 / +2.4 / +6.1,False,130,8.3,1.23
GOLD,D,D_asia_breakout|ref00-04o0|act03-08|con|b0.5|a10|m2.0|tp2.0|x08,382,-16.06,42.41,0.88,27.52,-23.1 / -0.8 / +7.7,False,130,1.74,1.05
GOLD,D,D_asia_breakout|ref00-04o0|act03-08|con|b0.5|a10|m2.0|tp2.0|x10,382,-15.77,42.67,0.9,33.57,-27.4 / +2.6 / +8.8,False,130,6.51,1.18
GOLD,D,D_asia_breakout|ref00-04o0|act04-09|con|b0.25|a10|m1.0|tp1.0|x08,345,-123.46,34.49,0.45,124.31,-43.7 / -43.1 / -37.6,False,117,-22.62,0.63
GOLD,D,D_asia_breakout|ref00-04o0|act04-09|con|b0.25|a10|m1.0|tp1.0|x10,345,-119.3,35.94,0.47,120.15,-40.0 / -41.4 / -38.9,False,117,-25.97,0.59
GOLD,D,D_asia_breakout|ref00-04o0|act04-09|con|b0.25|a10|m1.0|tp1.5|x08,345,-119.41,30.43,0.49,120.9,-42.8 / -38.1 / -40.0,False,117,-20.54,0.68
GOLD,D,D_asia_breakout|ref00-04o0|act04-09|con|b0.25|a10|m1.0|tp1.5|x10,345,-114.27,31.3,0.52,115.09,-40.8 / -33.7 / -41.3,False,117,-23.9,0.64
GOLD,D,D_asia_breakout|ref00-04o0|act04-09|con|b0.25|a10|m1.0|tp2.0|x08,345,-110.16,29.28,0.54,110.84,-42.6 / -31.0 / -37.2,False,117,-18.79,0.71
GOLD,D,D_asia_breakout|ref00-04o0|act04-09|con|b0.25|a10|m1.0|tp2.0|x10,345,-102.95,29.86,0.58,102.97,-40.3 / -25.9 / -37.5,False,117,-27.77,0.59
GOLD,D,D_asia_breakout|ref00-04o0|act04-09|con|b0.25|a10|m1.5|tp1.0|x08,345,-19.09,49.28,0.86,23.79,-16.2 / +5.7 / -9.6,False,117,5.77,1.17
GOLD,D,D_asia_breakout|ref00-04o0|act04-09|con|b0.25|a10|m1.5|tp1.0|x10,345,-9.78,51.3,0.93,20.15,-14.6 / +9.3 / -5.5,False,117,1.85,1.05
GOLD,D,D_asia_breakout|ref00-04o0|act04-09|con|b0.25|a10|m1.5|tp1.5|x08,345,-8.92,47.25,0.94,17.88,-15.3 / +11.8 / -5.9,False,117,8.42,1.23
GOLD,D,D_asia_breakout|ref00-04o0|act04-09|con|b0.25|a10|m1.5|tp1.5|x10,345,3.88,48.41,1.03,18.32,-12.0 / +18.2 / -2.8,False,117,0.05,1.0
GOLD,D,D_asia_breakout|ref00-04o0|act04-09|con|b0.25|a10|m1.5|tp2.0|x08,345,-9.84,45.51,0.93,18.78,-14.9 / +8.1 / -3.5,False,117,10.09,1.28
GOLD,D,D_asia_breakout|ref00-04o0|act04-09|con|b0.25|a10|m1.5|tp2.0|x10,345,7.88,47.25,1.05,17.18,-8.0 / +16.1 / -0.6,False,117,1.35,1.04
GOLD,D,D_asia_breakout|ref00-04o0|act04-09|con|b0.25|a10|m2.0|tp1.0|x08,345,0.77,51.59,1.01,11.24,-9.4 / +13.0 / -3.1,False,117,7.81,1.32
GOLD,D,D_asia_breakout|ref00-04o0|act04-09|con|b0.25|a10|m2.0|tp1.0|x10,345,3.39,53.04,1.03,15.38,-13.5 / +19.6 / -3.0,False,117,3.05,1.12
GOLD,D,D_asia_breakout|ref00-04o0|act04-09|con|b0.25|a10|m2.0|tp1.5|x08,345,4.37,49.28,1.04,10.22,-8.5 / +13.3 / -0.7,False,117,10.11,1.41
GOLD,D,D_asia_breakout|ref00-04o0|act04-09|con|b0.25|a10|m2.0|tp1.5|x10,345,11.33,51.01,1.1,12.66,-7.3 / +18.3 / -0.1,False,117,4.96,1.2
GOLD,D,D_asia_breakout|ref00-04o0|act04-09|con|b0.25|a10|m2.0|tp2.0|x08,345,-1.43,47.25,0.99,18.74,-17.1 / +13.8 / +1.5,False,117,9.84,1.39
GOLD,D,D_asia_breakout|ref00-04o0|act04-09|con|b0.25|a10|m2.0|tp2.0|x10,345,5.96,50.14,1.05,18.12,-15.1 / +20.6 / +0.1,False,117,5.87,1.24
GOLD,D,D_asia_breakout|ref00-04o0|act04-09|con|b0.5|a10|m1.0|tp1.0|x08,295,-133.69,28.81,0.35,133.62,-53.8 / -41.4 / -39.6,False,94,-42.11,0.34
GOLD,D,D_asia_breakout|ref00-04o0|act04-09|con|b0.5|a10|m1.0|tp1.0|x10,295,-128.46,31.19,0.38,128.39,-50.3 / -39.3 / -39.9,False,94,-36.82,0.39
GOLD,D,D_asia_breakout|ref00-04o0|act04-09|con|b0.5|a10|m1.0|tp1.5|x08,295,-121.24,26.78,0.43,121.67,-49.9 / -29.9 / -42.9,False,94,-38.31,0.41
GOLD,D,D_asia_breakout|ref00-04o0|act04-09|con|b0.5|a10|m1.0|tp1.5|x10,295,-115.52,28.81,0.46,115.95,-45.7 / -27.9 / -43.4,False,94,-30.31,0.5
GOLD,D,D_asia_breakout|ref00-04o0|act04-09|con|b0.5|a10|m1.0|tp2.0|x08,295,-126.61,24.07,0.42,125.97,-54.1 / -31.5 / -41.5,False,94,-34.64,0.47
GOLD,D,D_asia_breakout|ref00-04o0|act04-09|con|b0.5|a10|m1.0|tp2.0|x10,295,-118.12,26.44,0.46,117.51,-47.5 / -30.2 / -40.8,False,94,-28.65,0.53
GOLD,D,D_asia_breakout|ref00-04o0|act04-09|con|b0.5|a10|m1.5|tp1.0|x08,295,-39.23,43.39,0.71,41.49,-24.8 / +0.0 / -15.4,False,94,-7.21,0.8
GOLD,D,D_asia_breakout|ref00-04o0|act04-09|con|b0.5|a10|m1.5|tp1.0|x10,295,-20.98,48.47,0.84,29.45,-20.5 / +3.7 / -5.2,False,94,-8.3,0.75
GOLD,D,D_asia_breakout|ref00-04o0|act04-09|con|b0.5|a10|m1.5|tp1.5|x08,295,-41.8,38.98,0.71,43.34,-27.7 / -0.5 / -13.9,False,94,-2.3,0.93
GOLD,D,D_asia_breakout|ref00-04o0|act04-09|con|b0.5|a10|m1.5|tp1.5|x10,295,-20.03,44.75,0.85,29.08,-18.7 / +3.2 / -4.7,False,94,-7.19,0.78
GOLD,D,D_asia_breakout|ref00-04o0|act04-09|con|b0.5|a10|m1.5|tp2.0|x08,295,-49.53,36.61,0.67,51.07,-31.9 / -4.0 / -13.9,False,94,-0.63,0.98
GOLD,D,D_asia_breakout|ref00-04o0|act04-09|con|b0.5|a10|m1.5|tp2.0|x10,295,-24.55,43.39,0.83,36.35,-21.4 / +0.1 / -3.5,False,94,-5.86,0.82
GOLD,D,D_asia_breakout|ref00-04o0|act04-09|con|b0.5|a10|m2.0|tp1.0|x08,295,-10.73,47.46,0.89,16.84,-14.4 / +8.4 / -5.0,False,94,3.71,1.16
GOLD,D,D_asia_breakout|ref00-04o0|act04-09|con|b0.5|a10|m2.0|tp1.0|x10,295,2.69,51.19,1.03,12.6,-11.1 / +12.2 / +1.5,False,94,0.11,1.01
GOLD,D,D_asia_breakout|ref00-04o0|act04-09|con|b0.5|a10|m2.0|tp1.5|x08,295,-15.56,44.41,0.85,18.82,-17.5 / +8.0 / -6.2,False,94,4.73,1.2
GOLD,D,D_asia_breakout|ref00-04o0|act04-09|con|b0.5|a10|m2.0|tp1.5|x10,295,4.71,49.49,1.05,15.06,-9.6 / +11.2 / +2.9,False,94,2.05,1.1
GOLD,D,D_asia_breakout|ref00-04o0|act04-09|con|b0.5|a10|m2.0|tp2.0|x08,295,-10.87,43.73,0.9,19.3,-18.0 / +10.2 / -3.3,False,94,5.42,1.23
GOLD,D,D_asia_breakout|ref00-04o0|act04-09|con|b0.5|a10|m2.0|tp2.0|x10,295,6.02,49.15,1.06,16.26,-12.4 / +15.1 / +3.1,False,94,1.51,1.07
GOLD,E_pd_extreme,E_pd_extreme_rev|ref00-23o1|act22-09|rev|b0.5|a10|m1.0|tp0.75|x08,239,19.68,64.02,1.23,10.63,+7.6 / +7.3 / +5.7,True,90,-0.36,0.99
GOLD,E_pd_extreme,E_pd_extreme_rev|ref00-23o1|act22-09|rev|b0.5|a10|m1.0|tp1.0|x08,239,20.61,56.07,1.2,13.79,+7.2 / +8.4 / +6.0,True,90,1.97,1.05
GOLD,E_pd_extreme,E_pd_extreme_rev|ref00-23o1|act22-09|rev|b0.5|a10|m1.0|tpopp|x08,239,-40.46,37.24,0.72,46.94,-2.4 / -24.0 / -13.0,False,90,-3.24,0.94
GOLD,E_pd_extreme,E_pd_extreme_rev|ref00-23o1|act22-09|rev|b0.5|a10|m1.5|tp0.75|x08,239,6.09,58.16,1.07,10.4,+2.2 / +2.6 / +2.4,True,90,0.48,1.01
GOLD,E_pd_extreme,E_pd_extreme_rev|ref00-23o1|act22-09|rev|b0.5|a10|m1.5|tp1.0|x08,239,-6.96,50.21,0.93,15.31,-0.3 / -3.8 / -1.8,False,90,-1.56,0.96
GOLD,E_pd_extreme,E_pd_extreme_rev|ref00-23o1|act22-09|rev|b0.5|a10|m1.5|tpopp|x08,239,-25.03,44.77,0.78,30.67,-4.0 / -14.3 / -5.8,False,90,2.11,1.05
GOLD,E_pd_extreme,E_pd_extreme_rev|ref00-23o1|act22-09|rev|b1.0|a10|m1.0|tp0.75|x08,204,11.53,62.25,1.15,8.29,+8.0 / -1.4 / +6.0,False,80,-0.74,0.98
GOLD,E_pd_extreme,E_pd_extreme_rev|ref00-23o1|act22-09|rev|b1.0|a10|m1.0|tp1.0|x08,204,9.91,53.92,1.11,11.78,+15.8 / -5.6 / +0.8,False,80,-3.49,0.91
GOLD,E_pd_extreme,E_pd_extreme_rev|ref00-23o1|act22-09|rev|b1.0|a10|m1.0|tpopp|x08,204,-27.99,35.78,0.78,37.89,+4.4 / -27.0 / -4.3,False,80,-5.86,0.88
GOLD,E_pd_extreme,E_pd_extreme_rev|ref00-23o1|act22-09|rev|b1.0|a10|m1.5|tp0.75|x08,204,-0.75,55.88,0.99,18.71,+11.0 / -9.4 / -3.1,False,80,-7.36,0.8
GOLD,E_pd_extreme,E_pd_extreme_rev|ref00-23o1|act22-09|rev|b1.0|a10|m1.5|tp1.0|x08,204,-6.21,49.51,0.93,23.6,+11.1 / -12.2 / -6.2,False,80,-2.44,0.93
GOLD,E_pd_extreme,E_pd_extreme_rev|ref00-23o1|act22-09|rev|b1.0|a10|m1.5|tpopp|x08,204,-25.37,41.67,0.76,32.79,+1.5 / -22.6 / -4.5,False,80,-4.03,0.9
GOLD,E_pd_extreme,E_pd_extreme_rev|ref00-23o1|act22-09|rev|b1.5|a10|m1.0|tp0.75|x08,179,20.73,65.92,1.34,7.86,+12.8 / -1.8 / +9.0,False,68,-2.93,0.9
GOLD,E_pd_extreme,E_pd_extreme_rev|ref00-23o1|act22-09|rev|b1.5|a10|m1.0|tp1.0|x08,179,17.74,56.98,1.23,9.72,+18.0 / -4.2 / +3.0,False,68,-6.81,0.81
GOLD,E_pd_extreme,E_pd_extreme_rev|ref00-23o1|act22-09|rev|b1.5|a10|m1.0|tpopp|x08,179,-13.87,35.75,0.88,35.39,+14.1 / -25.9 / -2.8,False,68,-12.71,0.72
GOLD,E_pd_extreme,E_pd_extreme_rev|ref00-23o1|act22-09|rev|b1.5|a10|m1.5|tp0.75|x08,179,7.2,58.66,1.11,8.47,+8.7 / -3.9 / +1.7,False,68,-2.29,0.92
GOLD,E_pd_extreme,E_pd_extreme_rev|ref00-23o1|act22-09|rev|b1.5|a10|m1.5|tp1.0|x08,179,0.12,50.84,1.0,17.73,+7.7 / -11.6 / +3.0,False,68,-6.24,0.81
GOLD,E_pd_extreme,E_pd_extreme_rev|ref00-23o1|act22-09|rev|b1.5|a10|m1.5|tpopp|x08,179,-6.57,42.46,0.93,25.02,+6.3 / -15.3 / +1.9,False,68,-8.19,0.77
GOLD,E_pd_extreme,E_pd_extreme_rev|ref00-23o1|act22-09|rev_cf|b0.5|a10|m1.0|tp0.75|x08,66,-17.62,45.45,0.53,18.96,-6.1 / -4.3 / -6.6,False,22,-2.58,0.75
GOLD,E_pd_extreme,E_pd_extreme_rev|ref00-23o1|act22-09|rev_cf|b0.5|a10|m1.0|tp1.0|x08,66,-18.06,39.39,0.55,20.65,-4.8 / -6.0 / -6.6,False,22,-3.73,0.67
GOLD,E_pd_extreme,E_pd_extreme_rev|ref00-23o1|act22-09|rev_cf|b0.5|a10|m1.0|tpopp|x08,66,-6.36,36.36,0.85,15.7,+0.7 / -2.0 / -4.4,False,22,4.17,1.43
GOLD,E_pd_extreme,E_pd_extreme_rev|ref00-23o1|act22-09|rev_cf|b0.5|a10|m1.5|tp0.75|x08,66,-8.12,51.52,0.73,13.08,-1.8 / -5.7 / -0.2,False,22,-2.86,0.67
GOLD,E_pd_extreme,E_pd_extreme_rev|ref00-23o1|act22-09|rev_cf|b0.5|a10|m1.5|tp1.0|x08,66,-8.37,45.45,0.74,15.64,-1.7 / -5.2 / -1.0,False,22,-2.46,0.71
GOLD,E_pd_extreme,E_pd_extreme_rev|ref00-23o1|act22-09|rev_cf|b0.5|a10|m1.5|tpopp|x08,66,-10.28,40.91,0.71,16.83,-2.4 / -5.0 / -2.5,False,22,3.01,1.42
GOLD,E_pd_extreme,E_pd_extreme_rev|ref00-23o1|act06-10|rev|b0.5|a10|m1.0|tp0.75|x11,195,-7.6,56.92,0.91,12.76,-8.5 / +5.4 / -5.3,False,77,6.28,1.23
GOLD,E_pd_extreme,E_pd_extreme_rev|ref00-23o1|act06-10|rev|b0.5|a10|m1.0|tp1.0|x11,195,-3.07,51.28,0.97,13.7,-6.3 / +8.1 / -5.8,False,77,8.11,1.27
GOLD,E_pd_extreme,E_pd_extreme_rev|ref00-23o1|act06-10|rev|b0.5|a10|m1.0|tpopp|x11,195,-28.15,34.36,0.77,38.3,-2.1 / -12.9 / -14.0,False,77,-9.25,0.77
GOLD,E_pd_extreme,E_pd_extreme_rev|ref00-23o1|act06-10|rev|b0.5|a10|m1.5|tp0.75|x11,195,-8.45,52.31,0.89,12.67,-4.4 / +0.4 / -5.2,False,77,10.16,1.54
GOLD,E_pd_extreme,E_pd_extreme_rev|ref00-23o1|act06-10|rev|b0.5|a10|m1.5|tp1.0|x11,195,-19.88,43.59,0.77,24.84,-3.1 / -7.5 / -10.2,False,77,5.88,1.3
GOLD,E_pd_extreme,E_pd_extreme_rev|ref00-23o1|act06-10|rev|b0.5|a10|m1.5|tpopp|x11,195,-29.52,37.95,0.69,35.39,-4.1 / -12.4 / -13.6,False,77,-0.73,0.97
GOLD,E_pd_extreme,E_pd_extreme_rev|ref00-23o1|act06-10|rev|b1.0|a10|m1.0|tp0.75|x11,148,3.75,61.49,1.06,7.98,+5.7 / -0.9 / -1.8,False,65,19.18,2.33
GOLD,E_pd_extreme,E_pd_extreme_rev|ref00-23o1|act06-10|rev|b1.0|a10|m1.0|tp1.0|x11,148,-3.07,51.35,0.96,16.86,+11.7 / -8.1 / -7.6,False,65,18.83,2.02
GOLD,E_pd_extreme,E_pd_extreme_rev|ref00-23o1|act06-10|rev|b1.0|a10|m1.0|tpopp|x11,148,-20.98,33.11,0.78,36.09,+12.0 / -23.1 / -10.8,False,65,4.71,1.2
GOLD,E_pd_extreme,E_pd_extreme_rev|ref00-23o1|act06-10|rev|b1.0|a10|m1.5|tp0.75|x11,148,-8.16,52.7,0.86,16.48,+6.4 / -6.5 / -8.8,False,65,12.14,1.92
GOLD,E_pd_extreme,E_pd_extreme_rev|ref00-23o1|act06-10|rev|b1.0|a10|m1.5|tp1.0|x11,148,-13.69,45.27,0.8,22.19,+6.8 / -7.7 / -13.8,False,65,10.94,1.8
GOLD,E_pd_extreme,E_pd_extreme_rev|ref00-23o1|act06-10|rev|b1.0|a10|m1.5|tpopp|x11,148,-21.46,37.84,0.71,29.56,+5.9 / -16.8 / -11.2,False,65,3.92,1.25
GOLD,E_pd_extreme,E_pd_extreme_rev|ref00-23o1|act06-10|rev|b1.5|a10|m1.0|tp0.75|x11,116,12.72,66.38,1.32,4.57,+4.0 / +5.2 / +2.7,True,45,10.81,1.9
GOLD,E_pd_extreme,E_pd_extreme_rev|ref00-23o1|act06-10|rev|b1.5|a10|m1.0|tp1.0|x11,116,5.78,55.17,1.11,9.46,+5.4 / +2.5 / -3.1,False,45,10.5,1.7
GOLD,E_pd_extreme,E_pd_extreme_rev|ref00-23o1|act06-10|rev|b1.5|a10|m1.0|tpopp|x11,116,-12.89,33.62,0.82,21.37,+5.3 / -10.1 / -9.1,False,45,1.22,1.07
GOLD,E_pd_extreme,E_pd_extreme_rev|ref00-23o1|act06-10|rev|b1.5|a10|m1.5|tp0.75|x11,116,9.86,61.21,1.26,7.56,+11.3 / +0.5 / -2.7,False,45,7.94,1.72
GOLD,E_pd_extreme,E_pd_extreme_rev|ref00-23o1|act06-10|rev|b1.5|a10|m1.5|tp1.0|x11,116,-4.17,49.14,0.92,16.29,+10.6 / -10.1 / -5.7,False,45,4.44,1.39
GOLD,E_pd_extreme,E_pd_extreme_rev|ref00-23o1|act06-10|rev|b1.5|a10|m1.5|tpopp|x11,116,-15.61,38.79,0.73,23.72,+7.0 / -13.0 / -10.2,False,45,0.29,1.02
GOLD,E_pd_extreme,E_pd_extreme_rev|ref00-23o1|act13-16|rev|b0.5|a10|m1.0|tp0.75|x17,271,27.9,64.58,1.29,11.9,+9.4 / +12.8 / +5.0,True,106,0.31,1.01
GOLD,E_pd_extreme,E_pd_extreme_rev|ref00-23o1|act13-16|rev|b0.5|a10|m1.0|tp1.0|x17,271,25.02,54.98,1.21,16.57,+12.6 / +10.9 / +0.5,True,106,2.89,1.06
GOLD,E_pd_extreme,E_pd_extreme_rev|ref00-23o1|act13-16|rev|b0.5|a10|m1.0|tpopp|x17,271,-61.4,34.32,0.62,63.99,-23.1 / -24.3 / -14.4,False,106,1.56,1.02
GOLD,E_pd_extreme,E_pd_extreme_rev|ref00-23o1|act13-16|rev|b0.5|a10|m1.5|tp0.75|x17,271,27.58,59.78,1.32,7.52,+11.8 / +6.5 / +8.6,True,106,3.5,1.09
GOLD,E_pd_extreme,E_pd_extreme_rev|ref00-23o1|act13-16|rev|b0.5|a10|m1.5|tp1.0|x17,271,1.63,48.71,1.02,14.53,-0.6 / -3.5 / +5.5,False,106,-1.11,0.97
GOLD,E_pd_extreme,E_pd_extreme_rev|ref00-23o1|act13-16|rev|b0.5|a10|m1.5|tpopp|x17,271,-46.87,38.75,0.62,51.37,-17.6 / -24.0 / -5.5,False,106,-1.73,0.96
GOLD,E_pd_extreme,E_pd_extreme_rev|ref00-23o1|act13-16|rev|b1.0|a10|m1.0|tp0.75|x17,207,20.26,64.25,1.27,6.9,+5.0 / +10.9 / +5.4,True,82,2.85,1.09
GOLD,E_pd_extreme,E_pd_extreme_rev|ref00-23o1|act13-16|rev|b1.0|a10|m1.0|tp1.0|x17,207,26.78,57.49,1.31,8.93,+8.4 / +11.1 / +8.4,True,82,4.55,1.12
GOLD,E_pd_extreme,E_pd_extreme_rev|ref00-23o1|act13-16|rev|b1.0|a10|m1.0|tpopp|x17,207,-46.7,33.82,0.63,49.18,-20.1 / -19.2 / -6.3,False,82,-3.33,0.94
GOLD,E_pd_extreme,E_pd_extreme_rev|ref00-23o1|act13-16|rev|b1.0|a10|m1.5|tp0.75|x17,207,18.01,59.9,1.26,6.58,+5.5 / +4.2 / +9.4,True,82,8.42,1.32
GOLD,E_pd_extreme,E_pd_extreme_rev|ref00-23o1|act13-16|rev|b1.0|a10|m1.5|tp1.0|x17,207,3.14,51.21,1.04,11.5,-0.1 / -2.0 / +6.2,False,82,-2.5,0.93
GOLD,E_pd_extreme,E_pd_extreme_rev|ref00-23o1|act13-16|rev|b1.0|a10|m1.5|tpopp|x17,207,-35.9,39.61,0.63,43.04,-17.6 / -15.6 / -1.7,False,82,-2.77,0.93
GOLD,E_pd_extreme,E_pd_extreme_rev|ref00-23o1|act13-16|rev|b1.5|a10|m1.0|tp0.75|x17,162,23.05,67.28,1.42,5.85,+1.5 / +15.9 / +6.7,True,66,6.98,1.29
GOLD,E_pd_extreme,E_pd_extreme_rev|ref00-23o1|act13-16|rev|b1.5|a10|m1.0|tp1.0|x17,162,26.58,59.88,1.4,7.11,+1.7 / +18.4 / +7.5,True,66,7.48,1.26
GOLD,E_pd_extreme,E_pd_extreme_rev|ref00-23o1|act13-16|rev|b1.5|a10|m1.0|tpopp|x17,162,-43.78,32.1,0.59,51.66,-25.1 / -7.0 / -10.7,False,66,-3.38,0.92
GOLD,E_pd_extreme,E_pd_extreme_rev|ref00-23o1|act13-16|rev|b1.5|a10|m1.5|tp0.75|x17,162,22.69,62.96,1.47,4.34,+4.0 / +9.1 / +10.7,True,66,8.44,1.43
GOLD,E_pd_extreme,E_pd_extreme_rev|ref00-23o1|act13-16|rev|b1.5|a10|m1.5|tp1.0|x17,162,11.65,53.09,1.19,12.46,-5.4 / +7.8 / +10.2,False,66,-0.37,0.99
GOLD,E_pd_extreme,E_pd_extreme_rev|ref00-23o1|act13-16|rev|b1.5|a10|m1.5|tpopp|x17,162,-33.16,37.04,0.59,40.36,-18.7 / -9.6 / -3.9,False,66,-0.16,0.99
GOLD,E_pd_extreme,E_pd_extreme_rev|ref00-23o1|act13-16|rev_cf|b0.5|a10|m1.0|tp0.75|x17,69,-13.2,47.83,0.61,17.7,-3.0 / -7.0 / -2.5,False,28,0.63,1.07
GOLD,E_pd_extreme,E_pd_extreme_rev|ref00-23o1|act13-16|rev_cf|b0.5|a10|m1.0|tp1.0|x17,69,-13.1,42.03,0.63,18.3,-0.2 / -9.0 / -3.1,False,28,0.18,1.02
GOLD,E_pd_extreme,E_pd_extreme_rev|ref00-23o1|act13-16|rev_cf|b0.5|a10|m1.0|tpopp|x17,69,-25.62,37.68,0.34,26.49,-6.1 / -10.1 / -8.7,False,28,3.16,1.34
GOLD,E_pd_extreme,E_pd_extreme_rev|ref00-23o1|act13-16|rev_cf|b0.5|a10|m1.5|tp0.75|x17,69,-4.3,47.83,0.81,8.54,+0.6 / -4.2 / -0.2,False,28,-1.67,0.8
GOLD,E_pd_extreme,E_pd_extreme_rev|ref00-23o1|act13-16|rev_cf|b0.5|a10|m1.5|tp1.0|x17,69,-13.68,39.13,0.48,15.77,-4.1 / -4.1 / -5.0,False,28,-1.25,0.85
GOLD,E_pd_extreme,E_pd_extreme_rev|ref00-23o1|act13-16|rev_cf|b0.5|a10|m1.5|tpopp|x17,69,-16.02,42.03,0.39,16.64,-5.0 / -4.7 / -5.8,False,28,0.02,1.0
GOLD,F_ny_trend_cont,F_ny_trend_cont|ref07-13o0|act14-17|con_cb|b0.0|a10|m1.5|tp1.0|x20,283,74.77,66.78,2.24,4.45,+16.8 / +31.2 / +27.4,True,98,17.23,1.59
GOLD,F_ny_trend_cont,F_ny_trend_cont|ref07-13o0|act14-17|con_cb|b0.0|a10|m1.5|tp1.0|x21,283,74.67,65.37,1.82,6.34,+15.0 / +27.1 / +33.2,True,98,13.88,1.36
GOLD,F_ny_trend_cont,F_ny_trend_cont|ref07-13o0|act14-17|con_cb|b0.0|a10|m1.5|tp1.5|x20,283,82.63,62.9,2.24,4.37,+22.5 / +28.9 / +31.9,True,98,23.72,1.79
GOLD,F_ny_trend_cont,F_ny_trend_cont|ref07-13o0|act14-17|con_cb|b0.0|a10|m1.5|tp1.5|x21,283,88.47,56.89,1.8,5.69,+22.8 / +26.9 / +39.4,True,98,20.86,1.47
GOLD,F_ny_trend_cont,F_ny_trend_cont|ref07-13o0|act14-17|con_cb|b0.0|a10|m1.5|tp2.0|x20,283,77.75,61.84,2.14,4.96,+17.9 / +27.4 / +33.1,True,98,23.46,1.75
GOLD,F_ny_trend_cont,F_ny_trend_cont|ref07-13o0|act14-17|con_cb|b0.0|a10|m1.5|tp2.0|x21,283,72.41,50.18,1.57,12.31,+7.5 / +29.0 / +36.5,True,98,25.17,1.53
GOLD,F_ny_trend_cont,F_ny_trend_cont|ref07-13o0|act14-17|con_cb|b0.0|a10|m2.0|tp1.0|x20,283,71.87,66.78,2.76,2.15,+20.1 / +24.5 / +27.8,True,98,22.2,2.1
GOLD,F_ny_trend_cont,F_ny_trend_cont|ref07-13o0|act14-17|con_cb|b0.0|a10|m2.0|tp1.0|x21,283,74.24,64.66,1.96,3.2,+18.2 / +23.2 / +33.3,True,98,19.67,1.59
GOLD,F_ny_trend_cont,F_ny_trend_cont|ref07-13o0|act14-17|con_cb|b0.0|a10|m2.0|tp1.5|x20,283,71.16,65.02,2.63,3.26,+19.4 / +23.8 / +28.6,True,98,20.75,1.94
GOLD,F_ny_trend_cont,F_ny_trend_cont|ref07-13o0|act14-17|con_cb|b0.0|a10|m2.0|tp1.5|x21,283,61.37,55.48,1.62,6.48,+7.3 / +25.2 / +29.3,True,98,25.66,1.67
GOLD,F_ny_trend_cont,F_ny_trend_cont|ref07-13o0|act14-17|con_cb|b0.0|a10|m2.0|tp2.0|x20,283,70.57,64.31,2.59,3.79,+19.1 / +26.0 / +26.0,True,98,20.39,1.92
GOLD,F_ny_trend_cont,F_ny_trend_cont|ref07-13o0|act14-17|con_cb|b0.0|a10|m2.0|tp2.0|x21,283,63.78,51.94,1.59,8.55,+6.0 / +27.8 / +30.4,True,98,20.51,1.49
GOLD,F_ny_trend_cont,F_ny_trend_cont|ref07-13o0|act14-17|con_cb|b0.0|a10|m2.5|tp1.0|x20,283,63.67,66.43,2.99,1.85,+20.4 / +17.6 / +26.1,True,98,16.85,1.95
GOLD,F_ny_trend_cont,F_ny_trend_cont|ref07-13o0|act14-17|con_cb|b0.0|a10|m2.5|tp1.0|x21,283,63.75,62.9,1.89,4.9,+13.4 / +18.1 / +32.5,True,98,14.89,1.44
GOLD,F_ny_trend_cont,F_ny_trend_cont|ref07-13o0|act14-17|con_cb|b0.0|a10|m2.5|tp1.5|x20,283,57.11,64.66,2.64,2.13,+17.2 / +19.9 / +20.5,True,98,15.2,1.81
GOLD,F_ny_trend_cont,F_ny_trend_cont|ref07-13o0|act14-17|con_cb|b0.0|a10|m2.5|tp1.5|x21,283,57.34,56.18,1.66,6.31,+8.6 / +22.7 / +26.3,True,98,13.31,1.36
GOLD,F_ny_trend_cont,F_ny_trend_cont|ref07-13o0|act14-17|con_cb|b0.0|a10|m2.5|tp2.0|x20,283,55.97,64.66,2.61,2.13,+17.2 / +19.9 / +19.3,True,98,13.36,1.72
GOLD,F_ny_trend_cont,F_ny_trend_cont|ref07-13o0|act14-17|con_cb|b0.0|a10|m2.5|tp2.0|x21,283,62.48,55.12,1.7,8.05,+7.9 / +26.3 / +28.6,True,98,15.72,1.41
GOLD,F_ny_trend_cont,F_ny_trend_cont|ref07-13o0|act15-18|con_cb|b0.0|a10|m1.5|tp1.0|x20,280,44.91,60.0,1.8,4.49,+11.8 / +16.3 / +17.8,True,101,24.02,2.19
GOLD,F_ny_trend_cont,F_ny_trend_cont|ref07-13o0|act15-18|con_cb|b0.0|a10|m1.5|tp1.0|x21,280,44.61,61.07,1.45,8.07,+5.2 / +11.5 / +28.9,True,101,18.38,1.49
GOLD,F_ny_trend_cont,F_ny_trend_cont|ref07-13o0|act15-18|con_cb|b0.0|a10|m1.5|tp1.5|x20,280,44.69,57.86,1.75,4.92,+13.4 / +12.9 / +19.4,True,101,25.24,2.17
GOLD,F_ny_trend_cont,F_ny_trend_cont|ref07-13o0|act15-18|con_cb|b0.0|a10|m1.5|tp1.5|x21,280,46.12,52.5,1.39,7.76,+4.9 / +11.0 / +31.2,True,101,18.88,1.42
GOLD,F_ny_trend_cont,F_ny_trend_cont|ref07-13o0|act15-18|con_cb|b0.0|a10|m1.5|tp2.0|x20,280,42.75,57.5,1.71,4.92,+13.2 / +13.1 / +17.4,True,101,19.95,1.88
GOLD,F_ny_trend_cont,F_ny_trend_cont|ref07-13o0|act15-18|con_cb|b0.0|a10|m1.5|tp2.0|x21,280,39.1,48.21,1.3,10.08,+1.8 / +11.9 / +26.5,True,101,12.97,1.27
GOLD,F_ny_trend_cont,F_ny_trend_cont|ref07-13o0|act15-18|con_cb|b0.0|a10|m2.0|tp1.0|x20,280,37.24,60.0,1.92,2.58,+10.0 / +13.7 / +14.2,True,101,20.18,2.35
GOLD,F_ny_trend_cont,F_ny_trend_cont|ref07-13o0|act15-18|con_cb|b0.0|a10|m2.0|tp1.0|x21,280,34.87,59.29,1.39,7.38,+4.7 / +9.6 / +21.1,True,101,13.6,1.37
GOLD,F_ny_trend_cont,F_ny_trend_cont|ref07-13o0|act15-18|con_cb|b0.0|a10|m2.0|tp1.5|x20,280,36.54,58.93,1.88,2.83,+10.8 / +13.3 / +13.1,True,101,15.99,2.0
GOLD,F_ny_trend_cont,F_ny_trend_cont|ref07-13o0|act15-18|con_cb|b0.0|a10|m2.0|tp1.5|x21,280,31.26,52.86,1.3,11.67,+2.4 / +11.0 / +18.4,True,101,9.48,1.23
GOLD,F_ny_trend_cont,F_ny_trend_cont|ref07-13o0|act15-18|con_cb|b0.0|a10|m2.0|tp2.0|x20,280,36.67,58.93,1.89,2.83,+10.2 / +13.4 / +13.7,True,101,17.48,2.1
GOLD,F_ny_trend_cont,F_ny_trend_cont|ref07-13o0|act15-18|con_cb|b0.0|a10|m2.0|tp2.0|x21,280,35.53,51.07,1.33,12.39,+2.1 / +12.8 / +21.2,True,101,11.98,1.28
GOLD,F_ny_trend_cont,F_ny_trend_cont|ref07-13o0|act15-18|con_cb|b0.0|a10|m2.5|tp1.0|x20,280,28.28,59.64,1.81,2.14,+8.2 / +10.0 / +10.6,True,101,14.74,2.08
GOLD,F_ny_trend_cont,F_ny_trend_cont|ref07-13o0|act15-18|con_cb|b0.0|a10|m2.5|tp1.0|x21,280,34.18,58.93,1.43,7.4,+3.8 / +7.9 / +22.9,True,101,9.75,1.28
GOLD,F_ny_trend_cont,F_ny_trend_cont|ref07-13o0|act15-18|con_cb|b0.0|a10|m2.5|tp1.5|x20,280,27.34,59.29,1.78,2.21,+8.2 / +9.9 / +9.8,True,101,13.13,1.96
GOLD,F_ny_trend_cont,F_ny_trend_cont|ref07-13o0|act15-18|con_cb|b0.0|a10|m2.5|tp1.5|x21,280,29.32,54.64,1.33,10.24,+2.8 / +9.0 / +17.9,True,101,5.52,1.15
GOLD,F_ny_trend_cont,F_ny_trend_cont|ref07-13o0|act15-18|con_cb|b0.0|a10|m2.5|tp2.0|x20,280,27.14,59.29,1.78,2.21,+8.2 / +10.4 / +9.1,True,101,11.49,1.84
GOLD,F_ny_trend_cont,F_ny_trend_cont|ref07-13o0|act15-18|con_cb|b0.0|a10|m2.5|tp2.0|x21,280,31.38,53.93,1.34,9.8,+0.0 / +12.4 / +19.4,True,101,10.74,1.28
GOLD,F_ny_trend_cont,F_ny_trend_cont|ref06-12o0|act14-17|con_cb|b0.0|a10|m1.5|tp1.0|x20,300,82.82,68.0,2.29,5.47,+18.7 / +37.1 / +27.8,True,112,11.44,1.3
GOLD,F_ny_trend_cont,F_ny_trend_cont|ref06-12o0|act14-17|con_cb|b0.0|a10|m1.5|tp1.0|x21,300,77.41,65.0,1.78,7.17,+15.9 / +33.0 / +29.2,True,112,11.41,1.24
GOLD,F_ny_trend_cont,F_ny_trend_cont|ref06-12o0|act14-17|con_cb|b0.0|a10|m1.5|tp1.5|x20,300,87.46,64.67,2.27,5.48,+22.2 / +33.6 / +32.3,True,112,19.94,1.51
GOLD,F_ny_trend_cont,F_ny_trend_cont|ref06-12o0|act14-17|con_cb|b0.0|a10|m1.5|tp1.5|x21,300,98.74,58.67,1.86,7.09,+24.2 / +35.3 / +39.8,True,112,18.89,1.35
GOLD,F_ny_trend_cont,F_ny_trend_cont|ref06-12o0|act14-17|con_cb|b0.0|a10|m1.5|tp2.0|x20,300,81.77,63.33,2.15,5.48,+18.1 / +33.8 / +30.5,True,112,18.06,1.45
GOLD,F_ny_trend_cont,F_ny_trend_cont|ref06-12o0|act14-17|con_cb|b0.0|a10|m1.5|tp2.0|x21,300,80.99,51.33,1.6,11.0,+14.7 / +35.5 / +31.4,True,112,24.28,1.43
GOLD,F_ny_trend_cont,F_ny_trend_cont|ref06-12o0|act14-17|con_cb|b0.0|a10|m2.0|tp1.0|x20,300,78.06,68.67,2.84,2.86,+21.0 / +27.7 / +29.9,True,112,17.48,1.65
GOLD,F_ny_trend_cont,F_ny_trend_cont|ref06-12o0|act14-17|con_cb|b0.0|a10|m2.0|tp1.0|x21,300,74.51,64.67,1.87,6.06,+20.4 / +23.1 / +31.5,True,112,17.79,1.43
GOLD,F_ny_trend_cont,F_ny_trend_cont|ref06-12o0|act14-17|con_cb|b0.0|a10|m2.0|tp1.5|x20,300,75.55,66.67,2.64,3.9,+19.8 / +28.3 / +28.0,True,112,15.85,1.55
GOLD,F_ny_trend_cont,F_ny_trend_cont|ref06-12o0|act14-17|con_cb|b0.0|a10|m2.0|tp1.5|x21,300,68.37,56.67,1.65,7.27,+15.1 / +28.4 / +25.3,True,112,24.77,1.53
GOLD,F_ny_trend_cont,F_ny_trend_cont|ref06-12o0|act14-17|con_cb|b0.0|a10|m2.0|tp2.0|x20,300,76.96,66.33,2.66,3.9,+19.8 / +30.4 / +27.2,True,112,15.64,1.54
GOLD,F_ny_trend_cont,F_ny_trend_cont|ref06-12o0|act14-17|con_cb|b0.0|a10|m2.0|tp2.0|x21,300,73.39,53.67,1.65,10.27,+20.0 / +28.4 / +25.4,True,112,21.21,1.43
GOLD,F_ny_trend_cont,F_ny_trend_cont|ref06-12o0|act14-17|con_cb|b0.0|a10|m2.5|tp1.0|x20,300,66.41,68.0,2.92,2.49,+19.8 / +20.8 / +26.2,True,112,14.24,1.62
GOLD,F_ny_trend_cont,F_ny_trend_cont|ref06-12o0|act14-17|con_cb|b0.0|a10|m2.5|tp1.0|x21,300,62.71,63.33,1.77,5.27,+11.7 / +23.0 / +28.4,True,112,15.08,1.37
GOLD,F_ny_trend_cont,F_ny_trend_cont|ref06-12o0|act14-17|con_cb|b0.0|a10|m2.5|tp1.5|x20,300,60.63,66.33,2.61,3.12,+16.9 / +23.7 / +20.4,True,112,12.33,1.52
GOLD,F_ny_trend_cont,F_ny_trend_cont|ref06-12o0|act14-17|con_cb|b0.0|a10|m2.5|tp1.5|x21,300,55.95,56.67,1.58,6.56,+9.7 / +28.7 / +18.0,True,112,14.84,1.34
GOLD,F_ny_trend_cont,F_ny_trend_cont|ref06-12o0|act14-17|con_cb|b0.0|a10|m2.5|tp2.0|x20,300,60.4,66.33,2.61,3.12,+16.8 / +23.7 / +20.3,True,112,9.71,1.41
GOLD,F_ny_trend_cont,F_ny_trend_cont|ref06-12o0|act14-17|con_cb|b0.0|a10|m2.5|tp2.0|x21,300,55.11,54.67,1.54,8.54,+7.5 / +26.5 / +21.4,True,112,16.42,1.36
GOLD,F_ny_trend_cont,F_ny_trend_cont|ref06-12o0|act15-18|con_cb|b0.0|a10|m1.5|tp1.0|x20,295,50.37,61.36,1.84,4.29,+13.5 / +19.8 / +18.0,True,109,20.72,1.86
GOLD,F_ny_trend_cont,F_ny_trend_cont|ref06-12o0|act15-18|con_cb|b0.0|a10|m1.5|tp1.0|x21,295,48.81,61.36,1.47,8.87,+10.9 / +13.7 / +25.2,True,109,20.13,1.49
GOLD,F_ny_trend_cont,F_ny_trend_cont|ref06-12o0|act15-18|con_cb|b0.0|a10|m1.5|tp1.5|x20,295,47.06,59.32,1.75,5.03,+12.6 / +15.8 / +19.7,True,109,21.14,1.84
GOLD,F_ny_trend_cont,F_ny_trend_cont|ref06-12o0|act15-18|con_cb|b0.0|a10|m1.5|tp1.5|x21,295,44.03,52.54,1.35,8.21,+4.9 / +15.9 / +24.2,True,109,19.0,1.38
GOLD,F_ny_trend_cont,F_ny_trend_cont|ref06-12o0|act15-18|con_cb|b0.0|a10|m1.5|tp2.0|x20,295,46.43,58.98,1.74,5.03,+12.8 / +16.9 / +17.7,True,109,15.76,1.6
GOLD,F_ny_trend_cont,F_ny_trend_cont|ref06-12o0|act15-18|con_cb|b0.0|a10|m1.5|tp2.0|x21,295,40.69,48.47,1.3,20.61,+9.2 / +12.7 / +19.8,True,109,15.36,1.29
GOLD,F_ny_trend_cont,F_ny_trend_cont|ref06-12o0|act15-18|con_cb|b0.0|a10|m2.0|tp1.0|x20,295,39.0,61.02,1.89,3.15,+10.2 / +16.0 / +13.5,True,109,17.01,1.95
GOLD,F_ny_trend_cont,F_ny_trend_cont|ref06-12o0|act15-18|con_cb|b0.0|a10|m2.0|tp1.0|x21,295,34.88,59.32,1.36,5.88,+3.8 / +13.5 / +18.2,True,109,13.53,1.34
GOLD,F_ny_trend_cont,F_ny_trend_cont|ref06-12o0|act15-18|con_cb|b0.0|a10|m2.0|tp1.5|x20,295,38.4,60.0,1.86,3.15,+10.9 / +15.8 / +12.3,True,109,12.74,1.68
GOLD,F_ny_trend_cont,F_ny_trend_cont|ref06-12o0|act15-18|con_cb|b0.0|a10|m2.0|tp1.5|x21,295,34.7,53.56,1.31,16.26,+8.1 / +14.1 / +13.0,True,109,11.49,1.26
GOLD,F_ny_trend_cont,F_ny_trend_cont|ref06-12o0|act15-18|con_cb|b0.0|a10|m2.0|tp2.0|x20,295,38.78,60.0,1.87,3.15,+10.3 / +16.1 / +13.0,True,109,14.24,1.75
GOLD,F_ny_trend_cont,F_ny_trend_cont|ref06-12o0|act15-18|con_cb|b0.0|a10|m2.0|tp2.0|x21,295,40.02,52.2,1.35,16.2,+8.9 / +14.7 / +17.0,True,109,13.26,1.29
GOLD,F_ny_trend_cont,F_ny_trend_cont|ref06-12o0|act15-18|con_cb|b0.0|a10|m2.5|tp1.0|x20,295,30.32,60.68,1.83,2.73,+8.4 / +12.4 / +10.1,True,109,12.86,1.84
GOLD,F_ny_trend_cont,F_ny_trend_cont|ref06-12o0|act15-18|con_cb|b0.0|a10|m2.5|tp1.0|x21,295,30.15,58.64,1.34,6.3,+1.3 / +12.2 / +17.1,True,109,11.1,1.29
GOLD,F_ny_trend_cont,F_ny_trend_cont|ref06-12o0|act15-18|con_cb|b0.0|a10|m2.5|tp1.5|x20,295,29.93,60.34,1.82,2.73,+8.5 / +12.7 / +9.2,True,109,11.19,1.73
GOLD,F_ny_trend_cont,F_ny_trend_cont|ref06-12o0|act15-18|con_cb|b0.0|a10|m2.5|tp1.5|x21,295,25.32,54.92,1.26,10.49,+1.8 / +13.0 / +11.0,True,109,7.65,1.19
GOLD,F_ny_trend_cont,F_ny_trend_cont|ref06-12o0|act15-18|con_cb|b0.0|a10|m2.5|tp2.0|x20,295,29.75,60.34,1.81,2.73,+8.4 / +13.2 / +8.6,True,109,9.53,1.62
GOLD,F_ny_trend_cont,F_ny_trend_cont|ref06-12o0|act15-18|con_cb|b0.0|a10|m2.5|tp2.0|x21,295,22.4,53.22,1.22,15.35,-1.3 / +10.2 / +14.0,False,109,13.93,1.34
GOLD,G_asia_cont,G_asia_cont|ref19-21o1|act22-09|con|b0.5|a10|m1.0|tp1.0|x09,337,-99.85,37.69,0.53,98.89,-32.9 / -40.9 / -25.1,False,126,-50.31,0.42
GOLD,G_asia_cont,G_asia_cont|ref19-21o1|act22-09|con|b0.5|a10|m1.0|tp1.0|x10,337,-99.84,38.28,0.54,98.95,-32.0 / -40.8 / -26.0,False,126,-49.68,0.43
GOLD,G_asia_cont,G_asia_cont|ref19-21o1|act22-09|con|b0.5|a10|m1.0|tp1.5|x09,337,-78.67,33.53,0.65,77.83,-25.6 / -33.4 / -18.6,False,126,-48.66,0.47
GOLD,G_asia_cont,G_asia_cont|ref19-21o1|act22-09|con|b0.5|a10|m1.0|tp1.5|x10,337,-74.62,34.42,0.67,74.69,-24.5 / -32.2 / -16.8,False,126,-48.69,0.47
GOLD,G_asia_cont,G_asia_cont|ref19-21o1|act22-09|con|b0.5|a10|m1.5|tp1.0|x09,337,-9.64,48.66,0.93,18.41,-0.4 / +0.4 / -8.6,False,126,-15.63,0.75
GOLD,G_asia_cont,G_asia_cont|ref19-21o1|act22-09|con|b0.5|a10|m1.5|tp1.0|x10,337,-9.25,50.15,0.94,18.26,+0.6 / -0.5 / -8.4,False,126,-14.72,0.76
GOLD,G_asia_cont,G_asia_cont|ref19-21o1|act22-09|con|b0.5|a10|m1.5|tp1.5|x09,337,0.84,45.4,1.01,18.09,+4.4 / +2.4 / -5.0,False,126,-16.05,0.75
GOLD,G_asia_cont,G_asia_cont|ref19-21o1|act22-09|con|b0.5|a10|m1.5|tp1.5|x10,337,1.93,45.99,1.01,17.97,+6.0 / +1.1 / -4.1,False,126,-15.62,0.76
GOLD,G_asia_cont,G_asia_cont|ref19-21o1|act22-09|con|b1.0|a10|m1.0|tp1.0|x09,294,-135.45,29.25,0.36,134.97,-42.0 / -48.6 / -43.8,False,115,-53.68,0.34
GOLD,G_asia_cont,G_asia_cont|ref19-21o1|act22-09|con|b1.0|a10|m1.0|tp1.0|x10,294,-133.85,29.25,0.37,133.06,-40.4 / -48.9 / -43.5,False,115,-54.53,0.34
GOLD,G_asia_cont,G_asia_cont|ref19-21o1|act22-09|con|b1.0|a10|m1.0|tp1.5|x09,294,-123.81,25.85,0.44,123.32,-37.9 / -41.8 / -43.1,False,115,-48.95,0.41
GOLD,G_asia_cont,G_asia_cont|ref19-21o1|act22-09|con|b1.0|a10|m1.0|tp1.5|x10,294,-121.0,25.85,0.46,120.51,-34.9 / -42.3 / -42.8,False,115,-51.0,0.39
GOLD,G_asia_cont,G_asia_cont|ref19-21o1|act22-09|con|b1.0|a10|m1.5|tp1.0|x09,294,-24.35,47.96,0.83,27.04,-7.7 / -18.6 / +1.0,False,115,-34.29,0.47
GOLD,G_asia_cont,G_asia_cont|ref19-21o1|act22-09|con|b1.0|a10|m1.5|tp1.0|x10,294,-21.07,48.3,0.85,24.04,-3.2 / -19.3 / +0.4,False,115,-36.06,0.46
GOLD,G_asia_cont,G_asia_cont|ref19-21o1|act22-09|con|b1.0|a10|m1.5|tp1.5|x09,294,-18.57,42.86,0.87,22.33,-10.0 / -11.6 / +3.4,False,115,-27.45,0.57
GOLD,G_asia_cont,G_asia_cont|ref19-21o1|act22-09|con|b1.0|a10|m1.5|tp1.5|x10,294,-14.97,44.56,0.9,20.7,-6.3 / -13.9 / +5.1,False,115,-29.51,0.56
GOLD,G_asia_cont,G_asia_cont|ref19-21o1|act22-10|con|b0.5|a10|m1.0|tp1.0|x09,340,-102.9,37.35,0.53,101.95,-32.0 / -43.9 / -26.1,False,126,-50.31,0.42
GOLD,G_asia_cont,G_asia_cont|ref19-21o1|act22-10|con|b0.5|a10|m1.0|tp1.0|x10,340,-102.89,37.94,0.53,102.0,-31.1 / -43.8 / -27.0,False,126,-49.68,0.43
GOLD,G_asia_cont,G_asia_cont|ref19-21o1|act22-10|con|b0.5|a10|m1.0|tp1.5|x09,340,-81.72,33.24,0.64,80.88,-26.7 / -34.4 / -19.6,False,126,-48.66,0.47
GOLD,G_asia_cont,G_asia_cont|ref19-21o1|act22-10|con|b0.5|a10|m1.0|tp1.5|x10,340,-77.68,34.12,0.66,77.74,-25.6 / -33.2 / -17.8,False,126,-48.69,0.47
GOLD,G_asia_cont,G_asia_cont|ref19-21o1|act22-10|con|b0.5|a10|m1.5|tp1.0|x09,340,-12.68,48.24,0.92,19.42,-0.6 / -1.5 / -9.6,False,126,-15.63,0.75
GOLD,G_asia_cont,G_asia_cont|ref19-21o1|act22-10|con|b0.5|a10|m1.5|tp1.0|x10,340,-11.33,49.71,0.93,19.27,-0.4 / -0.5 / -9.4,False,126,-14.72,0.76
GOLD,G_asia_cont,G_asia_cont|ref19-21o1|act22-10|con|b0.5|a10|m1.5|tp1.5|x09,340,-2.2,45.0,0.99,19.1,+4.2 / +0.6 / -6.0,False,126,-16.05,0.75
GOLD,G_asia_cont,G_asia_cont|ref19-21o1|act22-10|con|b0.5|a10|m1.5|tp1.5|x10,340,-0.15,45.59,1.0,18.98,+4.9 / +1.1 / -5.2,False,126,-15.62,0.76
GOLD,G_asia_cont,G_asia_cont|ref19-21o1|act22-10|con|b1.0|a10|m1.0|tp1.0|x09,301,-142.72,28.57,0.35,142.24,-40.2 / -54.6 / -46.9,False,117,-55.7,0.34
GOLD,G_asia_cont,G_asia_cont|ref19-21o1|act22-10|con|b1.0|a10|m1.0|tp1.0|x10,301,-136.62,29.24,0.37,135.83,-38.5 / -52.8 / -44.2,False,117,-54.64,0.35
GOLD,G_asia_cont,G_asia_cont|ref19-21o1|act22-10|con|b1.0|a10|m1.0|tp1.5|x09,301,-131.07,25.25,0.43,130.59,-35.1 / -48.9 / -46.1,False,117,-50.97,0.4
GOLD,G_asia_cont,G_asia_cont|ref19-21o1|act22-10|con|b1.0|a10|m1.0|tp1.5|x10,301,-123.77,25.91,0.45,123.28,-32.0 / -47.3 / -43.4,False,117,-51.12,0.4
GOLD,G_asia_cont,G_asia_cont|ref19-21o1|act22-10|con|b1.0|a10|m1.5|tp1.0|x09,301,-29.53,47.18,0.8,30.51,-5.8 / -22.7 / -2.1,False,117,-36.31,0.45
GOLD,G_asia_cont,G_asia_cont|ref19-21o1|act22-10|con|b1.0|a10|m1.5|tp1.0|x10,301,-22.86,47.84,0.84,25.44,-1.3 / -22.6 / +0.0,False,117,-36.14,0.46
GOLD,G_asia_cont,G_asia_cont|ref19-21o1|act22-10|con|b1.0|a10|m1.5|tp1.5|x09,301,-23.25,42.19,0.85,23.96,-8.1 / -15.2 / +0.3,False,117,-29.46,0.56
GOLD,G_asia_cont,G_asia_cont|ref19-21o1|act22-10|con|b1.0|a10|m1.5|tp1.5|x10,301,-16.77,44.19,0.89,22.09,-5.0 / -16.6 / +4.7,False,117,-29.59,0.56
GOLD,G_asia_cont,G_asia_cont|ref19-22o1|act22-09|con|b0.5|a10|m1.0|tp1.0|x09,335,-99.35,37.61,0.54,100.4,-32.9 / -41.4 / -26.1,False,126,-56.31,0.38
GOLD,G_asia_cont,G_asia_cont|ref19-22o1|act22-09|con|b0.5|a10|m1.0|tp1.0|x10,335,-99.71,38.21,0.54,100.82,-32.0 / -41.7 / -27.0,False,126,-55.68,0.38
GOLD,G_asia_cont,G_asia_cont|ref19-22o1|act22-09|con|b0.5|a10|m1.0|tp1.5|x09,335,-75.34,34.03,0.67,77.0,-25.6 / -35.0 / -16.2,False,126,-56.16,0.41
GOLD,G_asia_cont,G_asia_cont|ref19-22o1|act22-09|con|b0.5|a10|m1.0|tp1.5|x10,335,-71.1,34.93,0.69,73.67,-24.5 / -33.6 / -14.4,False,126,-56.19,0.41
GOLD,G_asia_cont,G_asia_cont|ref19-22o1|act22-09|con|b0.5|a10|m1.5|tp1.0|x09,335,-11.87,48.66,0.92,17.23,-0.4 / -5.1 / -7.4,False,126,-20.21,0.68
GOLD,G_asia_cont,G_asia_cont|ref19-22o1|act22-09|con|b0.5|a10|m1.5|tp1.0|x10,335,-11.16,50.15,0.93,17.34,+0.6 / -5.3 / -7.5,False,126,-19.56,0.69
GOLD,G_asia_cont,G_asia_cont|ref19-22o1|act22-09|con|b0.5|a10|m1.5|tp1.5|x09,335,-0.4,45.37,1.0,16.67,+4.4 / -1.2 / -3.5,False,126,-16.89,0.74
GOLD,G_asia_cont,G_asia_cont|ref19-22o1|act22-09|con|b0.5|a10|m1.5|tp1.5|x10,335,1.41,46.27,1.01,16.33,+6.0 / -2.1 / -2.8,False,126,-16.46,0.75
GOLD,G_asia_cont,G_asia_cont|ref19-22o1|act22-09|con|b1.0|a10|m1.0|tp1.0|x09,291,-135.72,28.87,0.36,135.23,-43.0 / -48.9 / -42.8,False,114,-50.33,0.37
GOLD,G_asia_cont,G_asia_cont|ref19-22o1|act22-09|con|b1.0|a10|m1.0|tp1.0|x10,291,-134.22,28.87,0.36,133.42,-41.3 / -49.4 / -42.5,False,114,-51.51,0.36
GOLD,G_asia_cont,G_asia_cont|ref19-22o1|act22-09|con|b1.0|a10|m1.0|tp1.5|x09,291,-126.61,25.09,0.43,126.13,-39.3 / -44.2 / -42.0,False,114,-46.09,0.42
GOLD,G_asia_cont,G_asia_cont|ref19-22o1|act22-09|con|b1.0|a10|m1.0|tp1.5|x10,291,-124.01,25.09,0.44,123.51,-36.3 / -45.0 / -41.7,False,114,-48.64,0.41
GOLD,G_asia_cont,G_asia_cont|ref19-22o1|act22-09|con|b1.0|a10|m1.5|tp1.0|x09,291,-24.11,47.77,0.83,24.88,-8.6 / -15.5 / +0.5,False,114,-33.12,0.48
GOLD,G_asia_cont,G_asia_cont|ref19-22o1|act22-09|con|b1.0|a10|m1.5|tp1.0|x10,291,-20.75,48.45,0.85,23.0,-4.1 / -16.4 / -0.3,False,114,-34.87,0.48
GOLD,G_asia_cont,G_asia_cont|ref19-22o1|act22-09|con|b1.0|a10|m1.5|tp1.5|x09,291,-17.17,42.96,0.88,20.4,-11.4 / -8.3 / +2.9,False,114,-26.94,0.58
GOLD,G_asia_cont,G_asia_cont|ref19-22o1|act22-09|con|b1.0|a10|m1.5|tp1.5|x10,291,-13.68,44.67,0.91,19.23,-7.7 / -10.7 / +4.7,False,114,-29.32,0.56
GOLD,G_asia_cont,G_asia_cont|ref19-22o1|act22-10|con|b0.5|a10|m1.0|tp1.0|x09,339,-101.47,37.46,0.53,102.51,-32.0 / -43.4 / -27.1,False,126,-56.31,0.38
GOLD,G_asia_cont,G_asia_cont|ref19-22o1|act22-10|con|b0.5|a10|m1.0|tp1.0|x10,339,-101.82,38.05,0.53,102.93,-31.1 / -43.7 / -28.0,False,126,-55.68,0.38
GOLD,G_asia_cont,G_asia_cont|ref19-22o1|act22-10|con|b0.5|a10|m1.0|tp1.5|x09,339,-79.45,33.63,0.65,81.11,-26.7 / -37.0 / -17.2,False,126,-56.16,0.41
GOLD,G_asia_cont,G_asia_cont|ref19-22o1|act22-10|con|b0.5|a10|m1.0|tp1.5|x10,339,-74.17,34.51,0.68,76.73,-25.6 / -34.6 / -15.4,False,126,-56.19,0.41
GOLD,G_asia_cont,G_asia_cont|ref19-22o1|act22-10|con|b0.5|a10|m1.5|tp1.0|x09,339,-15.95,48.08,0.9,19.8,-0.6 / -8.0 / -8.4,False,126,-20.21,0.68
GOLD,G_asia_cont,G_asia_cont|ref19-22o1|act22-10|con|b0.5|a10|m1.5|tp1.0|x10,339,-13.24,49.56,0.92,18.1,-0.4 / -5.3 / -8.5,False,126,-19.56,0.69
GOLD,G_asia_cont,G_asia_cont|ref19-22o1|act22-10|con|b0.5|a10|m1.5|tp1.5|x09,339,-4.48,44.84,0.97,17.68,+4.2 / -4.1 / -4.5,False,126,-16.89,0.74
GOLD,G_asia_cont,G_asia_cont|ref19-22o1|act22-10|con|b0.5|a10|m1.5|tp1.5|x10,339,-0.67,45.72,1.0,17.34,+4.9 / -2.1 / -3.9,False,126,-16.46,0.75
GOLD,G_asia_cont,G_asia_cont|ref19-22o1|act22-10|con|b1.0|a10|m1.0|tp1.0|x09,299,-144.0,28.09,0.34,143.51,-40.2 / -56.9 / -45.9,False,116,-52.35,0.36
GOLD,G_asia_cont,G_asia_cont|ref19-22o1|act22-10|con|b1.0|a10|m1.0|tp1.0|x10,299,-138.74,28.76,0.36,137.94,-38.5 / -56.0 / -43.2,False,116,-51.63,0.37
GOLD,G_asia_cont,G_asia_cont|ref19-22o1|act22-10|con|b1.0|a10|m1.0|tp1.5|x09,299,-134.89,24.41,0.41,134.41,-35.1 / -53.7 / -45.1,False,116,-48.12,0.41
GOLD,G_asia_cont,G_asia_cont|ref19-22o1|act22-10|con|b1.0|a10|m1.0|tp1.5|x10,299,-128.53,25.08,0.44,128.03,-32.0 / -53.1 / -42.4,False,116,-48.76,0.41
GOLD,G_asia_cont,G_asia_cont|ref19-22o1|act22-10|con|b1.0|a10|m1.5|tp1.0|x09,299,-30.3,46.82,0.79,29.98,-5.8 / -21.5 / -2.6,False,116,-35.14,0.47
GOLD,G_asia_cont,G_asia_cont|ref19-22o1|act22-10|con|b1.0|a10|m1.5|tp1.0|x10,299,-22.9,47.83,0.84,24.18,-1.3 / -21.8 / +0.1,False,116,-34.95,0.48
GOLD,G_asia_cont,G_asia_cont|ref19-22o1|act22-10|con|b1.0|a10|m1.5|tp1.5|x09,299,-22.86,42.14,0.85,22.65,-8.1 / -14.3 / -0.1,False,116,-28.95,0.56
GOLD,G_asia_cont,G_asia_cont|ref19-22o1|act22-10|con|b1.0|a10|m1.5|tp1.5|x10,299,-15.83,44.15,0.9,20.47,-5.0 / -16.0 / +5.1,False,116,-29.39,0.56
