inst,family,spec,n_tr,tr_r,tr_wr,tr_pf,tr_dd,segs,seg_ok,te_n,te_r,te_pf
GBPUSD,A_asia_ny,A_asia_ny_rev|ref19-21o1|act22-09|rev|b0.75|a10|m1.0|tp0.75|x08,473,-13.95,72.3,0.92,23.07,+7.1 / -17.0 / -2.5,False,137,8.14,1.2
GBPUSD,A_asia_ny,A_asia_ny_rev|ref19-21o1|act22-09|rev|b0.75|a10|m1.0|tpopp|x08,473,-140.63,34.67,0.63,158.27,-13.8 / -60.2 / -65.1,False,137,-13.52,0.86
GBPUSD,A_asia_ny,A_asia_ny_rev|ref19-21o1|act22-09|rev|b1.0|a10|m1.0|tp0.75|x08,444,-0.69,74.1,1.0,24.34,-3.7 / -13.4 / +16.1,False,123,3.26,1.08
GBPUSD,A_asia_ny,A_asia_ny_rev|ref19-21o1|act22-09|rev|b1.0|a10|m1.0|tpopp|x08,444,-143.77,33.78,0.61,145.46,-36.3 / -47.7 / -58.3,False,123,-17.32,0.81
GBPUSD,A_asia_ny,A_asia_ny_rev|ref19-21o1|act22-09|rev|b1.25|a10|m1.0|tp0.75|x08,409,-4.81,73.59,0.97,29.51,-4.3 / -11.5 / +10.7,False,112,16.74,1.65
GBPUSD,A_asia_ny,A_asia_ny_rev|ref19-21o1|act22-09|rev|b1.25|a10|m1.0|tpopp|x08,409,-144.79,29.58,0.6,143.49,-46.7 / -44.4 / -52.3,False,112,-8.32,0.9
GBPUSD,A_asia_ny,A_asia_ny_rev|ref19-21o1|act22-10|rev|b0.75|a10|m1.0|tp0.75|x08,482,-11.22,72.61,0.93,21.5,+8.3 / -15.3 / -2.8,False,139,5.46,1.13
GBPUSD,A_asia_ny,A_asia_ny_rev|ref19-21o1|act22-10|rev|b0.75|a10|m1.0|tpopp|x08,482,-139.8,34.85,0.64,156.17,-14.9 / -57.5 / -65.9,False,139,-16.2,0.83
GBPUSD,A_asia_ny,A_asia_ny_rev|ref19-21o1|act22-10|rev|b1.0|a10|m1.0|tp0.75|x08,459,1.77,74.29,1.01,24.45,-3.2 / -14.0 / +18.6,False,132,2.25,1.05
GBPUSD,A_asia_ny,A_asia_ny_rev|ref19-21o1|act22-10|rev|b1.0|a10|m1.0|tpopp|x08,459,-144.23,33.77,0.62,147.4,-32.8 / -51.8 / -58.2,False,132,-15.4,0.85
GBPUSD,A_asia_ny,A_asia_ny_rev|ref19-21o1|act22-10|rev|b1.25|a10|m1.0|tp0.75|x08,424,-5.84,73.35,0.96,32.32,-8.8 / -9.1 / +11.8,False,124,13.52,1.42
GBPUSD,A_asia_ny,A_asia_ny_rev|ref19-21o1|act22-10|rev|b1.25|a10|m1.0|tpopp|x08,424,-146.28,29.72,0.6,147.12,-56.0 / -41.0 / -47.8,False,124,-9.57,0.9
GBPUSD,B_london,B_london_rev|ref19-21o1|act06-09|rev|b0.25|a10|m1.0|tp0.5|x10,541,-220.03,59.15,0.22,218.89,-91.8 / -70.1 / -56.7,False,162,-49.4,0.32
GBPUSD,B_london,B_london_rev|ref19-21o1|act06-09|rev|b0.25|a10|m1.0|tp0.5|x11,541,-220.03,59.15,0.22,218.89,-91.8 / -70.1 / -56.7,False,162,-49.4,0.32
GBPUSD,B_london,B_london_rev|ref19-21o1|act06-09|rev|b0.25|a10|m1.0|tp0.75|x10,541,-208.53,52.87,0.37,207.64,-85.0 / -60.6 / -61.4,False,162,-42.15,0.52
GBPUSD,B_london,B_london_rev|ref19-21o1|act06-09|rev|b0.25|a10|m1.0|tp0.75|x11,541,-208.53,52.87,0.37,207.64,-85.0 / -60.6 / -61.4,False,162,-42.15,0.52
GBPUSD,B_london,B_london_rev|ref19-21o1|act06-09|rev|b0.25|a10|m1.0|tpopp|x10,541,-211.66,31.24,0.56,212.18,-79.6 / -56.3 / -74.3,False,162,-42.73,0.67
GBPUSD,B_london,B_london_rev|ref19-21o1|act06-09|rev|b0.25|a10|m1.0|tpopp|x11,541,-199.94,30.68,0.58,201.35,-74.6 / -53.6 / -70.3,False,162,-40.61,0.69
GBPUSD,B_london,B_london_rev|ref19-21o1|act06-09|rev|b0.25|a10|m1.5|tp0.5|x10,541,-114.13,66.17,0.48,113.2,-44.9 / -28.8 / -39.1,False,162,-16.1,0.69
GBPUSD,B_london,B_london_rev|ref19-21o1|act06-09|rev|b0.25|a10|m1.5|tp0.5|x11,541,-114.37,66.36,0.48,113.44,-45.2 / -28.6 / -39.3,False,162,-18.09,0.67
GBPUSD,B_london,B_london_rev|ref19-21o1|act06-09|rev|b0.25|a10|m1.5|tp0.75|x10,541,-133.81,53.97,0.54,133.13,-45.8 / -41.0 / -45.7,False,162,-13.69,0.8
GBPUSD,B_london,B_london_rev|ref19-21o1|act06-09|rev|b0.25|a10|m1.5|tp0.75|x11,541,-132.79,54.53,0.54,132.11,-45.4 / -40.9 / -45.2,False,162,-15.62,0.78
GBPUSD,B_london,B_london_rev|ref19-21o1|act06-09|rev|b0.25|a10|m1.5|tpopp|x10,541,-135.26,40.85,0.63,140.6,-40.7 / -46.8 / -46.4,False,162,-16.63,0.82
GBPUSD,B_london,B_london_rev|ref19-21o1|act06-09|rev|b0.25|a10|m1.5|tpopp|x11,541,-130.49,40.11,0.65,141.49,-34.4 / -46.0 / -48.8,False,162,-15.86,0.83
GBPUSD,B_london,B_london_rev|ref19-21o1|act06-09|rev|b0.5|a10|m1.0|tp0.5|x10,536,-185.14,62.69,0.26,184.11,-81.1 / -61.6 / -41.0,False,156,-41.02,0.36
GBPUSD,B_london,B_london_rev|ref19-21o1|act06-09|rev|b0.5|a10|m1.0|tp0.5|x11,536,-185.14,62.69,0.26,184.11,-81.1 / -61.6 / -41.0,False,156,-41.02,0.36
GBPUSD,B_london,B_london_rev|ref19-21o1|act06-09|rev|b0.5|a10|m1.0|tp0.75|x10,536,-165.64,57.09,0.45,164.74,-67.6 / -51.4 / -45.2,False,156,-32.02,0.59
GBPUSD,B_london,B_london_rev|ref19-21o1|act06-09|rev|b0.5|a10|m1.0|tp0.75|x11,536,-165.64,57.09,0.45,164.74,-67.6 / -51.4 / -45.2,False,156,-32.02,0.59
GBPUSD,B_london,B_london_rev|ref19-21o1|act06-09|rev|b0.5|a10|m1.0|tpopp|x10,536,-174.2,33.02,0.62,180.82,-61.3 / -55.8 / -55.6,False,156,-34.78,0.72
GBPUSD,B_london,B_london_rev|ref19-21o1|act06-09|rev|b0.5|a10|m1.0|tpopp|x11,536,-158.01,32.28,0.66,171.39,-53.6 / -52.4 / -50.5,False,156,-30.59,0.76
GBPUSD,B_london,B_london_rev|ref19-21o1|act06-09|rev|b0.5|a10|m1.5|tp0.5|x10,536,-79.53,69.96,0.58,78.6,-31.7 / -19.3 / -27.2,False,156,-3.92,0.9
GBPUSD,B_london,B_london_rev|ref19-21o1|act06-09|rev|b0.5|a10|m1.5|tp0.5|x11,536,-79.13,70.15,0.58,78.2,-31.7 / -19.1 / -27.0,False,156,-5.55,0.87
GBPUSD,B_london,B_london_rev|ref19-21o1|act06-09|rev|b0.5|a10|m1.5|tp0.75|x10,536,-85.8,58.77,0.66,85.12,-34.9 / -18.7 / -30.9,False,156,-12.18,0.81
GBPUSD,B_london,B_london_rev|ref19-21o1|act06-09|rev|b0.5|a10|m1.5|tp0.75|x11,536,-88.37,58.77,0.66,87.69,-36.5 / -20.8 / -29.8,False,156,-14.71,0.79
GBPUSD,B_london,B_london_rev|ref19-21o1|act06-09|rev|b0.5|a10|m1.5|tpopp|x10,536,-101.89,42.35,0.71,112.13,-33.1 / -38.0 / -29.4,False,156,-18.17,0.8
GBPUSD,B_london,B_london_rev|ref19-21o1|act06-09|rev|b0.5|a10|m1.5|tpopp|x11,536,-98.53,41.42,0.72,115.09,-28.2 / -38.3 / -30.8,False,156,-15.6,0.83
GBPUSD,B_london,B_london_rev|ref19-21o1|act06-09|rev|b0.75|a10|m1.0|tp0.5|x10,513,-163.28,64.33,0.29,162.96,-72.6 / -49.2 / -41.5,False,151,-29.3,0.45
GBPUSD,B_london,B_london_rev|ref19-21o1|act06-09|rev|b0.75|a10|m1.0|tp0.5|x11,513,-163.28,64.33,0.29,162.96,-72.6 / -49.2 / -41.5,False,151,-29.3,0.45
GBPUSD,B_london,B_london_rev|ref19-21o1|act06-09|rev|b0.75|a10|m1.0|tp0.75|x10,513,-140.03,59.06,0.49,139.55,-61.4 / -42.0 / -35.2,False,151,-21.3,0.69
GBPUSD,B_london,B_london_rev|ref19-21o1|act06-09|rev|b0.75|a10|m1.0|tp0.75|x11,513,-140.03,59.06,0.49,139.55,-61.4 / -42.0 / -35.2,False,151,-21.3,0.69
GBPUSD,B_london,B_london_rev|ref19-21o1|act06-09|rev|b0.75|a10|m1.0|tpopp|x10,513,-188.69,30.99,0.58,189.68,-65.9 / -67.2 / -54.2,False,151,-36.43,0.71
GBPUSD,B_london,B_london_rev|ref19-21o1|act06-09|rev|b0.75|a10|m1.0|tpopp|x11,513,-174.83,30.41,0.62,187.49,-55.7 / -64.6 / -53.0,False,151,-32.82,0.74
GBPUSD,B_london,B_london_rev|ref19-21o1|act06-09|rev|b0.75|a10|m1.5|tp0.5|x10,513,-64.47,71.54,0.63,64.51,-34.9 / -15.0 / -13.2,False,151,1.34,1.04
GBPUSD,B_london,B_london_rev|ref19-21o1|act06-09|rev|b0.75|a10|m1.5|tp0.5|x11,513,-66.05,71.54,0.62,66.09,-34.9 / -16.5 / -13.3,False,151,-0.29,0.99
GBPUSD,B_london,B_london_rev|ref19-21o1|act06-09|rev|b0.75|a10|m1.5|tp0.75|x10,513,-56.77,61.4,0.75,57.36,-33.6 / -6.9 / -15.0,False,151,1.17,1.02
GBPUSD,B_london,B_london_rev|ref19-21o1|act06-09|rev|b0.75|a10|m1.5|tp0.75|x11,513,-58.65,61.79,0.74,59.52,-32.9 / -9.6 / -14.9,False,151,-3.25,0.95
GBPUSD,B_london,B_london_rev|ref19-21o1|act06-09|rev|b0.75|a10|m1.5|tpopp|x10,513,-110.27,40.55,0.67,115.82,-44.2 / -36.1 / -28.6,False,151,-6.75,0.91
GBPUSD,B_london,B_london_rev|ref19-21o1|act06-09|rev|b0.75|a10|m1.5|tpopp|x11,513,-109.87,39.96,0.68,121.59,-38.5 / -39.0 / -31.1,False,151,-5.59,0.93
GBPUSD,B_london,B_london_rev|ref19-21o1|act06-09|rev_cf|b0.25|a10|m1.0|tp0.5|x10,188,-86.37,53.72,0.19,85.25,-34.4 / -28.6 / -22.1,False,58,-31.86,0.16
GBPUSD,B_london,B_london_rev|ref19-21o1|act06-09|rev_cf|b0.25|a10|m1.0|tp0.5|x11,188,-88.19,53.72,0.19,87.08,-35.0 / -29.8 / -22.1,False,58,-31.49,0.17
GBPUSD,B_london,B_london_rev|ref19-21o1|act06-09|rev_cf|b0.25|a10|m1.0|tp0.75|x10,188,-74.69,49.47,0.36,73.82,-28.1 / -21.8 / -23.5,False,58,-28.36,0.3
GBPUSD,B_london,B_london_rev|ref19-21o1|act06-09|rev_cf|b0.25|a10|m1.0|tp0.75|x11,188,-77.41,48.94,0.35,76.55,-29.2 / -21.5 / -25.4,False,58,-29.29,0.29
GBPUSD,B_london,B_london_rev|ref19-21o1|act06-09|rev_cf|b0.25|a10|m1.0|tpopp|x10,188,-69.66,39.89,0.43,68.88,-26.9 / -16.8 / -24.7,False,58,-25.27,0.4
GBPUSD,B_london,B_london_rev|ref19-21o1|act06-09|rev_cf|b0.25|a10|m1.0|tpopp|x11,188,-72.15,39.36,0.42,71.36,-27.2 / -14.8 / -28.9,False,58,-24.41,0.41
GBPUSD,B_london,B_london_rev|ref19-21o1|act06-09|rev_cf|b0.25|a10|m1.5|tp0.5|x10,188,-56.47,55.32,0.35,55.56,-28.1 / -10.2 / -17.0,False,58,-21.85,0.3
GBPUSD,B_london,B_london_rev|ref19-21o1|act06-09|rev_cf|b0.25|a10|m1.5|tp0.5|x11,188,-57.5,56.38,0.36,56.59,-28.6 / -10.3 / -17.4,False,58,-23.68,0.28
GBPUSD,B_london,B_london_rev|ref19-21o1|act06-09|rev_cf|b0.25|a10|m1.5|tp0.75|x10,188,-45.06,50.53,0.52,44.54,-23.1 / -4.9 / -15.9,False,58,-19.43,0.43
GBPUSD,B_london,B_london_rev|ref19-21o1|act06-09|rev_cf|b0.25|a10|m1.5|tp0.75|x11,188,-44.82,51.06,0.54,44.16,-22.6 / -3.8 / -17.2,False,58,-21.25,0.41
GBPUSD,B_london,B_london_rev|ref19-21o1|act06-09|rev_cf|b0.25|a10|m1.5|tpopp|x10,188,-45.76,45.74,0.48,46.36,-23.0 / -6.3 / -15.3,False,58,-17.9,0.43
GBPUSD,B_london,B_london_rev|ref19-21o1|act06-09|rev_cf|b0.25|a10|m1.5|tpopp|x11,188,-45.61,46.81,0.49,47.01,-22.7 / -5.5 / -16.2,False,58,-18.19,0.43
GBPUSD,B_london,B_london_rev|ref19-21o1|act06-09|rev_cf|b0.5|a10|m1.0|tp0.5|x10,157,-72.46,52.23,0.2,71.34,-30.1 / -23.9 / -17.2,False,41,-22.35,0.16
GBPUSD,B_london,B_london_rev|ref19-21o1|act06-09|rev_cf|b0.5|a10|m1.0|tp0.5|x11,157,-73.99,52.87,0.19,72.87,-30.7 / -24.8 / -17.2,False,41,-21.45,0.18
GBPUSD,B_london,B_london_rev|ref19-21o1|act06-09|rev_cf|b0.5|a10|m1.0|tp0.75|x10,157,-66.78,47.13,0.33,65.92,-25.6 / -19.8 / -20.1,False,41,-19.1,0.32
GBPUSD,B_london,B_london_rev|ref19-21o1|act06-09|rev_cf|b0.5|a10|m1.0|tp0.75|x11,157,-68.49,47.77,0.33,67.62,-25.9 / -19.6 / -21.7,False,41,-19.51,0.31
GBPUSD,B_london,B_london_rev|ref19-21o1|act06-09|rev_cf|b0.5|a10|m1.0|tpopp|x10,157,-64.34,38.22,0.38,63.55,-24.7 / -17.4 / -20.9,False,41,-20.19,0.31
GBPUSD,B_london,B_london_rev|ref19-21o1|act06-09|rev_cf|b0.5|a10|m1.0|tpopp|x11,157,-66.77,37.58,0.38,65.98,-25.0 / -15.1 / -25.4,False,41,-18.97,0.34
GBPUSD,B_london,B_london_rev|ref19-21o1|act06-09|rev_cf|b0.5|a10|m1.5|tp0.5|x10,157,-48.35,54.14,0.34,47.44,-22.1 / -11.6 / -13.5,False,41,-15.68,0.29
GBPUSD,B_london,B_london_rev|ref19-21o1|act06-09|rev_cf|b0.5|a10|m1.5|tp0.5|x11,157,-48.2,56.69,0.36,47.29,-22.1 / -11.1 / -13.8,False,41,-16.83,0.28
GBPUSD,B_london,B_london_rev|ref19-21o1|act06-09|rev_cf|b0.5|a10|m1.5|tp0.75|x10,157,-40.79,48.41,0.49,40.26,-18.3 / -9.5 / -11.8,False,41,-14.38,0.41
GBPUSD,B_london,B_london_rev|ref19-21o1|act06-09|rev_cf|b0.5|a10|m1.5|tp0.75|x11,157,-37.51,51.59,0.54,36.85,-17.1 / -7.6 / -11.6,False,41,-14.9,0.4
GBPUSD,B_london,B_london_rev|ref19-21o1|act06-09|rev_cf|b0.5|a10|m1.5|tpopp|x10,157,-39.93,44.59,0.46,40.54,-17.8 / -10.2 / -10.7,False,41,-17.01,0.28
GBPUSD,B_london,B_london_rev|ref19-21o1|act06-09|rev_cf|b0.5|a10|m1.5|tpopp|x11,157,-38.83,45.86,0.48,40.23,-17.1 / -8.7 / -11.9,False,41,-16.69,0.29
GBPUSD,B_london,B_london_rev|ref19-21o1|act06-09|rev_cf|b0.75|a10|m1.0|tp0.5|x10,115,-61.65,46.96,0.16,61.87,-28.5 / -17.1 / -14.8,False,27,-16.06,0.14
GBPUSD,B_london,B_london_rev|ref19-21o1|act06-09|rev_cf|b0.75|a10|m1.0|tp0.5|x11,115,-62.34,47.83,0.17,62.57,-28.2 / -18.0 / -14.8,False,27,-15.16,0.16
GBPUSD,B_london,B_london_rev|ref19-21o1|act06-09|rev_cf|b0.75|a10|m1.0|tp0.75|x10,115,-58.32,42.61,0.28,58.79,-28.2 / -13.5 / -15.3,False,27,-14.81,0.26
GBPUSD,B_london,B_london_rev|ref19-21o1|act06-09|rev_cf|b0.75|a10|m1.0|tp0.75|x11,115,-58.31,43.48,0.29,58.79,-26.2 / -14.8 / -16.0,False,27,-15.22,0.25
GBPUSD,B_london,B_london_rev|ref19-21o1|act06-09|rev_cf|b0.75|a10|m1.0|tpopp|x10,115,-59.78,33.91,0.29,60.34,-25.5 / -16.5 / -16.4,False,27,-12.83,0.32
GBPUSD,B_london,B_london_rev|ref19-21o1|act06-09|rev_cf|b0.75|a10|m1.0|tpopp|x11,115,-61.87,32.17,0.28,62.44,-24.1 / -16.4 / -20.0,False,27,-11.97,0.34
GBPUSD,B_london,B_london_rev|ref19-21o1|act06-09|rev_cf|b0.75|a10|m1.5|tp0.5|x10,115,-45.32,48.7,0.27,45.64,-24.7 / -7.4 / -12.1,False,27,-10.82,0.27
GBPUSD,B_london,B_london_rev|ref19-21o1|act06-09|rev_cf|b0.75|a10|m1.5|tp0.5|x11,115,-44.27,51.3,0.3,44.59,-23.1 / -7.5 / -12.5,False,27,-11.97,0.25
GBPUSD,B_london,B_london_rev|ref19-21o1|act06-09|rev_cf|b0.75|a10|m1.5|tp0.75|x10,115,-42.86,43.48,0.37,43.57,-23.4 / -6.5 / -11.7,False,27,-8.42,0.44
GBPUSD,B_london,B_london_rev|ref19-21o1|act06-09|rev_cf|b0.75|a10|m1.5|tp0.75|x11,115,-41.52,44.35,0.4,42.08,-21.9 / -5.8 / -12.6,False,27,-9.43,0.41
GBPUSD,B_london,B_london_rev|ref19-21o1|act06-09|rev_cf|b0.75|a10|m1.5|tpopp|x10,115,-42.42,39.13,0.33,43.81,-22.1 / -10.1 / -9.0,False,27,-9.44,0.32
GBPUSD,B_london,B_london_rev|ref19-21o1|act06-09|rev_cf|b0.75|a10|m1.5|tpopp|x11,115,-43.2,39.13,0.33,44.58,-20.8 / -10.1 / -11.1,False,27,-9.36,0.33
GBPUSD,B_london,B_london_rev|ref19-21o1|act06-10|rev|b0.25|a10|m1.0|tp0.5|x10,550,-219.66,59.45,0.23,218.74,-92.7 / -71.8 / -53.7,False,166,-48.32,0.33
GBPUSD,B_london,B_london_rev|ref19-21o1|act06-10|rev|b0.25|a10|m1.0|tp0.5|x11,550,-218.92,59.64,0.23,218.0,-92.7 / -71.8 / -52.9,False,166,-48.32,0.33
GBPUSD,B_london,B_london_rev|ref19-21o1|act06-10|rev|b0.25|a10|m1.0|tp0.75|x10,550,-206.85,53.27,0.38,206.43,-85.4 / -62.1 / -57.9,False,166,-40.07,0.54
GBPUSD,B_london,B_london_rev|ref19-21o1|act06-10|rev|b0.25|a10|m1.0|tp0.75|x11,550,-205.42,53.45,0.39,205.0,-85.4 / -62.1 / -56.4,False,166,-40.07,0.54
GBPUSD,B_london,B_london_rev|ref19-21o1|act06-10|rev|b0.25|a10|m1.0|tpopp|x10,550,-211.54,31.45,0.56,213.35,-79.9 / -57.8 / -72.4,False,166,-40.58,0.69
GBPUSD,B_london,B_london_rev|ref19-21o1|act06-10|rev|b0.25|a10|m1.0|tpopp|x11,550,-202.08,30.91,0.58,202.86,-76.8 / -55.5 / -68.3,False,166,-40.23,0.7
GBPUSD,B_london,B_london_rev|ref19-21o1|act06-10|rev|b0.25|a10|m1.5|tp0.5|x10,550,-111.84,66.55,0.49,111.23,-45.5 / -28.9 / -36.1,False,166,-14.72,0.72
GBPUSD,B_london,B_london_rev|ref19-21o1|act06-10|rev|b0.25|a10|m1.5|tp0.5|x11,550,-111.13,66.91,0.49,110.52,-45.8 / -28.8 / -35.3,False,166,-16.7,0.69
GBPUSD,B_london,B_london_rev|ref19-21o1|act06-10|rev|b0.25|a10|m1.5|tp0.75|x10,550,-132.01,54.18,0.54,131.9,-46.7 / -41.3 / -42.8,False,166,-12.86,0.81
GBPUSD,B_london,B_london_rev|ref19-21o1|act06-10|rev|b0.25|a10|m1.5|tp0.75|x11,550,-129.71,54.91,0.56,129.6,-46.2 / -40.6 / -41.6,False,166,-14.98,0.79
GBPUSD,B_london,B_london_rev|ref19-21o1|act06-10|rev|b0.25|a10|m1.5|tpopp|x10,550,-134.36,41.09,0.63,140.39,-41.2 / -47.3 / -44.5,False,166,-15.19,0.83
GBPUSD,B_london,B_london_rev|ref19-21o1|act06-10|rev|b0.25|a10|m1.5|tpopp|x11,550,-129.66,40.36,0.65,140.07,-36.2 / -46.4 / -45.8,False,166,-16.19,0.83
GBPUSD,B_london,B_london_rev|ref19-21o1|act06-10|rev|b0.5|a10|m1.0|tp0.5|x10,544,-187.44,62.68,0.27,186.64,-81.8 / -64.1 / -40.1,False,163,-40.92,0.38
GBPUSD,B_london,B_london_rev|ref19-21o1|act06-10|rev|b0.5|a10|m1.0|tp0.5|x11,544,-187.44,62.68,0.27,186.64,-81.8 / -64.1 / -40.1,False,163,-40.92,0.38
GBPUSD,B_london,B_london_rev|ref19-21o1|act06-10|rev|b0.5|a10|m1.0|tp0.75|x10,544,-166.69,57.17,0.45,166.27,-68.1 / -53.6 / -43.6,False,163,-30.42,0.61
GBPUSD,B_london,B_london_rev|ref19-21o1|act06-10|rev|b0.5|a10|m1.0|tp0.75|x11,544,-166.69,57.17,0.45,166.27,-68.1 / -53.6 / -43.6,False,163,-30.42,0.61
GBPUSD,B_london,B_london_rev|ref19-21o1|act06-10|rev|b0.5|a10|m1.0|tpopp|x10,544,-175.83,33.09,0.62,184.0,-59.5 / -59.8 / -55.1,False,163,-32.92,0.74
GBPUSD,B_london,B_london_rev|ref19-21o1|act06-10|rev|b0.5|a10|m1.0|tpopp|x11,544,-162.42,32.17,0.65,175.43,-53.8 / -56.6 / -50.5,False,163,-28.87,0.78
GBPUSD,B_london,B_london_rev|ref19-21o1|act06-10|rev|b0.5|a10|m1.5|tp0.5|x10,544,-78.24,70.22,0.59,77.62,-32.4 / -18.4 / -26.1,False,163,-3.18,0.92
GBPUSD,B_london,B_london_rev|ref19-21o1|act06-10|rev|b0.5|a10|m1.5|tp0.5|x11,544,-77.84,70.4,0.59,77.22,-32.4 / -18.3 / -25.8,False,163,-4.81,0.89
GBPUSD,B_london,B_london_rev|ref19-21o1|act06-10|rev|b0.5|a10|m1.5|tp0.75|x10,544,-83.49,59.01,0.67,83.37,-35.3 / -17.0 / -29.8,False,163,-10.83,0.84
GBPUSD,B_london,B_london_rev|ref19-21o1|act06-10|rev|b0.5|a10|m1.5|tp0.75|x11,544,-86.33,59.01,0.67,86.21,-37.0 / -19.2 / -28.9,False,163,-14.22,0.8
GBPUSD,B_london,B_london_rev|ref19-21o1|act06-10|rev|b0.5|a10|m1.5|tpopp|x10,544,-100.43,42.65,0.71,110.56,-32.3 / -37.8 / -29.0,False,163,-17.23,0.81
GBPUSD,B_london,B_london_rev|ref19-21o1|act06-10|rev|b0.5|a10|m1.5|tpopp|x11,544,-98.43,41.54,0.72,113.59,-28.7 / -37.6 / -30.8,False,163,-14.95,0.85
GBPUSD,B_london,B_london_rev|ref19-21o1|act06-10|rev|b0.75|a10|m1.0|tp0.5|x10,530,-160.84,65.09,0.3,160.51,-72.9 / -46.2 / -41.9,False,156,-31.17,0.44
GBPUSD,B_london,B_london_rev|ref19-21o1|act06-10|rev|b0.75|a10|m1.0|tp0.5|x11,530,-160.13,65.28,0.3,159.81,-72.9 / -46.2 / -41.2,False,156,-31.17,0.44
GBPUSD,B_london,B_london_rev|ref19-21o1|act06-10|rev|b0.75|a10|m1.0|tp0.75|x10,530,-138.16,59.43,0.5,137.68,-62.9 / -39.2 / -34.6,False,156,-22.42,0.68
GBPUSD,B_london,B_london_rev|ref19-21o1|act06-10|rev|b0.75|a10|m1.0|tp0.75|x11,530,-138.13,59.62,0.5,137.65,-63.9 / -39.2 / -33.7,False,156,-22.42,0.68
GBPUSD,B_london,B_london_rev|ref19-21o1|act06-10|rev|b0.75|a10|m1.0|tpopp|x10,530,-186.45,31.7,0.59,187.16,-65.9 / -63.5 / -55.7,False,156,-37.13,0.71
GBPUSD,B_london,B_london_rev|ref19-21o1|act06-10|rev|b0.75|a10|m1.0|tpopp|x11,530,-169.68,31.32,0.63,181.36,-58.3 / -58.9 / -51.0,False,156,-33.74,0.74
GBPUSD,B_london,B_london_rev|ref19-21o1|act06-10|rev|b0.75|a10|m1.5|tp0.5|x10,530,-61.4,71.7,0.65,61.78,-35.7 / -12.7 / -11.6,False,156,-0.08,1.0
GBPUSD,B_london,B_london_rev|ref19-21o1|act06-10|rev|b0.75|a10|m1.5|tp0.5|x11,530,-62.81,71.89,0.64,63.2,-36.6 / -13.8 / -11.1,False,156,-1.71,0.96
GBPUSD,B_london,B_london_rev|ref19-21o1|act06-10|rev|b0.75|a10|m1.5|tp0.75|x10,530,-50.85,61.89,0.78,51.44,-33.6 / -3.4 / -12.6,False,156,0.5,1.01
GBPUSD,B_london,B_london_rev|ref19-21o1|act06-10|rev|b0.75|a10|m1.5|tp0.75|x11,530,-51.92,62.45,0.78,52.78,-33.8 / -5.7 / -11.1,False,156,-3.91,0.94
GBPUSD,B_london,B_london_rev|ref19-21o1|act06-10|rev|b0.75|a10|m1.5|tpopp|x10,530,-106.18,41.32,0.69,111.66,-43.9 / -32.3 / -28.6,False,156,-7.89,0.9
GBPUSD,B_london,B_london_rev|ref19-21o1|act06-10|rev|b0.75|a10|m1.5|tpopp|x11,530,-105.38,40.57,0.7,117.08,-40.2 / -34.6 / -29.2,False,156,-6.53,0.93
GBPUSD,B_london,B_london_rev|ref19-21o1|act06-10|rev_cf|b0.25|a10|m1.0|tp0.5|x10,227,-95.88,55.95,0.22,95.29,-38.5 / -33.4 / -22.7,False,72,-31.22,0.23
GBPUSD,B_london,B_london_rev|ref19-21o1|act06-10|rev_cf|b0.25|a10|m1.0|tp0.5|x11,227,-97.54,55.51,0.22,96.96,-38.8 / -34.8 / -22.7,False,72,-32.99,0.21
GBPUSD,B_london,B_london_rev|ref19-21o1|act06-10|rev_cf|b0.25|a10|m1.0|tp0.75|x10,227,-84.7,50.66,0.38,84.86,-32.0 / -24.6 / -26.8,False,72,-24.72,0.43
GBPUSD,B_london,B_london_rev|ref19-21o1|act06-10|rev_cf|b0.25|a10|m1.0|tp0.75|x11,227,-85.22,50.22,0.38,85.38,-33.0 / -24.8 / -26.2,False,72,-28.69,0.37
GBPUSD,B_london,B_london_rev|ref19-21o1|act06-10|rev_cf|b0.25|a10|m1.0|tpopp|x10,227,-85.14,40.09,0.42,83.84,-32.0 / -27.1 / -24.7,False,72,-23.07,0.5
GBPUSD,B_london,B_london_rev|ref19-21o1|act06-10|rev_cf|b0.25|a10|m1.0|tpopp|x11,227,-83.65,40.53,0.42,82.34,-30.3 / -24.6 / -27.5,False,72,-24.45,0.46
GBPUSD,B_london,B_london_rev|ref19-21o1|act06-10|rev_cf|b0.25|a10|m1.5|tp0.5|x10,227,-62.81,57.27,0.39,62.58,-31.2 / -12.7 / -17.7,False,72,-20.1,0.4
GBPUSD,B_london,B_london_rev|ref19-21o1|act06-10|rev_cf|b0.25|a10|m1.5|tp0.5|x11,227,-60.63,58.15,0.4,60.41,-30.9 / -13.7 / -14.8,False,72,-23.66,0.35
GBPUSD,B_london,B_london_rev|ref19-21o1|act06-10|rev_cf|b0.25|a10|m1.5|tp0.75|x10,227,-51.91,51.54,0.54,52.57,-27.6 / -8.7 / -14.4,False,72,-19.92,0.5
GBPUSD,B_london,B_london_rev|ref19-21o1|act06-10|rev_cf|b0.25|a10|m1.5|tp0.75|x11,227,-47.35,52.86,0.57,47.87,-25.5 / -7.5 / -13.2,False,72,-23.28,0.42
GBPUSD,B_london,B_london_rev|ref19-21o1|act06-10|rev_cf|b0.25|a10|m1.5|tpopp|x10,227,-54.48,46.7,0.48,55.39,-25.6 / -13.6 / -14.1,False,72,-17.43,0.5
GBPUSD,B_london,B_london_rev|ref19-21o1|act06-10|rev_cf|b0.25|a10|m1.5|tpopp|x11,227,-50.32,48.46,0.5,51.47,-23.7 / -11.9 / -13.6,False,72,-18.6,0.47
GBPUSD,B_london,B_london_rev|ref19-21o1|act06-10|rev_cf|b0.5|a10|m1.0|tp0.5|x10,189,-73.3,57.14,0.25,72.71,-31.8 / -20.2 / -20.0,False,52,-22.6,0.23
GBPUSD,B_london,B_london_rev|ref19-21o1|act06-10|rev_cf|b0.5|a10|m1.0|tp0.5|x11,189,-74.7,57.14,0.24,74.11,-32.0 / -21.4 / -20.0,False,52,-21.98,0.23
GBPUSD,B_london,B_london_rev|ref19-21o1|act06-10|rev_cf|b0.5|a10|m1.0|tp0.75|x10,189,-64.63,51.85,0.41,64.79,-27.0 / -11.7 / -24.6,False,52,-17.1,0.44
GBPUSD,B_london,B_london_rev|ref19-21o1|act06-10|rev_cf|b0.5|a10|m1.0|tp0.75|x11,189,-66.95,51.85,0.4,67.11,-27.3 / -11.9 / -26.5,False,52,-18.17,0.41
GBPUSD,B_london,B_london_rev|ref19-21o1|act06-10|rev_cf|b0.5|a10|m1.0|tpopp|x10,189,-68.21,40.74,0.42,69.43,-27.4 / -15.6 / -23.8,False,52,-18.97,0.43
GBPUSD,B_london,B_london_rev|ref19-21o1|act06-10|rev_cf|b0.5|a10|m1.0|tpopp|x11,189,-68.38,40.74,0.42,69.6,-25.7 / -13.4 / -28.0,False,52,-17.9,0.43
GBPUSD,B_london,B_london_rev|ref19-21o1|act06-10|rev_cf|b0.5|a10|m1.5|tp0.5|x10,189,-48.09,58.2,0.41,47.86,-24.4 / -7.9 / -14.6,False,52,-13.52,0.42
GBPUSD,B_london,B_london_rev|ref19-21o1|act06-10|rev_cf|b0.5|a10|m1.5|tp0.5|x11,189,-47.63,59.79,0.42,47.4,-24.0 / -8.5 / -14.0,False,52,-15.31,0.37
GBPUSD,B_london,B_london_rev|ref19-21o1|act06-10|rev_cf|b0.5|a10|m1.5|tp0.75|x10,189,-39.52,51.85,0.57,40.18,-22.3 / -3.3 / -12.7,False,52,-14.96,0.49
GBPUSD,B_london,B_london_rev|ref19-21o1|act06-10|rev_cf|b0.5|a10|m1.5|tp0.75|x11,189,-34.57,55.03,0.61,35.09,-19.5 / -2.2 / -11.6,False,52,-15.06,0.45
GBPUSD,B_london,B_london_rev|ref19-21o1|act06-10|rev_cf|b0.5|a10|m1.5|tpopp|x10,189,-44.69,46.56,0.47,45.68,-21.6 / -10.4 / -11.5,False,52,-15.62,0.4
GBPUSD,B_london,B_london_rev|ref19-21o1|act06-10|rev_cf|b0.5|a10|m1.5|tpopp|x11,189,-40.28,48.15,0.51,42.28,-18.4 / -8.4 / -12.2,False,52,-15.35,0.38
GBPUSD,B_london,B_london_rev|ref19-21o1|act06-10|rev_cf|b0.75|a10|m1.0|tp0.5|x10,141,-63.93,52.48,0.21,64.46,-29.1 / -15.2 / -18.3,False,32,-14.6,0.21
GBPUSD,B_london,B_london_rev|ref19-21o1|act06-10|rev_cf|b0.75|a10|m1.0|tp0.5|x11,141,-64.49,52.48,0.21,65.02,-28.5 / -16.4 / -18.3,False,32,-13.99,0.22
GBPUSD,B_london,B_london_rev|ref19-21o1|act06-10|rev_cf|b0.75|a10|m1.0|tp0.75|x10,141,-57.34,48.23,0.36,58.37,-27.4 / -9.4 / -19.2,False,32,-12.1,0.39
GBPUSD,B_london,B_london_rev|ref19-21o1|act06-10|rev_cf|b0.75|a10|m1.0|tp0.75|x11,141,-57.95,48.23,0.36,58.99,-26.8 / -9.6 / -20.2,False,32,-13.18,0.35
GBPUSD,B_london,B_london_rev|ref19-21o1|act06-10|rev_cf|b0.75|a10|m1.0|tpopp|x10,141,-62.41,36.88,0.35,63.71,-23.4 / -14.9 / -22.8,False,32,-11.58,0.42
GBPUSD,B_london,B_london_rev|ref19-21o1|act06-10|rev_cf|b0.75|a10|m1.0|tpopp|x11,141,-65.13,34.75,0.32,66.43,-23.5 / -14.8 / -25.6,False,32,-10.87,0.4
GBPUSD,B_london,B_london_rev|ref19-21o1|act06-10|rev_cf|b0.75|a10|m1.5|tp0.5|x10,141,-45.5,53.9,0.34,46.19,-25.1 / -5.2 / -14.0,False,32,-9.02,0.39
GBPUSD,B_london,B_london_rev|ref19-21o1|act06-10|rev_cf|b0.75|a10|m1.5|tp0.5|x11,141,-44.18,55.32,0.36,44.87,-23.8 / -5.7 / -13.5,False,32,-10.61,0.34
GBPUSD,B_london,B_london_rev|ref19-21o1|act06-10|rev_cf|b0.75|a10|m1.5|tp0.75|x10,141,-43.3,47.52,0.45,44.62,-25.4 / -0.8 / -16.0,False,32,-7.12,0.56
GBPUSD,B_london,B_london_rev|ref19-21o1|act06-10|rev_cf|b0.75|a10|m1.5|tp0.75|x11,141,-40.92,48.23,0.47,42.11,-22.6 / -1.3 / -15.8,False,32,-9.01,0.45
GBPUSD,B_london,B_london_rev|ref19-21o1|act06-10|rev_cf|b0.75|a10|m1.5|tpopp|x10,141,-44.51,41.84,0.37,46.38,-20.5 / -9.5 / -13.3,False,32,-8.94,0.4
GBPUSD,B_london,B_london_rev|ref19-21o1|act06-10|rev_cf|b0.75|a10|m1.5|tpopp|x11,141,-45.03,41.13,0.36,46.9,-19.8 / -10.6 / -13.4,False,32,-8.62,0.38
GBPUSD,B_london,B_london_rev|ref19-21o1|act07-10|rev|b0.25|a10|m1.0|tp0.5|x10,547,-208.99,59.6,0.25,208.2,-92.7 / -58.0 / -56.8,False,164,-37.49,0.41
GBPUSD,B_london,B_london_rev|ref19-21o1|act07-10|rev|b0.25|a10|m1.0|tp0.5|x11,547,-208.5,59.78,0.26,207.71,-92.7 / -58.0 / -56.3,False,164,-37.49,0.41
GBPUSD,B_london,B_london_rev|ref19-21o1|act07-10|rev|b0.25|a10|m1.0|tp0.75|x10,547,-171.23,55.21,0.45,171.5,-74.4 / -40.0 / -55.3,False,164,-18.93,0.73
GBPUSD,B_london,B_london_rev|ref19-21o1|act07-10|rev|b0.25|a10|m1.0|tp0.75|x11,547,-168.74,55.58,0.46,169.7,-74.4 / -40.0 / -52.8,False,164,-19.49,0.72
GBPUSD,B_london,B_london_rev|ref19-21o1|act07-10|rev|b0.25|a10|m1.0|tpopp|x10,547,-201.58,33.09,0.55,203.26,-88.1 / -44.2 / -67.8,False,164,-35.12,0.72
GBPUSD,B_london,B_london_rev|ref19-21o1|act07-10|rev|b0.25|a10|m1.0|tpopp|x11,547,-200.72,32.54,0.56,201.11,-88.9 / -45.8 / -64.5,False,164,-33.38,0.74
GBPUSD,B_london,B_london_rev|ref19-21o1|act07-10|rev|b0.25|a10|m1.5|tp0.5|x10,547,-97.55,66.36,0.53,97.19,-38.1 / -21.7 / -36.5,False,164,-13.49,0.74
GBPUSD,B_london,B_london_rev|ref19-21o1|act07-10|rev|b0.25|a10|m1.5|tp0.5|x11,547,-93.78,67.28,0.55,93.75,-37.4 / -20.7 / -34.4,False,164,-13.2,0.74
GBPUSD,B_london,B_london_rev|ref19-21o1|act07-10|rev|b0.25|a10|m1.5|tp0.75|x10,547,-113.44,54.11,0.59,113.35,-47.8 / -20.2 / -44.1,False,164,-14.82,0.78
GBPUSD,B_london,B_london_rev|ref19-21o1|act07-10|rev|b0.25|a10|m1.5|tp0.75|x11,547,-109.9,55.21,0.6,109.81,-48.4 / -17.4 / -42.8,False,164,-13.29,0.81
GBPUSD,B_london,B_london_rev|ref19-21o1|act07-10|rev|b0.25|a10|m1.5|tpopp|x10,547,-133.87,42.05,0.6,134.66,-54.2 / -30.7 / -47.7,False,164,-26.66,0.71
GBPUSD,B_london,B_london_rev|ref19-21o1|act07-10|rev|b0.25|a10|m1.5|tpopp|x11,547,-135.59,41.32,0.61,135.51,-53.6 / -32.1 / -48.6,False,164,-25.25,0.74
GBPUSD,B_london,B_london_rev|ref19-21o1|act07-10|rev|b0.5|a10|m1.0|tp0.5|x10,538,-167.63,64.5,0.31,166.87,-73.5 / -52.5 / -40.2,False,159,-30.64,0.46
GBPUSD,B_london,B_london_rev|ref19-21o1|act07-10|rev|b0.5|a10|m1.0|tp0.5|x11,538,-167.63,64.5,0.31,166.87,-73.5 / -52.5 / -40.2,False,159,-30.64,0.46
GBPUSD,B_london,B_london_rev|ref19-21o1|act07-10|rev|b0.5|a10|m1.0|tp0.75|x10,538,-122.75,60.22,0.55,123.04,-52.7 / -34.3 / -34.3,False,159,-12.08,0.81
GBPUSD,B_london,B_london_rev|ref19-21o1|act07-10|rev|b0.5|a10|m1.0|tp0.75|x11,538,-121.81,60.22,0.55,122.8,-52.7 / -34.3 / -33.3,False,159,-12.64,0.8
GBPUSD,B_london,B_london_rev|ref19-21o1|act07-10|rev|b0.5|a10|m1.0|tpopp|x10,538,-146.29,36.06,0.65,148.3,-59.7 / -36.5 / -48.7,False,159,-33.32,0.72
GBPUSD,B_london,B_london_rev|ref19-21o1|act07-10|rev|b0.5|a10|m1.0|tpopp|x11,538,-142.13,34.57,0.67,142.6,-58.0 / -35.7 / -46.9,False,159,-28.52,0.77
GBPUSD,B_london,B_london_rev|ref19-21o1|act07-10|rev|b0.5|a10|m1.5|tp0.5|x10,538,-64.42,70.45,0.64,64.08,-27.7 / -12.1 / -23.3,False,159,-7.68,0.83
GBPUSD,B_london,B_london_rev|ref19-21o1|act07-10|rev|b0.5|a10|m1.5|tp0.5|x11,538,-64.15,70.63,0.65,64.14,-27.7 / -12.3 / -22.8,False,159,-7.07,0.84
GBPUSD,B_london,B_london_rev|ref19-21o1|act07-10|rev|b0.5|a10|m1.5|tp0.75|x10,538,-69.08,58.74,0.71,69.01,-32.6 / -3.3 / -31.8,False,159,-12.04,0.81
GBPUSD,B_london,B_london_rev|ref19-21o1|act07-10|rev|b0.5|a10|m1.5|tp0.75|x11,538,-70.77,59.11,0.71,70.7,-33.9 / -5.3 / -30.3,False,159,-11.0,0.83
GBPUSD,B_london,B_london_rev|ref19-21o1|act07-10|rev|b0.5|a10|m1.5|tpopp|x10,538,-95.8,43.87,0.7,96.81,-45.4 / -16.5 / -32.6,False,159,-24.23,0.73
GBPUSD,B_london,B_london_rev|ref19-21o1|act07-10|rev|b0.5|a10|m1.5|tpopp|x11,538,-102.31,42.19,0.69,102.35,-45.7 / -19.7 / -35.6,False,159,-20.79,0.78
GBPUSD,B_london,B_london_rev|ref19-21o1|act07-10|rev|b0.75|a10|m1.0|tp0.5|x10,519,-143.29,66.47,0.35,142.31,-62.4 / -40.1 / -39.4,False,148,-26.68,0.48
GBPUSD,B_london,B_london_rev|ref19-21o1|act07-10|rev|b0.75|a10|m1.0|tp0.5|x11,519,-142.58,66.67,0.35,141.6,-62.4 / -40.1 / -38.7,False,148,-26.68,0.48
GBPUSD,B_london,B_london_rev|ref19-21o1|act07-10|rev|b0.75|a10|m1.0|tp0.75|x10,519,-96.96,62.24,0.61,96.78,-43.7 / -19.4 / -32.5,False,148,-8.11,0.86
GBPUSD,B_london,B_london_rev|ref19-21o1|act07-10|rev|b0.75|a10|m1.0|tp0.75|x11,519,-96.08,62.62,0.61,96.59,-44.6 / -19.4 / -30.6,False,148,-8.68,0.85
GBPUSD,B_london,B_london_rev|ref19-21o1|act07-10|rev|b0.75|a10|m1.0|tpopp|x10,519,-148.32,34.1,0.64,149.04,-56.1 / -39.4 / -51.4,False,148,-43.07,0.63
GBPUSD,B_london,B_london_rev|ref19-21o1|act07-10|rev|b0.75|a10|m1.0|tpopp|x11,519,-139.4,34.1,0.67,143.81,-50.5 / -38.3 / -49.1,False,148,-40.96,0.66
GBPUSD,B_london,B_london_rev|ref19-21o1|act07-10|rev|b0.75|a10|m1.5|tp0.5|x10,519,-48.6,72.06,0.7,49.01,-26.1 / -7.6 / -13.6,False,148,-4.87,0.88
GBPUSD,B_london,B_london_rev|ref19-21o1|act07-10|rev|b0.75|a10|m1.5|tp0.5|x11,519,-48.17,72.25,0.71,49.05,-26.8 / -7.2 / -12.8,False,148,-4.26,0.89
GBPUSD,B_london,B_london_rev|ref19-21o1|act07-10|rev|b0.75|a10|m1.5|tp0.75|x10,519,-39.28,61.46,0.82,38.64,-27.9 / +5.2 / -15.3,False,148,-12.56,0.8
GBPUSD,B_london,B_london_rev|ref19-21o1|act07-10|rev|b0.75|a10|m1.5|tp0.75|x11,519,-37.31,62.62,0.83,37.81,-27.3 / +5.4 / -14.1,False,148,-13.68,0.79
GBPUSD,B_london,B_london_rev|ref19-21o1|act07-10|rev|b0.75|a10|m1.5|tpopp|x10,519,-88.95,42.77,0.7,89.6,-42.3 / -16.9 / -28.4,False,148,-27.28,0.67
GBPUSD,B_london,B_london_rev|ref19-21o1|act07-10|rev|b0.75|a10|m1.5|tpopp|x11,519,-93.86,41.81,0.71,96.31,-41.8 / -21.1 / -29.7,False,148,-26.65,0.7
GBPUSD,B_london,B_london_rev|ref19-21o1|act07-10|rev_cf|b0.25|a10|m1.0|tp0.5|x10,185,-70.12,58.38,0.26,69.63,-28.7 / -24.8 / -15.3,False,59,-27.75,0.21
GBPUSD,B_london,B_london_rev|ref19-21o1|act07-10|rev_cf|b0.25|a10|m1.0|tp0.5|x11,185,-71.78,57.84,0.25,71.3,-29.0 / -26.2 / -15.3,False,59,-29.53,0.2
GBPUSD,B_london,B_london_rev|ref19-21o1|act07-10|rev_cf|b0.25|a10|m1.0|tp0.75|x10,185,-67.69,49.73,0.39,67.96,-25.7 / -19.5 / -21.1,False,59,-21.75,0.41
GBPUSD,B_london,B_london_rev|ref19-21o1|act07-10|rev_cf|b0.25|a10|m1.0|tp0.75|x11,185,-68.41,49.19,0.38,68.47,-27.0 / -19.7 / -20.5,False,59,-25.72,0.34
GBPUSD,B_london,B_london_rev|ref19-21o1|act07-10|rev_cf|b0.25|a10|m1.0|tpopp|x10,185,-70.34,40.54,0.39,69.95,-23.5 / -27.3 / -18.2,False,59,-24.19,0.4
GBPUSD,B_london,B_london_rev|ref19-21o1|act07-10|rev_cf|b0.25|a10|m1.0|tpopp|x11,185,-69.19,41.08,0.39,68.35,-22.3 / -24.8 / -20.9,False,59,-23.94,0.4
GBPUSD,B_london,B_london_rev|ref19-21o1|act07-10|rev_cf|b0.25|a10|m1.5|tp0.5|x10,185,-49.8,56.22,0.39,51.14,-23.1 / -10.4 / -15.1,False,59,-16.43,0.4
GBPUSD,B_london,B_london_rev|ref19-21o1|act07-10|rev_cf|b0.25|a10|m1.5|tp0.5|x11,185,-46.82,56.76,0.41,48.02,-22.7 / -11.2 / -11.7,False,59,-19.12,0.34
GBPUSD,B_london,B_london_rev|ref19-21o1|act07-10|rev_cf|b0.25|a10|m1.5|tp0.75|x10,185,-46.2,49.19,0.51,48.68,-19.6 / -9.1 / -16.3,False,59,-20.17,0.41
GBPUSD,B_london,B_london_rev|ref19-21o1|act07-10|rev_cf|b0.25|a10|m1.5|tp0.75|x11,185,-42.25,49.73,0.52,44.21,-18.0 / -8.5 / -14.5,False,59,-21.5,0.36
GBPUSD,B_london,B_london_rev|ref19-21o1|act07-10|rev_cf|b0.25|a10|m1.5|tpopp|x10,185,-48.62,46.49,0.42,50.83,-18.5 / -15.9 / -13.0,False,59,-17.92,0.39
GBPUSD,B_london,B_london_rev|ref19-21o1|act07-10|rev_cf|b0.25|a10|m1.5|tpopp|x11,185,-43.72,48.11,0.45,46.04,-16.7 / -14.0 / -11.9,False,59,-17.27,0.4
GBPUSD,B_london,B_london_rev|ref19-21o1|act07-10|rev_cf|b0.5|a10|m1.0|tp0.5|x10,155,-51.19,61.29,0.3,51.94,-22.0 / -14.5 / -13.4,False,38,-17.69,0.22
GBPUSD,B_london,B_london_rev|ref19-21o1|act07-10|rev_cf|b0.5|a10|m1.0|tp0.5|x11,155,-52.59,61.29,0.29,53.35,-22.2 / -15.6 / -13.4,False,38,-17.08,0.23
GBPUSD,B_london,B_london_rev|ref19-21o1|act07-10|rev_cf|b0.5|a10|m1.0|tp0.75|x10,155,-43.01,54.19,0.48,44.52,-18.2 / -7.7 / -15.8,False,38,-14.44,0.4
GBPUSD,B_london,B_london_rev|ref19-21o1|act07-10|rev_cf|b0.5|a10|m1.0|tp0.75|x11,155,-45.34,54.19,0.46,46.85,-18.5 / -7.9 / -17.7,False,38,-15.52,0.36
GBPUSD,B_london,B_london_rev|ref19-21o1|act07-10|rev_cf|b0.5|a10|m1.0|tpopp|x10,155,-49.86,41.94,0.45,49.88,-16.9 / -16.7 / -14.9,False,38,-17.59,0.33
GBPUSD,B_london,B_london_rev|ref19-21o1|act07-10|rev_cf|b0.5|a10|m1.0|tpopp|x11,155,-49.88,41.29,0.45,49.91,-15.2 / -14.4 / -18.9,False,38,-15.15,0.39
GBPUSD,B_london,B_london_rev|ref19-21o1|act07-10|rev_cf|b0.5|a10|m1.5|tp0.5|x10,155,-33.6,59.35,0.46,34.6,-15.7 / -6.6 / -10.0,False,38,-10.08,0.42
GBPUSD,B_london,B_london_rev|ref19-21o1|act07-10|rev_cf|b0.5|a10|m1.5|tp0.5|x11,155,-33.46,60.65,0.47,34.46,-15.2 / -7.1 / -9.9,False,38,-11.88,0.35
GBPUSD,B_london,B_london_rev|ref19-21o1|act07-10|rev_cf|b0.5|a10|m1.5|tp0.75|x10,155,-32.08,50.97,0.57,33.97,-13.0 / -6.3 / -11.6,False,38,-13.77,0.4
GBPUSD,B_london,B_london_rev|ref19-21o1|act07-10|rev_cf|b0.5|a10|m1.5|tp0.75|x11,155,-27.53,53.55,0.61,29.28,-10.0 / -5.4 / -11.0,False,38,-13.39,0.37
GBPUSD,B_london,B_london_rev|ref19-21o1|act07-10|rev_cf|b0.5|a10|m1.5|tpopp|x10,155,-38.89,45.81,0.43,39.58,-14.8 / -13.7 / -9.2,False,38,-13.04,0.34
GBPUSD,B_london,B_london_rev|ref19-21o1|act07-10|rev_cf|b0.5|a10|m1.5|tpopp|x11,155,-35.15,46.45,0.46,36.25,-12.1 / -11.6 / -10.3,False,38,-11.85,0.36
GBPUSD,B_london,B_london_rev|ref19-21o1|act07-10|rev_cf|b0.75|a10|m1.0|tp0.5|x10,110,-37.53,60.0,0.29,38.06,-19.1 / -8.7 / -8.4,False,22,-12.09,0.17
GBPUSD,B_london,B_london_rev|ref19-21o1|act07-10|rev_cf|b0.75|a10|m1.0|tp0.5|x11,110,-38.09,60.0,0.29,38.62,-18.5 / -9.9 / -8.4,False,22,-11.47,0.18
GBPUSD,B_london,B_london_rev|ref19-21o1|act07-10|rev_cf|b0.75|a10|m1.0|tp0.75|x10,110,-29.03,54.55,0.5,30.06,-16.4 / -4.2 / -7.2,False,22,-11.34,0.29
GBPUSD,B_london,B_london_rev|ref19-21o1|act07-10|rev_cf|b0.75|a10|m1.0|tp0.75|x11,110,-30.56,54.55,0.48,31.59,-15.7 / -4.4 / -9.2,False,22,-12.41,0.24
GBPUSD,B_london,B_london_rev|ref19-21o1|act07-10|rev_cf|b0.75|a10|m1.0|tpopp|x10,110,-34.73,41.82,0.45,36.03,-12.1 / -12.2 / -9.1,False,22,-13.39,0.2
GBPUSD,B_london,B_london_rev|ref19-21o1|act07-10|rev_cf|b0.75|a10|m1.0|tpopp|x11,110,-38.49,39.09,0.41,39.79,-12.2 / -11.9 / -13.2,False,22,-11.31,0.25
GBPUSD,B_london,B_london_rev|ref19-21o1|act07-10|rev_cf|b0.75|a10|m1.5|tp0.5|x10,110,-23.56,59.09,0.47,24.24,-15.1 / -3.7 / -3.6,False,22,-7.51,0.33
GBPUSD,B_london,B_london_rev|ref19-21o1|act07-10|rev_cf|b0.75|a10|m1.5|tp0.5|x11,110,-24.25,60.0,0.47,24.94,-13.8 / -4.7 / -4.6,False,22,-9.1,0.26
GBPUSD,B_london,B_london_rev|ref19-21o1|act07-10|rev_cf|b0.75|a10|m1.5|tp0.75|x10,110,-22.9,51.82,0.57,24.22,-14.1 / -1.3 / -6.3,False,22,-7.36,0.41
GBPUSD,B_london,B_london_rev|ref19-21o1|act07-10|rev_cf|b0.75|a10|m1.5|tp0.75|x11,110,-23.02,51.82,0.57,24.21,-11.3 / -2.3 / -8.2,False,22,-8.76,0.3
GBPUSD,B_london,B_london_rev|ref19-21o1|act07-10|rev_cf|b0.75|a10|m1.5|tpopp|x10,110,-26.35,45.45,0.44,28.22,-10.7 / -9.7 / -4.8,False,22,-9.48,0.22
GBPUSD,B_london,B_london_rev|ref19-21o1|act07-10|rev_cf|b0.75|a10|m1.5|tpopp|x11,110,-28.62,43.64,0.41,30.49,-10.0 / -9.7 / -7.7,False,22,-8.25,0.26
GBPUSD,B_london,B_london_rev|ref00-05o1|act06-09|rev|b0.25|a10|m1.0|tp0.5|x10,539,-207.23,60.48,0.23,206.25,-94.4 / -69.0 / -42.4,False,158,-51.56,0.29
GBPUSD,B_london,B_london_rev|ref00-05o1|act06-09|rev|b0.25|a10|m1.0|tp0.5|x11,539,-207.23,60.48,0.23,206.25,-94.4 / -69.0 / -42.4,False,158,-51.56,0.29
GBPUSD,B_london,B_london_rev|ref00-05o1|act06-09|rev|b0.25|a10|m1.0|tp0.75|x10,539,-183.23,55.66,0.42,182.39,-86.1 / -57.7 / -37.9,False,158,-43.81,0.49
GBPUSD,B_london,B_london_rev|ref00-05o1|act06-09|rev|b0.25|a10|m1.0|tp0.75|x11,539,-183.23,55.66,0.42,182.39,-86.1 / -57.7 / -37.9,False,158,-43.81,0.49
GBPUSD,B_london,B_london_rev|ref00-05o1|act06-09|rev|b0.25|a10|m1.0|tpopp|x10,539,-129.42,30.43,0.73,141.58,-52.1 / -23.9 / -52.0,False,158,-43.52,0.67
GBPUSD,B_london,B_london_rev|ref00-05o1|act06-09|rev|b0.25|a10|m1.0|tpopp|x11,539,-132.84,29.87,0.73,143.29,-53.5 / -22.2 / -55.7,False,158,-41.32,0.69
GBPUSD,B_london,B_london_rev|ref00-05o1|act06-09|rev|b0.25|a10|m1.5|tp0.5|x10,539,-98.76,68.27,0.52,98.1,-47.4 / -35.7 / -14.3,False,158,-22.55,0.6
GBPUSD,B_london,B_london_rev|ref00-05o1|act06-09|rev|b0.25|a10|m1.5|tp0.5|x11,539,-99.05,68.27,0.52,98.39,-47.4 / -35.9 / -14.4,False,158,-23.05,0.6
GBPUSD,B_london,B_london_rev|ref00-05o1|act06-09|rev|b0.25|a10|m1.5|tp0.75|x10,539,-97.56,57.88,0.63,97.41,-46.6 / -34.0 / -15.7,False,158,-17.54,0.75
GBPUSD,B_london,B_london_rev|ref00-05o1|act06-09|rev|b0.25|a10|m1.5|tp0.75|x11,539,-100.81,57.88,0.63,100.65,-47.4 / -35.9 / -16.2,False,158,-18.31,0.75
GBPUSD,B_london,B_london_rev|ref00-05o1|act06-09|rev|b0.25|a10|m1.5|tpopp|x10,539,-82.22,38.4,0.78,96.01,-37.4 / -16.2 / -27.3,False,158,-34.1,0.67
GBPUSD,B_london,B_london_rev|ref00-05o1|act06-09|rev|b0.25|a10|m1.5|tpopp|x11,539,-77.19,38.4,0.79,90.23,-31.7 / -13.2 / -31.0,False,158,-32.05,0.7
GBPUSD,B_london,B_london_rev|ref00-05o1|act06-09|rev|b0.5|a10|m1.0|tp0.5|x10,530,-199.62,60.75,0.24,198.63,-93.1 / -63.5 / -41.6,False,155,-44.81,0.33
GBPUSD,B_london,B_london_rev|ref00-05o1|act06-09|rev|b0.5|a10|m1.0|tp0.5|x11,530,-199.62,60.75,0.24,198.63,-93.1 / -63.5 / -41.6,False,155,-44.81,0.33
GBPUSD,B_london,B_london_rev|ref00-05o1|act06-09|rev|b0.5|a10|m1.0|tp0.75|x10,530,-174.62,56.23,0.43,173.77,-85.4 / -53.7 / -34.1,False,155,-39.78,0.52
GBPUSD,B_london,B_london_rev|ref00-05o1|act06-09|rev|b0.5|a10|m1.0|tp0.75|x11,530,-174.62,56.23,0.43,173.77,-85.4 / -53.7 / -34.1,False,155,-38.31,0.53
GBPUSD,B_london,B_london_rev|ref00-05o1|act06-09|rev|b0.5|a10|m1.0|tpopp|x10,530,-133.02,30.19,0.72,145.9,-51.5 / -28.4 / -51.7,False,155,-38.57,0.7
GBPUSD,B_london,B_london_rev|ref00-05o1|act06-09|rev|b0.5|a10|m1.0|tpopp|x11,530,-133.65,29.43,0.72,147.95,-51.7 / -25.8 / -54.6,False,155,-33.61,0.74
GBPUSD,B_london,B_london_rev|ref00-05o1|act06-09|rev|b0.5|a10|m1.5|tp0.5|x10,530,-100.61,67.92,0.51,99.95,-48.1 / -36.0 / -15.2,False,155,-18.0,0.65
GBPUSD,B_london,B_london_rev|ref00-05o1|act06-09|rev|b0.5|a10|m1.5|tp0.5|x11,530,-100.74,67.92,0.51,100.09,-48.1 / -36.0 / -15.4,False,155,-17.37,0.66
GBPUSD,B_london,B_london_rev|ref00-05o1|act06-09|rev|b0.5|a10|m1.5|tp0.75|x10,530,-88.33,59.06,0.66,88.17,-44.1 / -31.0 / -11.9,False,155,-18.24,0.74
GBPUSD,B_london,B_london_rev|ref00-05o1|act06-09|rev|b0.5|a10|m1.5|tp0.75|x11,530,-89.91,58.87,0.65,89.76,-43.6 / -32.6 / -12.4,False,155,-17.13,0.75
GBPUSD,B_london,B_london_rev|ref00-05o1|act06-09|rev|b0.5|a10|m1.5|tpopp|x10,530,-80.44,38.49,0.78,95.2,-36.6 / -14.0 / -28.5,False,155,-30.95,0.69
GBPUSD,B_london,B_london_rev|ref00-05o1|act06-09|rev|b0.5|a10|m1.5|tpopp|x11,530,-77.85,37.92,0.79,91.86,-32.7 / -11.6 / -32.2,False,155,-28.32,0.72
GBPUSD,B_london,B_london_rev|ref00-05o1|act06-09|rev|b0.75|a10|m1.0|tp0.5|x10,519,-195.5,60.69,0.24,194.41,-92.4 / -56.7 / -44.9,False,149,-47.57,0.3
GBPUSD,B_london,B_london_rev|ref00-05o1|act06-09|rev|b0.75|a10|m1.0|tp0.5|x11,519,-195.5,60.69,0.24,194.41,-92.4 / -56.7 / -44.9,False,149,-47.57,0.3
GBPUSD,B_london,B_london_rev|ref00-05o1|act06-09|rev|b0.75|a10|m1.0|tp0.75|x10,519,-174.0,55.88,0.42,172.68,-83.7 / -43.0 / -45.9,False,149,-35.82,0.54
GBPUSD,B_london,B_london_rev|ref00-05o1|act06-09|rev|b0.75|a10|m1.0|tp0.75|x11,519,-174.0,55.88,0.42,172.68,-83.7 / -43.0 / -45.9,False,149,-35.82,0.54
GBPUSD,B_london,B_london_rev|ref00-05o1|act06-09|rev|b0.75|a10|m1.0|tpopp|x10,519,-143.19,29.67,0.69,150.14,-54.5 / -19.6 / -67.6,False,149,-42.97,0.66
GBPUSD,B_london,B_london_rev|ref00-05o1|act06-09|rev|b0.75|a10|m1.0|tpopp|x11,519,-150.45,27.75,0.69,155.67,-57.1 / -18.7 / -73.2,False,149,-38.93,0.69
GBPUSD,B_london,B_london_rev|ref00-05o1|act06-09|rev|b0.75|a10|m1.5|tp0.5|x10,519,-86.81,69.36,0.55,85.83,-41.8 / -23.5 / -20.2,False,149,-16.4,0.67
GBPUSD,B_london,B_london_rev|ref00-05o1|act06-09|rev|b0.75|a10|m1.5|tp0.5|x11,519,-88.13,69.17,0.54,87.16,-41.8 / -23.5 / -21.6,False,149,-16.89,0.66
GBPUSD,B_london,B_london_rev|ref00-05o1|act06-09|rev|b0.75|a10|m1.5|tp0.75|x10,519,-72.06,60.69,0.7,71.34,-39.1 / -21.9 / -9.7,False,149,-17.58,0.74
GBPUSD,B_london,B_london_rev|ref00-05o1|act06-09|rev|b0.75|a10|m1.5|tp0.75|x11,519,-75.54,60.12,0.69,74.82,-38.8 / -23.8 / -11.7,False,149,-17.31,0.74
GBPUSD,B_london,B_london_rev|ref00-05o1|act06-09|rev|b0.75|a10|m1.5|tpopp|x10,519,-83.92,38.15,0.76,94.15,-37.6 / -8.6 / -36.4,False,149,-33.67,0.65
GBPUSD,B_london,B_london_rev|ref00-05o1|act06-09|rev|b0.75|a10|m1.5|tpopp|x11,519,-82.78,36.8,0.77,91.66,-35.6 / -6.5 / -39.4,False,149,-32.17,0.68
GBPUSD,B_london,B_london_rev|ref00-05o1|act06-09|rev_cf|b0.25|a10|m1.0|tp0.5|x10,101,-41.38,57.43,0.23,41.84,-19.3 / -7.2 / -13.5,False,31,-5.9,0.44
GBPUSD,B_london,B_london_rev|ref00-05o1|act06-09|rev_cf|b0.25|a10|m1.0|tp0.5|x11,101,-41.59,57.43,0.23,42.05,-19.5 / -7.2 / -13.5,False,31,-6.25,0.44
GBPUSD,B_london,B_london_rev|ref00-05o1|act06-09|rev_cf|b0.25|a10|m1.0|tp0.75|x10,101,-36.19,52.48,0.4,37.15,-15.7 / -6.7 / -12.5,False,31,-4.15,0.68
GBPUSD,B_london,B_london_rev|ref00-05o1|act06-09|rev_cf|b0.25|a10|m1.0|tp0.75|x11,101,-35.59,53.47,0.41,36.55,-15.3 / -6.7 / -12.3,False,31,-5.75,0.61
GBPUSD,B_london,B_london_rev|ref00-05o1|act06-09|rev_cf|b0.25|a10|m1.0|tpopp|x10,101,-26.99,37.62,0.63,30.41,-13.5 / +4.0 / -16.3,False,31,-8.08,0.58
GBPUSD,B_london,B_london_rev|ref00-05o1|act06-09|rev_cf|b0.25|a10|m1.0|tpopp|x11,101,-30.45,34.65,0.6,33.87,-13.8 / +2.7 / -18.1,False,31,-10.6,0.55
GBPUSD,B_london,B_london_rev|ref00-05o1|act06-09|rev_cf|b0.25|a10|m1.5|tp0.5|x10,101,-30.44,56.44,0.36,31.08,-12.6 / -6.6 / -10.1,False,31,-4.4,0.58
GBPUSD,B_london,B_london_rev|ref00-05o1|act06-09|rev_cf|b0.25|a10|m1.5|tp0.5|x11,101,-28.54,59.41,0.39,29.18,-11.0 / -6.7 / -9.6,False,31,-6.8,0.47
GBPUSD,B_london,B_london_rev|ref00-05o1|act06-09|rev_cf|b0.25|a10|m1.5|tp0.75|x10,101,-29.63,49.5,0.46,30.78,-13.2 / -6.0 / -9.2,False,31,-4.52,0.66
GBPUSD,B_london,B_london_rev|ref00-05o1|act06-09|rev_cf|b0.25|a10|m1.5|tp0.75|x11,101,-29.39,48.51,0.47,30.53,-12.6 / -7.5 / -8.1,False,31,-5.55,0.63
GBPUSD,B_london,B_london_rev|ref00-05o1|act06-09|rev_cf|b0.25|a10|m1.5|tpopp|x10,101,-24.63,39.6,0.58,26.91,-12.1 / +3.3 / -14.6,False,31,-8.63,0.47
GBPUSD,B_london,B_london_rev|ref00-05o1|act06-09|rev_cf|b0.25|a10|m1.5|tpopp|x11,101,-26.3,36.63,0.56,28.58,-12.6 / +2.2 / -14.7,False,31,-10.08,0.48
GBPUSD,B_london,B_london_rev|ref00-05o1|act06-09|rev_cf|b0.5|a10|m1.0|tp0.5|x10,85,-25.03,64.71,0.33,25.49,-12.6 / -2.7 / -8.5,False,24,-6.47,0.35
GBPUSD,B_london,B_london_rev|ref00-05o1|act06-09|rev_cf|b0.5|a10|m1.0|tp0.5|x11,85,-25.24,64.71,0.33,25.7,-12.8 / -2.7 / -8.5,False,24,-6.15,0.38
GBPUSD,B_london,B_london_rev|ref00-05o1|act06-09|rev_cf|b0.5|a10|m1.0|tp0.75|x10,85,-20.96,58.82,0.52,21.92,-9.6 / -2.4 / -7.7,False,24,-4.27,0.61
GBPUSD,B_london,B_london_rev|ref00-05o1|act06-09|rev_cf|b0.5|a10|m1.0|tp0.75|x11,85,-19.99,60.0,0.55,20.95,-8.8 / -2.4 / -7.5,False,24,-4.49,0.6
GBPUSD,B_london,B_london_rev|ref00-05o1|act06-09|rev_cf|b0.5|a10|m1.0|tpopp|x10,85,-23.52,37.65,0.59,26.94,-8.4 / +0.6 / -14.5,False,24,-3.7,0.73
GBPUSD,B_london,B_london_rev|ref00-05o1|act06-09|rev_cf|b0.5|a10|m1.0|tpopp|x11,85,-25.38,34.12,0.58,28.8,-7.7 / -0.0 / -16.3,False,24,-4.61,0.72
GBPUSD,B_london,B_london_rev|ref00-05o1|act06-09|rev_cf|b0.5|a10|m1.5|tp0.5|x10,85,-17.73,62.35,0.48,18.37,-8.3 / -2.6 / -5.6,False,24,-4.76,0.49
GBPUSD,B_london,B_london_rev|ref00-05o1|act06-09|rev_cf|b0.5|a10|m1.5|tp0.5|x11,85,-15.9,65.88,0.52,16.55,-6.5 / -3.1 / -5.1,False,24,-4.96,0.47
GBPUSD,B_london,B_london_rev|ref00-05o1|act06-09|rev_cf|b0.5|a10|m1.5|tp0.75|x10,85,-18.48,54.12,0.55,19.62,-9.6 / -2.7 / -5.0,False,24,-4.38,0.59
GBPUSD,B_london,B_london_rev|ref00-05o1|act06-09|rev_cf|b0.5|a10|m1.5|tp0.75|x11,85,-18.13,52.94,0.57,19.27,-9.0 / -4.2 / -3.8,False,24,-3.21,0.7
GBPUSD,B_london,B_london_rev|ref00-05o1|act06-09|rev_cf|b0.5|a10|m1.5|tpopp|x10,85,-22.0,38.82,0.52,24.27,-9.4 / +0.7 / -12.1,False,24,-4.71,0.59
GBPUSD,B_london,B_london_rev|ref00-05o1|act06-09|rev_cf|b0.5|a10|m1.5|tpopp|x11,85,-22.92,35.29,0.52,25.2,-9.2 / -0.3 / -12.2,False,24,-4.21,0.67
GBPUSD,B_london,B_london_rev|ref00-05o1|act06-09|rev_cf|b0.75|a10|m1.0|tp0.5|x10,63,-27.03,55.56,0.22,25.97,-12.8 / -5.6 / -7.4,False,17,-3.47,0.44
GBPUSD,B_london,B_london_rev|ref00-05o1|act06-09|rev_cf|b0.75|a10|m1.0|tp0.5|x11,63,-27.24,55.56,0.22,26.18,-13.0 / -5.6 / -7.4,False,17,-3.47,0.44
GBPUSD,B_london,B_london_rev|ref00-05o1|act06-09|rev_cf|b0.75|a10|m1.0|tp0.75|x10,63,-21.53,53.97,0.42,20.72,-10.3 / -5.6 / -4.4,False,17,-2.02,0.72
GBPUSD,B_london,B_london_rev|ref00-05o1|act06-09|rev_cf|b0.75|a10|m1.0|tp0.75|x11,63,-21.74,53.97,0.42,20.93,-10.5 / -5.6 / -4.4,False,17,-1.32,0.8
GBPUSD,B_london,B_london_rev|ref00-05o1|act06-09|rev_cf|b0.75|a10|m1.0|tpopp|x10,63,-22.89,34.92,0.52,25.85,-13.0 / -0.8 / -7.8,False,17,-6.5,0.41
GBPUSD,B_london,B_london_rev|ref00-05o1|act06-09|rev_cf|b0.75|a10|m1.0|tpopp|x11,63,-25.66,30.16,0.48,26.06,-13.2 / -1.5 / -9.6,False,17,-7.18,0.47
GBPUSD,B_london,B_london_rev|ref00-05o1|act06-09|rev_cf|b0.75|a10|m1.5|tp0.5|x10,63,-16.77,58.73,0.4,15.9,-8.4 / -4.8 / -3.0,False,17,-3.01,0.54
GBPUSD,B_london,B_london_rev|ref00-05o1|act06-09|rev_cf|b0.75|a10|m1.5|tp0.5|x11,63,-15.4,61.9,0.43,14.53,-7.3 / -5.3 / -2.6,False,17,-2.54,0.58
GBPUSD,B_london,B_london_rev|ref00-05o1|act06-09|rev_cf|b0.75|a10|m1.5|tp0.75|x10,63,-20.13,47.62,0.43,19.29,-10.8 / -5.3 / -3.5,False,17,-3.38,0.58
GBPUSD,B_london,B_london_rev|ref00-05o1|act06-09|rev_cf|b0.75|a10|m1.5|tp0.75|x11,63,-19.5,47.62,0.45,19.14,-10.2 / -6.4 / -2.7,False,17,-1.54,0.78
GBPUSD,B_london,B_london_rev|ref00-05o1|act06-09|rev_cf|b0.75|a10|m1.5|tpopp|x10,63,-21.87,36.51,0.43,21.78,-12.2 / -1.9 / -7.2,False,17,-5.95,0.33
GBPUSD,B_london,B_london_rev|ref00-05o1|act06-09|rev_cf|b0.75|a10|m1.5|tpopp|x11,63,-23.04,31.75,0.41,22.64,-12.6 / -2.9 / -7.3,False,17,-5.39,0.48
GBPUSD,B_london,B_london_rev|ref00-05o1|act06-10|rev|b0.25|a10|m1.0|tp0.5|x10,545,-207.16,60.73,0.24,206.17,-94.0 / -68.5 / -43.2,False,162,-52.14,0.3
GBPUSD,B_london,B_london_rev|ref00-05o1|act06-10|rev|b0.25|a10|m1.0|tp0.5|x11,545,-207.16,60.73,0.24,206.17,-94.0 / -68.5 / -43.2,False,162,-52.14,0.3
GBPUSD,B_london,B_london_rev|ref00-05o1|act06-10|rev|b0.25|a10|m1.0|tp0.75|x10,545,-183.65,55.78,0.42,182.81,-85.3 / -58.5 / -38.5,False,162,-43.64,0.5
GBPUSD,B_london,B_london_rev|ref00-05o1|act06-10|rev|b0.25|a10|m1.0|tp0.75|x11,545,-183.65,55.78,0.42,182.81,-85.3 / -58.5 / -38.5,False,162,-43.64,0.5
GBPUSD,B_london,B_london_rev|ref00-05o1|act06-10|rev|b0.25|a10|m1.0|tpopp|x10,545,-132.96,30.46,0.72,145.12,-53.0 / -24.2 / -54.3,False,162,-43.42,0.68
GBPUSD,B_london,B_london_rev|ref00-05o1|act06-10|rev|b0.25|a10|m1.0|tpopp|x11,545,-135.91,29.91,0.72,146.36,-54.2 / -22.3 / -58.0,False,162,-42.72,0.69
GBPUSD,B_london,B_london_rev|ref00-05o1|act06-10|rev|b0.25|a10|m1.5|tp0.5|x10,545,-99.7,68.26,0.52,99.05,-46.8 / -36.5 / -15.0,False,162,-22.77,0.61
GBPUSD,B_london,B_london_rev|ref00-05o1|act06-10|rev|b0.25|a10|m1.5|tp0.5|x11,545,-100.0,68.26,0.52,99.34,-46.8 / -36.7 / -15.1,False,162,-23.27,0.6
GBPUSD,B_london,B_london_rev|ref00-05o1|act06-10|rev|b0.25|a10|m1.5|tp0.75|x10,545,-99.49,57.8,0.63,99.33,-47.5 / -32.8 / -17.9,False,162,-17.02,0.76
GBPUSD,B_london,B_london_rev|ref00-05o1|act06-10|rev|b0.25|a10|m1.5|tp0.75|x11,545,-102.5,57.8,0.62,102.35,-48.1 / -34.7 / -18.4,False,162,-17.78,0.76
GBPUSD,B_london,B_london_rev|ref00-05o1|act06-10|rev|b0.25|a10|m1.5|tpopp|x10,545,-85.92,38.35,0.77,99.7,-38.3 / -16.8 / -29.5,False,162,-34.49,0.67
GBPUSD,B_london,B_london_rev|ref00-05o1|act06-10|rev|b0.25|a10|m1.5|tpopp|x11,545,-80.57,38.35,0.79,93.61,-32.5 / -13.6 / -33.2,False,162,-33.65,0.69
GBPUSD,B_london,B_london_rev|ref00-05o1|act06-10|rev|b0.5|a10|m1.0|tp0.5|x10,539,-201.68,60.85,0.24,200.7,-92.6 / -62.6 / -45.0,False,161,-44.67,0.34
GBPUSD,B_london,B_london_rev|ref00-05o1|act06-10|rev|b0.5|a10|m1.0|tp0.5|x11,539,-201.68,60.85,0.24,200.7,-92.6 / -62.6 / -45.0,False,161,-44.67,0.34
GBPUSD,B_london,B_london_rev|ref00-05o1|act06-10|rev|b0.5|a10|m1.0|tp0.75|x10,539,-175.18,56.4,0.43,174.33,-84.1 / -52.1 / -37.5,False,161,-38.39,0.54
GBPUSD,B_london,B_london_rev|ref00-05o1|act06-10|rev|b0.5|a10|m1.0|tp0.75|x11,539,-175.18,56.4,0.43,174.33,-84.1 / -52.1 / -37.5,False,161,-36.92,0.55
GBPUSD,B_london,B_london_rev|ref00-05o1|act06-10|rev|b0.5|a10|m1.0|tpopp|x10,539,-137.02,30.24,0.71,149.9,-50.7 / -29.7 / -55.1,False,161,-38.82,0.71
GBPUSD,B_london,B_london_rev|ref00-05o1|act06-10|rev|b0.5|a10|m1.0|tpopp|x11,539,-138.65,29.31,0.72,152.95,-52.2 / -26.9 / -58.1,False,161,-35.91,0.73
GBPUSD,B_london,B_london_rev|ref00-05o1|act06-10|rev|b0.5|a10|m1.5|tp0.5|x10,539,-99.72,68.09,0.52,99.07,-47.2 / -33.4 / -17.8,False,161,-17.41,0.67
GBPUSD,B_london,B_london_rev|ref00-05o1|act06-10|rev|b0.5|a10|m1.5|tp0.5|x11,539,-99.76,68.09,0.52,99.1,-47.2 / -33.4 / -17.8,False,161,-16.78,0.68
GBPUSD,B_london,B_london_rev|ref00-05o1|act06-10|rev|b0.5|a10|m1.5|tp0.75|x10,539,-88.47,59.0,0.66,88.32,-42.5 / -30.2 / -14.5,False,161,-18.15,0.75
GBPUSD,B_london,B_london_rev|ref00-05o1|act06-10|rev|b0.5|a10|m1.5|tp0.75|x11,539,-89.35,58.81,0.66,89.2,-42.0 / -31.2 / -14.9,False,161,-17.05,0.76
GBPUSD,B_london,B_london_rev|ref00-05o1|act06-10|rev|b0.5|a10|m1.5|tpopp|x10,539,-83.63,38.4,0.77,98.39,-36.5 / -14.8 / -31.0,False,161,-31.79,0.69
GBPUSD,B_london,B_london_rev|ref00-05o1|act06-10|rev|b0.5|a10|m1.5|tpopp|x11,539,-81.0,37.66,0.79,95.02,-33.4 / -11.7 / -34.7,False,161,-30.73,0.71
GBPUSD,B_london,B_london_rev|ref00-05o1|act06-10|rev|b0.75|a10|m1.0|tp0.5|x10,530,-194.44,61.13,0.25,193.61,-93.1 / -56.8 / -43.0,False,155,-49.01,0.31
GBPUSD,B_london,B_london_rev|ref00-05o1|act06-10|rev|b0.75|a10|m1.0|tp0.5|x11,530,-194.3,61.13,0.25,193.46,-93.1 / -56.8 / -42.8,False,155,-49.01,0.31
GBPUSD,B_london,B_london_rev|ref00-05o1|act06-10|rev|b0.75|a10|m1.0|tp0.75|x10,530,-172.44,56.23,0.43,171.63,-85.4 / -40.8 / -44.7,False,155,-36.26,0.55
GBPUSD,B_london,B_london_rev|ref00-05o1|act06-10|rev|b0.75|a10|m1.0|tp0.75|x11,530,-172.3,56.23,0.43,171.48,-85.4 / -40.8 / -44.6,False,155,-36.26,0.55
GBPUSD,B_london,B_london_rev|ref00-05o1|act06-10|rev|b0.75|a10|m1.0|tpopp|x10,530,-143.13,30.0,0.7,152.13,-54.0 / -22.6 / -65.0,False,155,-44.53,0.66
GBPUSD,B_london,B_london_rev|ref00-05o1|act06-10|rev|b0.75|a10|m1.0|tpopp|x11,530,-148.75,28.11,0.69,156.03,-58.3 / -19.7 / -69.3,False,155,-40.34,0.69
GBPUSD,B_london,B_london_rev|ref00-05o1|act06-10|rev|b0.75|a10|m1.5|tp0.5|x10,530,-84.94,69.62,0.56,84.3,-40.6 / -23.6 / -19.5,False,155,-15.03,0.7
GBPUSD,B_london,B_london_rev|ref00-05o1|act06-10|rev|b0.75|a10|m1.5|tp0.5|x11,530,-86.16,69.43,0.55,85.53,-40.6 / -23.6 / -20.7,False,155,-15.33,0.69
GBPUSD,B_london,B_london_rev|ref00-05o1|act06-10|rev|b0.75|a10|m1.5|tp0.75|x10,530,-70.39,60.75,0.71,70.26,-38.7 / -22.2 / -8.2,False,155,-16.98,0.75
GBPUSD,B_london,B_london_rev|ref00-05o1|act06-10|rev|b0.75|a10|m1.5|tp0.75|x11,530,-73.16,60.19,0.7,73.03,-38.4 / -23.5 / -10.0,False,155,-16.15,0.76
GBPUSD,B_london,B_london_rev|ref00-05o1|act06-10|rev|b0.75|a10|m1.5|tpopp|x10,530,-82.55,38.49,0.77,94.15,-36.0 / -10.5 / -34.7,False,155,-32.99,0.66
GBPUSD,B_london,B_london_rev|ref00-05o1|act06-10|rev|b0.75|a10|m1.5|tpopp|x11,530,-80.03,37.17,0.78,90.29,-35.4 / -6.6 / -36.7,False,155,-32.34,0.69
GBPUSD,B_london,B_london_rev|ref00-05o1|act06-10|rev_cf|b0.25|a10|m1.0|tp0.5|x10,119,-48.84,57.14,0.23,49.3,-19.2 / -13.6 / -14.7,False,34,-6.85,0.43
GBPUSD,B_london,B_london_rev|ref00-05o1|act06-10|rev_cf|b0.25|a10|m1.0|tp0.5|x11,119,-48.39,57.14,0.23,48.85,-18.3 / -13.6 / -15.2,False,34,-7.2,0.43
GBPUSD,B_london,B_london_rev|ref00-05o1|act06-10|rev_cf|b0.25|a10|m1.0|tp0.75|x10,119,-44.65,51.26,0.38,45.61,-14.4 / -14.6 / -14.3,False,34,-4.6,0.68
GBPUSD,B_london,B_london_rev|ref00-05o1|act06-10|rev_cf|b0.25|a10|m1.0|tp0.75|x11,119,-42.99,51.26,0.39,43.95,-14.1 / -13.9 / -13.8,False,34,-6.19,0.62
GBPUSD,B_london,B_london_rev|ref00-05o1|act06-10|rev_cf|b0.25|a10|m1.0|tpopp|x10,119,-33.13,36.97,0.62,36.55,-10.4 / -5.7 / -15.8,False,34,-6.19,0.7
GBPUSD,B_london,B_london_rev|ref00-05o1|act06-10|rev_cf|b0.25|a10|m1.0|tpopp|x11,119,-40.45,33.61,0.54,43.87,-15.6 / -5.7 / -17.9,False,34,-10.88,0.57
GBPUSD,B_london,B_london_rev|ref00-05o1|act06-10|rev_cf|b0.25|a10|m1.5|tp0.5|x10,119,-39.42,54.62,0.33,40.06,-13.5 / -12.4 / -12.3,False,34,-5.03,0.57
GBPUSD,B_london,B_london_rev|ref00-05o1|act06-10|rev_cf|b0.25|a10|m1.5|tp0.5|x11,119,-34.6,56.3,0.37,35.24,-11.7 / -11.1 / -10.6,False,34,-7.43,0.47
GBPUSD,B_london,B_london_rev|ref00-05o1|act06-10|rev_cf|b0.25|a10|m1.5|tp0.75|x10,119,-36.61,48.74,0.45,37.75,-13.1 / -11.3 / -11.0,False,34,-4.65,0.68
GBPUSD,B_london,B_london_rev|ref00-05o1|act06-10|rev_cf|b0.25|a10|m1.5|tp0.75|x11,119,-36.27,46.22,0.43,37.41,-14.8 / -11.0 / -9.3,False,34,-6.16,0.63
GBPUSD,B_london,B_london_rev|ref00-05o1|act06-10|rev_cf|b0.25|a10|m1.5|tpopp|x10,119,-30.22,39.5,0.58,32.5,-10.9 / -3.0 / -15.2,False,34,-7.71,0.56
GBPUSD,B_london,B_london_rev|ref00-05o1|act06-10|rev_cf|b0.25|a10|m1.5|tpopp|x11,119,-34.44,35.29,0.51,36.72,-16.5 / -2.2 / -14.6,False,34,-10.6,0.49
GBPUSD,B_london,B_london_rev|ref00-05o1|act06-10|rev_cf|b0.5|a10|m1.0|tp0.5|x10,98,-29.22,64.29,0.33,29.68,-12.8 / -7.9 / -7.2,False,28,-8.81,0.31
GBPUSD,B_london,B_london_rev|ref00-05o1|act06-10|rev_cf|b0.5|a10|m1.0|tp0.5|x11,98,-28.77,64.29,0.33,29.23,-11.9 / -7.9 / -7.7,False,28,-8.49,0.34
GBPUSD,B_london,B_london_rev|ref00-05o1|act06-10|rev_cf|b0.5|a10|m1.0|tp0.75|x10,98,-26.65,57.14,0.49,27.61,-8.8 / -9.4 / -7.1,False,28,-6.11,0.56
GBPUSD,B_london,B_london_rev|ref00-05o1|act06-10|rev_cf|b0.5|a10|m1.0|tp0.75|x11,98,-23.36,58.16,0.53,24.32,-6.9 / -8.7 / -6.5,False,28,-6.33,0.55
GBPUSD,B_london,B_london_rev|ref00-05o1|act06-10|rev_cf|b0.5|a10|m1.0|tpopp|x10,98,-27.43,36.73,0.6,31.07,-6.9 / -6.0 / -13.2,False,28,-3.2,0.81
GBPUSD,B_london,B_london_rev|ref00-05o1|act06-10|rev_cf|b0.5|a10|m1.0|tpopp|x11,98,-31.35,33.67,0.54,35.58,-9.4 / -5.3 / -15.3,False,28,-6.28,0.68
GBPUSD,B_london,B_london_rev|ref00-05o1|act06-10|rev_cf|b0.5|a10|m1.5|tp0.5|x10,98,-23.85,60.2,0.43,24.49,-8.1 / -9.0 / -5.5,False,28,-6.65,0.44
GBPUSD,B_london,B_london_rev|ref00-05o1|act06-10|rev_cf|b0.5|a10|m1.5|tp0.5|x11,98,-18.67,63.27,0.5,19.31,-5.2 / -7.8 / -4.5,False,28,-6.85,0.43
GBPUSD,B_london,B_london_rev|ref00-05o1|act06-10|rev_cf|b0.5|a10|m1.5|tp0.75|x10,98,-23.11,53.06,0.53,24.25,-8.5 / -8.9 / -4.5,False,28,-5.77,0.57
GBPUSD,B_london,B_london_rev|ref00-05o1|act06-10|rev_cf|b0.5|a10|m1.5|tp0.75|x11,98,-21.71,51.02,0.54,22.85,-8.8 / -8.4 / -3.4,False,28,-5.09,0.61
GBPUSD,B_london,B_london_rev|ref00-05o1|act06-10|rev_cf|b0.5|a10|m1.5|tpopp|x10,98,-25.1,38.78,0.54,27.38,-6.9 / -5.5 / -11.5,False,28,-5.04,0.64
GBPUSD,B_london,B_london_rev|ref00-05o1|act06-10|rev_cf|b0.5|a10|m1.5|tpopp|x11,98,-27.76,34.69,0.48,30.04,-10.7 / -4.4 / -11.6,False,28,-5.98,0.61
GBPUSD,B_london,B_london_rev|ref00-05o1|act06-10|rev_cf|b0.75|a10|m1.0|tp0.5|x10,70,-31.13,54.29,0.21,30.07,-13.6 / -9.9 / -6.4,False,20,-6.01,0.34
GBPUSD,B_london,B_london_rev|ref00-05o1|act06-10|rev_cf|b0.75|a10|m1.0|tp0.5|x11,70,-30.68,54.29,0.21,29.62,-12.7 / -9.9 / -6.9,False,20,-6.01,0.34
GBPUSD,B_london,B_london_rev|ref00-05o1|act06-10|rev_cf|b0.75|a10|m1.0|tp0.75|x10,70,-26.63,51.43,0.39,25.82,-10.9 / -10.1 / -4.4,False,20,-4.31,0.57
GBPUSD,B_london,B_london_rev|ref00-05o1|act06-10|rev_cf|b0.75|a10|m1.0|tp0.75|x11,70,-25.29,51.43,0.39,24.48,-9.9 / -10.1 / -4.0,False,20,-3.61,0.61
GBPUSD,B_london,B_london_rev|ref00-05o1|act06-10|rev_cf|b0.75|a10|m1.0|tpopp|x10,70,-29.63,32.86,0.46,32.07,-15.4 / -6.0 / -7.0,False,20,-8.63,0.37
GBPUSD,B_london,B_london_rev|ref00-05o1|act06-10|rev_cf|b0.75|a10|m1.0|tpopp|x11,70,-30.96,28.57,0.44,31.12,-14.4 / -6.7 / -8.5,False,20,-9.82,0.4
GBPUSD,B_london,B_london_rev|ref00-05o1|act06-10|rev_cf|b0.75|a10|m1.5|tp0.5|x10,70,-21.84,55.71,0.35,21.04,-9.2 / -8.8 / -3.4,False,20,-5.21,0.42
GBPUSD,B_london,B_london_rev|ref00-05o1|act06-10|rev_cf|b0.75|a10|m1.5|tp0.5|x11,70,-18.01,58.57,0.4,17.13,-6.9 / -8.5 / -2.3,False,20,-4.74,0.45
GBPUSD,B_london,B_london_rev|ref00-05o1|act06-10|rev_cf|b0.75|a10|m1.5|tp0.75|x10,70,-24.69,45.71,0.4,24.08,-11.3 / -9.6 / -3.3,False,20,-5.33,0.5
GBPUSD,B_london,B_london_rev|ref00-05o1|act06-10|rev_cf|b0.75|a10|m1.5|tp0.75|x11,70,-21.85,45.71,0.43,21.33,-9.6 / -9.8 / -2.2,False,20,-3.97,0.59
GBPUSD,B_london,B_london_rev|ref00-05o1|act06-10|rev_cf|b0.75|a10|m1.5|tpopp|x10,70,-28.36,34.29,0.38,27.85,-14.4 / -6.4 / -7.0,False,20,-8.03,0.3
GBPUSD,B_london,B_london_rev|ref00-05o1|act06-10|rev_cf|b0.75|a10|m1.5|tpopp|x11,70,-27.14,30.0,0.37,26.58,-13.7 / -6.6 / -6.6,False,20,-7.81,0.39
GBPUSD,B_london,B_london_rev|ref00-05o1|act07-10|rev|b0.25|a10|m1.0|tp0.5|x10,537,-211.36,59.03,0.25,210.28,-86.1 / -70.3 / -53.6,False,161,-46.88,0.34
GBPUSD,B_london,B_london_rev|ref00-05o1|act07-10|rev|b0.25|a10|m1.0|tp0.5|x11,537,-211.36,59.03,0.25,210.28,-86.1 / -70.3 / -53.6,False,161,-46.88,0.34
GBPUSD,B_london,B_london_rev|ref00-05o1|act07-10|rev|b0.25|a10|m1.0|tp0.75|x10,537,-166.16,55.68,0.45,165.33,-62.1 / -57.9 / -44.7,False,161,-30.56,0.61
GBPUSD,B_london,B_london_rev|ref00-05o1|act07-10|rev|b0.25|a10|m1.0|tp0.75|x11,537,-164.86,55.87,0.46,164.03,-62.1 / -56.5 / -44.8,False,161,-31.12,0.6
GBPUSD,B_london,B_london_rev|ref00-05o1|act07-10|rev|b0.25|a10|m1.0|tpopp|x10,537,-176.69,30.35,0.61,191.95,-48.4 / -57.3 / -69.5,False,161,-40.06,0.67
GBPUSD,B_london,B_london_rev|ref00-05o1|act07-10|rev|b0.25|a10|m1.0|tpopp|x11,537,-185.56,29.8,0.6,197.07,-49.4 / -57.9 / -76.8,False,161,-42.91,0.67
GBPUSD,B_london,B_london_rev|ref00-05o1|act07-10|rev|b0.25|a10|m1.5|tp0.5|x10,537,-109.31,64.99,0.49,108.94,-40.0 / -35.5 / -32.4,False,161,-25.5,0.58
GBPUSD,B_london,B_london_rev|ref00-05o1|act07-10|rev|b0.25|a10|m1.5|tp0.5|x11,537,-108.45,65.36,0.5,108.08,-40.0 / -36.4 / -30.7,False,161,-25.28,0.58
GBPUSD,B_london,B_london_rev|ref00-05o1|act07-10|rev|b0.25|a10|m1.5|tp0.75|x10,537,-109.02,54.93,0.6,110.4,-34.0 / -33.8 / -39.9,False,161,-17.1,0.76
GBPUSD,B_london,B_london_rev|ref00-05o1|act07-10|rev|b0.25|a10|m1.5|tp0.75|x11,537,-108.69,55.49,0.6,110.93,-34.0 / -35.2 / -38.2,False,161,-15.06,0.79
GBPUSD,B_london,B_london_rev|ref00-05o1|act07-10|rev|b0.25|a10|m1.5|tpopp|x10,537,-126.93,37.8,0.63,136.17,-40.0 / -30.6 / -55.1,False,161,-33.07,0.65
GBPUSD,B_london,B_london_rev|ref00-05o1|act07-10|rev|b0.25|a10|m1.5|tpopp|x11,537,-130.37,37.62,0.64,138.26,-33.2 / -34.8 / -61.1,False,161,-33.57,0.66
GBPUSD,B_london,B_london_rev|ref00-05o1|act07-10|rev|b0.5|a10|m1.0|tp0.5|x10,530,-208.15,59.06,0.25,207.07,-86.1 / -65.2 / -55.4,False,158,-41.29,0.38
GBPUSD,B_london,B_london_rev|ref00-05o1|act07-10|rev|b0.5|a10|m1.0|tp0.5|x11,530,-208.15,59.06,0.25,207.07,-86.1 / -65.2 / -55.4,False,158,-41.29,0.38
GBPUSD,B_london,B_london_rev|ref00-05o1|act07-10|rev|b0.5|a10|m1.0|tp0.75|x10,530,-157.83,56.42,0.47,157.0,-62.6 / -50.0 / -43.7,False,158,-29.69,0.61
GBPUSD,B_london,B_london_rev|ref00-05o1|act07-10|rev|b0.5|a10|m1.0|tp0.75|x11,530,-157.4,56.42,0.47,156.57,-62.6 / -49.4 / -43.9,False,158,-28.79,0.62
GBPUSD,B_london,B_london_rev|ref00-05o1|act07-10|rev|b0.5|a10|m1.0|tpopp|x10,530,-164.25,30.94,0.63,183.53,-43.8 / -52.5 / -66.4,False,158,-35.17,0.7
GBPUSD,B_london,B_london_rev|ref00-05o1|act07-10|rev|b0.5|a10|m1.0|tpopp|x11,530,-170.55,30.19,0.63,186.79,-44.4 / -53.3 / -71.4,False,158,-34.96,0.71
GBPUSD,B_london,B_london_rev|ref00-05o1|act07-10|rev|b0.5|a10|m1.5|tp0.5|x10,530,-102.38,65.66,0.51,102.0,-40.4 / -28.4 / -32.2,False,158,-25.19,0.58
GBPUSD,B_london,B_london_rev|ref00-05o1|act07-10|rev|b0.5|a10|m1.5|tp0.5|x11,530,-102.23,65.85,0.51,101.86,-40.4 / -30.1 / -30.3,False,158,-23.87,0.59
GBPUSD,B_london,B_london_rev|ref00-05o1|act07-10|rev|b0.5|a10|m1.5|tp0.75|x10,530,-98.52,55.85,0.62,100.04,-26.8 / -31.0 / -39.4,False,158,-21.03,0.71
GBPUSD,B_london,B_london_rev|ref00-05o1|act07-10|rev|b0.5|a10|m1.5|tp0.75|x11,530,-95.38,56.42,0.64,97.66,-26.1 / -31.5 / -36.5,False,158,-17.14,0.76
GBPUSD,B_london,B_london_rev|ref00-05o1|act07-10|rev|b0.5|a10|m1.5|tpopp|x10,530,-117.14,38.11,0.65,126.95,-37.0 / -25.1 / -53.7,False,158,-30.93,0.66
GBPUSD,B_london,B_london_rev|ref00-05o1|act07-10|rev|b0.5|a10|m1.5|tpopp|x11,530,-119.23,37.92,0.66,128.17,-31.2 / -29.0 / -57.7,False,158,-31.38,0.68
GBPUSD,B_london,B_london_rev|ref00-05o1|act07-10|rev|b0.75|a10|m1.0|tp0.5|x10,520,-190.83,60.58,0.27,189.78,-83.8 / -56.3 / -49.3,False,150,-44.79,0.34
GBPUSD,B_london,B_london_rev|ref00-05o1|act07-10|rev|b0.75|a10|m1.0|tp0.5|x11,520,-190.68,60.58,0.27,189.64,-83.8 / -56.3 / -49.1,False,150,-44.79,0.34
GBPUSD,B_london,B_london_rev|ref00-05o1|act07-10|rev|b0.75|a10|m1.0|tp0.75|x10,520,-151.37,56.54,0.47,150.58,-62.6 / -42.1 / -45.3,False,150,-28.73,0.61
GBPUSD,B_london,B_london_rev|ref00-05o1|act07-10|rev|b0.75|a10|m1.0|tp0.75|x11,520,-151.68,56.54,0.47,150.89,-62.6 / -41.5 / -46.1,False,150,-29.29,0.6
GBPUSD,B_london,B_london_rev|ref00-05o1|act07-10|rev|b0.75|a10|m1.0|tpopp|x10,520,-145.85,32.31,0.66,158.5,-42.8 / -40.6 / -60.9,False,150,-43.86,0.62
GBPUSD,B_london,B_london_rev|ref00-05o1|act07-10|rev|b0.75|a10|m1.0|tpopp|x11,520,-156.39,30.77,0.65,166.14,-42.4 / -42.7 / -69.8,False,150,-42.3,0.65
GBPUSD,B_london,B_london_rev|ref00-05o1|act07-10|rev|b0.75|a10|m1.5|tp0.5|x10,520,-95.27,66.15,0.53,94.92,-37.1 / -25.3 / -31.6,False,150,-23.63,0.58
GBPUSD,B_london,B_london_rev|ref00-05o1|act07-10|rev|b0.75|a10|m1.5|tp0.5|x11,520,-95.75,66.54,0.53,95.41,-37.1 / -26.2 / -31.2,False,150,-23.21,0.58
GBPUSD,B_london,B_london_rev|ref00-05o1|act07-10|rev|b0.75|a10|m1.5|tp0.75|x10,520,-94.03,56.15,0.63,93.42,-28.7 / -27.3 / -36.7,False,150,-19.4,0.71
GBPUSD,B_london,B_london_rev|ref00-05o1|act07-10|rev|b0.75|a10|m1.5|tp0.75|x11,520,-93.48,56.35,0.64,93.5,-28.3 / -27.8 / -36.1,False,150,-15.77,0.76
GBPUSD,B_london,B_london_rev|ref00-05o1|act07-10|rev|b0.75|a10|m1.5|tpopp|x10,520,-113.29,38.85,0.66,117.37,-37.5 / -25.0 / -49.6,False,150,-33.7,0.61
GBPUSD,B_london,B_london_rev|ref00-05o1|act07-10|rev|b0.75|a10|m1.5|tpopp|x11,520,-117.66,37.88,0.66,120.43,-32.6 / -28.4 / -55.4,False,150,-34.43,0.63
GBPUSD,B_london,B_london_rev|ref00-05o1|act07-10|rev_cf|b0.25|a10|m1.0|tp0.5|x10,94,-40.19,56.38,0.23,40.65,-14.3 / -15.8 / -8.8,False,31,-7.6,0.38
GBPUSD,B_london,B_london_rev|ref00-05o1|act07-10|rev_cf|b0.25|a10|m1.0|tp0.5|x11,94,-39.74,56.38,0.23,40.21,-13.4 / -15.8 / -9.3,False,31,-7.95,0.38
GBPUSD,B_london,B_london_rev|ref00-05o1|act07-10|rev_cf|b0.25|a10|m1.0|tp0.75|x10,94,-40.37,47.87,0.34,41.33,-11.1 / -17.0 / -11.0,False,31,-6.1,0.59
GBPUSD,B_london,B_london_rev|ref00-05o1|act07-10|rev_cf|b0.25|a10|m1.0|tp0.75|x11,94,-38.34,47.87,0.35,39.3,-9.4 / -17.2 / -10.4,False,31,-7.69,0.53
GBPUSD,B_london,B_london_rev|ref00-05o1|act07-10|rev_cf|b0.25|a10|m1.0|tpopp|x10,94,-29.73,37.23,0.56,33.3,-4.8 / -17.3 / -6.3,False,31,-7.24,0.65
GBPUSD,B_london,B_london_rev|ref00-05o1|act07-10|rev_cf|b0.25|a10|m1.0|tpopp|x11,94,-35.22,32.98,0.48,38.64,-8.5 / -18.1 / -7.4,False,31,-12.16,0.52
GBPUSD,B_london,B_london_rev|ref00-05o1|act07-10|rev_cf|b0.25|a10|m1.5|tp0.5|x10,94,-37.65,50.0,0.28,38.29,-10.2 / -14.9 / -11.3,False,31,-6.03,0.49
GBPUSD,B_london,B_london_rev|ref00-05o1|act07-10|rev_cf|b0.25|a10|m1.5|tp0.5|x11,94,-33.01,51.06,0.31,33.65,-8.5 / -13.2 / -10.0,False,31,-8.43,0.41
GBPUSD,B_london,B_london_rev|ref00-05o1|act07-10|rev_cf|b0.25|a10|m1.5|tp0.75|x10,94,-31.63,47.87,0.41,32.77,-7.8 / -14.4 / -8.2,False,31,-6.75,0.54
GBPUSD,B_london,B_london_rev|ref00-05o1|act07-10|rev_cf|b0.25|a10|m1.5|tp0.75|x11,94,-31.66,43.62,0.39,32.8,-9.6 / -13.6 / -7.3,False,31,-8.71,0.49
GBPUSD,B_london,B_london_rev|ref00-05o1|act07-10|rev_cf|b0.25|a10|m1.5|tpopp|x10,94,-29.06,39.36,0.48,31.34,-5.2 / -14.3 / -8.4,False,31,-7.68,0.54
GBPUSD,B_london,B_london_rev|ref00-05o1|act07-10|rev_cf|b0.25|a10|m1.5|tpopp|x11,94,-32.39,34.04,0.4,34.67,-9.7 / -14.0 / -7.4,False,31,-10.88,0.46
GBPUSD,B_london,B_london_rev|ref00-05o1|act07-10|rev_cf|b0.5|a10|m1.0|tp0.5|x10,78,-22.56,65.38,0.35,23.03,-7.4 / -12.5 / -1.3,False,24,-8.36,0.29
GBPUSD,B_london,B_london_rev|ref00-05o1|act07-10|rev_cf|b0.5|a10|m1.0|tp0.5|x11,78,-22.12,65.38,0.35,22.58,-6.5 / -12.5 / -1.8,False,24,-8.04,0.31
GBPUSD,B_london,B_london_rev|ref00-05o1|act07-10|rev_cf|b0.5|a10|m1.0|tp0.75|x10,78,-23.25,55.13,0.46,24.21,-4.1 / -14.3 / -3.5,False,24,-6.4,0.5
GBPUSD,B_london,B_london_rev|ref00-05o1|act07-10|rev_cf|b0.5|a10|m1.0|tp0.75|x11,78,-19.96,56.41,0.51,21.14,-2.2 / -13.5 / -2.9,False,24,-6.62,0.49
GBPUSD,B_london,B_london_rev|ref00-05o1|act07-10|rev_cf|b0.5|a10|m1.0|tpopp|x10,78,-14.1,41.03,0.72,21.72,+1.7 / -14.9 / +0.4,False,24,-4.0,0.76
GBPUSD,B_london,B_london_rev|ref00-05o1|act07-10|rev_cf|b0.5|a10|m1.0|tpopp|x11,78,-17.05,37.18,0.65,23.74,-0.8 / -14.3 / -0.6,False,24,-6.55,0.65
GBPUSD,B_london,B_london_rev|ref00-05o1|act07-10|rev_cf|b0.5|a10|m1.5|tp0.5|x10,78,-21.84,57.69,0.39,22.48,-3.9 / -12.3 / -4.4,False,24,-6.51,0.39
GBPUSD,B_london,B_london_rev|ref00-05o1|act07-10|rev_cf|b0.5|a10|m1.5|tp0.5|x11,78,-17.07,60.26,0.46,17.71,-2.0 / -10.1 / -3.7,False,24,-6.72,0.38
GBPUSD,B_london,B_london_rev|ref00-05o1|act07-10|rev_cf|b0.5|a10|m1.5|tp0.75|x10,78,-16.31,55.13,0.57,17.45,-1.5 / -12.3 / -1.3,False,24,-5.95,0.51
GBPUSD,B_london,B_london_rev|ref00-05o1|act07-10|rev_cf|b0.5|a10|m1.5|tp0.75|x11,78,-15.81,51.28,0.56,16.96,-2.9 / -10.7 / -1.0,False,24,-5.22,0.57
GBPUSD,B_london,B_london_rev|ref00-05o1|act07-10|rev_cf|b0.5|a10|m1.5|tpopp|x10,78,-14.25,43.59,0.64,16.99,+0.8 / -11.9 / -2.0,False,24,-4.85,0.63
GBPUSD,B_london,B_london_rev|ref00-05o1|act07-10|rev_cf|b0.5|a10|m1.5|tpopp|x11,78,-16.59,38.46,0.57,20.05,-3.0 / -10.8 / -1.6,False,24,-5.6,0.61
GBPUSD,B_london,B_london_rev|ref22-04o0|act06-09|rev|b0.25|a10|m1.0|tp0.5|x10,505,-184.26,61.39,0.25,183.15,-80.4 / -62.4 / -41.5,False,142,-27.91,0.45
GBPUSD,B_london,B_london_rev|ref22-04o0|act06-09|rev|b0.25|a10|m1.0|tp0.5|x11,505,-184.52,61.39,0.25,183.41,-80.4 / -62.4 / -41.8,False,142,-27.91,0.45
GBPUSD,B_london,B_london_rev|ref22-04o0|act06-09|rev|b0.25|a10|m1.0|tp0.75|x10,505,-142.42,58.42,0.48,141.09,-68.3 / -45.4 / -27.3,False,142,-14.41,0.76
GBPUSD,B_london,B_london_rev|ref22-04o0|act06-09|rev|b0.25|a10|m1.0|tp0.75|x11,505,-142.87,58.22,0.48,141.54,-68.5 / -45.4 / -27.5,False,142,-14.41,0.76
GBPUSD,B_london,B_london_rev|ref22-04o0|act06-09|rev|b0.25|a10|m1.0|tpopp|x10,505,-198.98,29.5,0.56,197.96,-94.2 / -64.6 / -38.7,False,142,-25.72,0.77
GBPUSD,B_london,B_london_rev|ref22-04o0|act06-09|rev|b0.25|a10|m1.0|tpopp|x11,505,-186.46,29.7,0.59,185.44,-85.3 / -62.4 / -37.3,False,142,-32.24,0.73
GBPUSD,B_london,B_london_rev|ref22-04o0|act06-09|rev|b0.25|a10|m1.5|tp0.5|x10,505,-49.66,73.27,0.69,49.28,-29.9 / -13.8 / -4.7,False,142,0.05,1.0
GBPUSD,B_london,B_london_rev|ref22-04o0|act06-09|rev|b0.25|a10|m1.5|tp0.5|x11,505,-50.34,73.07,0.68,49.96,-30.5 / -13.9 / -4.6,False,142,0.43,1.01
GBPUSD,B_london,B_london_rev|ref22-04o0|act06-09|rev|b0.25|a10|m1.5|tp0.75|x10,505,-49.83,62.57,0.77,51.05,-32.4 / -12.8 / -3.3,False,142,-5.68,0.9
GBPUSD,B_london,B_london_rev|ref22-04o0|act06-09|rev|b0.25|a10|m1.5|tp0.75|x11,505,-51.82,62.18,0.77,52.48,-33.4 / -13.6 / -3.5,False,142,-6.89,0.88
GBPUSD,B_london,B_london_rev|ref22-04o0|act06-09|rev|b0.25|a10|m1.5|tpopp|x10,505,-98.34,40.99,0.7,98.27,-50.5 / -33.9 / -12.7,False,142,-14.94,0.82
GBPUSD,B_london,B_london_rev|ref22-04o0|act06-09|rev|b0.25|a10|m1.5|tpopp|x11,505,-89.36,40.79,0.73,90.12,-48.1 / -29.7 / -10.2,False,142,-21.21,0.77
GBPUSD,B_london,B_london_rev|ref22-04o0|act06-09|rev|b0.5|a10|m1.0|tp0.5|x10,478,-138.76,66.53,0.31,138.1,-59.5 / -54.1 / -25.2,False,130,-22.8,0.47
GBPUSD,B_london,B_london_rev|ref22-04o0|act06-09|rev|b0.5|a10|m1.0|tp0.5|x11,478,-138.76,66.53,0.31,138.1,-59.5 / -54.1 / -25.2,False,130,-22.8,0.47
GBPUSD,B_london,B_london_rev|ref22-04o0|act06-09|rev|b0.5|a10|m1.0|tp0.75|x10,478,-88.15,64.02,0.61,87.54,-45.5 / -37.8 / -5.1,False,130,-8.42,0.83
GBPUSD,B_london,B_london_rev|ref22-04o0|act06-09|rev|b0.5|a10|m1.0|tp0.75|x11,478,-88.41,63.81,0.6,87.8,-45.5 / -37.8 / -5.4,False,130,-8.49,0.83
GBPUSD,B_london,B_london_rev|ref22-04o0|act06-09|rev|b0.5|a10|m1.0|tpopp|x10,478,-167.57,30.33,0.6,166.83,-83.1 / -68.8 / -14.2,False,130,-7.77,0.92
GBPUSD,B_london,B_london_rev|ref22-04o0|act06-09|rev|b0.5|a10|m1.0|tpopp|x11,478,-153.64,29.71,0.64,152.9,-80.5 / -66.8 / -4.9,False,130,-12.06,0.88
GBPUSD,B_london,B_london_rev|ref22-04o0|act06-09|rev|b0.5|a10|m1.5|tp0.5|x10,478,-19.82,77.2,0.85,28.71,-8.7 / -12.6 / +1.2,False,130,-4.27,0.88
GBPUSD,B_london,B_london_rev|ref22-04o0|act06-09|rev|b0.5|a10|m1.5|tp0.5|x11,478,-20.08,76.99,0.84,28.84,-8.7 / -12.7 / +1.1,False,130,-4.24,0.88
GBPUSD,B_london,B_london_rev|ref22-04o0|act06-09|rev|b0.5|a10|m1.5|tp0.75|x10,478,-3.01,67.78,0.98,26.87,-14.8 / +3.5 / +9.7,False,130,-5.2,0.9
GBPUSD,B_london,B_london_rev|ref22-04o0|act06-09|rev|b0.5|a10|m1.5|tp0.75|x11,478,-3.7,67.78,0.98,27.81,-16.3 / +3.2 / +10.7,False,130,-7.4,0.86
GBPUSD,B_london,B_london_rev|ref22-04o0|act06-09|rev|b0.5|a10|m1.5|tpopp|x10,478,-83.47,40.17,0.73,86.48,-42.1 / -37.6 / -2.4,False,130,-11.35,0.85
GBPUSD,B_london,B_london_rev|ref22-04o0|act06-09|rev|b0.5|a10|m1.5|tpopp|x11,478,-73.43,40.17,0.77,81.74,-41.1 / -34.1 / +3.1,False,130,-17.75,0.79
GBPUSD,B_london,B_london_rev|ref22-04o0|act06-09|rev|b0.75|a10|m1.0|tp0.5|x10,433,-101.34,70.44,0.37,102.8,-47.2 / -40.8 / -13.4,False,114,-22.78,0.44
GBPUSD,B_london,B_london_rev|ref22-04o0|act06-09|rev|b0.75|a10|m1.0|tp0.5|x11,433,-101.34,70.44,0.37,102.8,-47.2 / -40.8 / -13.4,False,114,-22.78,0.44
GBPUSD,B_london,B_london_rev|ref22-04o0|act06-09|rev|b0.75|a10|m1.0|tp0.75|x10,433,-54.54,67.21,0.7,60.39,-32.9 / -23.8 / +1.9,False,114,-12.63,0.74
GBPUSD,B_london,B_london_rev|ref22-04o0|act06-09|rev|b0.75|a10|m1.0|tp0.75|x11,433,-54.09,67.21,0.71,60.39,-32.9 / -23.8 / +2.4,False,114,-12.78,0.73
GBPUSD,B_london,B_london_rev|ref22-04o0|act06-09|rev|b0.75|a10|m1.0|tpopp|x10,433,-125.95,32.33,0.66,125.47,-56.3 / -57.3 / -10.9,False,114,-28.87,0.68
GBPUSD,B_london,B_london_rev|ref22-04o0|act06-09|rev|b0.75|a10|m1.0|tpopp|x11,433,-119.44,31.87,0.68,118.96,-57.6 / -56.1 / -4.2,False,114,-32.46,0.66
GBPUSD,B_london,B_london_rev|ref22-04o0|act06-09|rev|b0.75|a10|m1.5|tp0.5|x10,433,0.13,79.91,1.0,19.27,-2.9 / -9.2 / +12.1,False,114,-4.35,0.86
GBPUSD,B_london,B_london_rev|ref22-04o0|act06-09|rev|b0.75|a10|m1.5|tp0.5|x11,433,0.81,79.91,1.01,19.27,-2.9 / -9.2 / +12.8,False,114,-3.64,0.88
GBPUSD,B_london,B_london_rev|ref22-04o0|act06-09|rev|b0.75|a10|m1.5|tp0.75|x10,433,23.84,71.13,1.17,9.98,+7.2 / +1.4 / +16.5,True,114,4.93,1.13
GBPUSD,B_london,B_london_rev|ref22-04o0|act06-09|rev|b0.75|a10|m1.5|tp0.75|x11,433,23.97,71.13,1.17,10.03,+7.7 / +0.7 / +16.8,True,114,3.73,1.1
GBPUSD,B_london,B_london_rev|ref22-04o0|act06-09|rev|b0.75|a10|m1.5|tpopp|x10,433,-86.55,39.49,0.69,86.77,-36.6 / -43.4 / -5.3,False,114,-16.66,0.73
GBPUSD,B_london,B_london_rev|ref22-04o0|act06-09|rev|b0.75|a10|m1.5|tpopp|x11,433,-79.06,40.18,0.72,86.5,-40.0 / -41.5 / +3.7,False,114,-23.74,0.67
GBPUSD,B_london,B_london_rev|ref22-04o0|act06-09|rev_cf|b0.25|a10|m1.0|tp0.5|x10,233,-94.55,57.94,0.23,94.78,-39.2 / -23.2 / -30.9,False,77,-29.7,0.26
GBPUSD,B_london,B_london_rev|ref22-04o0|act06-09|rev_cf|b0.25|a10|m1.0|tp0.5|x11,233,-96.35,57.94,0.23,96.58,-40.0 / -24.2 / -30.9,False,77,-29.77,0.26
GBPUSD,B_london,B_london_rev|ref22-04o0|act06-09|rev_cf|b0.25|a10|m1.0|tp0.75|x10,233,-77.3,53.65,0.43,77.78,-35.0 / -15.1 / -25.9,False,77,-22.7,0.46
GBPUSD,B_london,B_london_rev|ref22-04o0|act06-09|rev_cf|b0.25|a10|m1.0|tp0.75|x11,233,-80.42,54.08,0.42,80.9,-36.0 / -15.4 / -27.7,False,77,-21.23,0.49
GBPUSD,B_london,B_london_rev|ref22-04o0|act06-09|rev_cf|b0.25|a10|m1.0|tpopp|x10,233,-67.17,40.34,0.58,66.66,-25.2 / -12.5 / -28.2,False,77,-7.86,0.84
GBPUSD,B_london,B_london_rev|ref22-04o0|act06-09|rev_cf|b0.25|a10|m1.0|tpopp|x11,233,-69.92,39.06,0.59,69.41,-27.9 / -11.8 / -28.9,False,77,-8.29,0.84
GBPUSD,B_london,B_london_rev|ref22-04o0|act06-09|rev_cf|b0.25|a10|m1.5|tp0.5|x10,233,-52.57,61.37,0.45,53.48,-25.9 / -7.2 / -18.3,False,77,-16.36,0.47
GBPUSD,B_london,B_london_rev|ref22-04o0|act06-09|rev_cf|b0.25|a10|m1.5|tp0.5|x11,233,-52.17,63.52,0.46,53.07,-25.3 / -7.8 / -17.9,False,77,-16.08,0.49
GBPUSD,B_london,B_london_rev|ref22-04o0|act06-09|rev_cf|b0.25|a10|m1.5|tp0.75|x10,233,-40.11,54.51,0.62,41.37,-20.1 / -3.0 / -15.8,False,77,-11.14,0.66
GBPUSD,B_london,B_london_rev|ref22-04o0|act06-09|rev_cf|b0.25|a10|m1.5|tp0.75|x11,233,-39.88,56.65,0.64,40.98,-17.2 / -6.5 / -15.0,False,77,-10.08,0.7
GBPUSD,B_london,B_london_rev|ref22-04o0|act06-09|rev_cf|b0.25|a10|m1.5|tpopp|x10,233,-45.87,46.78,0.61,47.08,-20.6 / -4.4 / -19.6,False,77,-6.75,0.8
GBPUSD,B_london,B_london_rev|ref22-04o0|act06-09|rev_cf|b0.25|a10|m1.5|tpopp|x11,233,-40.41,48.07,0.66,41.97,-17.2 / -5.7 / -16.4,False,77,-5.58,0.85
GBPUSD,B_london,B_london_rev|ref22-04o0|act06-09|rev_cf|b0.5|a10|m1.0|tp0.5|x10,175,-67.23,60.0,0.25,67.4,-32.3 / -19.0 / -14.6,False,56,-15.05,0.36
GBPUSD,B_london,B_london_rev|ref22-04o0|act06-09|rev_cf|b0.5|a10|m1.0|tp0.5|x11,175,-67.23,60.0,0.25,67.4,-32.3 / -19.0 / -14.6,False,56,-15.04,0.37
GBPUSD,B_london,B_london_rev|ref22-04o0|act06-09|rev_cf|b0.5|a10|m1.0|tp0.75|x10,175,-56.29,54.29,0.44,56.72,-29.6 / -15.5 / -9.9,False,56,-8.3,0.66
GBPUSD,B_london,B_london_rev|ref22-04o0|act06-09|rev_cf|b0.5|a10|m1.0|tp0.75|x11,175,-56.65,54.86,0.44,57.08,-29.8 / -14.6 / -10.9,False,56,-6.76,0.72
GBPUSD,B_london,B_london_rev|ref22-04o0|act06-09|rev_cf|b0.5|a10|m1.0|tpopp|x10,175,-51.51,40.0,0.57,54.19,-19.4 / -16.8 / -14.0,False,56,5.95,1.22
GBPUSD,B_london,B_london_rev|ref22-04o0|act06-09|rev_cf|b0.5|a10|m1.0|tpopp|x11,175,-49.35,38.86,0.61,50.54,-21.7 / -12.6 / -13.7,False,56,6.14,1.21
GBPUSD,B_london,B_london_rev|ref22-04o0|act06-09|rev_cf|b0.5|a10|m1.5|tp0.5|x10,175,-41.39,60.0,0.44,41.68,-22.2 / -11.1 / -7.0,False,56,-8.44,0.57
GBPUSD,B_london,B_london_rev|ref22-04o0|act06-09|rev_cf|b0.5|a10|m1.5|tp0.5|x11,175,-39.65,62.29,0.46,39.93,-21.8 / -9.8 / -6.9,False,56,-8.11,0.6
GBPUSD,B_london,B_london_rev|ref22-04o0|act06-09|rev_cf|b0.5|a10|m1.5|tp0.75|x10,175,-36.95,52.0,0.56,37.48,-20.1 / -8.3 / -7.4,False,56,-3.56,0.83
GBPUSD,B_london,B_london_rev|ref22-04o0|act06-09|rev_cf|b0.5|a10|m1.5|tp0.75|x11,175,-34.75,53.71,0.59,35.29,-18.6 / -7.6 / -7.3,False,56,-4.33,0.81
GBPUSD,B_london,B_london_rev|ref22-04o0|act06-09|rev_cf|b0.5|a10|m1.5|tpopp|x10,175,-36.01,45.71,0.59,36.81,-17.7 / -7.8 / -9.3,False,56,0.1,1.0
GBPUSD,B_london,B_london_rev|ref22-04o0|act06-09|rev_cf|b0.5|a10|m1.5|tpopp|x11,175,-27.83,47.43,0.68,28.63,-15.5 / -4.4 / -6.7,False,56,-1.13,0.95
GBPUSD,B_london,B_london_rev|ref22-04o0|act06-09|rev_cf|b0.75|a10|m1.0|tp0.5|x10,109,-39.58,61.47,0.27,39.76,-19.0 / -13.0 / -6.3,False,29,-10.47,0.28
GBPUSD,B_london,B_london_rev|ref22-04o0|act06-09|rev_cf|b0.75|a10|m1.0|tp0.5|x11,109,-38.86,62.39,0.27,39.03,-19.0 / -12.3 / -6.3,False,29,-10.72,0.28
GBPUSD,B_london,B_london_rev|ref22-04o0|act06-09|rev_cf|b0.75|a10|m1.0|tp0.75|x10,109,-31.99,55.05,0.46,32.42,-15.5 / -9.5 / -5.7,False,29,-8.46,0.45
GBPUSD,B_london,B_london_rev|ref22-04o0|act06-09|rev_cf|b0.75|a10|m1.0|tp0.75|x11,109,-33.52,55.96,0.45,33.94,-15.7 / -8.9 / -7.6,False,29,-7.44,0.51
GBPUSD,B_london,B_london_rev|ref22-04o0|act06-09|rev_cf|b0.75|a10|m1.0|tpopp|x10,109,-27.91,41.28,0.61,29.35,-10.1 / -6.1 / -10.3,False,29,-4.44,0.73
GBPUSD,B_london,B_london_rev|ref22-04o0|act06-09|rev_cf|b0.75|a10|m1.0|tpopp|x11,109,-30.21,40.37,0.6,31.41,-12.4 / -5.6 / -10.8,False,29,-2.89,0.83
GBPUSD,B_london,B_london_rev|ref22-04o0|act06-09|rev_cf|b0.75|a10|m1.5|tp0.5|x10,109,-26.76,58.72,0.42,27.04,-12.5 / -7.8 / -5.2,False,29,-8.47,0.35
GBPUSD,B_london,B_london_rev|ref22-04o0|act06-09|rev_cf|b0.75|a10|m1.5|tp0.5|x11,109,-26.15,61.47,0.44,26.43,-11.6 / -6.8 / -6.5,False,29,-8.43,0.38
GBPUSD,B_london,B_london_rev|ref22-04o0|act06-09|rev_cf|b0.75|a10|m1.5|tp0.75|x10,109,-25.63,50.46,0.53,26.16,-10.2 / -7.0 / -7.2,False,29,-7.2,0.49
GBPUSD,B_london,B_london_rev|ref22-04o0|act06-09|rev_cf|b0.75|a10|m1.5|tp0.75|x11,109,-24.11,53.21,0.57,24.91,-8.4 / -6.5 / -8.0,False,29,-7.14,0.52
GBPUSD,B_london,B_london_rev|ref22-04o0|act06-09|rev_cf|b0.75|a10|m1.5|tpopp|x10,109,-24.09,45.87,0.56,24.89,-8.8 / -4.6 / -9.5,False,29,-5.78,0.58
GBPUSD,B_london,B_london_rev|ref22-04o0|act06-09|rev_cf|b0.75|a10|m1.5|tpopp|x11,109,-20.99,47.71,0.62,21.78,-7.5 / -3.6 / -8.7,False,29,-5.73,0.63
GBPUSD,B_london,B_london_rev|ref22-04o0|act06-10|rev|b0.25|a10|m1.0|tp0.5|x10,527,-181.79,62.43,0.27,180.69,-80.0 / -61.8 / -40.0,False,155,-28.42,0.47
GBPUSD,B_london,B_london_rev|ref22-04o0|act06-10|rev|b0.25|a10|m1.0|tp0.5|x11,527,-181.87,62.43,0.27,180.76,-80.0 / -62.3 / -39.6,False,155,-27.86,0.48
GBPUSD,B_london,B_london_rev|ref22-04o0|act06-10|rev|b0.25|a10|m1.0|tp0.75|x10,527,-135.46,59.58,0.51,134.13,-66.2 / -43.6 / -24.2,False,155,-12.42,0.8
GBPUSD,B_london,B_london_rev|ref22-04o0|act06-10|rev|b0.25|a10|m1.0|tp0.75|x11,527,-135.48,59.39,0.51,134.15,-66.4 / -44.0 / -23.6,False,155,-11.86,0.81
GBPUSD,B_london,B_london_rev|ref22-04o0|act06-10|rev|b0.25|a10|m1.0|tpopp|x10,527,-207.16,29.41,0.55,206.14,-95.6 / -69.5 / -40.5,False,155,-25.67,0.78
GBPUSD,B_london,B_london_rev|ref22-04o0|act06-10|rev|b0.25|a10|m1.0|tpopp|x11,527,-193.77,29.98,0.59,192.75,-87.2 / -67.7 / -37.4,False,155,-29.43,0.77
GBPUSD,B_london,B_london_rev|ref22-04o0|act06-10|rev|b0.25|a10|m1.5|tp0.5|x10,527,-44.94,73.81,0.72,47.78,-28.1 / -12.9 / -2.7,False,155,0.88,1.02
GBPUSD,B_london,B_london_rev|ref22-04o0|act06-10|rev|b0.25|a10|m1.5|tp0.5|x11,527,-45.13,73.62,0.72,48.42,-28.5 / -13.4 / -2.0,False,155,1.46,1.04
GBPUSD,B_london,B_london_rev|ref22-04o0|act06-10|rev|b0.25|a10|m1.5|tp0.75|x10,527,-46.42,62.43,0.79,49.5,-30.2 / -10.9 / -4.0,False,155,-3.36,0.94
GBPUSD,B_london,B_london_rev|ref22-04o0|act06-10|rev|b0.25|a10|m1.5|tp0.75|x11,527,-47.8,62.24,0.79,50.93,-31.0 / -12.3 / -3.1,False,155,-4.42,0.93
GBPUSD,B_london,B_london_rev|ref22-04o0|act06-10|rev|b0.25|a10|m1.5|tpopp|x10,527,-104.72,40.42,0.69,104.65,-51.4 / -37.8 / -14.2,False,155,-15.4,0.82
GBPUSD,B_london,B_london_rev|ref22-04o0|act06-10|rev|b0.25|a10|m1.5|tpopp|x11,527,-93.97,40.61,0.73,93.9,-48.5 / -33.7 / -10.5,False,155,-20.0,0.79
GBPUSD,B_london,B_london_rev|ref22-04o0|act06-10|rev|b0.5|a10|m1.0|tp0.5|x10,503,-132.88,67.99,0.34,132.48,-57.1 / -51.6 / -24.1,False,147,-23.88,0.5
GBPUSD,B_london,B_london_rev|ref22-04o0|act06-10|rev|b0.5|a10|m1.0|tp0.5|x11,503,-132.88,67.99,0.34,132.48,-57.1 / -51.6 / -24.1,False,147,-23.38,0.5
GBPUSD,B_london,B_london_rev|ref22-04o0|act06-10|rev|b0.5|a10|m1.0|tp0.75|x10,503,-78.99,65.21,0.65,78.63,-40.9 / -33.7 / -4.7,False,147,-8.49,0.85
GBPUSD,B_london,B_london_rev|ref22-04o0|act06-10|rev|b0.5|a10|m1.0|tp0.75|x11,503,-79.07,65.01,0.65,78.71,-40.9 / -34.2 / -4.3,False,147,-11.19,0.81
GBPUSD,B_london,B_london_rev|ref22-04o0|act06-10|rev|b0.5|a10|m1.0|tpopp|x10,503,-167.95,31.01,0.61,168.92,-83.3 / -67.4 / -15.8,False,147,-10.52,0.9
GBPUSD,B_london,B_london_rev|ref22-04o0|act06-10|rev|b0.5|a10|m1.0|tpopp|x11,503,-151.53,30.42,0.66,152.51,-77.9 / -66.8 / -5.3,False,147,-15.3,0.87
GBPUSD,B_london,B_london_rev|ref22-04o0|act06-10|rev|b0.5|a10|m1.5|tp0.5|x10,503,-12.62,77.93,0.9,27.83,-5.6 / -9.8 / +2.6,False,147,-3.48,0.91
GBPUSD,B_london,B_london_rev|ref22-04o0|act06-10|rev|b0.5|a10|m1.5|tp0.5|x11,503,-12.72,77.73,0.9,27.83,-5.6 / -10.3 / +3.0,False,147,-5.04,0.87
GBPUSD,B_london,B_london_rev|ref22-04o0|act06-10|rev|b0.5|a10|m1.5|tp0.75|x10,503,5.11,68.19,1.03,25.24,-10.3 / +6.2 / +10.6,False,147,-4.25,0.92
GBPUSD,B_london,B_london_rev|ref22-04o0|act06-10|rev|b0.5|a10|m1.5|tp0.75|x11,503,5.26,68.19,1.03,26.18,-11.6 / +5.7 / +12.5,False,147,-8.94,0.85
GBPUSD,B_london,B_london_rev|ref22-04o0|act06-10|rev|b0.5|a10|m1.5|tpopp|x10,503,-85.26,40.36,0.73,90.0,-42.9 / -37.3 / -3.7,False,147,-14.17,0.83
GBPUSD,B_london,B_london_rev|ref22-04o0|act06-10|rev|b0.5|a10|m1.5|tpopp|x11,503,-72.47,40.36,0.77,81.24,-39.5 / -34.8 / +3.1,False,147,-21.59,0.77
GBPUSD,B_london,B_london_rev|ref22-04o0|act06-10|rev|b0.75|a10|m1.0|tp0.5|x10,462,-96.87,71.86,0.41,98.66,-45.8 / -40.5 / -10.6,False,128,-25.3,0.45
GBPUSD,B_london,B_london_rev|ref22-04o0|act06-10|rev|b0.75|a10|m1.0|tp0.5|x11,462,-96.87,71.86,0.41,98.66,-45.8 / -40.5 / -10.6,False,128,-25.3,0.45
GBPUSD,B_london,B_london_rev|ref22-04o0|act06-10|rev|b0.75|a10|m1.0|tp0.75|x10,462,-43.31,68.83,0.77,58.33,-29.3 / -21.3 / +7.0,False,128,-14.66,0.73
GBPUSD,B_london,B_london_rev|ref22-04o0|act06-10|rev|b0.75|a10|m1.0|tp0.75|x11,462,-42.86,68.83,0.77,58.33,-29.3 / -21.3 / +7.4,False,128,-14.55,0.73
GBPUSD,B_london,B_london_rev|ref22-04o0|act06-10|rev|b0.75|a10|m1.0|tpopp|x10,462,-130.0,33.12,0.66,131.49,-62.6 / -54.7 / -11.2,False,128,-31.94,0.68
GBPUSD,B_london,B_london_rev|ref22-04o0|act06-10|rev|b0.75|a10|m1.0|tpopp|x11,462,-121.47,32.47,0.69,123.06,-61.9 / -55.7 / -2.5,False,128,-36.99,0.66
GBPUSD,B_london,B_london_rev|ref22-04o0|act06-10|rev|b0.75|a10|m1.5|tp0.5|x10,462,8.45,80.95,1.08,18.45,-0.9 / -6.3 / +15.5,False,128,-3.65,0.89
GBPUSD,B_london,B_london_rev|ref22-04o0|act06-10|rev|b0.75|a10|m1.5|tp0.5|x11,462,9.13,80.95,1.09,18.45,-0.9 / -6.3 / +16.2,False,128,-3.27,0.9
GBPUSD,B_london,B_london_rev|ref22-04o0|act06-10|rev|b0.75|a10|m1.5|tp0.75|x10,462,30.9,71.43,1.21,10.53,+8.3 / +3.9 / +20.0,True,128,5.69,1.14
GBPUSD,B_london,B_london_rev|ref22-04o0|act06-10|rev|b0.75|a10|m1.5|tp0.75|x11,462,30.85,71.43,1.21,10.65,+8.7 / +2.9 / +20.6,True,128,5.41,1.13
GBPUSD,B_london,B_london_rev|ref22-04o0|act06-10|rev|b0.75|a10|m1.5|tpopp|x10,462,-91.24,39.83,0.68,94.15,-41.0 / -42.9 / -6.0,False,128,-19.47,0.72
GBPUSD,B_london,B_london_rev|ref22-04o0|act06-10|rev|b0.75|a10|m1.5|tpopp|x11,462,-80.61,40.48,0.73,89.57,-41.3 / -42.2 / +4.2,False,128,-27.62,0.66
GBPUSD,B_london,B_london_rev|ref22-04o0|act06-10|rev_cf|b0.25|a10|m1.0|tp0.5|x10,268,-105.89,58.58,0.24,106.11,-41.3 / -30.0 / -33.3,False,88,-31.06,0.29
GBPUSD,B_london,B_london_rev|ref22-04o0|act06-10|rev_cf|b0.25|a10|m1.0|tp0.5|x11,268,-107.22,58.21,0.24,107.45,-41.5 / -31.3 / -33.2,False,88,-30.25,0.3
GBPUSD,B_london,B_london_rev|ref22-04o0|act06-10|rev_cf|b0.25|a10|m1.0|tp0.75|x10,268,-95.39,52.24,0.4,95.86,-40.3 / -23.9 / -29.9,False,88,-22.06,0.52
GBPUSD,B_london,B_london_rev|ref22-04o0|act06-10|rev_cf|b0.25|a10|m1.0|tp0.75|x11,268,-92.54,52.99,0.41,93.02,-39.5 / -22.5 / -29.2,False,88,-20.74,0.54
GBPUSD,B_london,B_london_rev|ref22-04o0|act06-10|rev_cf|b0.25|a10|m1.0|tpopp|x10,268,-85.1,39.55,0.55,84.59,-34.3 / -16.1 / -33.4,False,88,-11.97,0.79
GBPUSD,B_london,B_london_rev|ref22-04o0|act06-10|rev_cf|b0.25|a10|m1.0|tpopp|x11,268,-80.43,39.18,0.58,79.92,-32.7 / -13.7 / -32.7,False,88,-9.68,0.83
GBPUSD,B_london,B_london_rev|ref22-04o0|act06-10|rev_cf|b0.25|a10|m1.5|tp0.5|x10,268,-63.79,60.82,0.44,65.07,-27.0 / -14.2 / -21.4,False,88,-15.43,0.53
GBPUSD,B_london,B_london_rev|ref22-04o0|act06-10|rev_cf|b0.25|a10|m1.5|tp0.5|x11,268,-58.86,61.94,0.46,60.13,-26.0 / -12.7 / -18.9,False,88,-14.76,0.55
GBPUSD,B_london,B_london_rev|ref22-04o0|act06-10|rev_cf|b0.25|a10|m1.5|tp0.75|x10,268,-51.58,53.73,0.59,53.46,-24.5 / -8.5 / -17.5,False,88,-9.71,0.73
GBPUSD,B_london,B_london_rev|ref22-04o0|act06-10|rev_cf|b0.25|a10|m1.5|tp0.75|x11,268,-47.22,54.85,0.62,48.94,-20.5 / -10.4 / -15.1,False,88,-11.46,0.69
GBPUSD,B_london,B_london_rev|ref22-04o0|act06-10|rev_cf|b0.25|a10|m1.5|tpopp|x10,268,-57.57,46.64,0.58,59.28,-24.9 / -7.2 / -24.3,False,88,-7.48,0.81
GBPUSD,B_london,B_london_rev|ref22-04o0|act06-10|rev_cf|b0.25|a10|m1.5|tpopp|x11,268,-46.55,47.39,0.65,48.1,-20.4 / -6.4 / -18.6,False,88,-5.85,0.85
GBPUSD,B_london,B_london_rev|ref22-04o0|act06-10|rev_cf|b0.5|a10|m1.0|tp0.5|x10,202,-76.12,60.4,0.26,76.6,-35.1 / -23.2 / -16.5,False,65,-15.67,0.4
GBPUSD,B_london,B_london_rev|ref22-04o0|act06-10|rev_cf|b0.5|a10|m1.0|tp0.5|x11,202,-76.65,59.9,0.26,77.13,-35.1 / -23.2 / -17.0,False,65,-15.94,0.39
GBPUSD,B_london,B_london_rev|ref22-04o0|act06-10|rev_cf|b0.5|a10|m1.0|tp0.75|x10,202,-66.18,53.96,0.43,67.16,-34.4 / -20.2 / -10.3,False,65,-7.16,0.73
GBPUSD,B_london,B_london_rev|ref22-04o0|act06-10|rev_cf|b0.5|a10|m1.0|tp0.75|x11,202,-66.62,53.96,0.43,67.6,-34.4 / -18.8 / -12.1,False,65,-7.17,0.74
GBPUSD,B_london,B_london_rev|ref22-04o0|act06-10|rev_cf|b0.5|a10|m1.0|tpopp|x10,202,-62.1,39.6,0.56,64.29,-24.4 / -17.8 / -18.6,False,65,4.56,1.14
GBPUSD,B_london,B_london_rev|ref22-04o0|act06-10|rev_cf|b0.5|a10|m1.0|tpopp|x11,202,-59.79,38.12,0.59,61.75,-26.5 / -13.1 / -18.9,False,65,3.81,1.11
GBPUSD,B_london,B_london_rev|ref22-04o0|act06-10|rev_cf|b0.5|a10|m1.5|tp0.5|x10,202,-43.32,61.88,0.47,43.97,-22.5 / -11.5 / -8.1,False,65,-6.84,0.67
GBPUSD,B_london,B_london_rev|ref22-04o0|act06-10|rev_cf|b0.5|a10|m1.5|tp0.5|x11,202,-42.95,61.88,0.47,43.6,-23.3 / -11.3 / -7.2,False,65,-7.39,0.65
GBPUSD,B_london,B_london_rev|ref22-04o0|act06-10|rev_cf|b0.5|a10|m1.5|tp0.75|x10,202,-42.62,52.48,0.57,43.78,-22.2 / -10.1 / -9.0,False,65,-3.47,0.86
GBPUSD,B_london,B_london_rev|ref22-04o0|act06-10|rev_cf|b0.5|a10|m1.5|tp0.75|x11,202,-40.35,52.48,0.59,41.5,-20.5 / -10.9 / -7.8,False,65,-6.06,0.76
GBPUSD,B_london,B_london_rev|ref22-04o0|act06-10|rev_cf|b0.5|a10|m1.5|tpopp|x10,202,-39.31,46.53,0.61,40.62,-18.6 / -6.8 / -12.8,False,65,1.86,1.07
GBPUSD,B_london,B_london_rev|ref22-04o0|act06-10|rev_cf|b0.5|a10|m1.5|tpopp|x11,202,-31.27,46.53,0.68,32.57,-17.6 / -4.9 / -7.5,False,65,-2.03,0.92
GBPUSD,B_london,B_london_rev|ref22-04o0|act06-10|rev_cf|b0.75|a10|m1.0|tp0.5|x10,125,-42.14,63.2,0.29,42.87,-17.6 / -15.3 / -9.5,False,35,-10.46,0.34
GBPUSD,B_london,B_london_rev|ref22-04o0|act06-10|rev_cf|b0.75|a10|m1.0|tp0.5|x11,125,-41.45,64.0,0.29,42.18,-17.6 / -14.6 / -9.5,False,35,-10.72,0.33
GBPUSD,B_london,B_london_rev|ref22-04o0|act06-10|rev_cf|b0.75|a10|m1.0|tp0.75|x10,125,-35.05,56.0,0.48,36.54,-16.1 / -11.0 / -8.4,False,35,-7.21,0.57
GBPUSD,B_london,B_london_rev|ref22-04o0|act06-10|rev_cf|b0.75|a10|m1.0|tp0.75|x11,125,-36.67,56.8,0.47,38.16,-16.2 / -10.7 / -10.3,False,35,-7.21,0.58
GBPUSD,B_london,B_london_rev|ref22-04o0|act06-10|rev_cf|b0.75|a10|m1.0|tpopp|x10,125,-29.49,43.2,0.63,33.35,-12.1 / -6.7 / -12.2,False,35,-4.95,0.75
GBPUSD,B_london,B_london_rev|ref22-04o0|act06-10|rev_cf|b0.75|a10|m1.0|tpopp|x11,125,-32.34,42.4,0.62,35.34,-14.2 / -6.5 / -12.7,False,35,-4.32,0.79
GBPUSD,B_london,B_london_rev|ref22-04o0|act06-10|rev_cf|b0.75|a10|m1.5|tp0.5|x10,125,-26.3,61.6,0.47,27.29,-12.1 / -6.7 / -7.8,False,35,-6.47,0.5
GBPUSD,B_london,B_london_rev|ref22-04o0|act06-10|rev_cf|b0.75|a10|m1.5|tp0.5|x11,125,-26.91,63.2,0.47,27.91,-12.3 / -7.2 / -7.8,False,35,-7.6,0.46
GBPUSD,B_london,B_london_rev|ref22-04o0|act06-10|rev_cf|b0.75|a10|m1.5|tp0.75|x10,125,-25.41,52.8,0.58,27.16,-10.3 / -6.4 / -9.3,False,35,-7.2,0.56
GBPUSD,B_london,B_london_rev|ref22-04o0|act06-10|rev_cf|b0.75|a10|m1.5|tp0.75|x11,125,-25.18,54.4,0.59,27.26,-9.4 / -7.9 / -8.5,False,35,-8.57,0.49
GBPUSD,B_london,B_london_rev|ref22-04o0|act06-10|rev_cf|b0.75|a10|m1.5|tpopp|x10,125,-23.46,48.8,0.61,25.76,-10.2 / -2.6 / -11.6,False,35,-4.99,0.69
GBPUSD,B_london,B_london_rev|ref22-04o0|act06-10|rev_cf|b0.75|a10|m1.5|tpopp|x11,125,-22.18,49.6,0.64,24.18,-10.3 / -3.8 / -8.8,False,35,-6.34,0.63
GBPUSD,B_london,B_london_rev|ref22-04o0|act07-10|rev|b0.25|a10|m1.0|tp0.5|x10,510,-181.97,60.98,0.27,182.14,-68.0 / -66.4 / -46.1,False,154,-19.49,0.58
GBPUSD,B_london,B_london_rev|ref22-04o0|act07-10|rev|b0.25|a10|m1.0|tp0.5|x11,510,-181.77,60.98,0.27,181.94,-68.0 / -66.8 / -45.5,False,154,-18.93,0.59
GBPUSD,B_london,B_london_rev|ref22-04o0|act07-10|rev|b0.25|a10|m1.0|tp0.75|x10,510,-131.65,58.24,0.51,132.07,-43.7 / -45.1 / -41.4,False,154,-3.68,0.93
GBPUSD,B_london,B_london_rev|ref22-04o0|act07-10|rev|b0.25|a10|m1.0|tp0.75|x11,510,-128.86,58.43,0.52,129.29,-43.9 / -45.6 / -37.9,False,154,-3.68,0.93
GBPUSD,B_london,B_london_rev|ref22-04o0|act07-10|rev|b0.25|a10|m1.0|tpopp|x10,510,-202.83,29.22,0.53,203.52,-83.5 / -48.3 / -69.6,False,154,-29.89,0.73
GBPUSD,B_london,B_london_rev|ref22-04o0|act07-10|rev|b0.25|a10|m1.0|tpopp|x11,510,-193.89,29.41,0.57,194.59,-76.9 / -47.2 / -68.3,False,154,-36.03,0.7
GBPUSD,B_london,B_london_rev|ref22-04o0|act07-10|rev|b0.25|a10|m1.5|tp0.5|x10,510,-58.1,70.0,0.65,60.28,-21.1 / -20.3 / -15.4,False,154,-2.97,0.93
GBPUSD,B_london,B_london_rev|ref22-04o0|act07-10|rev|b0.25|a10|m1.5|tp0.5|x11,510,-55.1,70.78,0.67,58.13,-21.5 / -21.2 / -11.1,False,154,-1.4,0.96
GBPUSD,B_london,B_london_rev|ref22-04o0|act07-10|rev|b0.25|a10|m1.5|tp0.75|x10,510,-68.61,57.84,0.7,69.33,-29.0 / -11.0 / -27.3,False,154,-1.85,0.97
GBPUSD,B_london,B_london_rev|ref22-04o0|act07-10|rev|b0.25|a10|m1.5|tp0.75|x11,510,-65.93,58.63,0.71,67.44,-29.6 / -13.0 / -22.0,False,154,-1.55,0.97
GBPUSD,B_london,B_london_rev|ref22-04o0|act07-10|rev|b0.25|a10|m1.5|tpopp|x10,510,-130.25,37.84,0.59,130.05,-61.3 / -26.5 / -41.1,False,154,-21.81,0.73
GBPUSD,B_london,B_london_rev|ref22-04o0|act07-10|rev|b0.25|a10|m1.5|tpopp|x11,510,-128.87,37.45,0.62,128.66,-60.6 / -29.1 / -37.8,False,154,-27.95,0.7
GBPUSD,B_london,B_london_rev|ref22-04o0|act07-10|rev|b0.5|a10|m1.0|tp0.5|x10,484,-136.32,65.91,0.34,136.73,-53.1 / -56.7 / -26.5,False,143,-17.56,0.58
GBPUSD,B_london,B_london_rev|ref22-04o0|act07-10|rev|b0.5|a10|m1.0|tp0.5|x11,484,-135.46,66.32,0.34,135.87,-53.1 / -56.7 / -25.6,False,143,-17.05,0.59
GBPUSD,B_london,B_london_rev|ref22-04o0|act07-10|rev|b0.5|a10|m1.0|tp0.75|x10,484,-85.14,62.81,0.62,93.16,-29.6 / -36.1 / -17.9,False,143,-1.61,0.97
GBPUSD,B_london,B_london_rev|ref22-04o0|act07-10|rev|b0.5|a10|m1.0|tp0.75|x11,484,-83.05,63.22,0.63,91.76,-29.6 / -36.5 / -15.4,False,143,-4.87,0.91
GBPUSD,B_london,B_london_rev|ref22-04o0|act07-10|rev|b0.5|a10|m1.0|tpopp|x10,484,-133.17,33.06,0.66,134.16,-65.0 / -33.7 / -33.0,False,143,-17.81,0.82
GBPUSD,B_london,B_london_rev|ref22-04o0|act07-10|rev|b0.5|a10|m1.0|tpopp|x11,484,-121.3,32.23,0.7,122.59,-60.4 / -34.0 / -25.4,False,143,-23.33,0.79
GBPUSD,B_london,B_london_rev|ref22-04o0|act07-10|rev|b0.5|a10|m1.5|tp0.5|x10,484,-32.16,73.76,0.77,37.47,-9.6 / -14.1 / -7.1,False,143,-0.23,0.99
GBPUSD,B_london,B_london_rev|ref22-04o0|act07-10|rev|b0.5|a10|m1.5|tp0.5|x11,484,-31.21,74.17,0.78,36.97,-9.6 / -15.2 / -5.1,False,143,-2.37,0.94
GBPUSD,B_london,B_london_rev|ref22-04o0|act07-10|rev|b0.5|a10|m1.5|tp0.75|x10,484,-26.81,62.81,0.86,32.89,-12.8 / -3.5 / -9.2,False,143,1.79,1.04
GBPUSD,B_london,B_london_rev|ref22-04o0|act07-10|rev|b0.5|a10|m1.5|tp0.75|x11,484,-22.46,63.84,0.88,29.93,-12.8 / -4.3 / -4.1,False,143,-1.78,0.97
GBPUSD,B_london,B_london_rev|ref22-04o0|act07-10|rev|b0.5|a10|m1.5|tpopp|x10,484,-94.91,40.08,0.67,100.71,-50.0 / -19.6 / -24.0,False,143,-17.73,0.76
GBPUSD,B_london,B_london_rev|ref22-04o0|act07-10|rev|b0.5|a10|m1.5|tpopp|x11,484,-86.04,39.46,0.71,93.53,-48.2 / -18.2 / -18.3,False,143,-26.88,0.69
GBPUSD,B_london,B_london_rev|ref22-04o0|act07-10|rev|b0.75|a10|m1.0|tp0.5|x10,443,-98.3,70.43,0.41,99.44,-46.9 / -38.6 / -12.8,False,124,-21.65,0.49
GBPUSD,B_london,B_london_rev|ref22-04o0|act07-10|rev|b0.75|a10|m1.0|tp0.5|x11,443,-98.3,70.43,0.41,99.44,-46.9 / -38.6 / -12.8,False,124,-22.11,0.48
GBPUSD,B_london,B_london_rev|ref22-04o0|act07-10|rev|b0.75|a10|m1.0|tp0.75|x10,443,-49.42,66.82,0.73,60.05,-23.7 / -23.8 / -2.2,False,124,-10.06,0.79
GBPUSD,B_london,B_london_rev|ref22-04o0|act07-10|rev|b0.75|a10|m1.0|tp0.75|x11,443,-47.08,67.04,0.75,58.39,-23.7 / -23.2 / -0.5,False,124,-10.11,0.8
GBPUSD,B_london,B_london_rev|ref22-04o0|act07-10|rev|b0.75|a10|m1.0|tpopp|x10,443,-118.84,33.18,0.66,125.11,-56.3 / -32.3 / -28.7,False,124,-33.55,0.63
GBPUSD,B_london,B_london_rev|ref22-04o0|act07-10|rev|b0.75|a10|m1.0|tpopp|x11,443,-116.29,32.96,0.68,121.28,-57.8 / -33.3 / -23.8,False,124,-38.74,0.61
GBPUSD,B_london,B_london_rev|ref22-04o0|act07-10|rev|b0.75|a10|m1.5|tp0.5|x10,443,-13.34,76.75,0.89,23.56,-5.1 / -7.7 / -0.7,False,124,-2.21,0.93
GBPUSD,B_london,B_london_rev|ref22-04o0|act07-10|rev|b0.75|a10|m1.5|tp0.5|x11,443,-12.89,76.98,0.89,23.57,-5.1 / -9.1 / +1.2,False,124,-2.31,0.93
GBPUSD,B_london,B_london_rev|ref22-04o0|act07-10|rev|b0.75|a10|m1.5|tp0.75|x10,443,1.14,66.37,1.01,13.41,-1.4 / +0.9 / +2.9,False,124,5.76,1.14
GBPUSD,B_london,B_london_rev|ref22-04o0|act07-10|rev|b0.75|a10|m1.5|tp0.75|x11,443,-0.51,67.04,1.0,16.2,-2.3 / -1.1 / +4.1,False,124,5.28,1.13
GBPUSD,B_london,B_london_rev|ref22-04o0|act07-10|rev|b0.75|a10|m1.5|tpopp|x10,443,-85.0,39.73,0.67,87.93,-48.5 / -16.7 / -18.5,False,124,-20.9,0.67
GBPUSD,B_london,B_london_rev|ref22-04o0|act07-10|rev|b0.75|a10|m1.5|tpopp|x11,443,-84.93,40.86,0.69,88.46,-50.4 / -21.1 / -12.1,False,124,-29.58,0.6
GBPUSD,B_london,B_london_rev|ref22-04o0|act07-10|rev_cf|b0.25|a10|m1.0|tp0.5|x10,208,-63.49,63.94,0.32,64.46,-25.7 / -18.4 / -18.1,False,74,-21.2,0.35
GBPUSD,B_london,B_london_rev|ref22-04o0|act07-10|rev_cf|b0.25|a10|m1.0|tp0.5|x11,208,-64.73,63.46,0.31,65.7,-25.9 / -19.6 / -17.9,False,74,-20.39,0.36
GBPUSD,B_london,B_london_rev|ref22-04o0|act07-10|rev_cf|b0.25|a10|m1.0|tp0.75|x10,208,-56.82,55.29,0.49,58.79,-25.3 / -14.5 / -15.8,False,74,-13.7,0.61
GBPUSD,B_london,B_london_rev|ref22-04o0|act07-10|rev_cf|b0.25|a10|m1.0|tp0.75|x11,208,-54.8,56.25,0.5,56.77,-24.5 / -13.1 / -15.9,False,74,-12.38,0.64
GBPUSD,B_london,B_london_rev|ref22-04o0|act07-10|rev_cf|b0.25|a10|m1.0|tpopp|x10,208,-46.57,43.27,0.65,49.75,-22.2 / -7.3 / -15.7,False,74,-10.06,0.77
GBPUSD,B_london,B_london_rev|ref22-04o0|act07-10|rev_cf|b0.25|a10|m1.0|tpopp|x11,208,-45.55,42.31,0.66,47.06,-21.0 / -4.8 / -18.5,False,74,-7.79,0.82
GBPUSD,B_london,B_london_rev|ref22-04o0|act07-10|rev_cf|b0.25|a10|m1.5|tp0.5|x10,208,-38.96,62.02,0.5,40.27,-12.9 / -9.8 / -15.0,False,74,-9.07,0.63
GBPUSD,B_london,B_london_rev|ref22-04o0|act07-10|rev_cf|b0.25|a10|m1.5|tp0.5|x11,208,-35.39,63.46,0.53,36.7,-12.0 / -8.8 / -13.4,False,74,-9.65,0.61
GBPUSD,B_london,B_london_rev|ref22-04o0|act07-10|rev_cf|b0.25|a10|m1.5|tp0.75|x10,208,-33.92,53.85,0.63,35.84,-11.5 / -5.3 / -16.0,False,74,-9.22,0.7
GBPUSD,B_london,B_london_rev|ref22-04o0|act07-10|rev_cf|b0.25|a10|m1.5|tp0.75|x11,208,-33.49,53.85,0.63,35.25,-8.4 / -6.7 / -17.2,False,74,-11.88,0.62
GBPUSD,B_london,B_london_rev|ref22-04o0|act07-10|rev_cf|b0.25|a10|m1.5|tpopp|x10,208,-32.04,49.04,0.66,33.2,-15.0 / -2.1 / -13.8,False,74,-7.17,0.78
GBPUSD,B_london,B_london_rev|ref22-04o0|act07-10|rev_cf|b0.25|a10|m1.5|tpopp|x11,208,-26.24,49.04,0.72,27.79,-11.2 / -1.7 / -12.2,False,74,-6.12,0.81
GBPUSD,B_london,B_london_rev|ref22-04o0|act07-10|rev_cf|b0.5|a10|m1.0|tp0.5|x10,159,-47.59,64.78,0.33,48.07,-25.6 / -11.2 / -9.6,False,52,-10.79,0.44
GBPUSD,B_london,B_london_rev|ref22-04o0|act07-10|rev_cf|b0.5|a10|m1.0|tp0.5|x11,159,-48.02,64.15,0.33,48.5,-25.6 / -11.2 / -10.0,False,52,-11.06,0.44
GBPUSD,B_london,B_london_rev|ref22-04o0|act07-10|rev_cf|b0.5|a10|m1.0|tp0.75|x10,159,-39.98,56.6,0.52,40.96,-24.8 / -9.2 / -4.7,False,52,-4.29,0.79
GBPUSD,B_london,B_london_rev|ref22-04o0|act07-10|rev_cf|b0.5|a10|m1.0|tp0.75|x11,159,-41.25,56.6,0.51,42.23,-24.9 / -7.8 / -7.3,False,52,-4.3,0.79
GBPUSD,B_london,B_london_rev|ref22-04o0|act07-10|rev_cf|b0.5|a10|m1.0|tpopp|x10,159,-33.08,42.77,0.67,36.51,-16.6 / -6.9 / -8.3,False,52,2.1,1.08
GBPUSD,B_london,B_london_rev|ref22-04o0|act07-10|rev_cf|b0.5|a10|m1.0|tpopp|x11,159,-35.66,40.25,0.66,37.61,-18.7 / -3.4 / -12.2,False,52,1.34,1.05
GBPUSD,B_london,B_london_rev|ref22-04o0|act07-10|rev_cf|b0.5|a10|m1.5|tp0.5|x10,159,-21.05,65.41,0.61,21.7,-12.0 / -3.6 / -4.2,False,52,-3.26,0.78
GBPUSD,B_london,B_london_rev|ref22-04o0|act07-10|rev_cf|b0.5|a10|m1.5|tp0.5|x11,159,-21.73,65.41,0.6,22.39,-12.7 / -1.6 / -6.2,False,52,-4.3,0.72
GBPUSD,B_london,B_london_rev|ref22-04o0|act07-10|rev_cf|b0.5|a10|m1.5|tp0.75|x10,159,-23.31,54.09,0.66,24.47,-12.5 / -3.8 / -5.8,False,52,-3.8,0.81
GBPUSD,B_london,B_london_rev|ref22-04o0|act07-10|rev_cf|b0.5|a10|m1.5|tp0.75|x11,159,-24.62,53.46,0.65,25.77,-11.2 / -2.8 / -9.4,False,52,-6.47,0.68
GBPUSD,B_london,B_london_rev|ref22-04o0|act07-10|rev_cf|b0.5|a10|m1.5|tpopp|x10,159,-17.21,49.06,0.74,18.51,-10.3 / +2.0 / -7.7,False,52,1.34,1.07
GBPUSD,B_london,B_london_rev|ref22-04o0|act07-10|rev_cf|b0.5|a10|m1.5|tpopp|x11,159,-14.76,48.43,0.78,16.21,-9.8 / +5.2 / -9.0,False,52,-1.54,0.92
GBPUSD,B_london,B_london_rev|ref22-04o0|act07-10|rev_cf|b0.75|a10|m1.0|tp0.5|x10,103,-29.16,65.05,0.34,29.89,-11.8 / -9.1 / -8.5,False,30,-7.06,0.4
GBPUSD,B_london,B_london_rev|ref22-04o0|act07-10|rev_cf|b0.75|a10|m1.0|tp0.5|x11,103,-28.37,66.02,0.35,29.1,-11.8 / -8.4 / -8.4,False,30,-7.31,0.4
GBPUSD,B_london,B_london_rev|ref22-04o0|act07-10|rev_cf|b0.75|a10|m1.0|tp0.75|x10,103,-23.32,57.28,0.54,24.81,-11.4 / -5.3 / -7.2,False,30,-4.3,0.66
GBPUSD,B_london,B_london_rev|ref22-04o0|act07-10|rev_cf|b0.75|a10|m1.0|tp0.75|x11,103,-24.84,58.25,0.53,26.33,-11.4 / -5.0 / -9.0,False,30,-4.3,0.67
GBPUSD,B_london,B_london_rev|ref22-04o0|act07-10|rev_cf|b0.75|a10|m1.0|tpopp|x10,103,-15.18,45.63,0.75,18.63,-8.7 / +0.3 / -8.3,False,30,-4.22,0.73
GBPUSD,B_london,B_london_rev|ref22-04o0|act07-10|rev_cf|b0.75|a10|m1.0|tpopp|x11,103,-18.48,44.66,0.71,21.48,-10.8 / +0.5 / -9.2,False,30,-3.59,0.78
GBPUSD,B_london,B_london_rev|ref22-04o0|act07-10|rev_cf|b0.75|a10|m1.5|tp0.5|x10,103,-15.34,64.08,0.57,16.33,-4.6 / -4.0 / -7.1,False,30,-3.53,0.62
GBPUSD,B_london,B_london_rev|ref22-04o0|act07-10|rev_cf|b0.75|a10|m1.5|tp0.5|x11,103,-16.06,66.02,0.57,17.05,-4.8 / -2.8 / -8.9,False,30,-4.66,0.56
GBPUSD,B_london,B_london_rev|ref22-04o0|act07-10|rev_cf|b0.75|a10|m1.5|tp0.75|x10,103,-16.49,53.4,0.64,18.24,-4.6 / -4.4 / -8.1,False,30,-4.93,0.62
GBPUSD,B_london,B_london_rev|ref22-04o0|act07-10|rev_cf|b0.75|a10|m1.5|tp0.75|x11,103,-17.08,55.34,0.65,18.82,-4.1 / -4.0 / -9.6,False,30,-7.39,0.49
GBPUSD,B_london,B_london_rev|ref22-04o0|act07-10|rev_cf|b0.75|a10|m1.5|tpopp|x10,103,-10.83,51.46,0.75,13.13,-4.2 / +0.8 / -8.4,False,30,-3.5,0.71
GBPUSD,B_london,B_london_rev|ref22-04o0|act07-10|rev_cf|b0.75|a10|m1.5|tpopp|x11,103,-11.12,52.43,0.76,13.12,-4.7 / +2.0 / -9.1,False,30,-4.85,0.64
GBPUSD,C_ny,C_ny_rev|ref07-12o0|act12-15|rev|b0.25|a10|m1.0|tp0.5|x17,431,-30.44,74.48,0.76,32.38,-24.7 / -2.7 / -3.4,False,123,-7.08,0.8
GBPUSD,C_ny,C_ny_rev|ref07-12o0|act12-15|rev|b0.25|a10|m1.0|tp0.5|x19,431,-30.62,74.48,0.76,32.56,-24.7 / -2.7 / -3.6,False,123,-6.77,0.81
GBPUSD,C_ny,C_ny_rev|ref07-12o0|act12-15|rev|b0.25|a10|m1.0|tp0.75|x17,431,1.04,67.75,1.01,18.53,-16.0 / +10.8 / +5.6,False,123,-8.33,0.84
GBPUSD,C_ny,C_ny_rev|ref07-12o0|act12-15|rev|b0.25|a10|m1.0|tp0.75|x19,431,0.5,67.98,1.0,18.42,-15.9 / +10.8 / +5.0,False,123,-8.02,0.85
GBPUSD,C_ny,C_ny_rev|ref07-12o0|act12-15|rev|b0.25|a10|m1.0|tp1.0|x17,431,-15.24,57.54,0.93,30.13,-24.4 / +9.8 / -1.4,False,123,-10.63,0.83
GBPUSD,C_ny,C_ny_rev|ref07-12o0|act12-15|rev|b0.25|a10|m1.0|tp1.0|x19,431,-16.96,57.08,0.92,30.7,-25.0 / +9.4 / -2.2,False,123,-10.75,0.84
GBPUSD,C_ny,C_ny_rev|ref07-12o0|act12-15|rev|b0.25|a10|m1.5|tp0.5|x17,431,37.24,79.58,1.41,5.33,+1.4 / +21.4 / +14.0,True,123,-3.26,0.91
GBPUSD,C_ny,C_ny_rev|ref07-12o0|act12-15|rev|b0.25|a10|m1.5|tp0.5|x19,431,36.75,80.28,1.4,5.33,+1.8 / +20.7 / +13.9,True,123,-3.25,0.91
GBPUSD,C_ny,C_ny_rev|ref07-12o0|act12-15|rev|b0.25|a10|m1.5|tp0.75|x17,431,9.66,63.57,1.06,15.5,-12.9 / +15.0 / +7.0,False,123,-11.45,0.79
GBPUSD,C_ny,C_ny_rev|ref07-12o0|act12-15|rev|b0.25|a10|m1.5|tp0.75|x19,431,6.86,63.57,1.04,15.03,-12.1 / +13.7 / +4.7,False,123,-12.43,0.77
GBPUSD,C_ny,C_ny_rev|ref07-12o0|act12-15|rev|b0.25|a10|m1.5|tp1.0|x17,431,-19.23,51.97,0.9,22.24,-16.3 / +0.4 / -4.1,False,123,-27.19,0.6
GBPUSD,C_ny,C_ny_rev|ref07-12o0|act12-15|rev|b0.25|a10|m1.5|tp1.0|x19,431,-22.0,52.2,0.89,26.23,-13.5 / -2.6 / -6.8,False,123,-29.44,0.58
GBPUSD,C_ny,C_ny_rev|ref07-12o0|act12-15|rev|b0.5|a10|m1.0|tp0.5|x17,359,-13.3,76.6,0.87,29.71,-21.9 / +2.9 / +5.4,False,107,-0.24,0.99
GBPUSD,C_ny,C_ny_rev|ref07-12o0|act12-15|rev|b0.5|a10|m1.0|tp0.5|x19,359,-13.3,76.6,0.87,29.71,-21.9 / +2.9 / +5.4,False,107,-0.24,0.99
GBPUSD,C_ny,C_ny_rev|ref07-12o0|act12-15|rev|b0.5|a10|m1.0|tp0.75|x17,359,28.86,72.14,1.25,10.1,-7.9 / +14.9 / +21.4,False,107,7.61,1.22
GBPUSD,C_ny,C_ny_rev|ref07-12o0|act12-15|rev|b0.5|a10|m1.0|tp0.75|x19,359,28.17,72.14,1.24,10.36,-8.2 / +14.4 / +21.4,False,107,7.91,1.23
GBPUSD,C_ny,C_ny_rev|ref07-12o0|act12-15|rev|b0.5|a10|m1.0|tp1.0|x17,359,35.05,64.07,1.24,13.34,-10.7 / +18.4 / +26.5,False,107,-1.09,0.98
GBPUSD,C_ny,C_ny_rev|ref07-12o0|act12-15|rev|b0.5|a10|m1.0|tp1.0|x19,359,33.23,63.79,1.22,13.38,-11.1 / +18.2 / +25.3,False,107,-0.02,1.0
GBPUSD,C_ny,C_ny_rev|ref07-12o0|act12-15|rev|b0.5|a10|m1.5|tp0.5|x17,359,38.39,81.34,1.54,7.43,+2.5 / +16.4 / +19.1,True,107,12.02,1.61
GBPUSD,C_ny,C_ny_rev|ref07-12o0|act12-15|rev|b0.5|a10|m1.5|tp0.5|x19,359,38.87,81.62,1.55,7.1,+2.7 / +16.0 / +19.7,True,107,11.61,1.57
GBPUSD,C_ny,C_ny_rev|ref07-12o0|act12-15|rev|b0.5|a10|m1.5|tp0.75|x17,359,28.98,66.85,1.25,14.45,-11.6 / +20.8 / +19.2,False,107,5.3,1.15
GBPUSD,C_ny,C_ny_rev|ref07-12o0|act12-15|rev|b0.5|a10|m1.5|tp0.75|x19,359,30.13,67.97,1.25,12.99,-10.1 / +21.2 / +18.5,False,107,3.24,1.08
GBPUSD,C_ny,C_ny_rev|ref07-12o0|act12-15|rev|b0.5|a10|m1.5|tp1.0|x17,359,-11.03,52.37,0.93,29.54,-21.0 / +7.3 / +1.7,False,107,-12.28,0.76
GBPUSD,C_ny,C_ny_rev|ref07-12o0|act12-15|rev|b0.5|a10|m1.5|tp1.0|x19,359,-12.05,54.04,0.93,27.38,-19.4 / +6.2 / +0.3,False,107,-14.78,0.73
GBPUSD,C_ny,C_ny_rev|ref07-12o0|act12-15|rev_cf|b0.25|a10|m1.0|tp0.5|x17,185,-41.04,62.16,0.47,43.57,-18.7 / -15.6 / -7.1,False,54,-18.4,0.33
GBPUSD,C_ny,C_ny_rev|ref07-12o0|act12-15|rev_cf|b0.25|a10|m1.0|tp0.5|x19,185,-41.89,62.7,0.47,44.6,-17.7 / -16.4 / -8.1,False,54,-19.57,0.31
GBPUSD,C_ny,C_ny_rev|ref07-12o0|act12-15|rev_cf|b0.25|a10|m1.0|tp0.75|x17,185,-19.89,59.46,0.75,29.57,-12.9 / -6.9 / -0.7,False,54,-16.4,0.47
GBPUSD,C_ny,C_ny_rev|ref07-12o0|act12-15|rev_cf|b0.25|a10|m1.0|tp0.75|x19,185,-22.69,58.38,0.73,29.08,-13.0 / -7.7 / -2.6,False,54,-17.57,0.45
GBPUSD,C_ny,C_ny_rev|ref07-12o0|act12-15|rev_cf|b0.25|a10|m1.0|tp1.0|x17,185,-13.25,54.05,0.85,25.83,-12.7 / -6.2 / +4.8,False,54,-15.17,0.54
GBPUSD,C_ny,C_ny_rev|ref07-12o0|act12-15|rev_cf|b0.25|a10|m1.0|tp1.0|x19,185,-16.58,51.89,0.82,28.05,-13.2 / -7.0 / +2.8,False,54,-16.5,0.52
GBPUSD,C_ny,C_ny_rev|ref07-12o0|act12-15|rev_cf|b0.25|a10|m1.5|tp0.5|x17,185,-8.4,67.03,0.84,15.56,-2.1 / -4.7 / -1.9,False,54,-10.26,0.52
GBPUSD,C_ny,C_ny_rev|ref07-12o0|act12-15|rev_cf|b0.25|a10|m1.5|tp0.5|x19,185,-11.4,66.49,0.8,17.06,-2.0 / -6.4 / -3.3,False,54,-12.25,0.48
GBPUSD,C_ny,C_ny_rev|ref07-12o0|act12-15|rev_cf|b0.25|a10|m1.5|tp0.75|x17,185,-5.8,57.84,0.91,16.24,-3.2 / -6.6 / +3.4,False,54,-12.48,0.52
GBPUSD,C_ny,C_ny_rev|ref07-12o0|act12-15|rev_cf|b0.25|a10|m1.5|tp0.75|x19,185,-10.77,56.22,0.85,19.47,-4.5 / -8.8 / +1.9,False,54,-15.04,0.46
GBPUSD,C_ny,C_ny_rev|ref07-12o0|act12-15|rev_cf|b0.25|a10|m1.5|tp1.0|x17,185,-7.35,52.43,0.9,20.01,-8.5 / -7.3 / +7.6,False,54,-10.57,0.59
GBPUSD,C_ny,C_ny_rev|ref07-12o0|act12-15|rev_cf|b0.25|a10|m1.5|tp1.0|x19,185,-11.84,49.73,0.86,25.15,-9.3 / -10.9 / +7.4,False,54,-12.83,0.54
GBPUSD,C_ny,C_ny_rev|ref07-12o0|act12-15|rev_cf|b0.5|a10|m1.0|tp0.5|x17,106,-21.84,61.32,0.49,22.74,-8.6 / -6.1 / -7.4,False,30,-7.4,0.43
GBPUSD,C_ny,C_ny_rev|ref07-12o0|act12-15|rev_cf|b0.5|a10|m1.0|tp0.5|x19,106,-23.13,62.26,0.48,24.03,-7.9 / -7.0 / -8.6,False,30,-8.27,0.4
GBPUSD,C_ny,C_ny_rev|ref07-12o0|act12-15|rev_cf|b0.5|a10|m1.0|tp0.75|x17,106,-9.67,60.38,0.78,11.39,-4.2 / -0.9 / -5.1,False,30,-8.15,0.51
GBPUSD,C_ny,C_ny_rev|ref07-12o0|act12-15|rev_cf|b0.5|a10|m1.0|tp0.75|x19,106,-10.44,58.49,0.77,12.16,-3.2 / -1.8 / -6.1,False,30,-9.03,0.49
GBPUSD,C_ny,C_ny_rev|ref07-12o0|act12-15|rev_cf|b0.5|a10|m1.0|tp1.0|x17,106,-8.5,53.77,0.83,11.9,-7.0 / -0.7 / -1.7,False,30,-6.56,0.63
GBPUSD,C_ny,C_ny_rev|ref07-12o0|act12-15|rev_cf|b0.5|a10|m1.0|tp1.0|x19,106,-11.48,50.0,0.79,14.16,-8.0 / -1.8 / -2.5,False,30,-8.18,0.57
GBPUSD,C_ny,C_ny_rev|ref07-12o0|act12-15|rev_cf|b0.5|a10|m1.5|tp0.5|x17,106,-4.35,66.98,0.85,7.05,+0.4 / -0.4 / -4.8,False,30,-4.42,0.6
GBPUSD,C_ny,C_ny_rev|ref07-12o0|act12-15|rev_cf|b0.5|a10|m1.5|tp0.5|x19,106,-6.08,65.09,0.81,8.78,+1.1 / -2.0 / -5.5,False,30,-5.44,0.55
GBPUSD,C_ny,C_ny_rev|ref07-12o0|act12-15|rev_cf|b0.5|a10|m1.5|tp0.75|x17,106,-4.49,56.6,0.88,8.98,-3.7 / -0.4 / -1.0,False,30,-5.76,0.59
GBPUSD,C_ny,C_ny_rev|ref07-12o0|act12-15|rev_cf|b0.5|a10|m1.5|tp0.75|x19,106,-10.29,52.83,0.76,14.14,-6.1 / -2.9 / -1.9,False,30,-7.81,0.49
GBPUSD,C_ny,C_ny_rev|ref07-12o0|act12-15|rev_cf|b0.5|a10|m1.5|tp1.0|x17,106,-4.86,51.89,0.88,9.11,-6.6 / +1.7 / -0.8,False,30,-5.86,0.59
GBPUSD,C_ny,C_ny_rev|ref07-12o0|act12-15|rev_cf|b0.5|a10|m1.5|tp1.0|x19,106,-8.71,47.17,0.81,13.52,-8.2 / -1.3 / -0.1,False,30,-7.6,0.51
GBPUSD,C_ny,C_ny_rev|ref07-12o0|act13-16|rev|b0.25|a10|m1.0|tp0.5|x17,455,-36.09,72.97,0.75,39.04,-30.3 / -3.2 / -2.9,False,136,-13.19,0.7
GBPUSD,C_ny,C_ny_rev|ref07-12o0|act13-16|rev|b0.25|a10|m1.0|tp0.5|x19,455,-35.78,73.19,0.75,39.16,-30.6 / -3.2 / -2.4,False,136,-12.89,0.71
GBPUSD,C_ny,C_ny_rev|ref07-12o0|act13-16|rev|b0.25|a10|m1.0|tp0.75|x17,455,-8.19,65.71,0.95,20.9,-14.5 / +8.1 / -2.4,False,136,-7.94,0.86
GBPUSD,C_ny,C_ny_rev|ref07-12o0|act13-16|rev|b0.25|a10|m1.0|tp0.75|x19,455,-8.21,66.37,0.95,21.14,-14.7 / +8.1 / -2.2,False,136,-7.64,0.87
GBPUSD,C_ny,C_ny_rev|ref07-12o0|act13-16|rev|b0.25|a10|m1.0|tp1.0|x17,455,-16.75,56.26,0.93,31.22,-24.3 / +9.9 / -3.2,False,136,-19.69,0.74
GBPUSD,C_ny,C_ny_rev|ref07-12o0|act13-16|rev|b0.25|a10|m1.0|tp1.0|x19,455,-17.41,56.7,0.92,31.73,-24.8 / +10.7 / -4.1,False,136,-21.87,0.72
GBPUSD,C_ny,C_ny_rev|ref07-12o0|act13-16|rev|b0.25|a10|m1.5|tp0.5|x17,455,16.47,74.73,1.15,6.82,+0.0 / +10.5 / +5.5,True,136,-2.95,0.93
GBPUSD,C_ny,C_ny_rev|ref07-12o0|act13-16|rev|b0.25|a10|m1.5|tp0.5|x19,455,16.06,76.04,1.14,7.35,-0.7 / +10.0 / +6.3,False,136,-2.75,0.93
GBPUSD,C_ny,C_ny_rev|ref07-12o0|act13-16|rev|b0.25|a10|m1.5|tp0.75|x17,455,-3.66,60.22,0.98,17.96,-9.0 / +7.9 / -3.1,False,136,-18.21,0.7
GBPUSD,C_ny,C_ny_rev|ref07-12o0|act13-16|rev|b0.25|a10|m1.5|tp0.75|x19,455,-5.24,61.32,0.97,19.39,-9.2 / +7.0 / -3.7,False,136,-19.96,0.69
GBPUSD,C_ny,C_ny_rev|ref07-12o0|act13-16|rev|b0.25|a10|m1.5|tp1.0|x17,455,-35.96,49.23,0.83,40.24,-16.2 / -7.0 / -13.7,False,136,-23.43,0.66
GBPUSD,C_ny,C_ny_rev|ref07-12o0|act13-16|rev|b0.25|a10|m1.5|tp1.0|x19,455,-34.64,50.77,0.84,39.68,-15.2 / -8.3 / -12.0,False,136,-26.23,0.63
GBPUSD,C_ny,C_ny_rev|ref07-12o0|act13-16|rev|b0.5|a10|m1.0|tp0.5|x17,399,-29.55,72.93,0.76,34.14,-26.9 / -1.0 / -1.9,False,116,-1.93,0.94
GBPUSD,C_ny,C_ny_rev|ref07-12o0|act13-16|rev|b0.5|a10|m1.0|tp0.5|x19,399,-30.06,73.18,0.76,34.38,-27.2 / -1.5 / -1.7,False,116,-1.93,0.94
GBPUSD,C_ny,C_ny_rev|ref07-12o0|act13-16|rev|b0.5|a10|m1.0|tp0.75|x17,399,-5.05,65.16,0.97,22.32,-14.9 / +3.0 / +6.2,False,116,-1.59,0.97
GBPUSD,C_ny,C_ny_rev|ref07-12o0|act13-16|rev|b0.5|a10|m1.0|tp0.75|x19,399,-5.59,66.17,0.96,23.84,-15.6 / +1.5 / +8.0,False,116,-1.28,0.97
GBPUSD,C_ny,C_ny_rev|ref07-12o0|act13-16|rev|b0.5|a10|m1.0|tp1.0|x17,399,-1.11,57.39,0.99,20.86,-15.5 / +9.0 / +4.6,False,116,-8.64,0.86
GBPUSD,C_ny,C_ny_rev|ref07-12o0|act13-16|rev|b0.5|a10|m1.0|tp1.0|x19,399,-2.96,58.15,0.98,21.07,-15.6 / +7.2 / +4.6,False,116,-7.73,0.87
GBPUSD,C_ny,C_ny_rev|ref07-12o0|act13-16|rev|b0.5|a10|m1.5|tp0.5|x17,399,28.85,76.69,1.33,8.12,+6.9 / +8.0 / +13.7,True,116,3.34,1.11
GBPUSD,C_ny,C_ny_rev|ref07-12o0|act13-16|rev|b0.5|a10|m1.5|tp0.5|x19,399,27.86,77.44,1.31,9.06,+6.1 / +7.3 / +14.1,True,116,2.9,1.1
GBPUSD,C_ny,C_ny_rev|ref07-12o0|act13-16|rev|b0.5|a10|m1.5|tp0.75|x17,399,17.3,62.66,1.13,10.41,-4.9 / +9.3 / +12.2,False,116,-3.83,0.92
GBPUSD,C_ny,C_ny_rev|ref07-12o0|act13-16|rev|b0.5|a10|m1.5|tp0.75|x19,399,16.51,64.16,1.12,10.92,-3.7 / +9.3 / +10.3,False,116,-6.39,0.87
GBPUSD,C_ny,C_ny_rev|ref07-12o0|act13-16|rev|b0.5|a10|m1.5|tp1.0|x17,399,-29.39,48.87,0.83,33.06,-14.7 / -8.3 / -7.2,False,116,-12.24,0.78
GBPUSD,C_ny,C_ny_rev|ref07-12o0|act13-16|rev|b0.5|a10|m1.5|tp1.0|x19,399,-29.15,50.88,0.84,32.97,-12.3 / -10.0 / -7.8,False,116,-15.6,0.74
GBPUSD,C_ny,C_ny_rev|ref07-12o0|act13-16|rev_cf|b0.25|a10|m1.0|tp0.5|x17,197,-29.67,63.96,0.58,30.88,-12.2 / -7.1 / -10.7,False,55,-15.23,0.38
GBPUSD,C_ny,C_ny_rev|ref07-12o0|act13-16|rev_cf|b0.25|a10|m1.0|tp0.5|x19,197,-27.63,67.01,0.61,29.43,-10.6 / -8.6 / -8.8,False,55,-16.9,0.37
GBPUSD,C_ny,C_ny_rev|ref07-12o0|act13-16|rev_cf|b0.25|a10|m1.0|tp0.75|x17,197,-15.76,57.36,0.79,17.98,-5.1 / -2.2 / -9.0,False,55,-11.34,0.56
GBPUSD,C_ny,C_ny_rev|ref07-12o0|act13-16|rev_cf|b0.25|a10|m1.0|tp0.75|x19,197,-11.47,60.41,0.85,13.71,-4.1 / -2.3 / -5.6,False,55,-12.73,0.55
GBPUSD,C_ny,C_ny_rev|ref07-12o0|act13-16|rev_cf|b0.25|a10|m1.0|tp1.0|x17,197,-6.04,53.81,0.92,9.59,-5.4 / +2.9 / -4.3,False,55,-10.62,0.62
GBPUSD,C_ny,C_ny_rev|ref07-12o0|act13-16|rev_cf|b0.25|a10|m1.0|tp1.0|x19,197,-4.36,54.31,0.95,11.74,-5.4 / +2.2 / -2.0,False,55,-12.47,0.59
GBPUSD,C_ny,C_ny_rev|ref07-12o0|act13-16|rev_cf|b0.25|a10|m1.5|tp0.5|x17,197,-12.46,60.41,0.77,15.68,-1.8 / -2.0 / -9.0,False,55,-5.9,0.65
GBPUSD,C_ny,C_ny_rev|ref07-12o0|act13-16|rev_cf|b0.25|a10|m1.5|tp0.5|x19,197,-10.6,64.47,0.81,13.96,-0.8 / -3.4 / -6.9,False,55,-7.04,0.62
GBPUSD,C_ny,C_ny_rev|ref07-12o0|act13-16|rev_cf|b0.25|a10|m1.5|tp0.75|x17,197,-4.5,54.82,0.92,8.6,-2.0 / +1.5 / -4.7,False,55,-9.08,0.57
GBPUSD,C_ny,C_ny_rev|ref07-12o0|act13-16|rev_cf|b0.25|a10|m1.5|tp0.75|x19,197,-5.45,56.35,0.92,10.23,-1.2 / -1.5 / -3.3,False,55,-10.58,0.54
GBPUSD,C_ny,C_ny_rev|ref07-12o0|act13-16|rev_cf|b0.25|a10|m1.5|tp1.0|x17,197,-3.69,51.78,0.94,8.85,-3.1 / +1.3 / -2.8,False,55,-7.5,0.65
GBPUSD,C_ny,C_ny_rev|ref07-12o0|act13-16|rev_cf|b0.25|a10|m1.5|tp1.0|x19,197,-2.99,51.78,0.96,9.05,-2.5 / -1.7 / +0.3,False,55,-8.73,0.62
GBPUSD,C_ny,C_ny_rev|ref07-12o0|act13-16|rev_cf|b0.5|a10|m1.0|tp0.5|x17,121,-17.98,62.81,0.57,18.13,-7.7 / -1.8 / -8.8,False,31,-8.4,0.38
GBPUSD,C_ny,C_ny_rev|ref07-12o0|act13-16|rev_cf|b0.5|a10|m1.0|tp0.5|x19,121,-16.78,66.94,0.61,17.51,-6.2 / -3.5 / -7.4,False,31,-9.61,0.36
GBPUSD,C_ny,C_ny_rev|ref07-12o0|act13-16|rev_cf|b0.5|a10|m1.0|tp0.75|x17,121,-8.39,57.85,0.81,11.24,-3.1 / +3.2 / -9.0,False,31,-6.64,0.55
GBPUSD,C_ny,C_ny_rev|ref07-12o0|act13-16|rev_cf|b0.5|a10|m1.0|tp0.75|x19,121,-4.82,60.33,0.89,9.2,-1.2 / +2.3 / -6.5,False,31,-8.69,0.48
GBPUSD,C_ny,C_ny_rev|ref07-12o0|act13-16|rev_cf|b0.5|a10|m1.0|tp1.0|x17,121,-5.29,52.07,0.89,8.52,-3.4 / +4.1 / -6.8,False,31,-5.3,0.66
GBPUSD,C_ny,C_ny_rev|ref07-12o0|act13-16|rev_cf|b0.5|a10|m1.0|tp1.0|x19,121,-3.61,52.89,0.93,7.12,-2.5 / +2.5 / -4.5,False,31,-8.1,0.55
GBPUSD,C_ny,C_ny_rev|ref07-12o0|act13-16|rev_cf|b0.5|a10|m1.5|tp0.5|x17,121,-6.05,61.16,0.81,8.92,-2.0 / +2.6 / -7.0,False,31,-3.76,0.62
GBPUSD,C_ny,C_ny_rev|ref07-12o0|act13-16|rev_cf|b0.5|a10|m1.5|tp0.5|x19,121,-5.39,63.64,0.84,8.48,-0.9 / +0.6 / -5.4,False,31,-4.67,0.56
GBPUSD,C_ny,C_ny_rev|ref07-12o0|act13-16|rev_cf|b0.5|a10|m1.5|tp0.75|x17,121,-1.17,54.55,0.97,5.69,-3.0 / +5.5 / -4.3,False,31,-5.55,0.57
GBPUSD,C_ny,C_ny_rev|ref07-12o0|act13-16|rev_cf|b0.5|a10|m1.5|tp0.75|x19,121,-2.85,55.37,0.93,6.25,-2.5 / +2.1 / -3.1,False,31,-7.34,0.47
GBPUSD,C_ny,C_ny_rev|ref07-12o0|act13-16|rev_cf|b0.5|a10|m1.5|tp1.0|x17,121,-0.44,51.24,0.99,6.93,-4.2 / +7.2 / -4.4,False,31,-5.35,0.59
GBPUSD,C_ny,C_ny_rev|ref07-12o0|act13-16|rev_cf|b0.5|a10|m1.5|tp1.0|x19,121,0.29,51.24,1.01,6.61,-2.1 / +3.6 / -2.1,False,31,-7.25,0.49
GBPUSD,C_ny,C_ny_rev|ref07-12o0|act13-17|rev|b0.25|a10|m1.0|tp0.5|x17,467,-35.14,73.23,0.76,39.31,-29.0 / -3.4 / -3.1,False,141,-12.88,0.72
GBPUSD,C_ny,C_ny_rev|ref07-12o0|act13-17|rev|b0.25|a10|m1.0|tp0.5|x19,467,-34.83,73.45,0.76,39.55,-29.3 / -3.4 / -2.5,False,141,-12.58,0.72
GBPUSD,C_ny,C_ny_rev|ref07-12o0|act13-17|rev|b0.25|a10|m1.0|tp0.75|x17,467,-10.7,65.31,0.94,23.23,-16.4 / +6.9 / -1.8,False,141,-8.38,0.86
GBPUSD,C_ny,C_ny_rev|ref07-12o0|act13-17|rev|b0.25|a10|m1.0|tp0.75|x19,467,-10.17,66.17,0.94,22.92,-16.1 / +6.9 / -1.6,False,141,-8.08,0.86
GBPUSD,C_ny,C_ny_rev|ref07-12o0|act13-17|rev|b0.25|a10|m1.0|tp1.0|x17,467,-20.1,55.89,0.91,33.79,-26.2 / +9.2 / -3.9,False,141,-20.66,0.73
GBPUSD,C_ny,C_ny_rev|ref07-12o0|act13-17|rev|b0.25|a10|m1.0|tp1.0|x19,467,-20.37,56.53,0.91,34.01,-26.4 / +10.0 / -4.8,False,141,-22.65,0.72
GBPUSD,C_ny,C_ny_rev|ref07-12o0|act13-17|rev|b0.25|a10|m1.5|tp0.5|x17,467,14.55,74.09,1.13,6.91,-1.0 / +8.1 / +7.1,False,141,-3.91,0.91
GBPUSD,C_ny,C_ny_rev|ref07-12o0|act13-17|rev|b0.25|a10|m1.5|tp0.5|x19,467,13.67,75.59,1.11,7.35,-1.7 / +7.0 / +7.9,False,141,-3.71,0.91
GBPUSD,C_ny,C_ny_rev|ref07-12o0|act13-17|rev|b0.25|a10|m1.5|tp0.75|x17,467,-6.58,59.53,0.96,17.34,-10.1 / +5.0 / -2.1,False,141,-19.7,0.69
GBPUSD,C_ny,C_ny_rev|ref07-12o0|act13-17|rev|b0.25|a10|m1.5|tp0.75|x19,467,-8.49,61.03,0.95,18.77,-10.3 / +4.0 / -2.8,False,141,-21.51,0.67
GBPUSD,C_ny,C_ny_rev|ref07-12o0|act13-17|rev|b0.25|a10|m1.5|tp1.0|x17,467,-39.12,48.82,0.81,42.54,-17.2 / -8.6 / -14.1,False,141,-24.92,0.65
GBPUSD,C_ny,C_ny_rev|ref07-12o0|act13-17|rev|b0.25|a10|m1.5|tp1.0|x19,467,-37.75,50.75,0.83,41.16,-16.3 / -9.8 / -12.5,False,141,-27.91,0.62
GBPUSD,C_ny,C_ny_rev|ref07-12o0|act13-17|rev|b0.5|a10|m1.0|tp0.5|x17,417,-30.02,72.66,0.76,35.09,-26.0 / -2.8 / -1.5,False,124,0.83,1.03
GBPUSD,C_ny,C_ny_rev|ref07-12o0|act13-17|rev|b0.5|a10|m1.0|tp0.5|x19,417,-29.24,73.14,0.77,34.02,-25.7 / -2.6 / -1.3,False,124,0.83,1.03
GBPUSD,C_ny,C_ny_rev|ref07-12o0|act13-17|rev|b0.5|a10|m1.0|tp0.75|x17,417,-4.36,64.99,0.97,23.11,-12.9 / +0.1 / +7.9,False,124,1.43,1.03
GBPUSD,C_ny,C_ny_rev|ref07-12o0|act13-17|rev|b0.5|a10|m1.0|tp0.75|x19,417,-3.27,66.19,0.98,23.22,-12.8 / -0.6 / +9.6,False,124,1.73,1.04
GBPUSD,C_ny,C_ny_rev|ref07-12o0|act13-17|rev|b0.5|a10|m1.0|tp1.0|x17,417,-3.13,56.59,0.98,22.13,-15.0 / +4.5 / +6.6,False,124,-8.07,0.87
GBPUSD,C_ny,C_ny_rev|ref07-12o0|act13-17|rev|b0.5|a10|m1.0|tp1.0|x19,417,-4.16,57.79,0.98,22.53,-15.1 / +3.0 / +7.1,False,124,-6.96,0.89
GBPUSD,C_ny,C_ny_rev|ref07-12o0|act13-17|rev|b0.5|a10|m1.5|tp0.5|x17,417,28.52,76.02,1.31,10.36,+8.2 / +5.6 / +14.4,True,124,5.49,1.18
GBPUSD,C_ny,C_ny_rev|ref07-12o0|act13-17|rev|b0.5|a10|m1.5|tp0.5|x19,417,28.07,76.98,1.3,10.8,+7.9 / +4.9 / +14.8,True,124,5.17,1.17
GBPUSD,C_ny,C_ny_rev|ref07-12o0|act13-17|rev|b0.5|a10|m1.5|tp0.75|x17,417,15.31,61.63,1.11,9.75,-4.7 / +5.9 / +13.5,False,124,-3.84,0.92
GBPUSD,C_ny,C_ny_rev|ref07-12o0|act13-17|rev|b0.5|a10|m1.5|tp0.75|x19,417,13.8,63.31,1.09,10.27,-4.0 / +5.2 / +11.9,False,124,-6.24,0.88
GBPUSD,C_ny,C_ny_rev|ref07-12o0|act13-17|rev|b0.5|a10|m1.5|tp1.0|x17,417,-34.28,47.96,0.81,37.54,-15.2 / -12.9 / -7.0,False,124,-12.09,0.79
GBPUSD,C_ny,C_ny_rev|ref07-12o0|act13-17|rev|b0.5|a10|m1.5|tp1.0|x19,417,-35.42,50.12,0.82,38.39,-13.4 / -15.2 / -7.6,False,124,-15.28,0.75
GBPUSD,C_ny,C_ny_rev|ref07-12o0|act13-17|rev_cf|b0.25|a10|m1.0|tp0.5|x17,216,-30.46,64.81,0.6,31.78,-16.3 / -2.9 / -11.6,False,66,-15.96,0.43
GBPUSD,C_ny,C_ny_rev|ref07-12o0|act13-17|rev_cf|b0.25|a10|m1.0|tp0.5|x19,216,-28.77,66.2,0.62,30.09,-13.5 / -6.5 / -9.1,False,66,-17.36,0.4
GBPUSD,C_ny,C_ny_rev|ref07-12o0|act13-17|rev_cf|b0.25|a10|m1.0|tp0.75|x17,216,-20.05,56.94,0.77,22.37,-8.7 / -1.3 / -10.6,False,66,-11.81,0.61
GBPUSD,C_ny,C_ny_rev|ref07-12o0|act13-17|rev_cf|b0.25|a10|m1.0|tp0.75|x19,216,-15.58,58.33,0.82,17.9,-6.5 / -3.2 / -6.4,False,66,-11.94,0.61
GBPUSD,C_ny,C_ny_rev|ref07-12o0|act13-17|rev_cf|b0.25|a10|m1.0|tp1.0|x17,216,-9.84,53.24,0.89,12.67,-8.5 / +3.0 / -5.1,False,66,-13.35,0.62
GBPUSD,C_ny,C_ny_rev|ref07-12o0|act13-17|rev_cf|b0.25|a10|m1.0|tp1.0|x19,216,-7.84,52.78,0.92,14.18,-7.4 / +1.8 / -3.1,False,66,-13.71,0.59
GBPUSD,C_ny,C_ny_rev|ref07-12o0|act13-17|rev_cf|b0.25|a10|m1.5|tp0.5|x17,216,-16.82,60.19,0.73,19.85,-5.5 / -2.1 / -9.6,False,66,-6.05,0.7
GBPUSD,C_ny,C_ny_rev|ref07-12o0|act13-17|rev_cf|b0.25|a10|m1.5|tp0.5|x19,216,-13.75,62.04,0.78,16.09,-3.1 / -3.7 / -7.4,False,66,-6.84,0.66
GBPUSD,C_ny,C_ny_rev|ref07-12o0|act13-17|rev_cf|b0.25|a10|m1.5|tp0.75|x17,216,-7.28,54.63,0.89,10.69,-5.2 / +1.5 / -4.2,False,66,-11.53,0.57
GBPUSD,C_ny,C_ny_rev|ref07-12o0|act13-17|rev_cf|b0.25|a10|m1.5|tp0.75|x19,216,-7.84,54.63,0.89,12.64,-3.0 / -1.4 / -4.1,False,66,-11.76,0.53
GBPUSD,C_ny,C_ny_rev|ref07-12o0|act13-17|rev_cf|b0.25|a10|m1.5|tp1.0|x17,216,-3.97,51.85,0.94,9.85,-5.8 / +2.3 / -1.3,False,66,-8.7,0.68
GBPUSD,C_ny,C_ny_rev|ref07-12o0|act13-17|rev_cf|b0.25|a10|m1.5|tp1.0|x19,216,-5.84,50.46,0.92,11.75,-4.4 / -1.9 / -0.5,False,66,-9.92,0.61
GBPUSD,C_ny,C_ny_rev|ref07-12o0|act13-17|rev_cf|b0.5|a10|m1.0|tp0.5|x17,133,-18.24,63.91,0.6,18.14,-8.3 / +0.1 / -10.4,False,37,-6.43,0.53
GBPUSD,C_ny,C_ny_rev|ref07-12o0|act13-17|rev_cf|b0.5|a10|m1.0|tp0.5|x19,133,-17.52,66.17,0.62,17.41,-7.7 / -1.7 / -8.4,False,37,-9.01,0.42
GBPUSD,C_ny,C_ny_rev|ref07-12o0|act13-17|rev_cf|b0.5|a10|m1.0|tp0.75|x17,133,-9.9,57.89,0.8,12.26,-3.9 / +5.3 / -11.9,False,37,-4.92,0.69
GBPUSD,C_ny,C_ny_rev|ref07-12o0|act13-17|rev_cf|b0.5|a10|m1.0|tp0.75|x19,133,-6.27,58.65,0.87,9.28,-3.1 / +4.4 / -8.1,False,37,-7.34,0.57
GBPUSD,C_ny,C_ny_rev|ref07-12o0|act13-17|rev_cf|b0.5|a10|m1.0|tp1.0|x17,133,-5.05,52.63,0.91,9.27,-5.9 / +8.7 / -8.7,False,37,-6.33,0.67
GBPUSD,C_ny,C_ny_rev|ref07-12o0|act13-17|rev_cf|b0.5|a10|m1.0|tp1.0|x19,133,-4.67,51.88,0.92,7.45,-6.1 / +6.1 / -5.5,False,37,-8.76,0.54
GBPUSD,C_ny,C_ny_rev|ref07-12o0|act13-17|rev_cf|b0.5|a10|m1.5|tp0.5|x17,133,-7.22,61.65,0.8,9.1,-2.8 / +3.6 / -8.4,False,37,-2.95,0.73
GBPUSD,C_ny,C_ny_rev|ref07-12o0|act13-17|rev_cf|b0.5|a10|m1.5|tp0.5|x19,133,-6.69,61.65,0.82,8.37,-2.6 / +2.0 / -6.5,False,37,-3.77,0.66
GBPUSD,C_ny,C_ny_rev|ref07-12o0|act13-17|rev_cf|b0.5|a10|m1.5|tp0.75|x17,133,-0.34,55.64,0.99,6.12,-3.6 / +7.3 / -4.6,False,37,-7.8,0.52
GBPUSD,C_ny,C_ny_rev|ref07-12o0|act13-17|rev_cf|b0.5|a10|m1.5|tp0.75|x19,133,-3.64,54.14,0.92,7.12,-3.8 / +3.3 / -3.7,False,37,-7.78,0.46
GBPUSD,C_ny,C_ny_rev|ref07-12o0|act13-17|rev_cf|b0.5|a10|m1.5|tp1.0|x17,133,2.39,52.63,1.06,5.67,-4.5 / +10.0 / -4.0,False,37,-7.1,0.57
GBPUSD,C_ny,C_ny_rev|ref07-12o0|act13-17|rev_cf|b0.5|a10|m1.5|tp1.0|x19,133,-0.65,50.38,0.99,6.11,-3.2 / +4.5 / -2.8,False,37,-7.69,0.48
GBPUSD,C_ny,C_ny_rev|ref07-13o0|act12-15|rev|b0.25|a10|m1.0|tp0.5|x17,478,-81.43,68.2,0.55,82.45,-34.7 / -20.2 / -26.9,False,137,-36.79,0.41
GBPUSD,C_ny,C_ny_rev|ref07-13o0|act12-15|rev|b0.25|a10|m1.0|tp0.5|x19,478,-81.67,68.2,0.55,82.69,-34.9 / -20.2 / -26.9,False,137,-36.79,0.41
GBPUSD,C_ny,C_ny_rev|ref07-13o0|act12-15|rev|b0.25|a10|m1.0|tp0.75|x17,478,-63.13,60.46,0.72,68.72,-18.7 / -19.8 / -25.2,False,137,-32.05,0.56
GBPUSD,C_ny,C_ny_rev|ref07-13o0|act12-15|rev|b0.25|a10|m1.0|tp0.75|x19,478,-64.3,60.25,0.71,69.9,-18.9 / -20.2 / -25.8,False,137,-31.92,0.56
GBPUSD,C_ny,C_ny_rev|ref07-13o0|act12-15|rev|b0.25|a10|m1.0|tp1.0|x17,478,-43.21,55.02,0.83,59.34,-2.8 / -15.0 / -26.3,False,137,-29.3,0.65
GBPUSD,C_ny,C_ny_rev|ref07-13o0|act12-15|rev|b0.25|a10|m1.0|tp1.0|x19,478,-44.25,54.6,0.82,60.77,-1.9 / -15.8 / -27.3,False,137,-29.17,0.65
GBPUSD,C_ny,C_ny_rev|ref07-13o0|act12-15|rev|b0.25|a10|m1.5|tp0.5|x17,478,-35.06,69.46,0.78,42.09,-13.8 / -4.3 / -17.3,False,137,-12.73,0.72
GBPUSD,C_ny,C_ny_rev|ref07-13o0|act12-15|rev|b0.25|a10|m1.5|tp0.5|x19,478,-36.19,69.25,0.77,44.1,-13.0 / -4.0 / -19.5,False,137,-13.01,0.72
GBPUSD,C_ny,C_ny_rev|ref07-13o0|act12-15|rev|b0.25|a10|m1.5|tp0.75|x17,478,-30.54,59.62,0.85,45.05,-3.2 / -0.4 / -27.5,False,137,-19.25,0.7
GBPUSD,C_ny,C_ny_rev|ref07-13o0|act12-15|rev|b0.25|a10|m1.5|tp0.75|x19,478,-32.12,59.21,0.84,47.28,-1.4 / -1.3 / -30.0,False,137,-19.77,0.69
GBPUSD,C_ny,C_ny_rev|ref07-13o0|act12-15|rev|b0.25|a10|m1.5|tp1.0|x17,478,-42.92,50.84,0.82,57.47,-9.1 / +2.7 / -35.4,False,137,-15.32,0.78
GBPUSD,C_ny,C_ny_rev|ref07-13o0|act12-15|rev|b0.25|a10|m1.5|tp1.0|x19,478,-47.39,50.21,0.81,61.03,-8.6 / +2.1 / -39.7,False,137,-13.64,0.8
GBPUSD,C_ny,C_ny_rev|ref07-13o0|act12-15|rev|b0.5|a10|m1.0|tp0.5|x17,453,-72.05,68.87,0.57,72.74,-32.3 / -16.0 / -24.1,False,129,-35.88,0.4
GBPUSD,C_ny,C_ny_rev|ref07-13o0|act12-15|rev|b0.5|a10|m1.0|tp0.5|x19,453,-72.28,68.87,0.57,72.98,-32.5 / -16.0 / -24.1,False,129,-35.88,0.4
GBPUSD,C_ny,C_ny_rev|ref07-13o0|act12-15|rev|b0.5|a10|m1.0|tp0.75|x17,453,-54.98,60.93,0.74,60.28,-21.8 / -12.4 / -21.3,False,129,-35.38,0.52
GBPUSD,C_ny,C_ny_rev|ref07-13o0|act12-15|rev|b0.5|a10|m1.0|tp0.75|x19,453,-54.17,61.15,0.74,59.47,-21.3 / -12.2 / -21.3,False,129,-35.38,0.52
GBPUSD,C_ny,C_ny_rev|ref07-13o0|act12-15|rev|b0.5|a10|m1.0|tp1.0|x17,453,-40.37,54.97,0.83,55.01,-13.7 / -14.0 / -13.4,False,129,-27.8,0.64
GBPUSD,C_ny,C_ny_rev|ref07-13o0|act12-15|rev|b0.5|a10|m1.0|tp1.0|x19,453,-40.11,54.75,0.83,54.97,-12.0 / -14.4 / -14.5,False,129,-29.01,0.63
GBPUSD,C_ny,C_ny_rev|ref07-13o0|act12-15|rev|b0.5|a10|m1.5|tp0.5|x17,453,-34.12,69.32,0.77,40.27,-18.3 / -3.0 / -13.2,False,129,-12.99,0.71
GBPUSD,C_ny,C_ny_rev|ref07-13o0|act12-15|rev|b0.5|a10|m1.5|tp0.5|x19,453,-34.89,69.54,0.77,41.93,-17.2 / -2.8 / -15.3,False,129,-11.96,0.73
GBPUSD,C_ny,C_ny_rev|ref07-13o0|act12-15|rev|b0.5|a10|m1.5|tp0.75|x17,453,-29.72,59.38,0.85,42.07,-9.4 / -6.1 / -14.8,False,129,-9.19,0.83
GBPUSD,C_ny,C_ny_rev|ref07-13o0|act12-15|rev|b0.5|a10|m1.5|tp0.75|x19,453,-30.47,59.38,0.84,44.25,-7.0 / -6.2 / -17.8,False,129,-8.1,0.85
GBPUSD,C_ny,C_ny_rev|ref07-13o0|act12-15|rev|b0.5|a10|m1.5|tp1.0|x17,453,-43.42,50.77,0.81,56.03,-18.0 / +0.4 / -24.7,False,129,-11.17,0.82
GBPUSD,C_ny,C_ny_rev|ref07-13o0|act12-15|rev|b0.5|a10|m1.5|tp1.0|x19,453,-49.5,49.89,0.79,61.13,-17.7 / -0.0 / -30.6,False,129,-8.08,0.87
GBPUSD,C_ny,C_ny_rev|ref07-13o0|act12-15|rev_cf|b0.25|a10|m1.0|tp0.5|x17,140,-35.17,60.71,0.43,35.54,-11.9 / -6.9 / -16.7,False,35,-6.8,0.52
GBPUSD,C_ny,C_ny_rev|ref07-13o0|act12-15|rev_cf|b0.25|a10|m1.0|tp0.5|x19,140,-34.77,61.43,0.44,35.13,-11.2 / -7.2 / -16.8,False,35,-6.8,0.52
GBPUSD,C_ny,C_ny_rev|ref07-13o0|act12-15|rev_cf|b0.25|a10|m1.0|tp0.75|x17,140,-27.53,55.0,0.61,28.9,-10.6 / -1.2 / -16.3,False,35,-8.27,0.56
GBPUSD,C_ny,C_ny_rev|ref07-13o0|act12-15|rev_cf|b0.25|a10|m1.0|tp0.75|x19,140,-26.45,55.71,0.62,28.07,-10.1 / -1.2 / -15.8,False,35,-8.6,0.54
GBPUSD,C_ny,C_ny_rev|ref07-13o0|act12-15|rev_cf|b0.25|a10|m1.0|tp1.0|x17,140,-24.55,49.29,0.68,26.81,-9.5 / -1.6 / -14.3,False,35,-6.32,0.67
GBPUSD,C_ny,C_ny_rev|ref07-13o0|act12-15|rev_cf|b0.25|a10|m1.0|tp1.0|x19,140,-26.06,48.57,0.67,28.56,-10.9 / -2.5 / -13.4,False,35,-6.83,0.65
GBPUSD,C_ny,C_ny_rev|ref07-13o0|act12-15|rev_cf|b0.25|a10|m1.5|tp0.5|x17,140,-19.44,61.43,0.62,23.19,-8.5 / -1.8 / -9.5,False,35,-3.72,0.69
GBPUSD,C_ny,C_ny_rev|ref07-13o0|act12-15|rev_cf|b0.25|a10|m1.5|tp0.5|x19,140,-19.84,62.14,0.62,23.75,-8.1 / -2.0 / -10.1,False,35,-4.99,0.61
GBPUSD,C_ny,C_ny_rev|ref07-13o0|act12-15|rev_cf|b0.25|a10|m1.5|tp0.75|x17,140,-16.9,53.57,0.71,23.7,-7.8 / -0.9 / -8.9,False,35,-2.51,0.81
GBPUSD,C_ny,C_ny_rev|ref07-13o0|act12-15|rev_cf|b0.25|a10|m1.5|tp0.75|x19,140,-19.19,53.57,0.69,25.39,-9.0 / -2.2 / -8.6,False,35,-3.56,0.75
GBPUSD,C_ny,C_ny_rev|ref07-13o0|act12-15|rev_cf|b0.25|a10|m1.5|tp1.0|x17,140,-18.15,47.14,0.72,24.13,-8.9 / -1.0 / -9.1,False,35,-3.99,0.74
GBPUSD,C_ny,C_ny_rev|ref07-13o0|act12-15|rev_cf|b0.25|a10|m1.5|tp1.0|x19,140,-19.35,45.71,0.72,26.69,-10.0 / -2.8 / -7.5,False,35,-4.82,0.71
GBPUSD,C_ny,C_ny_rev|ref07-13o0|act12-15|rev_cf|b0.5|a10|m1.0|tp0.5|x17,101,-24.34,60.4,0.44,23.48,-10.1 / -7.2 / -5.9,False,25,-8.37,0.35
GBPUSD,C_ny,C_ny_rev|ref07-13o0|act12-15|rev_cf|b0.5|a10|m1.0|tp0.5|x19,101,-23.94,61.39,0.45,23.08,-9.6 / -7.2 / -6.0,False,25,-8.37,0.35
GBPUSD,C_ny,C_ny_rev|ref07-13o0|act12-15|rev_cf|b0.5|a10|m1.0|tp0.75|x17,101,-15.95,56.44,0.66,17.02,-9.9 / -1.9 / -3.0,False,25,-8.59,0.44
GBPUSD,C_ny,C_ny_rev|ref07-13o0|act12-15|rev_cf|b0.5|a10|m1.0|tp0.75|x19,101,-15.12,57.43,0.68,16.61,-9.3 / -1.9 / -2.7,False,25,-8.92,0.41
GBPUSD,C_ny,C_ny_rev|ref07-13o0|act12-15|rev_cf|b0.5|a10|m1.0|tp1.0|x17,101,-14.03,51.49,0.73,16.26,-9.3 / -2.3 / -1.2,False,25,-8.39,0.46
GBPUSD,C_ny,C_ny_rev|ref07-13o0|act12-15|rev_cf|b0.5|a10|m1.0|tp1.0|x19,101,-14.73,50.5,0.73,17.58,-9.4 / -3.5 / -0.6,False,25,-8.91,0.44
GBPUSD,C_ny,C_ny_rev|ref07-13o0|act12-15|rev_cf|b0.5|a10|m1.5|tp0.5|x17,101,-10.39,63.37,0.69,13.27,-6.3 / -2.8 / -0.1,False,25,-4.43,0.54
GBPUSD,C_ny,C_ny_rev|ref07-13o0|act12-15|rev_cf|b0.5|a10|m1.5|tp0.5|x19,101,-10.54,64.36,0.7,13.7,-5.8 / -3.0 / -0.5,False,25,-5.71,0.47
GBPUSD,C_ny,C_ny_rev|ref07-13o0|act12-15|rev_cf|b0.5|a10|m1.5|tp0.75|x17,101,-5.96,58.42,0.84,11.11,-4.9 / -2.3 / +2.4,False,25,-4.88,0.56
GBPUSD,C_ny,C_ny_rev|ref07-13o0|act12-15|rev_cf|b0.5|a10|m1.5|tp0.75|x19,101,-7.7,57.43,0.81,13.57,-5.2 / -4.0 / +2.6,False,25,-6.28,0.48
GBPUSD,C_ny,C_ny_rev|ref07-13o0|act12-15|rev_cf|b0.5|a10|m1.5|tp1.0|x17,101,-4.02,53.47,0.9,9.0,-6.2 / +0.6 / +2.7,False,25,-5.26,0.57
GBPUSD,C_ny,C_ny_rev|ref07-13o0|act12-15|rev_cf|b0.5|a10|m1.5|tp1.0|x19,101,-4.08,51.49,0.91,11.24,-6.3 / -1.5 / +4.8,False,25,-6.03,0.55
GBPUSD,C_ny,C_ny_rev|ref07-13o0|act13-16|rev|b0.25|a10|m1.0|tp0.5|x17,403,7.75,79.4,1.08,12.42,-7.5 / +9.1 / +5.8,False,119,-1.89,0.94
GBPUSD,C_ny,C_ny_rev|ref07-13o0|act13-16|rev|b0.25|a10|m1.0|tp0.5|x19,403,8.01,79.65,1.08,12.42,-7.5 / +9.1 / +6.0,False,119,-1.59,0.95
GBPUSD,C_ny,C_ny_rev|ref07-13o0|act13-16|rev|b0.25|a10|m1.0|tp0.75|x17,403,45.2,73.2,1.37,9.37,+6.1 / +21.0 / +17.5,True,119,-1.37,0.97
GBPUSD,C_ny,C_ny_rev|ref07-13o0|act13-16|rev|b0.25|a10|m1.0|tp0.75|x19,403,44.5,73.45,1.36,9.37,+5.7 / +21.2 / +17.0,True,119,-1.34,0.97
GBPUSD,C_ny,C_ny_rev|ref07-13o0|act13-16|rev|b0.25|a10|m1.0|tp1.0|x17,403,27.36,61.79,1.16,11.91,-3.5 / +23.1 / +7.0,False,119,-10.73,0.82
GBPUSD,C_ny,C_ny_rev|ref07-13o0|act13-16|rev|b0.25|a10|m1.0|tp1.0|x19,403,26.6,61.54,1.15,13.65,-4.9 / +23.4 / +7.3,False,119,-13.06,0.8
GBPUSD,C_ny,C_ny_rev|ref07-13o0|act13-16|rev|b0.25|a10|m1.5|tp0.5|x17,403,43.02,79.4,1.55,5.25,+11.7 / +15.4 / +15.6,True,119,2.27,1.07
GBPUSD,C_ny,C_ny_rev|ref07-13o0|act13-16|rev|b0.25|a10|m1.5|tp0.5|x19,403,42.66,80.4,1.54,5.64,+11.1 / +14.4 / +16.8,True,119,1.95,1.06
GBPUSD,C_ny,C_ny_rev|ref07-13o0|act13-16|rev|b0.25|a10|m1.5|tp0.75|x17,403,11.09,61.79,1.08,10.98,-1.1 / +11.1 / +0.5,False,119,-11.32,0.77
GBPUSD,C_ny,C_ny_rev|ref07-13o0|act13-16|rev|b0.25|a10|m1.5|tp0.75|x19,403,9.21,62.03,1.07,10.64,-2.8 / +9.6 / +1.8,False,119,-14.7,0.72
GBPUSD,C_ny,C_ny_rev|ref07-13o0|act13-16|rev|b0.25|a10|m1.5|tp1.0|x17,403,-12.53,51.36,0.93,15.69,-12.6 / +4.0 / -4.8,False,119,-24.1,0.59
GBPUSD,C_ny,C_ny_rev|ref07-13o0|act13-16|rev|b0.25|a10|m1.5|tp1.0|x19,403,-13.82,52.11,0.92,16.77,-13.8 / +2.9 / -3.8,False,119,-29.8,0.53
GBPUSD,C_ny,C_ny_rev|ref07-13o0|act13-16|rev|b0.5|a10|m1.0|tp0.5|x17,335,6.08,78.81,1.08,10.98,-7.9 / +5.6 / +8.0,False,102,4.38,1.2
GBPUSD,C_ny,C_ny_rev|ref07-13o0|act13-16|rev|b0.5|a10|m1.0|tp0.5|x19,335,6.54,79.4,1.08,10.98,-7.9 / +5.3 / +8.8,False,102,4.38,1.2
GBPUSD,C_ny,C_ny_rev|ref07-13o0|act13-16|rev|b0.5|a10|m1.0|tp0.75|x17,335,36.86,71.64,1.37,7.13,+4.2 / +13.2 / +18.9,True,102,13.48,1.45
GBPUSD,C_ny,C_ny_rev|ref07-13o0|act13-16|rev|b0.5|a10|m1.0|tp0.75|x19,335,38.21,72.84,1.38,7.22,+4.1 / +12.7 / +20.8,True,102,13.78,1.46
GBPUSD,C_ny,C_ny_rev|ref07-13o0|act13-16|rev|b0.5|a10|m1.0|tp1.0|x17,335,42.22,63.28,1.33,8.68,+4.1 / +16.8 / +20.5,True,102,10.99,1.27
GBPUSD,C_ny,C_ny_rev|ref07-13o0|act13-16|rev|b0.5|a10|m1.0|tp1.0|x19,335,43.38,64.48,1.34,8.68,+3.7 / +16.4 / +22.4,True,102,11.67,1.29
GBPUSD,C_ny,C_ny_rev|ref07-13o0|act13-16|rev|b0.5|a10|m1.5|tp0.5|x17,335,51.39,81.19,1.98,4.1,+13.1 / +18.3 / +19.6,True,102,16.16,2.0
GBPUSD,C_ny,C_ny_rev|ref07-13o0|act13-16|rev|b0.5|a10|m1.5|tp0.5|x19,335,51.26,82.69,1.95,4.49,+13.1 / +18.0 / +19.9,True,102,16.34,2.01
GBPUSD,C_ny,C_ny_rev|ref07-13o0|act13-16|rev|b0.5|a10|m1.5|tp0.75|x17,335,32.38,64.78,1.33,7.36,+3.1 / +13.4 / +15.3,True,102,7.06,1.22
GBPUSD,C_ny,C_ny_rev|ref07-13o0|act13-16|rev|b0.5|a10|m1.5|tp0.75|x19,335,31.12,66.27,1.31,8.0,+2.7 / +14.0 / +13.8,True,102,3.78,1.1
GBPUSD,C_ny,C_ny_rev|ref07-13o0|act13-16|rev|b0.5|a10|m1.5|tp1.0|x17,335,-11.22,50.15,0.92,16.21,-10.8 / -1.8 / +0.5,False,102,-9.92,0.78
GBPUSD,C_ny,C_ny_rev|ref07-13o0|act13-16|rev|b0.5|a10|m1.5|tp1.0|x19,335,-10.92,52.84,0.93,15.78,-10.5 / -1.2 / -0.0,False,102,-15.48,0.69
GBPUSD,C_ny,C_ny_rev|ref07-13o0|act13-16|rev_cf|b0.25|a10|m1.0|tp0.5|x17,185,-22.99,67.57,0.64,23.87,-11.4 / -1.7 / -10.2,False,45,-15.93,0.29
GBPUSD,C_ny,C_ny_rev|ref07-13o0|act13-16|rev_cf|b0.25|a10|m1.0|tp0.5|x19,185,-21.1,69.73,0.67,22.94,-11.4 / -2.5 / -7.4,False,45,-18.01,0.28
GBPUSD,C_ny,C_ny_rev|ref07-13o0|act13-16|rev_cf|b0.25|a10|m1.0|tp0.75|x17,185,-13.41,58.38,0.81,14.54,-7.1 / +2.5 / -9.4,False,45,-10.93,0.51
GBPUSD,C_ny,C_ny_rev|ref07-13o0|act13-16|rev_cf|b0.25|a10|m1.0|tp0.75|x19,185,-11.64,61.08,0.84,13.92,-8.2 / +1.3 / -5.3,False,45,-13.02,0.48
GBPUSD,C_ny,C_ny_rev|ref07-13o0|act13-16|rev_cf|b0.25|a10|m1.0|tp1.0|x17,185,-3.0,54.05,0.96,7.75,-7.4 / +9.5 / -5.9,False,45,-10.09,0.59
GBPUSD,C_ny,C_ny_rev|ref07-13o0|act13-16|rev_cf|b0.25|a10|m1.0|tp1.0|x19,185,-2.56,55.14,0.97,9.77,-7.8 / +7.5 / -3.0,False,45,-13.28,0.52
GBPUSD,C_ny,C_ny_rev|ref07-13o0|act13-16|rev_cf|b0.25|a10|m1.5|tp0.5|x17,185,-5.92,62.16,0.87,10.8,-0.3 / +1.6 / -7.6,False,45,-6.19,0.59
GBPUSD,C_ny,C_ny_rev|ref07-13o0|act13-16|rev_cf|b0.25|a10|m1.5|tp0.5|x19,185,-6.06,65.95,0.88,10.4,-1.3 / -0.3 / -4.8,False,45,-7.69,0.55
GBPUSD,C_ny,C_ny_rev|ref07-13o0|act13-16|rev_cf|b0.25|a10|m1.5|tp0.75|x17,185,1.28,55.14,1.03,8.2,-0.7 / +6.0 / -4.6,False,45,-7.55,0.58
GBPUSD,C_ny,C_ny_rev|ref07-13o0|act13-16|rev_cf|b0.25|a10|m1.5|tp0.75|x19,185,-0.34,57.84,0.99,7.74,-1.1 / +2.9 / -2.8,False,45,-12.19,0.44
GBPUSD,C_ny,C_ny_rev|ref07-13o0|act13-16|rev_cf|b0.25|a10|m1.5|tp1.0|x17,185,1.95,52.43,1.04,9.86,-1.0 / +7.3 / -5.3,False,45,-8.16,0.57
GBPUSD,C_ny,C_ny_rev|ref07-13o0|act13-16|rev_cf|b0.25|a10|m1.5|tp1.0|x19,185,1.61,53.51,1.03,9.47,-0.4 / +3.9 / -2.8,False,45,-11.88,0.48
GBPUSD,C_ny,C_ny_rev|ref07-13o0|act13-16|rev_cf|b0.5|a10|m1.0|tp0.5|x17,101,-10.87,66.34,0.67,10.66,-3.3 / -4.9 / -3.0,False,26,-5.9,0.44
GBPUSD,C_ny,C_ny_rev|ref07-13o0|act13-16|rev_cf|b0.5|a10|m1.0|tp0.5|x19,101,-9.85,70.3,0.7,10.61,-4.0 / -5.7 / -0.5,False,26,-7.52,0.39
GBPUSD,C_ny,C_ny_rev|ref07-13o0|act13-16|rev_cf|b0.5|a10|m1.0|tp0.75|x17,101,-4.04,58.42,0.89,8.36,+0.8 / -2.3 / -3.1,False,26,-2.4,0.77
GBPUSD,C_ny,C_ny_rev|ref07-13o0|act13-16|rev_cf|b0.5|a10|m1.0|tp0.75|x19,101,-0.83,62.38,0.98,6.42,-0.0 / -3.1 / +1.7,False,26,-4.28,0.65
GBPUSD,C_ny,C_ny_rev|ref07-13o0|act13-16|rev_cf|b0.5|a10|m1.0|tp1.0|x17,101,1.56,52.48,1.04,5.44,+1.9 / -0.3 / -0.8,False,26,-1.07,0.91
GBPUSD,C_ny,C_ny_rev|ref07-13o0|act13-16|rev_cf|b0.5|a10|m1.0|tp1.0|x19,101,3.51,55.45,1.09,5.09,+0.2 / -1.5 / +4.0,False,26,-3.68,0.73
GBPUSD,C_ny,C_ny_rev|ref07-13o0|act13-16|rev_cf|b0.5|a10|m1.5|tp0.5|x17,101,-1.33,62.38,0.94,6.26,+2.5 / -1.5 / -2.7,False,26,-0.73,0.89
GBPUSD,C_ny,C_ny_rev|ref07-13o0|act13-16|rev_cf|b0.5|a10|m1.5|tp0.5|x19,101,0.12,67.33,1.0,5.61,+2.4 / -3.3 / +0.6,False,26,-1.47,0.8
GBPUSD,C_ny,C_ny_rev|ref07-13o0|act13-16|rev_cf|b0.5|a10|m1.5|tp0.75|x17,101,4.08,55.45,1.16,3.91,+2.6 / +1.2 / -0.4,False,26,-1.29,0.85
GBPUSD,C_ny,C_ny_rev|ref07-13o0|act13-16|rev_cf|b0.5|a10|m1.5|tp0.75|x19,101,4.55,59.41,1.15,3.44,+2.1 / -0.9 / +2.7,False,26,-3.52,0.65
GBPUSD,C_ny,C_ny_rev|ref07-13o0|act13-16|rev_cf|b0.5|a10|m1.5|tp1.0|x17,101,2.59,50.5,1.1,5.51,+0.7 / +2.4 / -1.4,False,26,-0.65,0.92
GBPUSD,C_ny,C_ny_rev|ref07-13o0|act13-16|rev_cf|b0.5|a10|m1.5|tp1.0|x19,101,6.02,54.46,1.18,4.8,+1.3 / +0.3 / +3.5,True,26,-2.21,0.78
GBPUSD,C_ny,C_ny_rev|ref07-13o0|act13-17|rev|b0.25|a10|m1.0|tp0.5|x17,422,8.26,79.38,1.08,12.54,-6.6 / +8.1 / +6.4,False,124,-1.59,0.95
GBPUSD,C_ny,C_ny_rev|ref07-13o0|act13-17|rev|b0.25|a10|m1.0|tp0.5|x19,422,8.28,79.62,1.08,12.54,-6.6 / +8.1 / +6.4,False,124,-1.28,0.96
GBPUSD,C_ny,C_ny_rev|ref07-13o0|act13-17|rev|b0.25|a10|m1.0|tp0.75|x17,422,42.26,72.27,1.32,12.07,+1.6 / +21.1 / +19.0,True,124,-1.81,0.96
GBPUSD,C_ny,C_ny_rev|ref07-13o0|act13-17|rev|b0.25|a10|m1.0|tp0.75|x19,422,42.52,72.75,1.32,12.79,+2.0 / +21.2 / +18.7,True,124,-1.78,0.96
GBPUSD,C_ny,C_ny_rev|ref07-13o0|act13-17|rev|b0.25|a10|m1.0|tp1.0|x17,422,22.86,60.9,1.13,14.61,-7.9 / +22.2 / +7.7,False,124,-11.71,0.82
GBPUSD,C_ny,C_ny_rev|ref07-13o0|act13-17|rev|b0.25|a10|m1.0|tp1.0|x19,422,23.01,60.9,1.12,17.07,-8.8 / +22.5 / +8.6,False,124,-13.84,0.79
GBPUSD,C_ny,C_ny_rev|ref07-13o0|act13-17|rev|b0.25|a10|m1.5|tp0.5|x17,422,41.16,78.2,1.5,5.59,+9.2 / +15.1 / +16.6,True,124,1.31,1.04
GBPUSD,C_ny,C_ny_rev|ref07-13o0|act13-17|rev|b0.25|a10|m1.5|tp0.5|x19,422,41.09,79.62,1.48,6.74,+9.4 / +13.7 / +17.6,True,124,0.99,1.03
GBPUSD,C_ny,C_ny_rev|ref07-13o0|act13-17|rev|b0.25|a10|m1.5|tp0.75|x17,422,7.91,60.66,1.06,9.73,-3.7 / +9.8 / +1.1,False,124,-12.81,0.75
GBPUSD,C_ny,C_ny_rev|ref07-13o0|act13-17|rev|b0.25|a10|m1.5|tp0.75|x19,422,6.78,61.61,1.05,9.4,-4.4 / +7.9 / +2.7,False,124,-16.24,0.71
GBPUSD,C_ny,C_ny_rev|ref07-13o0|act13-17|rev|b0.25|a10|m1.5|tp1.0|x17,422,-17.55,50.24,0.9,18.95,-15.2 / +3.2 / -6.5,False,124,-25.59,0.58
GBPUSD,C_ny,C_ny_rev|ref07-13o0|act13-17|rev|b0.25|a10|m1.5|tp1.0|x19,422,-18.58,51.66,0.9,20.07,-16.1 / +1.7 / -5.1,False,124,-31.48,0.52
GBPUSD,C_ny,C_ny_rev|ref07-13o0|act13-17|rev|b0.5|a10|m1.0|tp0.5|x17,358,7.02,78.77,1.08,11.38,-6.9 / +4.4 / +9.3,False,111,7.46,1.33
GBPUSD,C_ny,C_ny_rev|ref07-13o0|act13-17|rev|b0.5|a10|m1.0|tp0.5|x19,358,8.53,79.61,1.1,11.38,-6.9 / +5.1 / +10.0,False,111,7.46,1.33
GBPUSD,C_ny,C_ny_rev|ref07-13o0|act13-17|rev|b0.5|a10|m1.0|tp0.75|x17,358,37.9,71.23,1.35,7.02,+6.3 / +10.5 / +20.6,True,111,15.89,1.5
GBPUSD,C_ny,C_ny_rev|ref07-13o0|act13-17|rev|b0.5|a10|m1.0|tp0.75|x19,358,40.95,72.91,1.38,7.11,+6.5 / +11.8 / +22.0,True,111,16.09,1.51
GBPUSD,C_ny,C_ny_rev|ref07-13o0|act13-17|rev|b0.5|a10|m1.0|tp1.0|x17,358,40.62,62.01,1.3,8.83,+2.9 / +14.5 / +22.4,True,111,10.99,1.24
GBPUSD,C_ny,C_ny_rev|ref07-13o0|act13-17|rev|b0.5|a10|m1.0|tp1.0|x19,358,43.68,64.25,1.32,10.53,+2.3 / +15.9 / +24.7,True,111,11.73,1.26
GBPUSD,C_ny,C_ny_rev|ref07-13o0|act13-17|rev|b0.5|a10|m1.5|tp0.5|x17,358,50.96,80.17,1.87,4.1,+14.2 / +16.0 / +20.4,True,111,17.91,2.04
GBPUSD,C_ny,C_ny_rev|ref07-13o0|act13-17|rev|b0.5|a10|m1.5|tp0.5|x19,358,51.09,82.12,1.84,4.49,+14.4 / +16.3 / +20.0,True,111,18.14,2.05
GBPUSD,C_ny,C_ny_rev|ref07-13o0|act13-17|rev|b0.5|a10|m1.5|tp0.75|x17,358,30.41,63.41,1.29,6.7,+1.6 / +11.6 / +16.5,True,111,6.66,1.19
GBPUSD,C_ny,C_ny_rev|ref07-13o0|act13-17|rev|b0.5|a10|m1.5|tp0.75|x19,358,29.23,65.64,1.27,7.35,+0.7 / +12.9 / +15.0,True,111,3.47,1.09
GBPUSD,C_ny,C_ny_rev|ref07-13o0|act13-17|rev|b0.5|a10|m1.5|tp1.0|x17,358,-15.6,49.16,0.9,20.49,-12.2 / -5.1 / +0.9,False,111,-10.15,0.79
GBPUSD,C_ny,C_ny_rev|ref07-13o0|act13-17|rev|b0.5|a10|m1.5|tp1.0|x19,358,-15.21,52.51,0.9,19.4,-12.7 / -3.6 / +0.1,False,111,-15.63,0.71
GBPUSD,C_ny,C_ny_rev|ref07-13o0|act13-17|rev_cf|b0.25|a10|m1.0|tp0.5|x17,213,-26.96,67.61,0.63,27.95,-16.2 / +2.0 / -13.1,False,56,-18.06,0.33
GBPUSD,C_ny,C_ny_rev|ref07-13o0|act13-17|rev_cf|b0.25|a10|m1.0|tp0.5|x19,213,-29.46,65.73,0.61,30.69,-16.8 / -2.6 / -10.4,False,56,-19.36,0.31
GBPUSD,C_ny,C_ny_rev|ref07-13o0|act13-17|rev_cf|b0.25|a10|m1.0|tp0.75|x17,213,-21.38,57.28,0.76,23.12,-11.0 / +3.5 / -14.5,False,56,-13.06,0.54
GBPUSD,C_ny,C_ny_rev|ref07-13o0|act13-17|rev_cf|b0.25|a10|m1.0|tp0.75|x19,213,-20.84,56.81,0.76,22.76,-12.9 / +0.1 / -8.6,False,56,-13.37,0.52
GBPUSD,C_ny,C_ny_rev|ref07-13o0|act13-17|rev_cf|b0.25|a10|m1.0|tp1.0|x17,213,-11.47,52.58,0.88,13.65,-12.3 / +10.2 / -10.2,False,56,-12.72,0.6
GBPUSD,C_ny,C_ny_rev|ref07-13o0|act13-17|rev_cf|b0.25|a10|m1.0|tp1.0|x19,213,-10.44,51.64,0.89,14.42,-11.8 / +7.0 / -6.5,False,56,-15.36,0.5
GBPUSD,C_ny,C_ny_rev|ref07-13o0|act13-17|rev_cf|b0.25|a10|m1.5|tp0.5|x17,213,-12.89,61.5,0.78,14.72,-3.8 / +0.5 / -10.0,False,56,-5.7,0.68
GBPUSD,C_ny,C_ny_rev|ref07-13o0|act13-17|rev_cf|b0.25|a10|m1.5|tp0.5|x19,213,-13.18,61.03,0.78,15.78,-5.1 / -1.4 / -7.1,False,56,-8.25,0.57
GBPUSD,C_ny,C_ny_rev|ref07-13o0|act13-17|rev_cf|b0.25|a10|m1.5|tp0.75|x17,213,-2.87,54.93,0.96,9.03,-3.2 / +5.5 / -5.8,False,56,-7.61,0.65
GBPUSD,C_ny,C_ny_rev|ref07-13o0|act13-17|rev_cf|b0.25|a10|m1.5|tp0.75|x19,213,-6.08,53.99,0.91,10.98,-4.2 / +2.5 / -5.0,False,56,-13.93,0.42
GBPUSD,C_ny,C_ny_rev|ref07-13o0|act13-17|rev_cf|b0.25|a10|m1.5|tp1.0|x17,213,-3.66,51.17,0.95,11.96,-6.0 / +8.6 / -7.2,False,56,-6.72,0.71
GBPUSD,C_ny,C_ny_rev|ref07-13o0|act13-17|rev_cf|b0.25|a10|m1.5|tp1.0|x19,213,-4.97,50.23,0.93,11.17,-3.8 / +2.7 / -4.7,False,56,-13.62,0.46
GBPUSD,C_ny,C_ny_rev|ref07-13o0|act13-17|rev_cf|b0.5|a10|m1.0|tp0.5|x17,117,-11.44,67.52,0.69,10.99,-3.2 / -2.8 / -5.8,False,33,-6.45,0.49
GBPUSD,C_ny,C_ny_rev|ref07-13o0|act13-17|rev_cf|b0.5|a10|m1.0|tp0.5|x19,117,-11.55,68.38,0.69,11.34,-4.5 / -4.7 / -2.7,False,33,-7.61,0.42
GBPUSD,C_ny,C_ny_rev|ref07-13o0|act13-17|rev_cf|b0.5|a10|m1.0|tp0.75|x17,117,-5.12,58.97,0.88,10.49,+1.9 / -0.4 / -7.1,False,33,-3.45,0.75
GBPUSD,C_ny,C_ny_rev|ref07-13o0|act13-17|rev_cf|b0.5|a10|m1.0|tp0.75|x19,117,-2.74,59.83,0.94,6.34,+0.2 / -2.4 / -1.1,False,33,-3.88,0.7
GBPUSD,C_ny,C_ny_rev|ref07-13o0|act13-17|rev_cf|b0.5|a10|m1.0|tp1.0|x17,117,0.99,52.99,1.02,7.86,+2.0 / +2.8 / -4.6,False,33,-3.12,0.8
GBPUSD,C_ny,C_ny_rev|ref07-13o0|act13-17|rev_cf|b0.5|a10|m1.0|tp1.0|x19,117,2.47,53.85,1.05,6.29,+0.9 / -0.1 / +0.8,False,33,-4.98,0.67
GBPUSD,C_ny,C_ny_rev|ref07-13o0|act13-17|rev_cf|b0.5|a10|m1.5|tp0.5|x17,117,-1.04,64.1,0.96,6.46,+2.9 / -0.6 / -3.7,False,33,-0.35,0.96
GBPUSD,C_ny,C_ny_rev|ref07-13o0|act13-17|rev_cf|b0.5|a10|m1.5|tp0.5|x19,117,-1.44,64.1,0.95,6.29,+2.2 / -2.8 / -1.2,False,33,-1.2,0.85
GBPUSD,C_ny,C_ny_rev|ref07-13o0|act13-17|rev_cf|b0.5|a10|m1.5|tp0.75|x17,117,7.37,58.12,1.25,3.89,+4.1 / +3.3 / -0.7,False,33,-2.22,0.81
GBPUSD,C_ny,C_ny_rev|ref07-13o0|act13-17|rev_cf|b0.5|a10|m1.5|tp0.75|x19,117,3.91,57.26,1.12,4.55,+2.3 / +0.3 / +0.7,True,33,-4.39,0.6
GBPUSD,C_ny,C_ny_rev|ref07-13o0|act13-17|rev_cf|b0.5|a10|m1.5|tp1.0|x17,117,5.67,52.14,1.17,3.92,-0.1 / +5.0 / -0.1,False,33,-0.83,0.93
GBPUSD,C_ny,C_ny_rev|ref07-13o0|act13-17|rev_cf|b0.5|a10|m1.5|tp1.0|x19,117,5.32,52.99,1.14,4.89,+1.7 / +0.7 / +2.0,True,33,-3.07,0.72
GBPUSD,C_ny,C_ny_rev|ref06-11o0|act12-15|rev|b0.25|a10|m1.0|tp0.5|x17,441,-52.53,71.43,0.65,55.3,-31.2 / -8.5 / -13.2,False,132,-18.36,0.6
GBPUSD,C_ny,C_ny_rev|ref06-11o0|act12-15|rev|b0.25|a10|m1.0|tp0.5|x19,441,-52.95,71.43,0.64,55.72,-31.4 / -8.5 / -13.4,False,132,-18.64,0.6
GBPUSD,C_ny,C_ny_rev|ref06-11o0|act12-15|rev|b0.25|a10|m1.0|tp0.75|x17,441,-17.9,65.76,0.9,26.61,-20.7 / +6.8 / -4.6,False,132,-17.86,0.71
GBPUSD,C_ny,C_ny_rev|ref06-11o0|act12-15|rev|b0.25|a10|m1.0|tp0.75|x19,441,-17.95,65.76,0.9,26.85,-20.9 / +6.8 / -4.4,False,132,-18.14,0.71
GBPUSD,C_ny,C_ny_rev|ref06-11o0|act12-15|rev|b0.25|a10|m1.0|tp1.0|x17,441,-33.96,55.78,0.85,42.3,-24.2 / +1.9 / -12.5,False,132,-16.6,0.77
GBPUSD,C_ny,C_ny_rev|ref06-11o0|act12-15|rev|b0.25|a10|m1.0|tp1.0|x19,441,-34.7,55.56,0.85,43.66,-24.4 / +1.9 / -13.0,False,132,-16.62,0.77
GBPUSD,C_ny,C_ny_rev|ref06-11o0|act12-15|rev|b0.25|a10|m1.5|tp0.5|x17,441,12.25,76.19,1.11,7.97,-6.1 / +12.6 / +5.3,False,132,-11.19,0.75
GBPUSD,C_ny,C_ny_rev|ref06-11o0|act12-15|rev|b0.25|a10|m1.5|tp0.5|x19,441,12.1,76.42,1.11,7.97,-6.2 / +12.5 / +5.5,False,132,-11.69,0.74
GBPUSD,C_ny,C_ny_rev|ref06-11o0|act12-15|rev|b0.25|a10|m1.5|tp0.75|x17,441,-8.1,62.13,0.95,17.52,-13.3 / +6.5 / -1.9,False,132,-11.77,0.79
GBPUSD,C_ny,C_ny_rev|ref06-11o0|act12-15|rev|b0.25|a10|m1.5|tp0.75|x19,441,-11.02,62.13,0.94,18.33,-14.1 / +5.6 / -3.2,False,132,-11.51,0.8
GBPUSD,C_ny,C_ny_rev|ref06-11o0|act12-15|rev|b0.25|a10|m1.5|tp1.0|x17,441,-29.16,51.02,0.86,34.78,-12.0 / -5.5 / -12.6,False,132,-23.91,0.66
GBPUSD,C_ny,C_ny_rev|ref06-11o0|act12-15|rev|b0.25|a10|m1.5|tp1.0|x19,441,-31.95,51.47,0.85,39.51,-10.3 / -7.2 / -15.3,False,132,-24.05,0.66
GBPUSD,C_ny,C_ny_rev|ref06-11o0|act12-15|rev|b0.5|a10|m1.0|tp0.5|x17,383,-41.64,72.06,0.67,46.2,-29.0 / -5.8 / -7.2,False,119,-15.09,0.63
GBPUSD,C_ny,C_ny_rev|ref06-11o0|act12-15|rev|b0.5|a10|m1.0|tp0.5|x19,383,-41.64,72.06,0.67,46.2,-29.0 / -5.8 / -7.2,False,119,-15.09,0.63
GBPUSD,C_ny,C_ny_rev|ref06-11o0|act12-15|rev|b0.5|a10|m1.0|tp0.75|x17,383,-1.4,67.62,0.99,20.68,-14.5 / +4.3 / +8.2,False,119,-3.82,0.92
GBPUSD,C_ny,C_ny_rev|ref06-11o0|act12-15|rev|b0.5|a10|m1.0|tp0.75|x19,383,-1.67,67.62,0.99,21.04,-14.8 / +4.2 / +8.3,False,119,-3.51,0.93
GBPUSD,C_ny,C_ny_rev|ref06-11o0|act12-15|rev|b0.5|a10|m1.0|tp1.0|x17,383,7.03,60.57,1.04,22.34,-14.5 / +12.1 / +8.6,False,119,-6.84,0.89
GBPUSD,C_ny,C_ny_rev|ref06-11o0|act12-15|rev|b0.5|a10|m1.0|tp1.0|x19,383,5.7,59.79,1.03,21.95,-14.8 / +12.2 / +7.4,False,119,-6.32,0.89
GBPUSD,C_ny,C_ny_rev|ref06-11o0|act12-15|rev|b0.5|a10|m1.5|tp0.5|x17,383,22.63,78.07,1.26,7.52,-4.6 / +9.8 / +17.1,False,119,-3.12,0.91
GBPUSD,C_ny,C_ny_rev|ref06-11o0|act12-15|rev|b0.5|a10|m1.5|tp0.5|x19,383,23.53,78.59,1.27,6.97,-4.2 / +10.1 / +17.3,False,119,-3.51,0.9
GBPUSD,C_ny,C_ny_rev|ref06-11o0|act12-15|rev|b0.5|a10|m1.5|tp0.75|x17,383,8.1,64.23,1.06,16.47,-12.6 / +12.1 / +8.0,False,119,-4.84,0.9
GBPUSD,C_ny,C_ny_rev|ref06-11o0|act12-15|rev|b0.5|a10|m1.5|tp0.75|x19,383,5.72,63.71,1.04,17.01,-13.5 / +12.6 / +6.1,False,119,-4.8,0.9
GBPUSD,C_ny,C_ny_rev|ref06-11o0|act12-15|rev|b0.5|a10|m1.5|tp1.0|x17,383,-16.26,53.0,0.91,29.17,-17.4 / +0.4 / -0.1,False,119,-10.52,0.82
GBPUSD,C_ny,C_ny_rev|ref06-11o0|act12-15|rev|b0.5|a10|m1.5|tp1.0|x19,383,-19.19,52.74,0.9,30.2,-18.8 / +0.4 / -1.7,False,119,-10.4,0.82
GBPUSD,C_ny,C_ny_rev|ref06-11o0|act12-15|rev_cf|b0.25|a10|m1.0|tp0.5|x17,194,-64.26,56.19,0.34,65.52,-23.7 / -21.3 / -19.6,False,54,-19.94,0.3
GBPUSD,C_ny,C_ny_rev|ref06-11o0|act12-15|rev_cf|b0.25|a10|m1.0|tp0.5|x19,194,-64.62,56.19,0.34,65.89,-23.6 / -21.9 / -19.4,False,54,-20.78,0.29
GBPUSD,C_ny,C_ny_rev|ref06-11o0|act12-15|rev_cf|b0.25|a10|m1.0|tp0.75|x17,194,-47.47,52.58,0.54,50.61,-19.1 / -16.8 / -12.1,False,54,-18.19,0.44
GBPUSD,C_ny,C_ny_rev|ref06-11o0|act12-15|rev_cf|b0.25|a10|m1.0|tp0.75|x19,194,-49.2,52.06,0.53,52.33,-19.1 / -17.5 / -13.2,False,54,-19.03,0.43
GBPUSD,C_ny,C_ny_rev|ref06-11o0|act12-15|rev_cf|b0.25|a10|m1.0|tp1.0|x17,194,-42.47,47.94,0.62,45.74,-17.9 / -17.0 / -8.4,False,54,-19.21,0.46
GBPUSD,C_ny,C_ny_rev|ref06-11o0|act12-15|rev_cf|b0.25|a10|m1.0|tp1.0|x19,194,-44.87,46.39,0.61,48.19,-17.8 / -18.6 / -9.3,False,54,-20.2,0.45
GBPUSD,C_ny,C_ny_rev|ref06-11o0|act12-15|rev_cf|b0.25|a10|m1.5|tp0.5|x17,194,-22.32,63.4,0.66,26.35,-5.0 / -9.3 / -8.3,False,54,-7.63,0.61
GBPUSD,C_ny,C_ny_rev|ref06-11o0|act12-15|rev_cf|b0.25|a10|m1.5|tp0.5|x19,194,-23.13,63.92,0.66,27.16,-4.1 / -10.3 / -9.1,False,54,-9.73,0.55
GBPUSD,C_ny,C_ny_rev|ref06-11o0|act12-15|rev_cf|b0.25|a10|m1.5|tp0.75|x17,194,-20.84,54.64,0.74,24.55,-6.3 / -11.0 / -4.1,False,54,-11.38,0.55
GBPUSD,C_ny,C_ny_rev|ref06-11o0|act12-15|rev_cf|b0.25|a10|m1.5|tp0.75|x19,194,-21.8,55.15,0.74,26.4,-4.5 / -13.0 / -4.9,False,54,-13.78,0.49
GBPUSD,C_ny,C_ny_rev|ref06-11o0|act12-15|rev_cf|b0.25|a10|m1.5|tp1.0|x17,194,-28.12,47.94,0.69,29.32,-11.9 / -13.4 / -3.7,False,54,-11.54,0.57
GBPUSD,C_ny,C_ny_rev|ref06-11o0|act12-15|rev_cf|b0.25|a10|m1.5|tp1.0|x19,194,-29.55,45.88,0.69,33.12,-10.3 / -16.1 / -4.0,False,54,-14.83,0.49
GBPUSD,C_ny,C_ny_rev|ref06-11o0|act12-15|rev_cf|b0.5|a10|m1.0|tp0.5|x17,121,-26.94,61.16,0.46,29.44,-11.6 / -5.0 / -10.7,False,38,-12.43,0.34
GBPUSD,C_ny,C_ny_rev|ref06-11o0|act12-15|rev_cf|b0.5|a10|m1.0|tp0.5|x19,121,-27.11,61.98,0.47,29.6,-11.3 / -5.6 / -10.5,False,38,-12.97,0.33
GBPUSD,C_ny,C_ny_rev|ref06-11o0|act12-15|rev_cf|b0.5|a10|m1.0|tp0.75|x17,121,-15.57,58.68,0.71,19.31,-8.1 / -2.1 / -5.9,False,38,-10.67,0.5
GBPUSD,C_ny,C_ny_rev|ref06-11o0|act12-15|rev_cf|b0.5|a10|m1.0|tp0.75|x19,121,-15.43,57.85,0.72,19.18,-7.9 / -2.7 / -5.5,False,38,-11.22,0.49
GBPUSD,C_ny,C_ny_rev|ref06-11o0|act12-15|rev_cf|b0.5|a10|m1.0|tp1.0|x17,121,-10.45,53.72,0.82,14.43,-6.6 / -1.2 / -3.4,False,38,-11.19,0.53
GBPUSD,C_ny,C_ny_rev|ref06-11o0|act12-15|rev_cf|b0.5|a10|m1.0|tp1.0|x19,121,-11.53,52.07,0.81,15.65,-6.4 / -2.7 / -3.2,False,38,-11.9,0.51
GBPUSD,C_ny,C_ny_rev|ref06-11o0|act12-15|rev_cf|b0.5|a10|m1.5|tp0.5|x17,121,-3.3,68.6,0.9,9.85,+0.6 / -0.2 / -4.1,False,38,-2.02,0.82
GBPUSD,C_ny,C_ny_rev|ref06-11o0|act12-15|rev_cf|b0.5|a10|m1.5|tp0.5|x19,121,-4.59,67.77,0.87,10.7,+0.2 / -1.6 / -3.6,False,38,-3.35,0.73
GBPUSD,C_ny,C_ny_rev|ref06-11o0|act12-15|rev_cf|b0.5|a10|m1.5|tp0.75|x17,121,-0.71,58.68,0.98,6.48,+1.1 / -0.2 / -2.2,False,38,-5.77,0.63
GBPUSD,C_ny,C_ny_rev|ref06-11o0|act12-15|rev_cf|b0.5|a10|m1.5|tp0.75|x19,121,-1.89,58.68,0.96,6.89,+1.8 / -3.1 / -1.2,False,38,-7.41,0.57
GBPUSD,C_ny,C_ny_rev|ref06-11o0|act12-15|rev_cf|b0.5|a10|m1.5|tp1.0|x17,121,-2.94,52.89,0.93,6.26,-2.7 / +0.8 / -1.9,False,38,-5.43,0.67
GBPUSD,C_ny,C_ny_rev|ref06-11o0|act12-15|rev_cf|b0.5|a10|m1.5|tp1.0|x19,121,-5.17,48.76,0.9,7.87,-2.4 / -3.6 / -0.1,False,38,-7.95,0.56
GBPUSD,C_ny,C_ny_rev|ref06-11o0|act13-16|rev|b0.25|a10|m1.0|tp0.5|x17,465,-33.39,73.33,0.77,37.05,-29.6 / -0.7 / -3.4,False,140,-13.89,0.7
GBPUSD,C_ny,C_ny_rev|ref06-11o0|act13-16|rev|b0.25|a10|m1.0|tp0.5|x19,465,-33.23,73.55,0.77,37.24,-29.8 / -0.7 / -3.1,False,140,-14.17,0.69
GBPUSD,C_ny,C_ny_rev|ref06-11o0|act13-16|rev|b0.25|a10|m1.0|tp0.75|x17,465,-6.97,66.02,0.96,20.78,-14.2 / +10.1 / -3.4,False,140,-9.98,0.83
GBPUSD,C_ny,C_ny_rev|ref06-11o0|act13-16|rev|b0.25|a10|m1.0|tp0.75|x19,465,-6.79,66.45,0.96,21.13,-14.5 / +10.1 / -2.9,False,140,-11.26,0.82
GBPUSD,C_ny,C_ny_rev|ref06-11o0|act13-16|rev|b0.25|a10|m1.0|tp1.0|x17,465,-30.32,55.05,0.87,42.28,-27.0 / +2.8 / -7.0,False,140,-26.52,0.67
GBPUSD,C_ny,C_ny_rev|ref06-11o0|act13-16|rev|b0.25|a10|m1.0|tp1.0|x19,465,-30.22,55.27,0.87,42.93,-27.7 / +4.7 / -8.0,False,140,-28.8,0.65
GBPUSD,C_ny,C_ny_rev|ref06-11o0|act13-16|rev|b0.25|a10|m1.5|tp0.5|x17,465,21.57,75.7,1.19,7.7,-0.3 / +12.2 / +9.3,False,140,-4.58,0.89
GBPUSD,C_ny,C_ny_rev|ref06-11o0|act13-16|rev|b0.25|a10|m1.5|tp0.5|x19,465,21.82,76.56,1.2,8.12,-1.2 / +12.5 / +10.1,False,140,-5.26,0.88
GBPUSD,C_ny,C_ny_rev|ref06-11o0|act13-16|rev|b0.25|a10|m1.5|tp0.75|x17,465,-7.43,60.0,0.96,20.38,-13.1 / +4.0 / +1.1,False,140,-17.99,0.71
GBPUSD,C_ny,C_ny_rev|ref06-11o0|act13-16|rev|b0.25|a10|m1.5|tp0.75|x19,465,-10.44,60.65,0.94,21.93,-14.5 / +4.2 / -0.8,False,140,-18.79,0.7
GBPUSD,C_ny,C_ny_rev|ref06-11o0|act13-16|rev|b0.25|a10|m1.5|tp1.0|x17,465,-35.92,49.25,0.83,41.38,-18.9 / -9.6 / -8.3,False,140,-24.12,0.65
GBPUSD,C_ny,C_ny_rev|ref06-11o0|act13-16|rev|b0.25|a10|m1.5|tp1.0|x19,465,-31.85,50.97,0.85,41.14,-16.1 / -9.2 / -7.4,False,140,-25.17,0.65
GBPUSD,C_ny,C_ny_rev|ref06-11o0|act13-16|rev|b0.5|a10|m1.0|tp0.5|x17,409,-26.09,73.59,0.79,36.87,-31.7 / +2.0 / +3.3,False,127,-6.32,0.83
GBPUSD,C_ny,C_ny_rev|ref06-11o0|act13-16|rev|b0.5|a10|m1.0|tp0.5|x19,409,-25.97,74.08,0.79,37.11,-32.0 / +2.0 / +3.6,False,127,-6.32,0.83
GBPUSD,C_ny,C_ny_rev|ref06-11o0|act13-16|rev|b0.5|a10|m1.0|tp0.75|x17,409,-1.71,65.77,0.99,26.43,-21.2 / +7.9 / +11.0,False,127,0.71,1.01
GBPUSD,C_ny,C_ny_rev|ref06-11o0|act13-16|rev|b0.5|a10|m1.0|tp0.75|x19,409,-1.02,66.99,0.99,27.76,-22.3 / +7.8 / +12.9,False,127,1.01,1.02
GBPUSD,C_ny,C_ny_rev|ref06-11o0|act13-16|rev|b0.5|a10|m1.0|tp1.0|x17,409,3.07,58.19,1.02,24.01,-17.2 / +13.2 / +6.2,False,127,-4.49,0.93
GBPUSD,C_ny,C_ny_rev|ref06-11o0|act13-16|rev|b0.5|a10|m1.0|tp1.0|x19,409,2.0,58.92,1.01,24.99,-18.9 / +14.8 / +5.3,False,127,-4.7,0.92
GBPUSD,C_ny,C_ny_rev|ref06-11o0|act13-16|rev|b0.5|a10|m1.5|tp0.5|x17,409,23.82,75.55,1.26,10.16,-2.0 / +8.5 / +17.0,False,127,-0.06,1.0
GBPUSD,C_ny,C_ny_rev|ref06-11o0|act13-16|rev|b0.5|a10|m1.5|tp0.5|x19,409,24.04,76.77,1.25,10.43,-2.6 / +8.7 / +17.6,False,127,-0.42,0.99
GBPUSD,C_ny,C_ny_rev|ref06-11o0|act13-16|rev|b0.5|a10|m1.5|tp0.75|x17,409,1.05,60.39,1.01,13.93,-10.3 / +8.2 / +2.6,False,127,-1.56,0.97
GBPUSD,C_ny,C_ny_rev|ref06-11o0|act13-16|rev|b0.5|a10|m1.5|tp0.75|x19,409,-2.22,61.12,0.99,15.17,-11.6 / +8.6 / +0.1,False,127,-2.17,0.96
GBPUSD,C_ny,C_ny_rev|ref06-11o0|act13-16|rev|b0.5|a10|m1.5|tp1.0|x17,409,-37.09,49.14,0.8,41.93,-16.7 / -9.3 / -12.0,False,127,-9.2,0.84
GBPUSD,C_ny,C_ny_rev|ref06-11o0|act13-16|rev|b0.5|a10|m1.5|tp1.0|x19,409,-37.72,49.63,0.81,43.26,-17.5 / -9.1 / -12.0,False,127,-10.46,0.83
GBPUSD,C_ny,C_ny_rev|ref06-11o0|act13-16|rev_cf|b0.25|a10|m1.0|tp0.5|x17,203,-40.73,60.59,0.49,41.94,-17.0 / -6.0 / -18.1,False,50,-19.65,0.26
GBPUSD,C_ny,C_ny_rev|ref06-11o0|act13-16|rev_cf|b0.25|a10|m1.0|tp0.5|x19,203,-37.76,63.55,0.52,39.29,-16.4 / -7.3 / -14.4,False,50,-20.3,0.27
GBPUSD,C_ny,C_ny_rev|ref06-11o0|act13-16|rev_cf|b0.25|a10|m1.0|tp0.75|x17,203,-30.54,53.2,0.65,31.03,-14.0 / -2.4 / -14.7,False,50,-16.24,0.4
GBPUSD,C_ny,C_ny_rev|ref06-11o0|act13-16|rev_cf|b0.25|a10|m1.0|tp0.75|x19,203,-24.15,56.65,0.72,24.64,-12.1 / -2.3 / -10.4,False,50,-16.39,0.42
GBPUSD,C_ny,C_ny_rev|ref06-11o0|act13-16|rev_cf|b0.25|a10|m1.0|tp1.0|x17,203,-21.58,49.75,0.77,22.04,-13.2 / +1.4 / -10.6,False,50,-17.27,0.41
GBPUSD,C_ny,C_ny_rev|ref06-11o0|act13-16|rev_cf|b0.25|a10|m1.0|tp1.0|x19,203,-15.99,51.23,0.83,17.86,-11.0 / +1.1 / -6.9,False,50,-18.93,0.4
GBPUSD,C_ny,C_ny_rev|ref06-11o0|act13-16|rev_cf|b0.25|a10|m1.5|tp0.5|x17,203,-22.37,57.14,0.65,23.53,-6.8 / -3.4 / -12.5,False,50,-6.15,0.59
GBPUSD,C_ny,C_ny_rev|ref06-11o0|act13-16|rev_cf|b0.25|a10|m1.5|tp0.5|x19,203,-16.76,61.58,0.73,18.33,-4.0 / -3.9 / -9.2,False,50,-7.17,0.59
GBPUSD,C_ny,C_ny_rev|ref06-11o0|act13-16|rev_cf|b0.25|a10|m1.5|tp0.75|x17,203,-16.02,51.23,0.77,18.26,-4.7 / -2.1 / -9.8,False,50,-11.12,0.44
GBPUSD,C_ny,C_ny_rev|ref06-11o0|act13-16|rev_cf|b0.25|a10|m1.5|tp0.75|x19,203,-9.92,54.19,0.86,14.19,-0.5 / -3.5 / -6.6,False,50,-12.75,0.42
GBPUSD,C_ny,C_ny_rev|ref06-11o0|act13-16|rev_cf|b0.25|a10|m1.5|tp1.0|x17,203,-19.35,47.29,0.74,20.62,-7.4 / -3.0 / -9.8,False,50,-12.98,0.4
GBPUSD,C_ny,C_ny_rev|ref06-11o0|act13-16|rev_cf|b0.25|a10|m1.5|tp1.0|x19,203,-12.44,47.78,0.84,15.95,-1.2 / -5.8 / -6.3,False,50,-15.67,0.36
GBPUSD,C_ny,C_ny_rev|ref06-11o0|act13-16|rev_cf|b0.5|a10|m1.0|tp0.5|x17,127,-16.92,63.78,0.6,19.02,-5.1 / +0.9 / -13.1,False,35,-13.78,0.27
GBPUSD,C_ny,C_ny_rev|ref06-11o0|act13-16|rev_cf|b0.5|a10|m1.0|tp0.5|x19,127,-16.16,66.93,0.63,18.26,-4.4 / -0.4 / -11.6,False,35,-15.06,0.26
GBPUSD,C_ny,C_ny_rev|ref06-11o0|act13-16|rev_cf|b0.5|a10|m1.0|tp0.75|x17,127,-13.38,55.91,0.73,13.89,-3.7 / +1.1 / -11.3,False,35,-10.72,0.44
GBPUSD,C_ny,C_ny_rev|ref06-11o0|act13-16|rev_cf|b0.5|a10|m1.0|tp0.75|x19,127,-9.77,58.27,0.81,10.97,-2.7 / +0.8 / -8.5,False,35,-13.52,0.37
GBPUSD,C_ny,C_ny_rev|ref06-11o0|act13-16|rev_cf|b0.5|a10|m1.0|tp1.0|x17,127,-7.82,51.18,0.85,9.98,-2.8 / +1.5 / -7.4,False,35,-10.49,0.48
GBPUSD,C_ny,C_ny_rev|ref06-11o0|act13-16|rev_cf|b0.5|a10|m1.0|tp1.0|x19,127,-5.41,52.76,0.9,8.14,-1.9 / +0.6 / -4.8,False,35,-13.45,0.41
GBPUSD,C_ny,C_ny_rev|ref06-11o0|act13-16|rev_cf|b0.5|a10|m1.5|tp0.5|x17,127,-6.54,60.63,0.8,10.41,+1.3 / +0.7 / -8.9,False,35,-2.5,0.74
GBPUSD,C_ny,C_ny_rev|ref06-11o0|act13-16|rev_cf|b0.5|a10|m1.5|tp0.5|x19,127,-5.3,62.99,0.85,8.23,+0.7 / -0.2 / -6.2,False,35,-4.34,0.62
GBPUSD,C_ny,C_ny_rev|ref06-11o0|act13-16|rev_cf|b0.5|a10|m1.5|tp0.75|x17,127,-0.68,54.33,0.98,9.47,+2.8 / +1.9 / -6.0,False,35,-6.46,0.52
GBPUSD,C_ny,C_ny_rev|ref06-11o0|act13-16|rev_cf|b0.5|a10|m1.5|tp0.75|x19,127,0.54,56.69,1.01,5.96,+2.6 / +0.3 / -3.0,False,35,-7.94,0.46
GBPUSD,C_ny,C_ny_rev|ref06-11o0|act13-16|rev_cf|b0.5|a10|m1.5|tp1.0|x17,127,-3.1,49.61,0.92,9.66,-0.4 / +3.6 / -7.2,False,35,-6.82,0.52
GBPUSD,C_ny,C_ny_rev|ref06-11o0|act13-16|rev_cf|b0.5|a10|m1.5|tp1.0|x19,127,-2.58,48.82,0.94,6.9,-0.5 / +1.7 / -4.6,False,35,-9.36,0.41
GBPUSD,C_ny,C_ny_rev|ref06-11o0|act13-17|rev|b0.25|a10|m1.0|tp0.5|x17,477,-33.97,73.38,0.77,38.94,-29.9 / -2.4 / -2.0,False,144,-14.78,0.69
GBPUSD,C_ny,C_ny_rev|ref06-11o0|act13-17|rev|b0.25|a10|m1.0|tp0.5|x19,477,-33.82,73.58,0.77,39.18,-30.1 / -2.4 / -1.6,False,144,-15.67,0.68
GBPUSD,C_ny,C_ny_rev|ref06-11o0|act13-17|rev|b0.25|a10|m1.0|tp0.75|x17,477,-9.72,65.62,0.95,22.34,-16.4 / +8.9 / -2.7,False,144,-10.37,0.83
GBPUSD,C_ny,C_ny_rev|ref06-11o0|act13-17|rev|b0.25|a10|m1.0|tp0.75|x19,477,-8.62,66.25,0.95,21.78,-15.9 / +8.9 / -2.2,False,144,-12.26,0.81
GBPUSD,C_ny,C_ny_rev|ref06-11o0|act13-17|rev|b0.25|a10|m1.0|tp1.0|x17,477,-34.79,54.51,0.86,45.39,-29.6 / +2.1 / -8.1,False,144,-27.47,0.66
GBPUSD,C_ny,C_ny_rev|ref06-11o0|act13-17|rev|b0.25|a10|m1.0|tp1.0|x19,477,-33.85,55.14,0.86,45.42,-29.3 / +4.0 / -9.4,False,144,-30.39,0.64
GBPUSD,C_ny,C_ny_rev|ref06-11o0|act13-17|rev|b0.25|a10|m1.5|tp0.5|x17,477,19.69,75.05,1.17,8.19,-1.9 / +11.8 / +9.4,False,144,-5.17,0.88
GBPUSD,C_ny,C_ny_rev|ref06-11o0|act13-17|rev|b0.25|a10|m1.5|tp0.5|x19,477,20.13,76.1,1.17,8.86,-2.6 / +12.2 / +10.2,False,144,-6.11,0.86
GBPUSD,C_ny,C_ny_rev|ref06-11o0|act13-17|rev|b0.25|a10|m1.5|tp0.75|x17,477,-11.17,59.12,0.94,20.75,-15.0 / +4.1 / -0.9,False,144,-19.13,0.7
GBPUSD,C_ny,C_ny_rev|ref06-11o0|act13-17|rev|b0.25|a10|m1.5|tp0.75|x19,477,-14.81,60.17,0.92,21.87,-16.1 / +4.3 / -3.6,False,144,-19.95,0.69
GBPUSD,C_ny,C_ny_rev|ref06-11o0|act13-17|rev|b0.25|a10|m1.5|tp1.0|x17,477,-39.16,48.64,0.82,43.91,-20.8 / -9.0 / -10.3,False,144,-25.26,0.64
GBPUSD,C_ny,C_ny_rev|ref06-11o0|act13-17|rev|b0.25|a10|m1.5|tp1.0|x19,477,-35.71,50.73,0.84,44.02,-17.7 / -8.6 / -10.3,False,144,-26.46,0.64
GBPUSD,C_ny,C_ny_rev|ref06-11o0|act13-17|rev|b0.5|a10|m1.0|tp0.5|x17,431,-25.04,73.55,0.8,37.18,-30.0 / +1.0 / +3.6,False,133,-4.13,0.89
GBPUSD,C_ny,C_ny_rev|ref06-11o0|act13-17|rev|b0.5|a10|m1.0|tp0.5|x19,431,-25.0,74.25,0.81,36.57,-30.0 / +1.7 / +3.0,False,133,-4.13,0.89
GBPUSD,C_ny,C_ny_rev|ref06-11o0|act13-17|rev|b0.5|a10|m1.0|tp0.75|x17,431,-1.92,65.2,0.99,28.07,-19.2 / +5.2 / +11.5,False,133,1.76,1.04
GBPUSD,C_ny,C_ny_rev|ref06-11o0|act13-17|rev|b0.5|a10|m1.0|tp0.75|x19,431,0.57,66.82,1.0,27.48,-19.4 / +6.9 / +12.5,False,133,1.69,1.03
GBPUSD,C_ny,C_ny_rev|ref06-11o0|act13-17|rev|b0.5|a10|m1.0|tp1.0|x17,431,-1.75,56.84,0.99,28.37,-20.4 / +9.4 / +8.4,False,133,-4.43,0.93
GBPUSD,C_ny,C_ny_rev|ref06-11o0|act13-17|rev|b0.5|a10|m1.0|tp1.0|x19,431,-1.48,58.24,0.99,29.71,-22.1 / +12.3 / +7.5,False,133,-5.02,0.92
GBPUSD,C_ny,C_ny_rev|ref06-11o0|act13-17|rev|b0.5|a10|m1.5|tp0.5|x17,431,22.92,74.48,1.23,12.26,-0.7 / +6.2 / +17.0,False,133,0.78,1.02
GBPUSD,C_ny,C_ny_rev|ref06-11o0|act13-17|rev|b0.5|a10|m1.5|tp0.5|x19,431,24.31,76.1,1.24,12.18,-0.7 / +7.1 / +17.5,False,133,0.3,1.01
GBPUSD,C_ny,C_ny_rev|ref06-11o0|act13-17|rev|b0.5|a10|m1.5|tp0.75|x17,431,-2.29,58.93,0.99,15.63,-11.5 / +3.4 / +5.2,False,133,-2.64,0.95
GBPUSD,C_ny,C_ny_rev|ref06-11o0|act13-17|rev|b0.5|a10|m1.5|tp0.75|x19,431,-4.67,60.56,0.97,16.67,-12.7 / +3.6 / +3.8,False,133,-3.87,0.92
GBPUSD,C_ny,C_ny_rev|ref06-11o0|act13-17|rev|b0.5|a10|m1.5|tp1.0|x17,431,-43.7,47.56,0.78,48.12,-17.9 / -15.5 / -11.2,False,133,-10.38,0.83
GBPUSD,C_ny,C_ny_rev|ref06-11o0|act13-17|rev|b0.5|a10|m1.5|tp1.0|x19,431,-44.8,48.96,0.78,49.49,-18.2 / -16.0 / -11.5,False,133,-12.14,0.81
GBPUSD,C_ny,C_ny_rev|ref06-11o0|act13-17|rev_cf|b0.25|a10|m1.0|tp0.5|x17,222,-41.42,61.71,0.52,42.38,-16.6 / -6.7 / -18.4,False,58,-21.36,0.29
GBPUSD,C_ny,C_ny_rev|ref06-11o0|act13-17|rev_cf|b0.25|a10|m1.0|tp0.5|x19,222,-41.09,62.16,0.52,42.05,-16.8 / -10.6 / -14.0,False,58,-21.74,0.28
GBPUSD,C_ny,C_ny_rev|ref06-11o0|act13-17|rev_cf|b0.25|a10|m1.0|tp0.75|x17,222,-34.73,53.15,0.65,35.22,-14.2 / -5.7 / -15.4,False,58,-20.2,0.38
GBPUSD,C_ny,C_ny_rev|ref06-11o0|act13-17|rev_cf|b0.25|a10|m1.0|tp0.75|x19,222,-29.43,54.5,0.69,29.92,-11.5 / -7.8 / -10.7,False,58,-18.23,0.41
GBPUSD,C_ny,C_ny_rev|ref06-11o0|act13-17|rev_cf|b0.25|a10|m1.0|tp1.0|x17,222,-25.27,49.55,0.76,25.73,-12.3 / -3.4 / -10.4,False,58,-20.48,0.41
GBPUSD,C_ny,C_ny_rev|ref06-11o0|act13-17|rev_cf|b0.25|a10|m1.0|tp1.0|x19,222,-20.54,49.55,0.8,22.28,-9.4 / -4.7 / -7.3,False,58,-20.52,0.4
GBPUSD,C_ny,C_ny_rev|ref06-11o0|act13-17|rev_cf|b0.25|a10|m1.5|tp0.5|x17,222,-23.66,58.11,0.66,24.82,-6.1 / -5.4 / -12.5,False,58,-8.95,0.54
GBPUSD,C_ny,C_ny_rev|ref06-11o0|act13-17|rev_cf|b0.25|a10|m1.5|tp0.5|x19,222,-20.24,59.01,0.7,21.81,-3.6 / -7.9 / -9.1,False,58,-8.73,0.55
GBPUSD,C_ny,C_ny_rev|ref06-11o0|act13-17|rev_cf|b0.25|a10|m1.5|tp0.75|x17,222,-15.67,52.25,0.79,17.91,-3.2 / -4.5 / -8.6,False,58,-13.73,0.43
GBPUSD,C_ny,C_ny_rev|ref06-11o0|act13-17|rev_cf|b0.25|a10|m1.5|tp0.75|x19,222,-12.66,52.25,0.83,16.77,+0.9 / -7.7 / -6.4,False,58,-14.17,0.42
GBPUSD,C_ny,C_ny_rev|ref06-11o0|act13-17|rev_cf|b0.25|a10|m1.5|tp1.0|x17,222,-16.25,48.65,0.8,17.53,-7.1 / -4.0 / -6.1,False,58,-14.84,0.43
GBPUSD,C_ny,C_ny_rev|ref06-11o0|act13-17|rev_cf|b0.25|a10|m1.5|tp1.0|x19,222,-15.96,46.4,0.81,19.39,-2.4 / -9.5 / -4.9,False,58,-17.08,0.36
GBPUSD,C_ny,C_ny_rev|ref06-11o0|act13-17|rev_cf|b0.5|a10|m1.0|tp0.5|x17,139,-15.57,65.47,0.65,18.05,-4.3 / -0.0 / -11.6,False,38,-12.71,0.33
GBPUSD,C_ny,C_ny_rev|ref06-11o0|act13-17|rev_cf|b0.5|a10|m1.0|tp0.5|x19,139,-14.98,66.91,0.67,17.46,-4.5 / -1.6 / -9.2,False,38,-15.36,0.26
GBPUSD,C_ny,C_ny_rev|ref06-11o0|act13-17|rev_cf|b0.5|a10|m1.0|tp0.75|x17,139,-13.03,56.83,0.76,13.54,-2.2 / -0.8 / -10.6,False,38,-10.65,0.47
GBPUSD,C_ny,C_ny_rev|ref06-11o0|act13-17|rev_cf|b0.5|a10|m1.0|tp0.75|x19,139,-10.55,56.83,0.8,12.11,-2.0 / -1.4 / -7.7,False,38,-13.82,0.37
GBPUSD,C_ny,C_ny_rev|ref06-11o0|act13-17|rev_cf|b0.5|a10|m1.0|tp1.0|x17,139,-5.47,52.52,0.91,8.97,-0.5 / +0.0 / -5.8,False,38,-9.92,0.53
GBPUSD,C_ny,C_ny_rev|ref06-11o0|act13-17|rev_cf|b0.5|a10|m1.0|tp1.0|x19,139,-5.7,51.8,0.9,8.84,-0.5 / -1.7 / -4.4,False,38,-13.74,0.41
GBPUSD,C_ny,C_ny_rev|ref06-11o0|act13-17|rev_cf|b0.5|a10|m1.5|tp0.5|x17,139,-6.14,61.87,0.83,10.51,+2.3 / -1.3 / -7.5,False,38,-2.79,0.74
GBPUSD,C_ny,C_ny_rev|ref06-11o0|act13-17|rev_cf|b0.5|a10|m1.5|tp0.5|x19,139,-5.82,61.15,0.84,9.24,+1.2 / -1.7 / -5.6,False,38,-4.54,0.61
GBPUSD,C_ny,C_ny_rev|ref06-11o0|act13-17|rev_cf|b0.5|a10|m1.5|tp0.75|x17,139,1.97,56.12,1.05,7.94,+4.6 / +0.4 / -3.7,False,38,-7.06,0.52
GBPUSD,C_ny,C_ny_rev|ref06-11o0|act13-17|rev_cf|b0.5|a10|m1.5|tp0.75|x19,139,0.5,55.4,1.01,6.97,+3.8 / -1.3 / -2.7,False,38,-8.14,0.46
GBPUSD,C_ny,C_ny_rev|ref06-11o0|act13-17|rev_cf|b0.5|a10|m1.5|tp1.0|x17,139,1.81,51.8,1.04,6.81,+0.7 / +2.9 / -2.6,False,38,-7.16,0.53
GBPUSD,C_ny,C_ny_rev|ref06-11o0|act13-17|rev_cf|b0.5|a10|m1.5|tp1.0|x19,139,-3.01,48.2,0.94,7.92,-0.9 / -0.4 / -2.5,False,38,-9.55,0.41
GBPUSD,D,D_asia_breakout|ref22-03o0|act03-08|con|b0.25|a10|m1.0|tp1.0|x08,489,-256.93,39.67,0.34,258.25,-89.6 / -76.9 / -89.0,False,144,-84.25,0.29
GBPUSD,D,D_asia_breakout|ref22-03o0|act03-08|con|b0.25|a10|m1.0|tp1.0|x10,489,-259.26,39.47,0.34,260.59,-89.3 / -77.9 / -90.6,False,144,-84.66,0.3
GBPUSD,D,D_asia_breakout|ref22-03o0|act03-08|con|b0.25|a10|m1.0|tp1.5|x08,489,-253.62,32.11,0.41,255.95,-85.5 / -62.2 / -104.4,False,144,-88.14,0.33
GBPUSD,D,D_asia_breakout|ref22-03o0|act03-08|con|b0.25|a10|m1.0|tp1.5|x10,489,-264.65,31.08,0.4,266.98,-92.8 / -63.1 / -107.2,False,144,-88.19,0.34
GBPUSD,D,D_asia_breakout|ref22-03o0|act03-08|con|b0.25|a10|m1.0|tp2.0|x08,489,-254.67,27.81,0.43,257.63,-91.2 / -61.2 / -100.8,False,144,-84.52,0.37
GBPUSD,D,D_asia_breakout|ref22-03o0|act03-08|con|b0.25|a10|m1.0|tp2.0|x10,489,-260.85,26.79,0.44,264.18,-97.4 / -64.0 / -98.0,False,144,-85.8,0.37
GBPUSD,D,D_asia_breakout|ref22-03o0|act03-08|con|b0.25|a10|m1.5|tp1.0|x08,489,-104.01,47.65,0.62,109.66,-39.4 / -15.4 / -49.9,False,144,-33.9,0.57
GBPUSD,D,D_asia_breakout|ref22-03o0|act03-08|con|b0.25|a10|m1.5|tp1.0|x10,489,-110.64,48.47,0.62,117.78,-36.7 / -17.3 / -57.3,False,144,-36.18,0.58
GBPUSD,D,D_asia_breakout|ref22-03o0|act03-08|con|b0.25|a10|m1.5|tp1.5|x08,489,-88.53,42.33,0.7,97.31,-38.4 / -3.7 / -47.6,False,144,-23.79,0.71
GBPUSD,D,D_asia_breakout|ref22-03o0|act03-08|con|b0.25|a10|m1.5|tp1.5|x10,489,-94.77,41.51,0.71,103.73,-35.4 / -9.9 / -50.6,False,144,-24.67,0.72
GBPUSD,D,D_asia_breakout|ref22-03o0|act03-08|con|b0.25|a10|m1.5|tp2.0|x08,489,-70.33,41.1,0.76,79.74,-42.5 / +10.0 / -39.6,False,144,-24.93,0.7
GBPUSD,D,D_asia_breakout|ref22-03o0|act03-08|con|b0.25|a10|m1.5|tp2.0|x10,489,-86.49,38.04,0.75,94.91,-39.5 / -2.6 / -46.1,False,144,-27.92,0.7
GBPUSD,D,D_asia_breakout|ref22-03o0|act03-08|con|b0.25|a10|m2.0|tp1.0|x08,489,-59.64,48.88,0.73,64.84,-25.3 / -10.3 / -24.8,False,144,-14.43,0.76
GBPUSD,D,D_asia_breakout|ref22-03o0|act03-08|con|b0.25|a10|m2.0|tp1.0|x10,489,-70.56,49.9,0.72,76.21,-24.4 / -13.9 / -33.0,False,144,-15.49,0.77
GBPUSD,D,D_asia_breakout|ref22-03o0|act03-08|con|b0.25|a10|m2.0|tp1.5|x08,489,-44.74,46.22,0.81,51.16,-29.7 / +3.3 / -19.6,False,144,-15.59,0.75
GBPUSD,D,D_asia_breakout|ref22-03o0|act03-08|con|b0.25|a10|m2.0|tp1.5|x10,489,-59.81,43.76,0.78,66.74,-27.6 / -7.0 / -26.5,False,144,-17.22,0.77
GBPUSD,D,D_asia_breakout|ref22-03o0|act03-08|con|b0.25|a10|m2.0|tp2.0|x08,489,-44.36,45.4,0.81,51.44,-29.9 / +4.1 / -20.3,False,144,-11.82,0.81
GBPUSD,D,D_asia_breakout|ref22-03o0|act03-08|con|b0.25|a10|m2.0|tp2.0|x10,489,-48.69,42.33,0.83,57.23,-23.3 / +0.5 / -27.6,False,144,-11.68,0.84
GBPUSD,D,D_asia_breakout|ref22-03o0|act03-08|con|b0.5|a10|m1.0|tp1.0|x08,453,-289.69,33.77,0.26,290.99,-100.6 / -71.8 / -115.8,False,125,-82.67,0.25
GBPUSD,D,D_asia_breakout|ref22-03o0|act03-08|con|b0.5|a10|m1.0|tp1.0|x10,453,-288.53,34.22,0.27,289.83,-101.2 / -71.8 / -114.0,False,125,-83.38,0.25
GBPUSD,D,D_asia_breakout|ref22-03o0|act03-08|con|b0.5|a10|m1.0|tp1.5|x08,453,-287.57,27.37,0.33,289.87,-97.1 / -71.0 / -118.0,False,125,-84.9,0.29
GBPUSD,D,D_asia_breakout|ref22-03o0|act03-08|con|b0.5|a10|m1.0|tp1.5|x10,453,-291.47,27.15,0.33,294.5,-100.5 / -72.3 / -117.3,False,125,-85.22,0.3
GBPUSD,D,D_asia_breakout|ref22-03o0|act03-08|con|b0.5|a10|m1.0|tp2.0|x08,453,-289.39,23.84,0.34,292.22,-110.3 / -64.0 / -113.5,False,125,-87.02,0.29
GBPUSD,D,D_asia_breakout|ref22-03o0|act03-08|con|b0.5|a10|m1.0|tp2.0|x10,453,-289.92,22.96,0.36,293.49,-109.3 / -68.9 / -110.3,False,125,-88.18,0.31
GBPUSD,D,D_asia_breakout|ref22-03o0|act03-08|con|b0.5|a10|m1.5|tp1.0|x08,453,-127.0,44.81,0.54,128.56,-35.8 / -28.9 / -61.0,False,125,-35.66,0.52
GBPUSD,D,D_asia_breakout|ref22-03o0|act03-08|con|b0.5|a10|m1.5|tp1.0|x10,453,-135.44,45.25,0.54,137.59,-38.2 / -34.3 / -61.7,False,125,-35.53,0.54
GBPUSD,D,D_asia_breakout|ref22-03o0|act03-08|con|b0.5|a10|m1.5|tp1.5|x08,453,-109.47,39.96,0.62,112.31,-44.8 / -10.8 / -52.6,False,125,-40.56,0.5
GBPUSD,D,D_asia_breakout|ref22-03o0|act03-08|con|b0.5|a10|m1.5|tp1.5|x10,453,-122.64,38.41,0.62,125.17,-44.4 / -22.8 / -54.1,False,125,-42.53,0.51
GBPUSD,D,D_asia_breakout|ref22-03o0|act03-08|con|b0.5|a10|m1.5|tp2.0|x08,453,-95.98,38.63,0.67,98.64,-46.8 / +2.4 / -50.3,False,125,-36.7,0.55
GBPUSD,D,D_asia_breakout|ref22-03o0|act03-08|con|b0.5|a10|m1.5|tp2.0|x10,453,-108.65,35.98,0.67,112.18,-46.6 / -10.1 / -50.6,False,125,-35.4,0.6
GBPUSD,D,D_asia_breakout|ref22-03o0|act03-08|con|b0.5|a10|m2.0|tp1.0|x08,453,-60.39,47.46,0.71,64.33,-23.0 / -5.0 / -33.1,False,125,-17.53,0.67
GBPUSD,D,D_asia_breakout|ref22-03o0|act03-08|con|b0.5|a10|m2.0|tp1.0|x10,453,-73.19,47.46,0.69,77.62,-24.9 / -11.4 / -37.6,False,125,-18.64,0.69
GBPUSD,D,D_asia_breakout|ref22-03o0|act03-08|con|b0.5|a10|m2.0|tp1.5|x08,453,-43.57,45.25,0.79,48.46,-27.6 / +9.7 / -27.0,False,125,-17.07,0.69
GBPUSD,D,D_asia_breakout|ref22-03o0|act03-08|con|b0.5|a10|m2.0|tp1.5|x10,453,-60.04,42.83,0.76,65.96,-27.6 / +0.6 / -34.2,False,125,-18.34,0.72
GBPUSD,D,D_asia_breakout|ref22-03o0|act03-08|con|b0.5|a10|m2.0|tp2.0|x08,453,-38.35,44.81,0.82,44.44,-22.0 / +7.5 / -25.6,False,125,-12.05,0.78
GBPUSD,D,D_asia_breakout|ref22-03o0|act03-08|con|b0.5|a10|m2.0|tp2.0|x10,453,-47.83,41.72,0.81,55.35,-19.3 / +5.8 / -36.1,False,125,-13.54,0.79
GBPUSD,D,D_asia_breakout|ref22-03o0|act04-09|con|b0.25|a10|m1.0|tp1.0|x08,517,-274.75,39.46,0.33,276.07,-105.6 / -77.8 / -89.8,False,150,-95.53,0.26
GBPUSD,D,D_asia_breakout|ref22-03o0|act04-09|con|b0.25|a10|m1.0|tp1.0|x10,517,-275.77,39.26,0.33,277.1,-104.0 / -78.8 / -91.5,False,150,-94.15,0.27
GBPUSD,D,D_asia_breakout|ref22-03o0|act04-09|con|b0.25|a10|m1.0|tp1.5|x08,517,-278.17,31.33,0.39,280.5,-97.5 / -73.0 / -106.1,False,150,-95.54,0.31
GBPUSD,D,D_asia_breakout|ref22-03o0|act04-09|con|b0.25|a10|m1.0|tp1.5|x10,517,-287.99,30.37,0.39,290.32,-104.2 / -75.9 / -106.4,False,150,-95.27,0.32
GBPUSD,D,D_asia_breakout|ref22-03o0|act04-09|con|b0.25|a10|m1.0|tp2.0|x08,517,-279.97,27.08,0.42,282.93,-100.7 / -75.5 / -102.3,False,150,-99.92,0.31
GBPUSD,D,D_asia_breakout|ref22-03o0|act04-09|con|b0.25|a10|m1.0|tp2.0|x10,517,-287.24,25.92,0.42,290.57,-109.7 / -77.0 / -99.1,False,150,-100.92,0.32
GBPUSD,D,D_asia_breakout|ref22-03o0|act04-09|con|b0.25|a10|m1.5|tp1.0|x08,517,-131.71,45.45,0.57,138.58,-51.1 / -31.2 / -50.0,False,150,-34.45,0.58
GBPUSD,D,D_asia_breakout|ref22-03o0|act04-09|con|b0.25|a10|m1.5|tp1.0|x10,517,-141.42,46.03,0.56,147.73,-47.4 / -34.5 / -60.1,False,150,-37.53,0.58
GBPUSD,D,D_asia_breakout|ref22-03o0|act04-09|con|b0.25|a10|m1.5|tp1.5|x08,517,-109.55,40.81,0.66,118.26,-49.5 / -15.8 / -45.4,False,150,-33.94,0.62
GBPUSD,D,D_asia_breakout|ref22-03o0|act04-09|con|b0.25|a10|m1.5|tp1.5|x10,517,-117.09,39.85,0.67,125.58,-47.2 / -22.3 / -48.7,False,150,-31.59,0.67
GBPUSD,D,D_asia_breakout|ref22-03o0|act04-09|con|b0.25|a10|m1.5|tp2.0|x08,517,-99.19,38.88,0.7,106.11,-56.3 / -2.1 / -42.6,False,150,-33.5,0.63
GBPUSD,D,D_asia_breakout|ref22-03o0|act04-09|con|b0.25|a10|m1.5|tp2.0|x10,517,-112.12,36.17,0.7,120.38,-52.9 / -10.8 / -50.1,False,150,-35.19,0.65
GBPUSD,D,D_asia_breakout|ref22-03o0|act04-09|con|b0.25|a10|m2.0|tp1.0|x08,517,-86.92,46.81,0.66,92.86,-38.1 / -22.2 / -27.4,False,150,-19.26,0.7
GBPUSD,D,D_asia_breakout|ref22-03o0|act04-09|con|b0.25|a10|m2.0|tp1.0|x10,517,-99.38,46.81,0.65,105.01,-37.6 / -27.4 / -35.1,False,150,-18.45,0.74
GBPUSD,D,D_asia_breakout|ref22-03o0|act04-09|con|b0.25|a10|m2.0|tp1.5|x08,517,-70.59,44.1,0.73,74.84,-45.9 / -4.2 / -21.8,False,150,-20.73,0.69
GBPUSD,D,D_asia_breakout|ref22-03o0|act04-09|con|b0.25|a10|m2.0|tp1.5|x10,517,-79.86,41.97,0.73,86.78,-41.5 / -10.1 / -29.6,False,150,-21.17,0.72
GBPUSD,D,D_asia_breakout|ref22-03o0|act04-09|con|b0.25|a10|m2.0|tp2.0|x08,517,-64.65,43.13,0.76,70.11,-41.6 / -2.7 / -22.1,False,150,-16.34,0.76
GBPUSD,D,D_asia_breakout|ref22-03o0|act04-09|con|b0.25|a10|m2.0|tp2.0|x10,517,-71.85,40.62,0.76,80.49,-37.4 / -6.0 / -30.2,False,150,-14.72,0.81
GBPUSD,D,D_asia_breakout|ref22-03o0|act04-09|con|b0.5|a10|m1.0|tp1.0|x08,493,-307.47,34.48,0.27,308.78,-111.9 / -84.8 / -109.2,False,140,-92.06,0.25
GBPUSD,D,D_asia_breakout|ref22-03o0|act04-09|con|b0.5|a10|m1.0|tp1.0|x10,493,-305.93,34.89,0.28,307.23,-112.5 / -84.8 / -107.1,False,140,-88.98,0.26
GBPUSD,D,D_asia_breakout|ref22-03o0|act04-09|con|b0.5|a10|m1.0|tp1.5|x08,493,-299.28,28.4,0.35,301.58,-107.0 / -80.4 / -110.4,False,140,-89.99,0.31
GBPUSD,D,D_asia_breakout|ref22-03o0|act04-09|con|b0.5|a10|m1.0|tp1.5|x10,493,-304.0,28.19,0.35,307.04,-111.2 / -81.8 / -109.5,False,140,-90.35,0.31
GBPUSD,D,D_asia_breakout|ref22-03o0|act04-09|con|b0.5|a10|m1.0|tp2.0|x08,493,-303.3,24.54,0.36,306.13,-118.7 / -75.5 / -107.6,False,140,-91.87,0.33
GBPUSD,D,D_asia_breakout|ref22-03o0|act04-09|con|b0.5|a10|m1.0|tp2.0|x10,493,-304.96,23.73,0.38,308.54,-119.8 / -78.8 / -104.9,False,140,-95.17,0.31
GBPUSD,D,D_asia_breakout|ref22-03o0|act04-09|con|b0.5|a10|m1.5|tp1.0|x08,493,-151.54,43.41,0.51,153.88,-46.2 / -38.7 / -65.3,False,140,-45.3,0.48
GBPUSD,D,D_asia_breakout|ref22-03o0|act04-09|con|b0.5|a10|m1.5|tp1.0|x10,493,-158.24,44.02,0.51,159.98,-48.9 / -43.7 / -64.3,False,140,-46.67,0.48
GBPUSD,D,D_asia_breakout|ref22-03o0|act04-09|con|b0.5|a10|m1.5|tp1.5|x08,493,-138.0,38.13,0.58,140.06,-53.4 / -21.7 / -61.5,False,140,-48.1,0.49
GBPUSD,D,D_asia_breakout|ref22-03o0|act04-09|con|b0.5|a10|m1.5|tp1.5|x10,493,-148.17,37.12,0.58,150.7,-55.2 / -30.8 / -60.8,False,140,-52.07,0.47
GBPUSD,D,D_asia_breakout|ref22-03o0|act04-09|con|b0.5|a10|m1.5|tp2.0|x08,493,-132.7,36.11,0.61,134.11,-57.2 / -13.4 / -60.8,False,140,-48.2,0.49
GBPUSD,D,D_asia_breakout|ref22-03o0|act04-09|con|b0.5|a10|m1.5|tp2.0|x10,493,-138.64,34.69,0.62,142.17,-55.8 / -23.5 / -58.0,False,140,-46.45,0.53
GBPUSD,D,D_asia_breakout|ref22-03o0|act04-09|con|b0.5|a10|m2.0|tp1.0|x08,493,-69.04,47.67,0.7,74.33,-28.7 / -5.9 / -35.1,False,140,-21.38,0.66
GBPUSD,D,D_asia_breakout|ref22-03o0|act04-09|con|b0.5|a10|m2.0|tp1.0|x10,493,-81.31,46.86,0.68,86.57,-28.4 / -14.4 / -39.3,False,140,-25.44,0.63
GBPUSD,D,D_asia_breakout|ref22-03o0|act04-09|con|b0.5|a10|m2.0|tp1.5|x08,493,-56.73,44.42,0.77,61.36,-33.4 / +7.9 / -32.5,False,140,-20.19,0.69
GBPUSD,D,D_asia_breakout|ref22-03o0|act04-09|con|b0.5|a10|m2.0|tp1.5|x10,493,-72.6,42.19,0.73,78.82,-30.9 / -4.6 / -38.4,False,140,-24.14,0.67
GBPUSD,D,D_asia_breakout|ref22-03o0|act04-09|con|b0.5|a10|m2.0|tp2.0|x08,493,-48.62,43.61,0.8,55.24,-30.9 / +9.2 / -28.8,False,140,-13.16,0.8
GBPUSD,D,D_asia_breakout|ref22-03o0|act04-09|con|b0.5|a10|m2.0|tp2.0|x10,493,-63.11,40.97,0.77,70.94,-25.5 / +0.5 / -39.8,False,140,-19.37,0.74
GBPUSD,D,D_asia_breakout|ref00-04o0|act03-08|con|b0.25|a10|m1.0|tp1.0|x08,538,-209.84,45.72,0.44,211.92,-70.0 / -79.1 / -61.3,False,162,-44.98,0.56
GBPUSD,D,D_asia_breakout|ref00-04o0|act03-08|con|b0.25|a10|m1.0|tp1.0|x10,538,-207.31,46.1,0.45,210.11,-68.2 / -79.0 / -60.7,False,162,-44.94,0.57
GBPUSD,D,D_asia_breakout|ref00-04o0|act03-08|con|b0.25|a10|m1.0|tp1.5|x08,538,-184.36,38.48,0.56,187.95,-62.6 / -64.3 / -58.5,False,162,-40.41,0.66
GBPUSD,D,D_asia_breakout|ref00-04o0|act03-08|con|b0.25|a10|m1.0|tp1.5|x10,538,-190.48,37.92,0.56,193.56,-63.6 / -68.9 / -59.0,False,162,-45.13,0.64
GBPUSD,D,D_asia_breakout|ref00-04o0|act03-08|con|b0.25|a10|m1.0|tp2.0|x08,538,-187.6,32.53,0.59,193.16,-59.1 / -59.4 / -70.6,False,162,-46.79,0.64
GBPUSD,D,D_asia_breakout|ref00-04o0|act03-08|con|b0.25|a10|m1.0|tp2.0|x10,538,-197.9,31.41,0.58,204.06,-59.3 / -67.1 / -73.1,False,162,-44.77,0.67
GBPUSD,D,D_asia_breakout|ref00-04o0|act03-08|con|b0.25|a10|m1.5|tp1.0|x08,538,-110.86,47.58,0.64,114.16,-35.9 / -46.6 / -29.1,False,162,-23.66,0.72
GBPUSD,D,D_asia_breakout|ref00-04o0|act03-08|con|b0.25|a10|m1.5|tp1.0|x10,538,-114.39,48.7,0.64,118.91,-35.4 / -53.4 / -26.3,False,162,-26.82,0.71
GBPUSD,D,D_asia_breakout|ref00-04o0|act03-08|con|b0.25|a10|m1.5|tp1.5|x08,538,-104.87,39.59,0.69,110.85,-36.1 / -37.6 / -32.3,False,162,-31.98,0.67
GBPUSD,D,D_asia_breakout|ref00-04o0|act03-08|con|b0.25|a10|m1.5|tp1.5|x10,538,-116.36,39.59,0.68,124.11,-34.2 / -51.4 / -31.9,False,162,-30.47,0.72
GBPUSD,D,D_asia_breakout|ref00-04o0|act03-08|con|b0.25|a10|m1.5|tp2.0|x08,538,-96.28,36.43,0.73,104.83,-29.7 / -39.7 / -28.5,False,162,-28.43,0.72
GBPUSD,D,D_asia_breakout|ref00-04o0|act03-08|con|b0.25|a10|m1.5|tp2.0|x10,538,-100.41,35.5,0.74,113.22,-22.4 / -56.3 / -23.5,False,162,-27.28,0.75
GBPUSD,D,D_asia_breakout|ref00-04o0|act03-08|con|b0.25|a10|m2.0|tp1.0|x08,538,-80.08,46.28,0.69,84.41,-28.2 / -33.8 / -18.8,False,162,-18.72,0.74
GBPUSD,D,D_asia_breakout|ref00-04o0|act03-08|con|b0.25|a10|m2.0|tp1.0|x10,538,-83.71,47.96,0.7,88.93,-24.0 / -43.4 / -17.1,False,162,-22.66,0.73
GBPUSD,D,D_asia_breakout|ref00-04o0|act03-08|con|b0.25|a10|m2.0|tp1.5|x08,538,-68.91,40.89,0.75,75.84,-25.2 / -31.3 / -13.6,False,162,-17.13,0.77
GBPUSD,D,D_asia_breakout|ref00-04o0|act03-08|con|b0.25|a10|m2.0|tp1.5|x10,538,-72.77,41.26,0.77,82.98,-18.9 / -45.3 / -9.9,False,162,-21.84,0.75
GBPUSD,D,D_asia_breakout|ref00-04o0|act03-08|con|b0.25|a10|m2.0|tp2.0|x08,538,-69.34,39.96,0.75,75.49,-33.7 / -21.8 / -15.7,False,162,-18.9,0.75
GBPUSD,D,D_asia_breakout|ref00-04o0|act03-08|con|b0.25|a10|m2.0|tp2.0|x10,538,-62.32,39.78,0.8,73.83,-21.2 / -32.6 / -10.3,False,162,-22.79,0.74
GBPUSD,D,D_asia_breakout|ref00-04o0|act03-08|con|b0.5|a10|m1.0|tp1.0|x08,530,-208.43,45.47,0.44,210.52,-69.7 / -79.9 / -59.3,False,157,-36.68,0.62
GBPUSD,D,D_asia_breakout|ref00-04o0|act03-08|con|b0.5|a10|m1.0|tp1.0|x10,530,-207.4,45.85,0.45,210.21,-67.9 / -81.2 / -58.8,False,157,-36.23,0.62
GBPUSD,D,D_asia_breakout|ref00-04o0|act03-08|con|b0.5|a10|m1.0|tp1.5|x08,530,-197.09,37.17,0.53,200.13,-70.0 / -66.1 / -62.1,False,157,-34.61,0.69
GBPUSD,D,D_asia_breakout|ref00-04o0|act03-08|con|b0.5|a10|m1.0|tp1.5|x10,530,-201.68,36.98,0.53,204.75,-68.8 / -71.3 / -62.7,False,157,-38.6,0.67
GBPUSD,D,D_asia_breakout|ref00-04o0|act03-08|con|b0.5|a10|m1.0|tp2.0|x08,530,-198.62,31.7,0.56,204.02,-65.8 / -62.2 / -72.1,False,157,-44.07,0.65
GBPUSD,D,D_asia_breakout|ref00-04o0|act03-08|con|b0.5|a10|m1.0|tp2.0|x10,530,-205.51,30.94,0.57,211.66,-63.0 / -70.4 / -73.7,False,157,-41.74,0.68
GBPUSD,D,D_asia_breakout|ref00-04o0|act03-08|con|b0.5|a10|m1.5|tp1.0|x08,530,-119.09,46.98,0.61,121.84,-37.6 / -49.5 / -32.6,False,157,-20.95,0.74
GBPUSD,D,D_asia_breakout|ref00-04o0|act03-08|con|b0.5|a10|m1.5|tp1.0|x10,530,-118.13,48.3,0.63,120.91,-35.8 / -52.0 / -31.0,False,157,-22.8,0.74
GBPUSD,D,D_asia_breakout|ref00-04o0|act03-08|con|b0.5|a10|m1.5|tp1.5|x08,530,-117.97,39.06,0.65,122.96,-36.8 / -39.3 / -43.1,False,157,-32.47,0.66
GBPUSD,D,D_asia_breakout|ref00-04o0|act03-08|con|b0.5|a10|m1.5|tp1.5|x10,530,-130.89,38.11,0.65,136.79,-35.5 / -49.9 / -46.7,False,157,-29.76,0.72
GBPUSD,D,D_asia_breakout|ref00-04o0|act03-08|con|b0.5|a10|m1.5|tp2.0|x08,530,-101.74,36.6,0.71,108.64,-27.9 / -43.1 / -32.4,False,157,-30.27,0.69
GBPUSD,D,D_asia_breakout|ref00-04o0|act03-08|con|b0.5|a10|m1.5|tp2.0|x10,530,-109.55,34.72,0.72,119.06,-22.2 / -57.5 / -31.6,False,157,-26.72,0.75
GBPUSD,D,D_asia_breakout|ref00-04o0|act03-08|con|b0.5|a10|m2.0|tp1.0|x08,530,-86.05,45.28,0.67,90.0,-33.3 / -33.5 / -20.0,False,157,-16.73,0.75
GBPUSD,D,D_asia_breakout|ref00-04o0|act03-08|con|b0.5|a10|m2.0|tp1.0|x10,530,-88.85,47.17,0.69,93.82,-27.6 / -41.2 / -20.8,False,157,-21.66,0.73
GBPUSD,D,D_asia_breakout|ref00-04o0|act03-08|con|b0.5|a10|m2.0|tp1.5|x08,530,-73.48,40.57,0.73,79.54,-27.3 / -31.4 / -16.0,False,157,-16.44,0.77
GBPUSD,D,D_asia_breakout|ref00-04o0|act03-08|con|b0.5|a10|m2.0|tp1.5|x10,530,-77.8,40.75,0.75,86.13,-21.3 / -45.0 / -12.8,False,157,-20.43,0.76
GBPUSD,D,D_asia_breakout|ref00-04o0|act03-08|con|b0.5|a10|m2.0|tp2.0|x08,530,-72.99,39.62,0.74,78.63,-36.0 / -20.7 / -18.1,False,157,-16.54,0.77
GBPUSD,D,D_asia_breakout|ref00-04o0|act03-08|con|b0.5|a10|m2.0|tp2.0|x10,530,-65.61,39.25,0.79,74.04,-23.3 / -30.0 / -14.0,False,157,-20.32,0.76
GBPUSD,D,D_asia_breakout|ref00-04o0|act04-09|con|b0.25|a10|m1.0|tp1.0|x08,536,-337.07,34.33,0.27,338.39,-119.4 / -100.9 / -115.3,False,148,-94.51,0.26
GBPUSD,D,D_asia_breakout|ref00-04o0|act04-09|con|b0.25|a10|m1.0|tp1.0|x10,536,-336.87,34.14,0.27,338.19,-117.7 / -101.0 / -116.6,False,148,-94.28,0.27
GBPUSD,D,D_asia_breakout|ref00-04o0|act04-09|con|b0.25|a10|m1.0|tp1.5|x08,536,-324.49,28.73,0.34,326.82,-111.1 / -92.7 / -119.2,False,148,-97.09,0.3
GBPUSD,D,D_asia_breakout|ref00-04o0|act04-09|con|b0.25|a10|m1.0|tp1.5|x10,536,-336.69,27.24,0.34,339.01,-118.2 / -94.7 / -122.3,False,148,-95.18,0.32
GBPUSD,D,D_asia_breakout|ref00-04o0|act04-09|con|b0.25|a10|m1.0|tp2.0|x08,536,-317.38,25.37,0.38,320.34,-116.8 / -91.2 / -107.8,False,148,-97.97,0.31
GBPUSD,D,D_asia_breakout|ref00-04o0|act04-09|con|b0.25|a10|m1.0|tp2.0|x10,536,-329.84,23.32,0.38,333.16,-124.1 / -93.8 / -110.4,False,148,-95.07,0.34
GBPUSD,D,D_asia_breakout|ref00-04o0|act04-09|con|b0.25|a10|m1.5|tp1.0|x08,536,-147.14,44.96,0.54,152.7,-54.0 / -41.4 / -52.4,False,148,-35.76,0.57
GBPUSD,D,D_asia_breakout|ref00-04o0|act04-09|con|b0.25|a10|m1.5|tp1.0|x10,536,-150.09,45.34,0.55,157.5,-48.4 / -44.2 / -58.1,False,148,-38.29,0.57
GBPUSD,D,D_asia_breakout|ref00-04o0|act04-09|con|b0.25|a10|m1.5|tp1.5|x08,536,-131.67,39.55,0.62,137.73,-55.6 / -25.7 / -51.5,False,148,-41.57,0.55
GBPUSD,D,D_asia_breakout|ref00-04o0|act04-09|con|b0.25|a10|m1.5|tp1.5|x10,536,-137.09,38.25,0.63,144.48,-50.1 / -34.5 / -53.8,False,148,-39.85,0.59
GBPUSD,D,D_asia_breakout|ref00-04o0|act04-09|con|b0.25|a10|m1.5|tp2.0|x08,536,-127.37,37.31,0.64,132.59,-59.4 / -17.8 / -51.8,False,148,-37.82,0.59
GBPUSD,D,D_asia_breakout|ref00-04o0|act04-09|con|b0.25|a10|m1.5|tp2.0|x10,536,-141.05,34.14,0.64,151.16,-58.0 / -30.3 / -54.4,False,148,-38.25,0.61
GBPUSD,D,D_asia_breakout|ref00-04o0|act04-09|con|b0.25|a10|m2.0|tp1.0|x08,536,-92.63,46.27,0.65,98.05,-36.4 / -24.1 / -32.9,False,148,-20.39,0.68
GBPUSD,D,D_asia_breakout|ref00-04o0|act04-09|con|b0.25|a10|m2.0|tp1.0|x10,536,-102.43,45.52,0.64,107.41,-31.0 / -34.2 / -37.9,False,148,-18.57,0.74
GBPUSD,D,D_asia_breakout|ref00-04o0|act04-09|con|b0.25|a10|m2.0|tp1.5|x08,536,-81.06,42.72,0.7,84.03,-39.4 / -9.9 / -32.9,False,148,-25.17,0.64
GBPUSD,D,D_asia_breakout|ref00-04o0|act04-09|con|b0.25|a10|m2.0|tp1.5|x10,536,-98.1,39.55,0.68,105.57,-36.3 / -24.3 / -38.8,False,148,-22.28,0.7
GBPUSD,D,D_asia_breakout|ref00-04o0|act04-09|con|b0.25|a10|m2.0|tp2.0|x08,536,-71.38,41.79,0.74,76.17,-36.6 / -5.8 / -30.8,False,148,-22.19,0.68
GBPUSD,D,D_asia_breakout|ref00-04o0|act04-09|con|b0.25|a10|m2.0|tp2.0|x10,536,-87.08,38.43,0.72,94.46,-33.1 / -17.5 / -38.2,False,148,-17.39,0.77
GBPUSD,D,D_asia_breakout|ref00-04o0|act04-09|con|b0.5|a10|m1.0|tp1.0|x08,506,-345.77,31.23,0.23,347.07,-108.4 / -108.0 / -127.9,False,140,-96.26,0.23
GBPUSD,D,D_asia_breakout|ref00-04o0|act04-09|con|b0.5|a10|m1.0|tp1.0|x10,506,-346.58,31.23,0.24,347.88,-108.9 / -109.0 / -127.3,False,140,-95.92,0.23
GBPUSD,D,D_asia_breakout|ref00-04o0|act04-09|con|b0.5|a10|m1.0|tp1.5|x08,506,-331.04,26.09,0.31,333.34,-100.5 / -106.3 / -122.7,False,140,-95.83,0.28
GBPUSD,D,D_asia_breakout|ref00-04o0|act04-09|con|b0.5|a10|m1.0|tp1.5|x10,506,-336.84,25.69,0.31,339.87,-104.6 / -108.4 / -122.3,False,140,-94.44,0.3
GBPUSD,D,D_asia_breakout|ref00-04o0|act04-09|con|b0.5|a10|m1.0|tp2.0|x08,506,-332.82,22.53,0.33,335.65,-113.3 / -101.9 / -116.1,False,140,-106.46,0.24
GBPUSD,D,D_asia_breakout|ref00-04o0|act04-09|con|b0.5|a10|m1.0|tp2.0|x10,506,-331.53,22.33,0.35,335.11,-112.4 / -103.1 / -114.6,False,140,-106.52,0.26
GBPUSD,D,D_asia_breakout|ref00-04o0|act04-09|con|b0.5|a10|m1.5|tp1.0|x08,506,-169.77,41.7,0.47,171.3,-48.6 / -39.8 / -80.1,False,140,-46.53,0.47
GBPUSD,D,D_asia_breakout|ref00-04o0|act04-09|con|b0.5|a10|m1.5|tp1.0|x10,506,-170.46,42.09,0.49,173.02,-48.6 / -42.1 / -78.5,False,140,-47.49,0.47
GBPUSD,D,D_asia_breakout|ref00-04o0|act04-09|con|b0.5|a10|m1.5|tp1.5|x08,506,-163.91,35.57,0.53,165.99,-57.4 / -29.7 / -75.5,False,140,-53.25,0.44
GBPUSD,D,D_asia_breakout|ref00-04o0|act04-09|con|b0.5|a10|m1.5|tp1.5|x10,506,-173.55,34.39,0.53,176.09,-58.3 / -36.6 / -77.3,False,140,-55.22,0.44
GBPUSD,D,D_asia_breakout|ref00-04o0|act04-09|con|b0.5|a10|m1.5|tp2.0|x08,506,-162.48,33.4,0.54,163.84,-60.2 / -27.8 / -73.1,False,140,-54.31,0.44
GBPUSD,D,D_asia_breakout|ref00-04o0|act04-09|con|b0.5|a10|m1.5|tp2.0|x10,506,-168.07,31.82,0.56,171.6,-61.9 / -28.1 / -76.8,False,140,-50.75,0.49
GBPUSD,D,D_asia_breakout|ref00-04o0|act04-09|con|b0.5|a10|m2.0|tp1.0|x08,506,-78.67,46.64,0.67,83.61,-27.9 / -6.4 / -45.1,False,140,-31.51,0.53
GBPUSD,D,D_asia_breakout|ref00-04o0|act04-09|con|b0.5|a10|m2.0|tp1.0|x10,506,-90.63,46.25,0.66,95.43,-24.5 / -17.8 / -49.1,False,140,-31.53,0.55
GBPUSD,D,D_asia_breakout|ref00-04o0|act04-09|con|b0.5|a10|m2.0|tp1.5|x08,506,-69.99,43.08,0.72,74.76,-29.5 / -0.2 / -41.6,False,140,-29.43,0.57
GBPUSD,D,D_asia_breakout|ref00-04o0|act04-09|con|b0.5|a10|m2.0|tp1.5|x10,506,-88.34,40.71,0.69,94.07,-28.6 / -13.4 / -47.6,False,140,-27.87,0.62
GBPUSD,D,D_asia_breakout|ref00-04o0|act04-09|con|b0.5|a10|m2.0|tp2.0|x08,506,-57.33,42.49,0.77,62.47,-26.3 / +2.2 / -35.1,False,140,-25.87,0.62
GBPUSD,D,D_asia_breakout|ref00-04o0|act04-09|con|b0.5|a10|m2.0|tp2.0|x10,506,-70.7,40.12,0.75,77.91,-20.9 / -6.6 / -44.9,False,140,-25.38,0.65
GBPUSD,E_pd_extreme,E_pd_extreme_rev|ref00-23o1|act22-09|rev|b0.5|a10|m1.0|tp0.75|x08,341,-24.13,65.69,0.83,30.18,-19.1 / +5.7 / -9.5,False,101,-8.05,0.81
GBPUSD,E_pd_extreme,E_pd_extreme_rev|ref00-23o1|act22-09|rev|b0.5|a10|m1.0|tp1.0|x08,341,-13.38,59.24,0.92,25.11,-13.4 / +9.9 / -8.7,False,101,-7.7,0.85
GBPUSD,E_pd_extreme,E_pd_extreme_rev|ref00-23o1|act22-09|rev|b0.5|a10|m1.0|tpopp|x08,341,-27.59,36.95,0.89,57.27,-33.7 / +13.8 / -6.5,False,101,-0.3,1.0
GBPUSD,E_pd_extreme,E_pd_extreme_rev|ref00-23o1|act22-09|rev|b0.5|a10|m1.5|tp0.75|x08,341,-1.66,63.34,0.99,16.41,-5.8 / +11.5 / -6.2,False,101,-7.65,0.81
GBPUSD,E_pd_extreme,E_pd_extreme_rev|ref00-23o1|act22-09|rev|b0.5|a10|m1.5|tp1.0|x08,341,-5.09,55.72,0.97,18.86,-5.7 / +3.5 / -1.8,False,101,-10.43,0.77
GBPUSD,E_pd_extreme,E_pd_extreme_rev|ref00-23o1|act22-09|rev|b0.5|a10|m1.5|tpopp|x08,341,-8.66,45.45,0.95,35.49,-21.2 / +16.4 / -2.7,False,101,-0.52,0.99
GBPUSD,E_pd_extreme,E_pd_extreme_rev|ref00-23o1|act22-09|rev|b1.0|a10|m1.0|tp0.75|x08,316,-14.89,67.09,0.88,22.75,-2.3 / +0.1 / -11.4,False,93,-5.44,0.86
GBPUSD,E_pd_extreme,E_pd_extreme_rev|ref00-23o1|act22-09|rev|b1.0|a10|m1.0|tp1.0|x08,316,-4.77,60.13,0.97,18.36,+3.4 / +3.1 / -10.0,False,93,-8.09,0.83
GBPUSD,E_pd_extreme,E_pd_extreme_rev|ref00-23o1|act22-09|rev|b1.0|a10|m1.0|tpopp|x08,316,-13.95,37.66,0.94,43.94,-13.1 / +13.6 / -13.2,False,93,8.29,1.14
GBPUSD,E_pd_extreme,E_pd_extreme_rev|ref00-23o1|act22-09|rev|b1.0|a10|m1.5|tp0.75|x08,316,-1.16,63.29,0.99,15.38,-2.0 / +5.9 / -3.9,False,93,-0.22,0.99
GBPUSD,E_pd_extreme,E_pd_extreme_rev|ref00-23o1|act22-09|rev|b1.0|a10|m1.5|tp1.0|x08,316,-7.16,54.75,0.95,21.52,-12.0 / +2.8 / +3.2,False,93,-4.3,0.89
GBPUSD,E_pd_extreme,E_pd_extreme_rev|ref00-23o1|act22-09|rev|b1.0|a10|m1.5|tpopp|x08,316,1.06,45.57,1.01,27.26,-8.1 / +9.6 / +0.7,False,93,7.77,1.18
GBPUSD,E_pd_extreme,E_pd_extreme_rev|ref00-23o1|act22-09|rev|b1.5|a10|m1.0|tp0.75|x08,284,-28.21,64.44,0.77,30.29,-8.0 / -6.8 / -11.9,False,80,-0.33,0.99
GBPUSD,E_pd_extreme,E_pd_extreme_rev|ref00-23o1|act22-09|rev|b1.5|a10|m1.0|tp1.0|x08,284,-16.33,58.8,0.88,26.38,-1.2 / -1.6 / -12.1,False,80,-4.18,0.89
GBPUSD,E_pd_extreme,E_pd_extreme_rev|ref00-23o1|act22-09|rev|b1.5|a10|m1.0|tpopp|x08,284,-17.35,37.32,0.92,40.24,-5.8 / +12.9 / -23.0,False,80,1.81,1.03
GBPUSD,E_pd_extreme,E_pd_extreme_rev|ref00-23o1|act22-09|rev|b1.5|a10|m1.5|tp0.75|x08,284,-5.8,62.68,0.95,16.64,+1.9 / +3.1 / -9.5,False,80,2.19,1.08
GBPUSD,E_pd_extreme,E_pd_extreme_rev|ref00-23o1|act22-09|rev|b1.5|a10|m1.5|tp1.0|x08,284,-10.27,54.58,0.92,21.84,-1.8 / +1.8 / -9.0,False,80,0.65,1.02
GBPUSD,E_pd_extreme,E_pd_extreme_rev|ref00-23o1|act22-09|rev|b1.5|a10|m1.5|tpopp|x08,284,2.5,45.42,1.02,24.8,+5.6 / +7.9 / -9.6,False,80,8.05,1.22
GBPUSD,E_pd_extreme,E_pd_extreme_rev|ref00-23o1|act22-09|rev_cf|b0.5|a10|m1.0|tp0.75|x08,106,-59.79,41.51,0.24,58.96,-20.1 / -19.2 / -19.2,False,25,-7.15,0.48
GBPUSD,E_pd_extreme,E_pd_extreme_rev|ref00-23o1|act22-09|rev_cf|b0.5|a10|m1.0|tp1.0|x08,106,-55.04,38.68,0.34,54.46,-20.3 / -17.4 / -16.0,False,25,-5.65,0.63
GBPUSD,E_pd_extreme,E_pd_extreme_rev|ref00-23o1|act22-09|rev_cf|b0.5|a10|m1.0|tpopp|x08,106,-55.94,20.75,0.48,56.86,-28.5 / -8.5 / -17.6,False,25,-1.52,0.92
GBPUSD,E_pd_extreme,E_pd_extreme_rev|ref00-23o1|act22-09|rev_cf|b0.5|a10|m1.5|tp0.75|x08,106,-41.43,43.4,0.38,41.75,-16.9 / -12.9 / -10.4,False,25,-3.18,0.73
GBPUSD,E_pd_extreme,E_pd_extreme_rev|ref00-23o1|act22-09|rev_cf|b0.5|a10|m1.5|tp1.0|x08,106,-42.97,37.74,0.42,43.0,-20.4 / -8.9 / -12.4,False,25,-2.5,0.81
GBPUSD,E_pd_extreme,E_pd_extreme_rev|ref00-23o1|act22-09|rev_cf|b0.5|a10|m1.5|tpopp|x08,106,-39.27,26.42,0.54,39.32,-24.9 / -1.4 / -11.8,False,25,0.19,1.01
GBPUSD,E_pd_extreme,E_pd_extreme_rev|ref00-23o1|act06-10|rev|b0.5|a10|m1.0|tp0.75|x11,264,-26.03,67.05,0.76,28.01,-9.3 / -11.0 / -4.4,False,79,0.24,1.01
GBPUSD,E_pd_extreme,E_pd_extreme_rev|ref00-23o1|act06-10|rev|b0.5|a10|m1.0|tp1.0|x11,264,-26.86,58.33,0.8,32.71,-13.8 / -7.9 / -3.9,False,79,1.61,1.05
GBPUSD,E_pd_extreme,E_pd_extreme_rev|ref00-23o1|act06-10|rev|b0.5|a10|m1.0|tpopp|x11,264,-72.37,27.65,0.68,80.11,-21.0 / -32.1 / -18.0,False,79,-13.28,0.76
GBPUSD,E_pd_extreme,E_pd_extreme_rev|ref00-23o1|act06-10|rev|b0.5|a10|m1.5|tp0.75|x11,264,-0.15,66.29,1.0,11.14,-7.9 / +7.9 / +1.1,False,79,-3.47,0.89
GBPUSD,E_pd_extreme,E_pd_extreme_rev|ref00-23o1|act06-10|rev|b0.5|a10|m1.5|tp1.0|x11,264,-5.03,57.2,0.96,12.72,+0.8 / +1.5 / -6.1,False,79,-1.72,0.95
GBPUSD,E_pd_extreme,E_pd_extreme_rev|ref00-23o1|act06-10|rev|b0.5|a10|m1.5|tpopp|x11,264,-38.15,36.74,0.78,48.19,-10.9 / -11.6 / -14.5,False,79,-14.71,0.68
GBPUSD,E_pd_extreme,E_pd_extreme_rev|ref00-23o1|act06-10|rev|b1.0|a10|m1.0|tp0.75|x11,205,-30.24,64.39,0.67,31.15,-19.1 / -0.3 / -9.5,False,60,3.6,1.19
GBPUSD,E_pd_extreme,E_pd_extreme_rev|ref00-23o1|act06-10|rev|b1.0|a10|m1.0|tp1.0|x11,205,-11.24,60.98,0.89,18.32,-14.9 / +7.7 / -2.7,False,60,5.7,1.24
GBPUSD,E_pd_extreme,E_pd_extreme_rev|ref00-23o1|act06-10|rev|b1.0|a10|m1.0|tpopp|x11,205,-65.66,29.27,0.63,66.73,-28.8 / -13.7 / -21.9,False,60,-3.09,0.92
GBPUSD,E_pd_extreme,E_pd_extreme_rev|ref00-23o1|act06-10|rev|b1.0|a10|m1.5|tp0.75|x11,205,19.14,72.68,1.3,5.95,-0.7 / +11.4 / +9.7,False,60,8.32,1.51
GBPUSD,E_pd_extreme,E_pd_extreme_rev|ref00-23o1|act06-10|rev|b1.0|a10|m1.5|tp1.0|x11,205,4.08,60.0,1.05,10.9,-2.3 / +6.5 / +1.1,False,60,7.35,1.34
GBPUSD,E_pd_extreme,E_pd_extreme_rev|ref00-23o1|act06-10|rev|b1.0|a10|m1.5|tpopp|x11,205,-39.16,38.05,0.71,39.94,-14.8 / -7.4 / -15.8,False,60,6.67,1.25
GBPUSD,E_pd_extreme,E_pd_extreme_rev|ref00-23o1|act06-10|rev|b1.5|a10|m1.0|tp0.75|x11,158,-13.23,67.72,0.79,17.98,-5.2 / +1.9 / -8.6,False,39,-2.49,0.84
GBPUSD,E_pd_extreme,E_pd_extreme_rev|ref00-23o1|act06-10|rev|b1.5|a10|m1.0|tp1.0|x11,158,2.59,64.56,1.04,10.77,-4.7 / +11.1 / -2.6,False,39,2.01,1.12
GBPUSD,E_pd_extreme,E_pd_extreme_rev|ref00-23o1|act06-10|rev|b1.5|a10|m1.0|tpopp|x11,158,-46.3,29.75,0.66,53.21,-17.8 / -9.6 / -17.6,False,39,-4.96,0.82
GBPUSD,E_pd_extreme,E_pd_extreme_rev|ref00-23o1|act06-10|rev|b1.5|a10|m1.5|tp0.75|x11,158,21.46,73.42,1.5,5.81,+3.3 / +8.5 / +9.1,True,39,-0.61,0.96
GBPUSD,E_pd_extreme,E_pd_extreme_rev|ref00-23o1|act06-10|rev|b1.5|a10|m1.5|tp1.0|x11,158,12.27,61.39,1.19,8.22,-2.3 / +6.6 / +7.2,False,39,-0.29,0.98
GBPUSD,E_pd_extreme,E_pd_extreme_rev|ref00-23o1|act06-10|rev|b1.5|a10|m1.5|tpopp|x11,158,-20.55,39.87,0.79,25.77,-9.3 / -3.8 / -8.6,False,39,-8.59,0.63
GBPUSD,E_pd_extreme,E_pd_extreme_rev|ref00-23o1|act06-10|rev_cf|b0.5|a10|m1.0|tp0.75|x11,106,-34.36,52.83,0.43,35.34,-14.6 / -6.9 / -11.7,False,26,-11.08,0.33
GBPUSD,E_pd_extreme,E_pd_extreme_rev|ref00-23o1|act06-10|rev_cf|b0.5|a10|m1.0|tp1.0|x11,106,-30.35,47.17,0.53,31.83,-13.4 / -4.4 / -11.3,False,26,-9.89,0.41
GBPUSD,E_pd_extreme,E_pd_extreme_rev|ref00-23o1|act06-10|rev_cf|b0.5|a10|m1.0|tpopp|x11,106,-27.28,31.13,0.67,31.88,-7.2 / -3.8 / -15.1,False,26,-14.16,0.28
GBPUSD,E_pd_extreme,E_pd_extreme_rev|ref00-23o1|act06-10|rev_cf|b0.5|a10|m1.5|tp0.75|x11,106,-20.63,51.89,0.58,21.79,-14.8 / -0.6 / -4.9,False,26,-6.3,0.49
GBPUSD,E_pd_extreme,E_pd_extreme_rev|ref00-23o1|act06-10|rev_cf|b0.5|a10|m1.5|tp1.0|x11,106,-15.74,47.17,0.7,16.58,-13.2 / +2.4 / -4.7,False,26,-6.54,0.51
GBPUSD,E_pd_extreme,E_pd_extreme_rev|ref00-23o1|act06-10|rev_cf|b0.5|a10|m1.5|tpopp|x11,106,-21.21,35.85,0.65,23.61,-10.7 / -0.5 / -9.7,False,26,-9.41,0.34
GBPUSD,E_pd_extreme,E_pd_extreme_rev|ref00-23o1|act13-16|rev|b0.5|a10|m1.0|tp0.75|x17,328,-13.42,63.72,0.9,21.43,-3.3 / +1.5 / -10.5,False,89,-13.11,0.69
GBPUSD,E_pd_extreme,E_pd_extreme_rev|ref00-23o1|act13-16|rev|b0.5|a10|m1.0|tp1.0|x17,328,-6.43,56.4,0.96,21.24,-4.6 / +4.9 / -5.5,False,89,-22.92,0.59
GBPUSD,E_pd_extreme,E_pd_extreme_rev|ref00-23o1|act13-16|rev|b0.5|a10|m1.0|tpopp|x17,328,-31.66,38.41,0.85,48.35,-9.3 / -14.3 / -7.0,False,89,-25.8,0.61
GBPUSD,E_pd_extreme,E_pd_extreme_rev|ref00-23o1|act13-16|rev|b0.5|a10|m1.5|tp0.75|x17,328,2.63,60.98,1.02,10.21,-1.9 / +4.3 / +1.3,False,89,-15.52,0.62
GBPUSD,E_pd_extreme,E_pd_extreme_rev|ref00-23o1|act13-16|rev|b0.5|a10|m1.5|tp1.0|x17,328,0.46,53.66,1.0,10.51,-2.4 / +6.4 / -2.4,False,89,-14.72,0.67
GBPUSD,E_pd_extreme,E_pd_extreme_rev|ref00-23o1|act13-16|rev|b0.5|a10|m1.5|tpopp|x17,328,-20.22,44.51,0.87,31.98,-4.6 / -14.2 / -0.2,False,89,-20.75,0.58
GBPUSD,E_pd_extreme,E_pd_extreme_rev|ref00-23o1|act13-16|rev|b1.0|a10|m1.0|tp0.75|x17,261,-3.55,64.75,0.97,14.67,-0.7 / +8.8 / -12.3,False,71,-5.26,0.83
GBPUSD,E_pd_extreme,E_pd_extreme_rev|ref00-23o1|act13-16|rev|b1.0|a10|m1.0|tp1.0|x17,261,4.76,57.85,1.04,13.36,+2.7 / +6.9 / -5.7,False,71,-8.26,0.79
GBPUSD,E_pd_extreme,E_pd_extreme_rev|ref00-23o1|act13-16|rev|b1.0|a10|m1.0|tpopp|x17,261,-31.55,37.93,0.81,37.58,-16.3 / -0.0 / -14.1,False,71,-24.01,0.55
GBPUSD,E_pd_extreme,E_pd_extreme_rev|ref00-23o1|act13-16|rev|b1.0|a10|m1.5|tp0.75|x17,261,15.62,62.84,1.19,5.54,+3.3 / +5.1 / +6.6,True,71,-8.86,0.72
GBPUSD,E_pd_extreme,E_pd_extreme_rev|ref00-23o1|act13-16|rev|b1.0|a10|m1.5|tp1.0|x17,261,-1.95,52.49,0.98,11.39,-6.9 / +5.0 / +1.0,False,71,-10.21,0.7
GBPUSD,E_pd_extreme,E_pd_extreme_rev|ref00-23o1|act13-16|rev|b1.0|a10|m1.5|tpopp|x17,261,-9.22,46.36,0.92,12.25,-5.8 / -0.7 / -1.6,False,71,-13.06,0.65
GBPUSD,E_pd_extreme,E_pd_extreme_rev|ref00-23o1|act13-16|rev|b1.5|a10|m1.0|tp0.75|x17,210,3.98,67.14,1.05,10.61,-3.4 / +11.2 / -4.4,False,54,-4.59,0.81
GBPUSD,E_pd_extreme,E_pd_extreme_rev|ref00-23o1|act13-16|rev|b1.5|a10|m1.0|tp1.0|x17,210,19.01,62.38,1.22,8.52,+1.3 / +13.3 / +3.6,True,54,-2.34,0.91
GBPUSD,E_pd_extreme,E_pd_extreme_rev|ref00-23o1|act13-16|rev|b1.5|a10|m1.0|tpopp|x17,210,-25.73,41.43,0.8,30.74,-15.5 / -8.5 / -3.1,False,54,-18.19,0.55
GBPUSD,E_pd_extreme,E_pd_extreme_rev|ref00-23o1|act13-16|rev|b1.5|a10|m1.5|tp0.75|x17,210,23.95,67.62,1.4,5.18,+6.3 / +6.3 / +10.7,True,54,-4.7,0.79
GBPUSD,E_pd_extreme,E_pd_extreme_rev|ref00-23o1|act13-16|rev|b1.5|a10|m1.5|tp1.0|x17,210,15.01,58.1,1.2,8.57,+4.7 / +0.3 / +9.1,True,54,-5.14,0.79
GBPUSD,E_pd_extreme,E_pd_extreme_rev|ref00-23o1|act13-16|rev|b1.5|a10|m1.5|tpopp|x17,210,1.36,49.52,1.02,10.71,-0.3 / -5.6 / +6.3,False,54,-12.64,0.57
GBPUSD,E_pd_extreme,E_pd_extreme_rev|ref00-23o1|act13-16|rev_cf|b0.5|a10|m1.0|tp0.75|x17,77,-8.86,53.25,0.71,14.42,-11.9 / +2.8 / +0.3,False,19,-2.16,0.74
GBPUSD,E_pd_extreme,E_pd_extreme_rev|ref00-23o1|act13-16|rev_cf|b0.5|a10|m1.0|tp1.0|x17,77,-8.97,48.05,0.73,15.88,-11.2 / +0.8 / +1.4,False,19,-3.25,0.67
GBPUSD,E_pd_extreme,E_pd_extreme_rev|ref00-23o1|act13-16|rev_cf|b0.5|a10|m1.0|tpopp|x17,77,-1.27,44.16,0.96,14.06,-7.9 / +0.7 / +6.0,False,19,-0.53,0.95
GBPUSD,E_pd_extreme,E_pd_extreme_rev|ref00-23o1|act13-16|rev_cf|b0.5|a10|m1.5|tp0.75|x17,77,-3.98,51.95,0.82,9.3,-5.0 / +0.5 / +0.5,False,19,-0.24,0.95
GBPUSD,E_pd_extreme,E_pd_extreme_rev|ref00-23o1|act13-16|rev_cf|b0.5|a10|m1.5|tp1.0|x17,77,-2.23,50.65,0.91,9.43,-6.7 / +2.3 / +2.2,False,19,-1.24,0.8
GBPUSD,E_pd_extreme,E_pd_extreme_rev|ref00-23o1|act13-16|rev_cf|b0.5|a10|m1.5|tpopp|x17,77,-0.53,48.05,0.98,9.4,-4.0 / +0.6 / +2.9,False,19,0.66,1.1
GBPUSD,F_ny_trend_cont,F_ny_trend_cont|ref07-13o0|act14-17|con_cb|b0.0|a10|m1.5|tp1.0|x20,336,61.55,62.2,1.64,6.01,+18.3 / +27.0 / +15.4,True,107,22.6,1.85
GBPUSD,F_ny_trend_cont,F_ny_trend_cont|ref07-13o0|act14-17|con_cb|b0.0|a10|m1.5|tp1.0|x21,336,59.92,62.2,1.62,6.03,+18.0 / +26.5 / +14.6,True,107,23.18,1.86
GBPUSD,F_ny_trend_cont,F_ny_trend_cont|ref07-13o0|act14-17|con_cb|b0.0|a10|m1.5|tp1.5|x20,336,74.99,58.04,1.73,5.39,+26.0 / +31.8 / +15.8,True,107,22.8,1.76
GBPUSD,F_ny_trend_cont,F_ny_trend_cont|ref07-13o0|act14-17|con_cb|b0.0|a10|m1.5|tp1.5|x21,336,71.81,58.04,1.7,5.52,+24.6 / +30.5 / +15.4,True,107,22.66,1.74
GBPUSD,F_ny_trend_cont,F_ny_trend_cont|ref07-13o0|act14-17|con_cb|b0.0|a10|m1.5|tp2.0|x20,336,67.13,57.44,1.64,5.81,+20.7 / +29.3 / +16.1,True,107,26.19,1.87
GBPUSD,F_ny_trend_cont,F_ny_trend_cont|ref07-13o0|act14-17|con_cb|b0.0|a10|m1.5|tp2.0|x21,336,62.88,57.14,1.6,6.23,+18.3 / +28.9 / +15.0,True,107,26.4,1.86
GBPUSD,F_ny_trend_cont,F_ny_trend_cont|ref07-13o0|act14-17|con_cb|b0.0|a10|m2.0|tp1.0|x20,336,58.17,59.82,1.79,5.01,+20.1 / +25.0 / +12.2,True,107,20.5,2.0
GBPUSD,F_ny_trend_cont,F_ny_trend_cont|ref07-13o0|act14-17|con_cb|b0.0|a10|m2.0|tp1.0|x21,336,58.26,60.12,1.79,5.09,+19.7 / +25.1 / +12.5,True,107,20.63,2.0
GBPUSD,F_ny_trend_cont,F_ny_trend_cont|ref07-13o0|act14-17|con_cb|b0.0|a10|m2.0|tp1.5|x20,336,54.7,58.93,1.72,4.65,+16.6 / +24.5 / +12.8,True,107,21.11,1.99
GBPUSD,F_ny_trend_cont,F_ny_trend_cont|ref07-13o0|act14-17|con_cb|b0.0|a10|m2.0|tp1.5|x21,336,51.94,58.63,1.68,5.32,+15.2 / +24.8 / +11.5,True,107,21.36,1.98
GBPUSD,F_ny_trend_cont,F_ny_trend_cont|ref07-13o0|act14-17|con_cb|b0.0|a10|m2.0|tp2.0|x20,336,55.23,58.93,1.72,4.65,+16.4 / +25.1 / +13.0,True,107,23.01,2.08
GBPUSD,F_ny_trend_cont,F_ny_trend_cont|ref07-13o0|act14-17|con_cb|b0.0|a10|m2.0|tp2.0|x21,336,53.51,58.63,1.7,5.32,+15.1 / +26.0 / +12.0,True,107,23.57,2.08
GBPUSD,F_ny_trend_cont,F_ny_trend_cont|ref07-13o0|act14-17|con_cb|b0.0|a10|m2.5|tp1.0|x20,336,44.26,58.93,1.7,3.62,+12.0 / +21.8 / +9.5,True,107,15.52,1.91
GBPUSD,F_ny_trend_cont,F_ny_trend_cont|ref07-13o0|act14-17|con_cb|b0.0|a10|m2.5|tp1.0|x21,336,42.55,58.63,1.68,3.96,+11.9 / +21.3 / +8.4,True,107,15.36,1.88
GBPUSD,F_ny_trend_cont,F_ny_trend_cont|ref07-13o0|act14-17|con_cb|b0.0|a10|m2.5|tp1.5|x20,336,42.99,58.93,1.68,4.24,+12.5 / +20.1 / +9.7,True,107,18.83,2.1
GBPUSD,F_ny_trend_cont,F_ny_trend_cont|ref07-13o0|act14-17|con_cb|b0.0|a10|m2.5|tp1.5|x21,336,41.84,58.63,1.67,4.35,+11.7 / +20.8 / +8.9,True,107,18.93,2.09
GBPUSD,F_ny_trend_cont,F_ny_trend_cont|ref07-13o0|act14-17|con_cb|b0.0|a10|m2.5|tp2.0|x20,336,40.87,58.93,1.65,4.24,+10.3 / +19.6 / +10.4,True,107,20.04,2.18
GBPUSD,F_ny_trend_cont,F_ny_trend_cont|ref07-13o0|act14-17|con_cb|b0.0|a10|m2.5|tp2.0|x21,336,39.48,58.63,1.63,4.35,+9.4 / +20.2 / +9.5,True,107,20.41,2.17
GBPUSD,F_ny_trend_cont,F_ny_trend_cont|ref07-13o0|act15-18|con_cb|b0.0|a10|m1.5|tp1.0|x20,326,35.35,56.13,1.42,6.2,+2.6 / +19.7 / +12.2,True,111,9.7,1.32
GBPUSD,F_ny_trend_cont,F_ny_trend_cont|ref07-13o0|act15-18|con_cb|b0.0|a10|m1.5|tp1.0|x21,326,33.26,57.06,1.39,5.98,+2.0 / +20.1 / +10.2,True,111,9.92,1.32
GBPUSD,F_ny_trend_cont,F_ny_trend_cont|ref07-13o0|act15-18|con_cb|b0.0|a10|m1.5|tp1.5|x20,326,40.76,54.6,1.47,6.03,+4.6 / +23.0 / +12.6,True,111,11.66,1.37
GBPUSD,F_ny_trend_cont,F_ny_trend_cont|ref07-13o0|act15-18|con_cb|b0.0|a10|m1.5|tp1.5|x21,326,37.33,54.91,1.43,6.26,+2.9 / +22.7 / +11.5,True,111,11.77,1.36
GBPUSD,F_ny_trend_cont,F_ny_trend_cont|ref07-13o0|act15-18|con_cb|b0.0|a10|m1.5|tp2.0|x20,326,36.39,53.99,1.42,7.35,+3.3 / +20.3 / +12.2,True,111,15.9,1.5
GBPUSD,F_ny_trend_cont,F_ny_trend_cont|ref07-13o0|act15-18|con_cb|b0.0|a10|m1.5|tp2.0|x21,326,33.32,54.29,1.38,7.31,+1.0 / +21.9 / +10.2,True,111,15.85,1.48
GBPUSD,F_ny_trend_cont,F_ny_trend_cont|ref07-13o0|act15-18|con_cb|b0.0|a10|m2.0|tp1.0|x20,326,31.68,55.52,1.5,4.22,+6.2 / +18.5 / +6.6,True,111,12.25,1.57
GBPUSD,F_ny_trend_cont,F_ny_trend_cont|ref07-13o0|act15-18|con_cb|b0.0|a10|m2.0|tp1.0|x21,326,30.19,56.13,1.48,4.8,+5.2 / +19.1 / +5.7,True,111,11.99,1.53
GBPUSD,F_ny_trend_cont,F_ny_trend_cont|ref07-13o0|act15-18|con_cb|b0.0|a10|m2.0|tp1.5|x20,326,30.35,54.91,1.48,5.47,+4.9 / +17.6 / +7.5,True,111,13.21,1.59
GBPUSD,F_ny_trend_cont,F_ny_trend_cont|ref07-13o0|act15-18|con_cb|b0.0|a10|m2.0|tp1.5|x21,326,28.36,55.21,1.45,5.89,+3.0 / +19.5 / +5.8,True,111,13.13,1.56
GBPUSD,F_ny_trend_cont,F_ny_trend_cont|ref07-13o0|act15-18|con_cb|b0.0|a10|m2.0|tp2.0|x20,326,29.63,54.91,1.47,5.47,+4.8 / +15.9 / +8.5,True,111,13.82,1.61
GBPUSD,F_ny_trend_cont,F_ny_trend_cont|ref07-13o0|act15-18|con_cb|b0.0|a10|m2.0|tp2.0|x21,326,27.88,55.21,1.44,5.94,+2.9 / +17.9 / +6.9,True,111,13.97,1.59
GBPUSD,F_ny_trend_cont,F_ny_trend_cont|ref07-13o0|act15-18|con_cb|b0.0|a10|m2.5|tp1.0|x20,326,25.89,54.91,1.51,5.05,+3.4 / +14.5 / +7.6,True,111,9.0,1.5
GBPUSD,F_ny_trend_cont,F_ny_trend_cont|ref07-13o0|act15-18|con_cb|b0.0|a10|m2.5|tp1.0|x21,326,23.63,55.21,1.46,5.33,+2.3 / +15.2 / +6.0,True,111,8.93,1.48
GBPUSD,F_ny_trend_cont,F_ny_trend_cont|ref07-13o0|act15-18|con_cb|b0.0|a10|m2.5|tp1.5|x20,326,23.13,54.91,1.46,5.05,+3.1 / +12.2 / +7.4,True,111,12.62,1.71
GBPUSD,F_ny_trend_cont,F_ny_trend_cont|ref07-13o0|act15-18|con_cb|b0.0|a10|m2.5|tp1.5|x21,326,21.31,55.21,1.42,5.36,+1.7 / +13.7 / +5.8,True,111,12.47,1.67
GBPUSD,F_ny_trend_cont,F_ny_trend_cont|ref07-13o0|act15-18|con_cb|b0.0|a10|m2.5|tp2.0|x20,326,23.46,54.91,1.46,5.05,+3.1 / +12.2 / +7.7,True,111,12.41,1.69
GBPUSD,F_ny_trend_cont,F_ny_trend_cont|ref07-13o0|act15-18|con_cb|b0.0|a10|m2.5|tp2.0|x21,326,21.6,55.21,1.42,5.36,+1.7 / +13.7 / +6.1,True,111,12.55,1.67
GBPUSD,F_ny_trend_cont,F_ny_trend_cont|ref06-12o0|act14-17|con_cb|b0.0|a10|m1.5|tp1.0|x20,368,36.27,58.97,1.29,10.7,+5.1 / +24.1 / +6.2,True,118,21.35,1.67
GBPUSD,F_ny_trend_cont,F_ny_trend_cont|ref06-12o0|act14-17|con_cb|b0.0|a10|m1.5|tp1.0|x21,368,34.65,58.7,1.28,10.66,+4.8 / +24.0 / +5.0,True,118,21.71,1.68
GBPUSD,F_ny_trend_cont,F_ny_trend_cont|ref06-12o0|act14-17|con_cb|b0.0|a10|m1.5|tp1.5|x20,368,51.58,55.43,1.4,8.97,+12.9 / +32.3 / +5.0,True,118,21.59,1.59
GBPUSD,F_ny_trend_cont,F_ny_trend_cont|ref06-12o0|act14-17|con_cb|b0.0|a10|m1.5|tp1.5|x21,368,49.01,54.62,1.37,9.29,+11.6 / +31.4 / +4.7,True,118,21.33,1.58
GBPUSD,F_ny_trend_cont,F_ny_trend_cont|ref06-12o0|act14-17|con_cb|b0.0|a10|m1.5|tp2.0|x20,368,42.52,54.89,1.32,8.64,+7.9 / +27.8 / +5.8,True,118,25.85,1.71
GBPUSD,F_ny_trend_cont,F_ny_trend_cont|ref06-12o0|act14-17|con_cb|b0.0|a10|m1.5|tp2.0|x21,368,39.88,53.8,1.3,9.24,+5.8 / +28.3 / +5.1,True,118,25.65,1.69
GBPUSD,F_ny_trend_cont,F_ny_trend_cont|ref06-12o0|act14-17|con_cb|b0.0|a10|m2.0|tp1.0|x20,368,43.03,58.42,1.46,6.03,+8.5 / +26.1 / +7.5,True,118,17.85,1.68
GBPUSD,F_ny_trend_cont,F_ny_trend_cont|ref06-12o0|act14-17|con_cb|b0.0|a10|m2.0|tp1.0|x21,368,42.27,57.61,1.45,6.15,+8.4 / +26.4 / +6.5,True,118,17.77,1.66
GBPUSD,F_ny_trend_cont,F_ny_trend_cont|ref06-12o0|act14-17|con_cb|b0.0|a10|m2.0|tp1.5|x20,368,38.15,57.34,1.39,5.25,+6.8 / +22.2 / +8.3,True,118,19.7,1.72
GBPUSD,F_ny_trend_cont,F_ny_trend_cont|ref06-12o0|act14-17|con_cb|b0.0|a10|m2.0|tp1.5|x21,368,36.07,55.98,1.37,5.81,+5.7 / +23.1 / +6.8,True,118,19.59,1.71
GBPUSD,F_ny_trend_cont,F_ny_trend_cont|ref06-12o0|act14-17|con_cb|b0.0|a10|m2.0|tp2.0|x20,368,39.9,57.34,1.41,5.84,+6.8 / +23.4 / +9.0,True,118,21.5,1.79
GBPUSD,F_ny_trend_cont,F_ny_trend_cont|ref06-12o0|act14-17|con_cb|b0.0|a10|m2.0|tp2.0|x21,368,38.88,55.98,1.4,5.81,+5.7 / +24.8 / +7.9,True,118,21.73,1.78
GBPUSD,F_ny_trend_cont,F_ny_trend_cont|ref06-12o0|act14-17|con_cb|b0.0|a10|m2.5|tp1.0|x20,368,31.18,57.34,1.39,5.1,+3.4 / +21.3 / +5.6,True,118,12.95,1.57
GBPUSD,F_ny_trend_cont,F_ny_trend_cont|ref06-12o0|act14-17|con_cb|b0.0|a10|m2.5|tp1.0|x21,368,29.89,55.98,1.38,4.62,+3.5 / +20.8 / +4.7,True,118,12.24,1.52
GBPUSD,F_ny_trend_cont,F_ny_trend_cont|ref06-12o0|act14-17|con_cb|b0.0|a10|m2.5|tp1.5|x20,368,30.88,57.34,1.39,5.22,+4.8 / +18.7 / +6.7,True,118,16.52,1.73
GBPUSD,F_ny_trend_cont,F_ny_trend_cont|ref06-12o0|act14-17|con_cb|b0.0|a10|m2.5|tp1.5|x21,368,30.39,55.98,1.38,4.84,+4.4 / +19.7 / +5.9,True,118,16.22,1.69
GBPUSD,F_ny_trend_cont,F_ny_trend_cont|ref06-12o0|act14-17|con_cb|b0.0|a10|m2.5|tp2.0|x20,368,29.84,57.34,1.38,5.37,+2.4 / +19.0 / +7.7,True,118,17.83,1.78
GBPUSD,F_ny_trend_cont,F_ny_trend_cont|ref06-12o0|act14-17|con_cb|b0.0|a10|m2.5|tp2.0|x21,368,28.75,55.98,1.36,5.05,+1.9 / +19.7 / +6.8,True,118,17.74,1.76
GBPUSD,F_ny_trend_cont,F_ny_trend_cont|ref06-12o0|act15-18|con_cb|b0.0|a10|m1.5|tp1.0|x20,357,22.82,56.02,1.22,8.34,-2.0 / +22.7 / +1.2,False,115,11.54,1.38
GBPUSD,F_ny_trend_cont,F_ny_trend_cont|ref06-12o0|act15-18|con_cb|b0.0|a10|m1.5|tp1.0|x21,357,21.08,56.02,1.21,8.31,-2.3 / +22.8 / -0.3,False,115,11.36,1.36
GBPUSD,F_ny_trend_cont,F_ny_trend_cont|ref06-12o0|act15-18|con_cb|b0.0|a10|m1.5|tp1.5|x20,357,30.32,54.62,1.29,8.57,-0.7 / +27.3 / +3.2,False,115,14.26,1.45
GBPUSD,F_ny_trend_cont,F_ny_trend_cont|ref06-12o0|act15-18|con_cb|b0.0|a10|m1.5|tp1.5|x21,357,26.93,54.06,1.26,9.32,-2.3 / +26.9 / +2.1,False,115,13.99,1.42
GBPUSD,F_ny_trend_cont,F_ny_trend_cont|ref06-12o0|act15-18|con_cb|b0.0|a10|m1.5|tp2.0|x20,357,25.56,54.06,1.25,8.93,-1.5 / +23.8 / +2.6,False,115,18.91,1.59
GBPUSD,F_ny_trend_cont,F_ny_trend_cont|ref06-12o0|act15-18|con_cb|b0.0|a10|m1.5|tp2.0|x21,357,23.31,53.5,1.22,9.32,-3.5 / +25.8 / +0.8,False,115,18.4,1.55
GBPUSD,F_ny_trend_cont,F_ny_trend_cont|ref06-12o0|act15-18|con_cb|b0.0|a10|m2.0|tp1.0|x20,357,26.17,56.58,1.35,7.65,+1.2 / +22.5 / +2.0,True,115,13.49,1.6
GBPUSD,F_ny_trend_cont,F_ny_trend_cont|ref06-12o0|act15-18|con_cb|b0.0|a10|m2.0|tp1.0|x21,357,23.53,55.74,1.31,8.77,+0.0 / +23.0 / +0.3,True,115,12.88,1.54
GBPUSD,F_ny_trend_cont,F_ny_trend_cont|ref06-12o0|act15-18|con_cb|b0.0|a10|m2.0|tp1.5|x20,357,24.07,55.74,1.32,7.06,+0.9 / +19.8 / +2.9,True,115,14.64,1.62
GBPUSD,F_ny_trend_cont,F_ny_trend_cont|ref06-12o0|act15-18|con_cb|b0.0|a10|m2.0|tp1.5|x21,357,21.98,54.9,1.29,8.22,-1.0 / +22.0 / +0.8,False,115,14.22,1.57
GBPUSD,F_ny_trend_cont,F_ny_trend_cont|ref06-12o0|act15-18|con_cb|b0.0|a10|m2.0|tp2.0|x20,357,23.98,55.74,1.32,6.78,+1.1 / +18.6 / +3.9,True,115,15.13,1.65
GBPUSD,F_ny_trend_cont,F_ny_trend_cont|ref06-12o0|act15-18|con_cb|b0.0|a10|m2.0|tp2.0|x21,357,21.96,54.9,1.29,7.72,-0.9 / +20.7 / +2.0,False,115,14.73,1.59
GBPUSD,F_ny_trend_cont,F_ny_trend_cont|ref06-12o0|act15-18|con_cb|b0.0|a10|m2.5|tp1.0|x20,357,20.13,55.74,1.33,6.24,+0.5 / +16.4 / +2.9,True,115,9.29,1.48
GBPUSD,F_ny_trend_cont,F_ny_trend_cont|ref06-12o0|act15-18|con_cb|b0.0|a10|m2.5|tp1.0|x21,357,18.34,54.9,1.3,6.59,-0.4 / +17.2 / +1.5,False,115,8.94,1.44
GBPUSD,F_ny_trend_cont,F_ny_trend_cont|ref06-12o0|act15-18|con_cb|b0.0|a10|m2.5|tp1.5|x20,357,18.59,55.74,1.31,5.57,+0.5 / +14.2 / +3.5,True,115,12.97,1.67
GBPUSD,F_ny_trend_cont,F_ny_trend_cont|ref06-12o0|act15-18|con_cb|b0.0|a10|m2.5|tp1.5|x21,357,17.04,54.9,1.28,6.18,-0.7 / +15.7 / +1.9,False,115,12.32,1.6
GBPUSD,F_ny_trend_cont,F_ny_trend_cont|ref06-12o0|act15-18|con_cb|b0.0|a10|m2.5|tp2.0|x20,357,18.76,55.74,1.31,5.73,+0.4 / +14.2 / +3.9,True,115,12.75,1.66
GBPUSD,F_ny_trend_cont,F_ny_trend_cont|ref06-12o0|act15-18|con_cb|b0.0|a10|m2.5|tp2.0|x21,357,17.12,54.9,1.28,6.13,-0.9 / +15.7 / +2.1,False,115,12.4,1.61
GBPUSD,G_asia_cont,G_asia_cont|ref19-21o1|act22-09|con|b0.5|a10|m1.0|tp1.0|x09,485,-226.73,40.41,0.38,226.09,-104.4 / -74.9 / -48.0,False,141,-94.53,0.25
GBPUSD,G_asia_cont,G_asia_cont|ref19-21o1|act22-09|con|b0.5|a10|m1.0|tp1.0|x10,485,-226.01,40.62,0.39,225.37,-103.4 / -75.5 / -47.7,False,141,-94.53,0.25
GBPUSD,G_asia_cont,G_asia_cont|ref19-21o1|act22-09|con|b0.5|a10|m1.0|tp1.5|x09,485,-213.87,33.4,0.48,214.9,-102.9 / -67.3 / -44.7,False,141,-95.97,0.29
GBPUSD,G_asia_cont,G_asia_cont|ref19-21o1|act22-09|con|b0.5|a10|m1.0|tp1.5|x10,485,-214.69,33.2,0.48,215.72,-100.9 / -68.4 / -46.5,False,141,-94.49,0.3
GBPUSD,G_asia_cont,G_asia_cont|ref19-21o1|act22-09|con|b0.5|a10|m1.5|tp1.0|x09,485,-99.82,47.63,0.65,105.95,-64.5 / -25.1 / -11.0,False,141,-48.91,0.46
GBPUSD,G_asia_cont,G_asia_cont|ref19-21o1|act22-09|con|b0.5|a10|m1.5|tp1.0|x10,485,-93.95,48.87,0.67,100.79,-60.2 / -23.1 / -11.3,False,141,-48.39,0.48
GBPUSD,G_asia_cont,G_asia_cont|ref19-21o1|act22-09|con|b0.5|a10|m1.5|tp1.5|x09,485,-88.5,40.0,0.71,93.41,-67.0 / -14.3 / -8.4,False,141,-52.68,0.46
GBPUSD,G_asia_cont,G_asia_cont|ref19-21o1|act22-09|con|b0.5|a10|m1.5|tp1.5|x10,485,-84.01,40.62,0.73,88.56,-58.4 / -15.8 / -11.1,False,141,-52.73,0.48
GBPUSD,G_asia_cont,G_asia_cont|ref19-21o1|act22-09|con|b1.0|a10|m1.0|tp1.0|x09,444,-280.3,33.33,0.27,283.27,-113.5 / -68.4 / -96.9,False,123,-78.71,0.26
GBPUSD,G_asia_cont,G_asia_cont|ref19-21o1|act22-09|con|b1.0|a10|m1.0|tp1.0|x10,444,-279.96,33.56,0.27,282.93,-113.2 / -68.4 / -96.9,False,123,-79.71,0.26
GBPUSD,G_asia_cont,G_asia_cont|ref19-21o1|act22-09|con|b1.0|a10|m1.0|tp1.5|x09,444,-264.47,27.93,0.36,267.95,-108.6 / -60.5 / -93.9,False,123,-77.24,0.32
GBPUSD,G_asia_cont,G_asia_cont|ref19-21o1|act22-09|con|b1.0|a10|m1.0|tp1.5|x10,444,-265.02,28.15,0.36,268.5,-106.7 / -62.4 / -94.4,False,123,-78.2,0.32
GBPUSD,G_asia_cont,G_asia_cont|ref19-21o1|act22-09|con|b1.0|a10|m1.5|tp1.0|x09,444,-120.25,45.27,0.56,126.76,-58.9 / -30.6 / -29.4,False,123,-49.12,0.4
GBPUSD,G_asia_cont,G_asia_cont|ref19-21o1|act22-09|con|b1.0|a10|m1.5|tp1.0|x10,444,-121.19,45.72,0.57,128.45,-53.1 / -34.6 / -32.2,False,123,-48.88,0.42
GBPUSD,G_asia_cont,G_asia_cont|ref19-21o1|act22-09|con|b1.0|a10|m1.5|tp1.5|x09,444,-140.25,36.04,0.55,144.57,-69.3 / -37.2 / -32.5,False,123,-55.02,0.39
GBPUSD,G_asia_cont,G_asia_cont|ref19-21o1|act22-09|con|b1.0|a10|m1.5|tp1.5|x10,444,-146.39,35.36,0.55,152.26,-63.3 / -42.2 / -39.6,False,123,-57.27,0.38
GBPUSD,G_asia_cont,G_asia_cont|ref19-21o1|act22-10|con|b0.5|a10|m1.0|tp1.0|x09,490,-231.04,40.2,0.38,230.4,-105.7 / -77.4 / -48.5,False,144,-96.3,0.25
GBPUSD,G_asia_cont,G_asia_cont|ref19-21o1|act22-10|con|b0.5|a10|m1.0|tp1.0|x10,490,-230.31,40.41,0.38,229.68,-104.6 / -78.0 / -48.2,False,144,-96.3,0.25
GBPUSD,G_asia_cont,G_asia_cont|ref19-21o1|act22-10|con|b0.5|a10|m1.0|tp1.5|x09,490,-220.18,33.06,0.47,221.2,-104.2 / -69.8 / -47.3,False,144,-97.24,0.29
GBPUSD,G_asia_cont,G_asia_cont|ref19-21o1|act22-10|con|b0.5|a10|m1.0|tp1.5|x10,490,-221.0,32.86,0.47,222.03,-102.1 / -70.9 / -49.0,False,144,-95.76,0.3
GBPUSD,G_asia_cont,G_asia_cont|ref19-21o1|act22-10|con|b0.5|a10|m1.5|tp1.0|x09,490,-101.69,47.55,0.64,107.48,-65.6 / -25.4 / -11.4,False,144,-48.43,0.47
GBPUSD,G_asia_cont,G_asia_cont|ref19-21o1|act22-10|con|b0.5|a10|m1.5|tp1.0|x10,490,-98.01,48.37,0.66,103.49,-62.6 / -23.5 / -12.7,False,144,-48.77,0.48
GBPUSD,G_asia_cont,G_asia_cont|ref19-21o1|act22-10|con|b0.5|a10|m1.5|tp1.5|x09,490,-91.88,39.8,0.71,95.62,-68.2 / -14.1 / -10.8,False,144,-51.2,0.48
GBPUSD,G_asia_cont,G_asia_cont|ref19-21o1|act22-10|con|b0.5|a10|m1.5|tp1.5|x10,490,-88.07,40.2,0.73,91.99,-61.2 / -15.6 / -12.5,False,144,-53.26,0.49
GBPUSD,G_asia_cont,G_asia_cont|ref19-21o1|act22-10|con|b1.0|a10|m1.0|tp1.0|x09,459,-288.84,33.33,0.27,291.81,-116.0 / -68.2 / -103.1,False,132,-86.22,0.25
GBPUSD,G_asia_cont,G_asia_cont|ref19-21o1|act22-10|con|b1.0|a10|m1.0|tp1.0|x10,459,-288.45,33.33,0.27,291.42,-115.7 / -69.1 / -102.2,False,132,-84.66,0.26
GBPUSD,G_asia_cont,G_asia_cont|ref19-21o1|act22-10|con|b1.0|a10|m1.0|tp1.5|x09,459,-273.01,27.89,0.36,276.48,-110.0 / -61.3 / -100.2,False,132,-83.74,0.32
GBPUSD,G_asia_cont,G_asia_cont|ref19-21o1|act22-10|con|b1.0|a10|m1.0|tp1.5|x10,459,-274.92,27.89,0.36,278.39,-110.7 / -63.1 / -99.7,False,132,-82.41,0.32
GBPUSD,G_asia_cont,G_asia_cont|ref19-21o1|act22-10|con|b1.0|a10|m1.5|tp1.0|x09,459,-123.61,45.32,0.57,130.11,-60.9 / -28.2 / -33.2,False,132,-53.8,0.4
GBPUSD,G_asia_cont,G_asia_cont|ref19-21o1|act22-10|con|b1.0|a10|m1.5|tp1.0|x10,459,-126.64,44.88,0.56,133.9,-56.7 / -33.9 / -34.7,False,132,-49.86,0.43
GBPUSD,G_asia_cont,G_asia_cont|ref19-21o1|act22-10|con|b1.0|a10|m1.5|tp1.5|x09,459,-145.11,35.95,0.55,149.43,-70.3 / -37.7 / -35.8,False,132,-58.19,0.4
GBPUSD,G_asia_cont,G_asia_cont|ref19-21o1|act22-10|con|b1.0|a10|m1.5|tp1.5|x10,459,-151.34,34.86,0.54,157.21,-67.0 / -41.0 / -42.1,False,132,-59.62,0.38
GBPUSD,G_asia_cont,G_asia_cont|ref19-22o1|act22-09|con|b0.5|a10|m1.0|tp1.0|x09,480,-239.72,39.17,0.36,239.08,-104.4 / -75.2 / -60.6,False,140,-100.2,0.22
GBPUSD,G_asia_cont,G_asia_cont|ref19-22o1|act22-09|con|b0.5|a10|m1.0|tp1.0|x10,480,-237.75,39.58,0.36,237.11,-102.7 / -75.2 / -60.3,False,140,-100.2,0.22
GBPUSD,G_asia_cont,G_asia_cont|ref19-22o1|act22-09|con|b0.5|a10|m1.0|tp1.5|x09,480,-241.44,31.25,0.43,241.3,-108.4 / -73.2 / -60.9,False,140,-94.46,0.29
GBPUSD,G_asia_cont,G_asia_cont|ref19-22o1|act22-09|con|b0.5|a10|m1.0|tp1.5|x10,480,-240.54,31.25,0.43,240.4,-105.7 / -73.2 / -62.6,False,140,-92.44,0.31
GBPUSD,G_asia_cont,G_asia_cont|ref19-22o1|act22-09|con|b0.5|a10|m1.5|tp1.0|x09,480,-98.32,48.12,0.65,102.36,-55.7 / -24.1 / -19.3,False,140,-53.81,0.42
GBPUSD,G_asia_cont,G_asia_cont|ref19-22o1|act22-09|con|b0.5|a10|m1.5|tp1.0|x10,480,-95.07,48.75,0.66,99.1,-50.2 / -24.2 / -21.4,False,140,-53.09,0.44
GBPUSD,G_asia_cont,G_asia_cont|ref19-22o1|act22-09|con|b0.5|a10|m1.5|tp1.5|x09,480,-90.11,40.0,0.71,92.69,-59.1 / -12.6 / -19.6,False,140,-62.64,0.38
GBPUSD,G_asia_cont,G_asia_cont|ref19-22o1|act22-09|con|b0.5|a10|m1.5|tp1.5|x10,480,-87.98,39.79,0.72,91.01,-50.8 / -16.0 / -22.4,False,140,-64.08,0.39
GBPUSD,G_asia_cont,G_asia_cont|ref19-22o1|act22-09|con|b1.0|a10|m1.0|tp1.0|x09,431,-288.18,31.55,0.25,291.15,-114.1 / -78.9 / -93.7,False,120,-86.28,0.21
GBPUSD,G_asia_cont,G_asia_cont|ref19-22o1|act22-09|con|b1.0|a10|m1.0|tp1.0|x10,431,-287.83,31.79,0.25,290.81,-113.7 / -78.9 / -93.7,False,120,-87.69,0.21
GBPUSD,G_asia_cont,G_asia_cont|ref19-22o1|act22-09|con|b1.0|a10|m1.0|tp1.5|x09,431,-283.03,25.52,0.32,286.5,-115.1 / -70.3 / -96.2,False,120,-87.14,0.25
GBPUSD,G_asia_cont,G_asia_cont|ref19-22o1|act22-09|con|b1.0|a10|m1.0|tp1.5|x10,431,-283.9,25.75,0.32,287.37,-113.7 / -72.0 / -96.7,False,120,-87.23,0.26
GBPUSD,G_asia_cont,G_asia_cont|ref19-22o1|act22-09|con|b1.0|a10|m1.5|tp1.0|x09,431,-132.91,43.39,0.52,139.42,-61.7 / -35.6 / -34.3,False,120,-52.24,0.36
GBPUSD,G_asia_cont,G_asia_cont|ref19-22o1|act22-09|con|b1.0|a10|m1.5|tp1.0|x10,431,-135.83,43.39,0.52,143.1,-59.0 / -38.2 / -37.3,False,120,-51.39,0.38
GBPUSD,G_asia_cont,G_asia_cont|ref19-22o1|act22-09|con|b1.0|a10|m1.5|tp1.5|x09,431,-154.73,34.8,0.5,159.62,-73.5 / -41.3 / -38.6,False,120,-60.06,0.34
GBPUSD,G_asia_cont,G_asia_cont|ref19-22o1|act22-09|con|b1.0|a10|m1.5|tp1.5|x10,431,-162.33,32.95,0.5,168.67,-69.6 / -45.9 / -45.5,False,120,-60.73,0.35
GBPUSD,G_asia_cont,G_asia_cont|ref19-22o1|act22-10|con|b0.5|a10|m1.0|tp1.0|x09,485,-244.03,38.97,0.36,243.39,-107.0 / -76.4 / -61.2,False,142,-102.65,0.22
GBPUSD,G_asia_cont,G_asia_cont|ref19-22o1|act22-10|con|b0.5|a10|m1.0|tp1.0|x10,485,-242.05,39.38,0.36,241.41,-105.3 / -76.4 / -60.9,False,142,-102.65,0.22
GBPUSD,G_asia_cont,G_asia_cont|ref19-22o1|act22-10|con|b0.5|a10|m1.0|tp1.5|x09,485,-247.75,30.93,0.42,247.61,-111.0 / -74.4 / -63.4,False,142,-96.91,0.29
GBPUSD,G_asia_cont,G_asia_cont|ref19-22o1|act22-10|con|b0.5|a10|m1.0|tp1.5|x10,485,-246.85,30.93,0.42,246.71,-108.3 / -74.4 / -65.2,False,142,-94.89,0.3
GBPUSD,G_asia_cont,G_asia_cont|ref19-22o1|act22-10|con|b0.5|a10|m1.5|tp1.0|x09,485,-100.19,48.04,0.64,103.04,-56.0 / -25.2 / -19.7,False,142,-52.12,0.44
GBPUSD,G_asia_cont,G_asia_cont|ref19-22o1|act22-10|con|b0.5|a10|m1.5|tp1.0|x10,485,-99.13,48.25,0.65,101.98,-51.7 / -25.3 / -22.8,False,142,-52.26,0.45
GBPUSD,G_asia_cont,G_asia_cont|ref19-22o1|act22-10|con|b0.5|a10|m1.5|tp1.5|x09,485,-93.49,39.79,0.7,96.06,-59.0 / -13.8 / -21.9,False,142,-59.94,0.41
GBPUSD,G_asia_cont,G_asia_cont|ref19-22o1|act22-10|con|b0.5|a10|m1.5|tp1.5|x10,485,-92.04,39.38,0.71,94.61,-52.3 / -17.2 / -23.7,False,142,-63.62,0.4
GBPUSD,G_asia_cont,G_asia_cont|ref19-22o1|act22-10|con|b1.0|a10|m1.0|tp1.0|x09,444,-294.36,31.76,0.25,297.34,-113.3 / -80.8 / -98.8,False,131,-96.62,0.2
GBPUSD,G_asia_cont,G_asia_cont|ref19-22o1|act22-10|con|b1.0|a10|m1.0|tp1.0|x10,444,-293.98,31.76,0.25,296.95,-113.0 / -81.7 / -97.8,False,131,-95.48,0.21
GBPUSD,G_asia_cont,G_asia_cont|ref19-22o1|act22-10|con|b1.0|a10|m1.0|tp1.5|x09,444,-286.72,25.9,0.32,290.19,-112.8 / -71.1 / -101.3,False,131,-96.49,0.25
GBPUSD,G_asia_cont,G_asia_cont|ref19-22o1|act22-10|con|b1.0|a10|m1.0|tp1.5|x10,444,-290.87,25.68,0.32,294.35,-114.3 / -74.3 / -100.8,False,131,-94.28,0.26
GBPUSD,G_asia_cont,G_asia_cont|ref19-22o1|act22-10|con|b1.0|a10|m1.5|tp1.0|x09,444,-132.04,43.92,0.53,138.55,-60.5 / -33.2 / -37.0,False,131,-61.47,0.34
GBPUSD,G_asia_cont,G_asia_cont|ref19-22o1|act22-10|con|b1.0|a10|m1.5|tp1.0|x10,444,-138.67,42.79,0.51,145.93,-59.7 / -38.9 / -38.8,False,131,-55.34,0.38
GBPUSD,G_asia_cont,G_asia_cont|ref19-22o1|act22-10|con|b1.0|a10|m1.5|tp1.5|x09,444,-154.86,35.14,0.52,159.85,-70.8 / -41.9 / -40.9,False,131,-68.29,0.33
GBPUSD,G_asia_cont,G_asia_cont|ref19-22o1|act22-10|con|b1.0|a10|m1.5|tp1.5|x10,444,-164.54,32.66,0.5,170.88,-70.2 / -46.1 / -47.0,False,131,-65.57,0.34
