inst,family,spec,n_tr,tr_r,tr_wr,tr_pf,tr_dd,segs,seg_ok,te_n,te_r,te_pf
EURUSD,A_asia_ny,A_asia_ny_rev|ref19-21o1|act22-09|rev|b0.75|a10|m1.0|tp0.75|x08,479,21.55,74.32,1.14,8.15,+4.7 / +7.4 / +10.9,True,132,22.07,1.73
EURUSD,A_asia_ny,A_asia_ny_rev|ref19-21o1|act22-09|rev|b0.75|a10|m1.0|tpopp|x08,479,-37.31,42.8,0.89,51.24,-6.0 / -11.7 / -18.2,False,132,-37.51,0.61
EURUSD,A_asia_ny,A_asia_ny_rev|ref19-21o1|act22-09|rev|b1.0|a10|m1.0|tp0.75|x08,446,36.78,76.91,1.29,7.85,+3.0 / +11.5 / +21.9,True,122,12.99,1.4
EURUSD,A_asia_ny,A_asia_ny_rev|ref19-21o1|act22-09|rev|b1.0|a10|m1.0|tpopp|x08,446,-38.84,40.13,0.88,57.78,-22.7 / -10.5 / -4.3,False,122,-31.39,0.65
EURUSD,A_asia_ny,A_asia_ny_rev|ref19-21o1|act22-09|rev|b1.25|a10|m1.0|tp0.75|x08,406,36.08,77.34,1.31,7.72,+7.2 / +18.8 / +9.7,True,116,6.08,1.18
EURUSD,A_asia_ny,A_asia_ny_rev|ref19-21o1|act22-09|rev|b1.25|a10|m1.0|tpopp|x08,406,-49.92,37.19,0.84,72.99,-4.5 / -29.0 / -15.0,False,116,-18.92,0.77
EURUSD,A_asia_ny,A_asia_ny_rev|ref19-21o1|act22-10|rev|b0.75|a10|m1.0|tp0.75|x08,484,22.48,74.38,1.15,8.15,+3.4 / +10.0 / +10.4,True,135,23.49,1.78
EURUSD,A_asia_ny,A_asia_ny_rev|ref19-21o1|act22-10|rev|b0.75|a10|m1.0|tpopp|x08,484,-36.06,42.77,0.89,49.18,-6.0 / -11.4 / -17.2,False,135,-38.01,0.62
EURUSD,A_asia_ny,A_asia_ny_rev|ref19-21o1|act22-10|rev|b1.0|a10|m1.0|tp0.75|x08,464,42.74,77.37,1.33,7.46,+5.8 / +13.0 / +23.6,True,125,12.59,1.38
EURUSD,A_asia_ny,A_asia_ny_rev|ref19-21o1|act22-10|rev|b1.0|a10|m1.0|tpopp|x08,464,-24.97,40.95,0.92,46.38,-9.1 / -10.9 / -3.6,False,125,-32.49,0.65
EURUSD,A_asia_ny,A_asia_ny_rev|ref19-21o1|act22-10|rev|b1.25|a10|m1.0|tp0.75|x08,424,41.86,77.83,1.36,6.12,+8.6 / +20.1 / +12.8,True,119,7.69,1.22
EURUSD,A_asia_ny,A_asia_ny_rev|ref19-21o1|act22-10|rev|b1.25|a10|m1.0|tpopp|x08,424,-43.61,37.5,0.86,71.16,-4.4 / -23.1 / -14.7,False,119,-19.5,0.77
EURUSD,B_london,B_london_rev|ref19-21o1|act06-09|rev|b0.25|a10|m1.0|tp0.5|x10,549,-156.23,65.57,0.34,157.39,-66.3 / -49.4 / -40.6,False,159,-36.44,0.42
EURUSD,B_london,B_london_rev|ref19-21o1|act06-09|rev|b0.25|a10|m1.0|tp0.5|x11,549,-155.16,65.76,0.34,156.96,-66.3 / -49.0 / -40.0,False,159,-36.44,0.42
EURUSD,B_london,B_london_rev|ref19-21o1|act06-09|rev|b0.25|a10|m1.0|tp0.75|x10,549,-135.14,58.47,0.53,136.65,-64.3 / -41.9 / -27.6,False,159,-29.52,0.62
EURUSD,B_london,B_london_rev|ref19-21o1|act06-09|rev|b0.25|a10|m1.0|tp0.75|x11,549,-135.01,58.47,0.53,136.8,-64.3 / -41.9 / -27.5,False,159,-30.19,0.61
EURUSD,B_london,B_london_rev|ref19-21o1|act06-09|rev|b0.25|a10|m1.0|tpopp|x10,549,-145.08,34.79,0.67,162.63,-52.7 / -32.9 / -58.0,False,159,-34.26,0.71
EURUSD,B_london,B_london_rev|ref19-21o1|act06-09|rev|b0.25|a10|m1.0|tpopp|x11,549,-141.62,34.97,0.68,161.67,-55.4 / -34.1 / -50.8,False,159,-34.36,0.72
EURUSD,B_london,B_london_rev|ref19-21o1|act06-09|rev|b0.25|a10|m1.5|tp0.5|x10,549,-68.41,69.58,0.64,70.98,-38.5 / -14.7 / -13.9,False,159,-2.86,0.93
EURUSD,B_london,B_london_rev|ref19-21o1|act06-09|rev|b0.25|a10|m1.5|tp0.5|x11,549,-67.95,69.4,0.64,70.71,-38.1 / -14.8 / -13.8,False,159,-1.93,0.95
EURUSD,B_london,B_london_rev|ref19-21o1|act06-09|rev|b0.25|a10|m1.5|tp0.75|x10,549,-68.62,59.02,0.72,78.9,-40.2 / -10.8 / -16.3,False,159,-16.19,0.76
EURUSD,B_london,B_london_rev|ref19-21o1|act06-09|rev|b0.25|a10|m1.5|tp0.75|x11,549,-66.95,59.56,0.73,77.41,-38.1 / -11.0 / -16.5,False,159,-14.4,0.79
EURUSD,B_london,B_london_rev|ref19-21o1|act06-09|rev|b0.25|a10|m1.5|tpopp|x10,549,-76.99,44.08,0.76,92.89,-31.2 / -14.6 / -29.9,False,159,-10.81,0.87
EURUSD,B_london,B_london_rev|ref19-21o1|act06-09|rev|b0.25|a10|m1.5|tpopp|x11,549,-74.03,44.99,0.78,91.27,-28.2 / -18.7 / -25.9,False,159,-12.18,0.86
EURUSD,B_london,B_london_rev|ref19-21o1|act06-09|rev|b0.5|a10|m1.0|tp0.5|x10,540,-115.84,70.19,0.42,118.45,-52.6 / -31.8 / -31.5,False,151,-29.15,0.47
EURUSD,B_london,B_london_rev|ref19-21o1|act06-09|rev|b0.5|a10|m1.0|tp0.5|x11,540,-115.42,70.19,0.43,118.02,-52.6 / -31.4 / -31.5,False,151,-29.15,0.47
EURUSD,B_london,B_london_rev|ref19-21o1|act06-09|rev|b0.5|a10|m1.0|tp0.75|x10,540,-78.97,64.07,0.67,83.51,-42.1 / -23.7 / -11.7,False,151,-15.47,0.76
EURUSD,B_london,B_london_rev|ref19-21o1|act06-09|rev|b0.5|a10|m1.0|tp0.75|x11,540,-78.27,64.26,0.68,83.49,-42.1 / -23.7 / -11.0,False,151,-14.65,0.77
EURUSD,B_london,B_london_rev|ref19-21o1|act06-09|rev|b0.5|a10|m1.0|tpopp|x10,540,-100.46,37.04,0.76,121.61,-35.1 / -23.9 / -40.0,False,151,-29.33,0.74
EURUSD,B_london,B_london_rev|ref19-21o1|act06-09|rev|b0.5|a10|m1.0|tpopp|x11,540,-95.25,36.67,0.78,120.2,-37.2 / -24.1 / -32.6,False,151,-33.63,0.72
EURUSD,B_london,B_london_rev|ref19-21o1|act06-09|rev|b0.5|a10|m1.5|tp0.5|x10,540,-35.36,73.52,0.78,38.33,-28.3 / -1.5 / -4.3,False,151,2.03,1.06
EURUSD,B_london,B_london_rev|ref19-21o1|act06-09|rev|b0.5|a10|m1.5|tp0.5|x11,540,-33.4,74.07,0.79,36.82,-27.8 / -0.6 / -3.7,False,151,2.94,1.08
EURUSD,B_london,B_london_rev|ref19-21o1|act06-09|rev|b0.5|a10|m1.5|tp0.75|x10,540,-26.33,63.52,0.88,33.64,-31.9 / +6.8 / +0.1,False,151,0.17,1.0
EURUSD,B_london,B_london_rev|ref19-21o1|act06-09|rev|b0.5|a10|m1.5|tp0.75|x11,540,-26.11,63.89,0.88,32.94,-31.2 / +6.7 / -0.4,False,151,-0.21,1.0
EURUSD,B_london,B_london_rev|ref19-21o1|act06-09|rev|b0.5|a10|m1.5|tpopp|x10,540,-48.45,45.56,0.84,65.14,-26.8 / -2.5 / -17.8,False,151,-11.81,0.85
EURUSD,B_london,B_london_rev|ref19-21o1|act06-09|rev|b0.5|a10|m1.5|tpopp|x11,540,-50.28,45.37,0.84,68.36,-27.9 / -6.7 / -14.4,False,151,-15.42,0.82
EURUSD,B_london,B_london_rev|ref19-21o1|act06-09|rev|b0.75|a10|m1.0|tp0.5|x10,520,-99.64,71.35,0.46,102.15,-45.5 / -28.6 / -25.6,False,143,-25.14,0.5
EURUSD,B_london,B_london_rev|ref19-21o1|act06-09|rev|b0.75|a10|m1.0|tp0.5|x11,520,-99.21,71.35,0.46,101.72,-45.5 / -28.2 / -25.6,False,143,-25.14,0.5
EURUSD,B_london,B_london_rev|ref19-21o1|act06-09|rev|b0.75|a10|m1.0|tp0.75|x10,520,-48.08,67.12,0.78,56.47,-32.0 / -9.3 / -5.4,False,143,-7.21,0.87
EURUSD,B_london,B_london_rev|ref19-21o1|act06-09|rev|b0.75|a10|m1.0|tp0.75|x11,520,-48.06,67.12,0.78,56.45,-32.0 / -9.3 / -5.4,False,143,-6.39,0.88
EURUSD,B_london,B_london_rev|ref19-21o1|act06-09|rev|b0.75|a10|m1.0|tpopp|x10,520,-84.96,37.5,0.79,108.94,-24.5 / -23.3 / -35.8,False,143,-21.18,0.8
EURUSD,B_london,B_london_rev|ref19-21o1|act06-09|rev|b0.75|a10|m1.0|tpopp|x11,520,-82.46,36.54,0.8,109.29,-25.4 / -27.2 / -28.5,False,143,-27.77,0.75
EURUSD,B_london,B_london_rev|ref19-21o1|act06-09|rev|b0.75|a10|m1.5|tp0.5|x10,520,-6.87,76.92,0.95,16.23,-14.7 / +8.6 / +0.5,False,143,1.36,1.04
EURUSD,B_london,B_london_rev|ref19-21o1|act06-09|rev|b0.75|a10|m1.5|tp0.5|x11,520,-6.16,77.31,0.95,16.23,-14.2 / +8.9 / +0.4,False,143,3.28,1.1
EURUSD,B_london,B_london_rev|ref19-21o1|act06-09|rev|b0.75|a10|m1.5|tp0.75|x10,520,16.27,68.65,1.09,13.27,-2.3 / +14.9 / +4.9,False,143,4.85,1.1
EURUSD,B_london,B_london_rev|ref19-21o1|act06-09|rev|b0.75|a10|m1.5|tp0.75|x11,520,15.34,68.27,1.08,14.92,-2.2 / +15.2 / +3.6,False,143,3.74,1.08
EURUSD,B_london,B_london_rev|ref19-21o1|act06-09|rev|b0.75|a10|m1.5|tpopp|x10,520,-37.34,45.77,0.87,56.1,-12.4 / -9.1 / -14.6,False,143,-4.56,0.94
EURUSD,B_london,B_london_rev|ref19-21o1|act06-09|rev|b0.75|a10|m1.5|tpopp|x11,520,-43.61,44.81,0.86,63.93,-15.6 / -15.7 / -11.0,False,143,-9.66,0.87
EURUSD,B_london,B_london_rev|ref19-21o1|act06-09|rev_cf|b0.25|a10|m1.0|tp0.5|x10,238,-102.21,55.88,0.22,103.01,-36.3 / -44.6 / -21.4,False,54,-7.39,0.56
EURUSD,B_london,B_london_rev|ref19-21o1|act06-09|rev_cf|b0.25|a10|m1.0|tp0.5|x11,238,-102.26,56.3,0.22,103.56,-35.4 / -45.3 / -21.7,False,54,-5.9,0.63
EURUSD,B_london,B_london_rev|ref19-21o1|act06-09|rev_cf|b0.25|a10|m1.0|tp0.75|x10,238,-99.16,48.74,0.35,100.71,-34.6 / -40.3 / -23.0,False,54,-3.24,0.84
EURUSD,B_london,B_london_rev|ref19-21o1|act06-09|rev_cf|b0.25|a10|m1.0|tp0.75|x11,238,-100.06,49.16,0.35,102.32,-33.0 / -42.5 / -23.2,False,54,-1.99,0.9
EURUSD,B_london,B_london_rev|ref19-21o1|act06-09|rev_cf|b0.25|a10|m1.0|tpopp|x10,238,-79.28,43.28,0.48,86.2,-21.2 / -34.5 / -22.2,False,54,-4.64,0.82
EURUSD,B_london,B_london_rev|ref19-21o1|act06-09|rev_cf|b0.25|a10|m1.0|tpopp|x11,238,-84.04,41.18,0.46,90.12,-21.2 / -37.8 / -23.7,False,54,-3.55,0.87
EURUSD,B_london,B_london_rev|ref19-21o1|act06-09|rev_cf|b0.25|a10|m1.5|tp0.5|x10,238,-60.0,58.4,0.42,62.93,-23.7 / -26.2 / -10.4,False,54,-3.48,0.78
EURUSD,B_london,B_london_rev|ref19-21o1|act06-09|rev_cf|b0.25|a10|m1.5|tp0.5|x11,238,-60.0,59.66,0.42,63.4,-22.2 / -26.5 / -11.5,False,54,-2.71,0.82
EURUSD,B_london,B_london_rev|ref19-21o1|act06-09|rev_cf|b0.25|a10|m1.5|tp0.75|x10,238,-59.67,50.0,0.51,61.67,-20.1 / -23.1 / -16.9,False,54,-3.37,0.83
EURUSD,B_london,B_london_rev|ref19-21o1|act06-09|rev_cf|b0.25|a10|m1.5|tp0.75|x11,238,-58.23,50.42,0.53,61.12,-17.2 / -22.4 / -19.1,False,54,-1.85,0.91
EURUSD,B_london,B_london_rev|ref19-21o1|act06-09|rev_cf|b0.25|a10|m1.5|tpopp|x10,238,-51.79,50.0,0.52,57.38,-16.7 / -22.8 / -11.8,False,54,-5.23,0.74
EURUSD,B_london,B_london_rev|ref19-21o1|act06-09|rev_cf|b0.25|a10|m1.5|tpopp|x11,238,-52.67,49.16,0.52,58.52,-16.7 / -23.7 / -12.5,False,54,-5.0,0.77
EURUSD,B_london,B_london_rev|ref19-21o1|act06-09|rev_cf|b0.5|a10|m1.0|tp0.5|x10,206,-87.8,55.83,0.23,87.73,-37.7 / -33.6 / -16.6,False,39,-2.74,0.73
EURUSD,B_london,B_london_rev|ref19-21o1|act06-09|rev_cf|b0.5|a10|m1.0|tp0.5|x11,206,-87.84,56.31,0.23,87.78,-36.8 / -34.3 / -16.9,False,39,-1.86,0.8
EURUSD,B_london,B_london_rev|ref19-21o1|act06-09|rev_cf|b0.5|a10|m1.0|tp0.75|x10,206,-82.38,50.0,0.37,81.82,-34.2 / -30.1 / -16.8,False,39,1.78,1.15
EURUSD,B_london,B_london_rev|ref19-21o1|act06-09|rev_cf|b0.5|a10|m1.0|tp0.75|x11,206,-82.86,50.0,0.37,82.93,-33.1 / -32.0 / -16.4,False,39,1.31,1.1
EURUSD,B_london,B_london_rev|ref19-21o1|act06-09|rev_cf|b0.5|a10|m1.0|tpopp|x10,206,-66.84,43.69,0.49,72.89,-22.2 / -25.6 / -17.6,False,39,-3.8,0.77
EURUSD,B_london,B_london_rev|ref19-21o1|act06-09|rev_cf|b0.5|a10|m1.0|tpopp|x11,206,-71.21,41.26,0.47,76.42,-22.7 / -28.6 / -18.6,False,39,-5.45,0.71
EURUSD,B_london,B_london_rev|ref19-21o1|act06-09|rev_cf|b0.5|a10|m1.5|tp0.5|x10,206,-48.54,60.19,0.44,50.92,-24.3 / -19.1 / -5.4,False,39,0.51,1.06
EURUSD,B_london,B_london_rev|ref19-21o1|act06-09|rev_cf|b0.5|a10|m1.5|tp0.5|x11,206,-49.33,60.68,0.44,52.19,-23.1 / -20.4 / -6.1,False,39,-0.01,1.0
EURUSD,B_london,B_london_rev|ref19-21o1|act06-09|rev_cf|b0.5|a10|m1.5|tp0.75|x10,206,-45.26,52.43,0.55,46.72,-21.0 / -16.4 / -8.4,False,39,-0.63,0.95
EURUSD,B_london,B_london_rev|ref19-21o1|act06-09|rev_cf|b0.5|a10|m1.5|tp0.75|x11,206,-44.95,51.94,0.57,47.37,-18.4 / -16.1 / -11.0,False,39,0.36,1.03
EURUSD,B_london,B_london_rev|ref19-21o1|act06-09|rev_cf|b0.5|a10|m1.5|tpopp|x10,206,-40.85,51.46,0.55,45.85,-16.7 / -15.6 / -8.0,False,39,-3.7,0.7
EURUSD,B_london,B_london_rev|ref19-21o1|act06-09|rev_cf|b0.5|a10|m1.5|tpopp|x11,206,-42.22,50.0,0.54,47.48,-16.9 / -17.3 / -8.2,False,39,-5.43,0.63
EURUSD,B_london,B_london_rev|ref19-21o1|act06-09|rev_cf|b0.75|a10|m1.0|tp0.5|x10,148,-58.67,56.76,0.25,58.61,-23.0 / -26.1 / -9.8,False,28,-0.01,1.0
EURUSD,B_london,B_london_rev|ref19-21o1|act06-09|rev_cf|b0.75|a10|m1.0|tp0.5|x11,148,-58.72,57.43,0.25,58.66,-22.1 / -26.7 / -10.1,False,28,0.14,1.02
EURUSD,B_london,B_london_rev|ref19-21o1|act06-09|rev_cf|b0.75|a10|m1.0|tp0.75|x10,148,-58.05,49.32,0.37,57.49,-18.0 / -26.4 / -12.3,False,28,2.76,1.37
EURUSD,B_london,B_london_rev|ref19-21o1|act06-09|rev_cf|b0.75|a10|m1.0|tp0.75|x11,148,-59.71,49.32,0.37,59.47,-16.9 / -29.2 / -12.3,False,28,1.31,1.15
EURUSD,B_london,B_london_rev|ref19-21o1|act06-09|rev_cf|b0.75|a10|m1.0|tpopp|x10,148,-49.06,44.59,0.47,54.49,-13.1 / -24.4 / -10.2,False,28,-1.17,0.89
EURUSD,B_london,B_london_rev|ref19-21o1|act06-09|rev_cf|b0.75|a10|m1.0|tpopp|x11,148,-52.35,41.89,0.45,56.09,-14.4 / -26.2 / -10.4,False,28,-3.39,0.74
EURUSD,B_london,B_london_rev|ref19-21o1|act06-09|rev_cf|b0.75|a10|m1.5|tp0.5|x10,148,-33.37,59.46,0.45,34.37,-16.4 / -14.0 / -3.2,False,28,2.16,1.44
EURUSD,B_london,B_london_rev|ref19-21o1|act06-09|rev_cf|b0.75|a10|m1.5|tp0.5|x11,148,-35.29,60.14,0.44,36.3,-15.3 / -16.2 / -4.1,False,28,0.99,1.16
EURUSD,B_london,B_london_rev|ref19-21o1|act06-09|rev_cf|b0.75|a10|m1.5|tp0.75|x10,148,-30.37,51.35,0.56,33.1,-13.8 / -13.1 / -4.0,False,28,4.18,1.76
EURUSD,B_london,B_london_rev|ref19-21o1|act06-09|rev_cf|b0.75|a10|m1.5|tp0.75|x11,148,-31.82,51.35,0.57,35.0,-11.3 / -14.1 / -7.0,False,28,3.81,1.55
EURUSD,B_london,B_london_rev|ref19-21o1|act06-09|rev_cf|b0.75|a10|m1.5|tpopp|x10,148,-27.58,51.35,0.55,31.17,-12.0 / -12.1 / -2.8,False,28,-0.61,0.92
EURUSD,B_london,B_london_rev|ref19-21o1|act06-09|rev_cf|b0.75|a10|m1.5|tpopp|x11,148,-28.45,50.0,0.55,32.04,-13.1 / -13.1 / -2.5,False,28,-2.73,0.72
EURUSD,B_london,B_london_rev|ref19-21o1|act06-10|rev|b0.25|a10|m1.0|tp0.5|x10,549,-156.23,65.57,0.34,157.39,-66.3 / -49.4 / -40.6,False,162,-35.72,0.43
EURUSD,B_london,B_london_rev|ref19-21o1|act06-10|rev|b0.25|a10|m1.0|tp0.5|x11,549,-155.16,65.76,0.34,156.96,-66.3 / -49.0 / -40.0,False,162,-35.72,0.43
EURUSD,B_london,B_london_rev|ref19-21o1|act06-10|rev|b0.25|a10|m1.0|tp0.75|x10,549,-135.14,58.47,0.53,136.65,-64.3 / -41.9 / -27.6,False,162,-28.83,0.63
EURUSD,B_london,B_london_rev|ref19-21o1|act06-10|rev|b0.25|a10|m1.0|tp0.75|x11,549,-135.01,58.47,0.53,136.8,-64.3 / -41.9 / -27.5,False,162,-30.47,0.62
EURUSD,B_london,B_london_rev|ref19-21o1|act06-10|rev|b0.25|a10|m1.0|tpopp|x10,549,-145.08,34.79,0.67,162.63,-52.7 / -32.9 / -58.0,False,162,-34.38,0.71
EURUSD,B_london,B_london_rev|ref19-21o1|act06-10|rev|b0.25|a10|m1.0|tpopp|x11,549,-141.62,34.97,0.68,161.67,-55.4 / -34.1 / -50.8,False,162,-35.74,0.72
EURUSD,B_london,B_london_rev|ref19-21o1|act06-10|rev|b0.25|a10|m1.5|tp0.5|x10,549,-68.41,69.58,0.64,70.98,-38.5 / -14.7 / -13.9,False,162,-2.4,0.94
EURUSD,B_london,B_london_rev|ref19-21o1|act06-10|rev|b0.25|a10|m1.5|tp0.5|x11,549,-67.95,69.4,0.64,70.71,-38.1 / -14.8 / -13.8,False,162,-2.4,0.94
EURUSD,B_london,B_london_rev|ref19-21o1|act06-10|rev|b0.25|a10|m1.5|tp0.75|x10,549,-68.62,59.02,0.72,78.9,-40.2 / -10.8 / -16.3,False,162,-16.8,0.76
EURUSD,B_london,B_london_rev|ref19-21o1|act06-10|rev|b0.25|a10|m1.5|tp0.75|x11,549,-66.95,59.56,0.73,77.41,-38.1 / -11.0 / -16.5,False,162,-16.12,0.77
EURUSD,B_london,B_london_rev|ref19-21o1|act06-10|rev|b0.25|a10|m1.5|tpopp|x10,549,-76.99,44.08,0.76,92.89,-31.2 / -14.6 / -29.9,False,162,-11.04,0.86
EURUSD,B_london,B_london_rev|ref19-21o1|act06-10|rev|b0.25|a10|m1.5|tpopp|x11,549,-74.03,44.99,0.78,91.27,-28.2 / -18.7 / -25.9,False,162,-13.71,0.85
EURUSD,B_london,B_london_rev|ref19-21o1|act06-10|rev|b0.5|a10|m1.0|tp0.5|x10,545,-119.0,69.91,0.42,120.4,-53.6 / -31.7 / -33.8,False,157,-27.67,0.5
EURUSD,B_london,B_london_rev|ref19-21o1|act06-10|rev|b0.5|a10|m1.0|tp0.5|x11,545,-118.58,69.91,0.42,119.98,-53.6 / -31.2 / -33.8,False,157,-27.67,0.5
EURUSD,B_london,B_london_rev|ref19-21o1|act06-10|rev|b0.5|a10|m1.0|tp0.75|x10,545,-81.63,63.85,0.67,84.97,-42.9 / -23.4 / -14.0,False,157,-13.2,0.8
EURUSD,B_london,B_london_rev|ref19-21o1|act06-10|rev|b0.5|a10|m1.0|tp0.75|x11,545,-80.92,64.04,0.67,84.95,-42.9 / -23.3 / -13.3,False,157,-13.42,0.79
EURUSD,B_london,B_london_rev|ref19-21o1|act06-10|rev|b0.5|a10|m1.0|tpopp|x10,545,-104.01,36.88,0.75,125.01,-35.1 / -25.3 / -42.2,False,157,-27.87,0.75
EURUSD,B_london,B_london_rev|ref19-21o1|act06-10|rev|b0.5|a10|m1.0|tpopp|x11,545,-96.8,36.7,0.77,121.74,-35.1 / -25.4 / -34.8,False,157,-34.23,0.72
EURUSD,B_london,B_london_rev|ref19-21o1|act06-10|rev|b0.5|a10|m1.5|tp0.5|x10,545,-36.42,73.39,0.78,38.77,-29.1 / -0.6 / -5.4,False,157,3.54,1.1
EURUSD,B_london,B_london_rev|ref19-21o1|act06-10|rev|b0.5|a10|m1.5|tp0.5|x11,545,-34.67,73.94,0.79,37.47,-28.7 / +0.1 / -4.8,False,157,3.42,1.09
EURUSD,B_london,B_london_rev|ref19-21o1|act06-10|rev|b0.5|a10|m1.5|tp0.75|x10,545,-28.13,63.3,0.87,35.44,-32.0 / +6.1 / -0.9,False,157,1.73,1.03
EURUSD,B_london,B_london_rev|ref19-21o1|act06-10|rev|b0.5|a10|m1.5|tp0.75|x11,545,-26.64,63.85,0.88,33.46,-30.0 / +6.2 / -1.5,False,157,-0.0,1.0
EURUSD,B_london,B_london_rev|ref19-21o1|act06-10|rev|b0.5|a10|m1.5|tpopp|x10,545,-50.15,45.5,0.84,66.4,-26.8 / -3.2 / -18.9,False,157,-10.84,0.86
EURUSD,B_london,B_london_rev|ref19-21o1|act06-10|rev|b0.5|a10|m1.5|tpopp|x11,545,-50.49,45.5,0.84,68.23,-26.5 / -7.2 / -15.5,False,157,-16.11,0.82
EURUSD,B_london,B_london_rev|ref19-21o1|act06-10|rev|b0.75|a10|m1.0|tp0.5|x10,530,-98.28,71.7,0.47,99.59,-46.2 / -27.6 / -24.6,False,149,-25.07,0.51
EURUSD,B_london,B_london_rev|ref19-21o1|act06-10|rev|b0.75|a10|m1.0|tp0.5|x11,530,-97.85,71.7,0.47,99.16,-46.2 / -27.2 / -24.6,False,149,-25.07,0.51
EURUSD,B_london,B_london_rev|ref19-21o1|act06-10|rev|b0.75|a10|m1.0|tp0.75|x10,530,-46.23,67.36,0.79,53.41,-31.9 / -7.6 / -5.3,False,149,-5.89,0.9
EURUSD,B_london,B_london_rev|ref19-21o1|act06-10|rev|b0.75|a10|m1.0|tp0.75|x11,530,-46.2,67.36,0.79,53.39,-31.9 / -7.5 / -5.3,False,149,-5.07,0.91
EURUSD,B_london,B_london_rev|ref19-21o1|act06-10|rev|b0.75|a10|m1.0|tpopp|x10,530,-88.61,37.55,0.78,111.39,-27.6 / -23.9 / -35.7,False,149,-19.37,0.82
EURUSD,B_london,B_london_rev|ref19-21o1|act06-10|rev|b0.75|a10|m1.0|tpopp|x11,530,-84.99,36.6,0.79,110.61,-27.0 / -27.3 / -29.3,False,149,-28.26,0.76
EURUSD,B_london,B_london_rev|ref19-21o1|act06-10|rev|b0.75|a10|m1.5|tp0.5|x10,530,-5.92,76.98,0.96,15.9,-15.0 / +9.8 / +0.6,False,149,1.91,1.05
EURUSD,B_london,B_london_rev|ref19-21o1|act06-10|rev|b0.75|a10|m1.5|tp0.5|x11,530,-5.59,77.36,0.96,15.9,-14.5 / +10.1 / +0.1,False,149,3.83,1.11
EURUSD,B_london,B_london_rev|ref19-21o1|act06-10|rev|b0.75|a10|m1.5|tp0.75|x10,530,16.38,68.49,1.09,13.35,-2.2 / +14.7 / +5.2,False,149,5.06,1.11
EURUSD,B_london,B_london_rev|ref19-21o1|act06-10|rev|b0.75|a10|m1.5|tp0.75|x11,530,15.21,68.11,1.08,15.39,-2.4 / +15.7 / +3.2,False,149,2.61,1.05
EURUSD,B_london,B_london_rev|ref19-21o1|act06-10|rev|b0.75|a10|m1.5|tpopp|x10,530,-39.48,45.66,0.87,57.11,-14.4 / -9.4 / -14.4,False,149,-3.69,0.95
EURUSD,B_london,B_london_rev|ref19-21o1|act06-10|rev|b0.75|a10|m1.5|tpopp|x11,530,-44.33,44.91,0.86,63.52,-16.2 / -14.9 / -11.9,False,149,-10.48,0.87
EURUSD,B_london,B_london_rev|ref19-21o1|act06-10|rev_cf|b0.25|a10|m1.0|tp0.5|x10,262,-113.0,55.34,0.23,113.8,-40.0 / -50.0 / -23.2,False,67,-11.35,0.5
EURUSD,B_london,B_london_rev|ref19-21o1|act06-10|rev_cf|b0.25|a10|m1.0|tp0.5|x11,262,-113.04,55.34,0.23,114.34,-38.9 / -50.0 / -24.3,False,67,-9.05,0.57
EURUSD,B_london,B_london_rev|ref19-21o1|act06-10|rev_cf|b0.25|a10|m1.0|tp0.75|x10,262,-110.45,48.09,0.35,112.0,-35.5 / -48.4 / -25.3,False,67,-8.69,0.7
EURUSD,B_london,B_london_rev|ref19-21o1|act06-10|rev_cf|b0.25|a10|m1.0|tp0.75|x11,262,-110.85,48.09,0.35,113.11,-33.7 / -49.9 / -25.8,False,67,-6.54,0.76
EURUSD,B_london,B_london_rev|ref19-21o1|act06-10|rev_cf|b0.25|a10|m1.0|tpopp|x10,262,-83.0,42.75,0.51,90.03,-16.3 / -40.6 / -24.8,False,67,-6.81,0.8
EURUSD,B_london,B_london_rev|ref19-21o1|act06-10|rev_cf|b0.25|a10|m1.0|tpopp|x11,262,-96.36,39.69,0.44,102.18,-23.7 / -43.2 / -28.1,False,67,-8.42,0.75
EURUSD,B_london,B_london_rev|ref19-21o1|act06-10|rev_cf|b0.25|a10|m1.5|tp0.5|x10,262,-67.69,58.02,0.41,69.69,-23.8 / -30.9 / -13.3,False,67,-9.45,0.6
EURUSD,B_london,B_london_rev|ref19-21o1|act06-10|rev_cf|b0.25|a10|m1.5|tp0.5|x11,262,-67.2,57.63,0.41,69.8,-22.9 / -30.5 / -14.1,False,67,-6.36,0.7
EURUSD,B_london,B_london_rev|ref19-21o1|act06-10|rev_cf|b0.25|a10|m1.5|tp0.75|x10,262,-69.37,49.24,0.49,71.36,-20.5 / -28.9 / -20.5,False,67,-7.84,0.72
EURUSD,B_london,B_london_rev|ref19-21o1|act06-10|rev_cf|b0.25|a10|m1.5|tp0.75|x11,262,-66.57,47.71,0.51,69.04,-18.7 / -25.8 / -22.5,False,67,-5.84,0.77
EURUSD,B_london,B_london_rev|ref19-21o1|act06-10|rev_cf|b0.25|a10|m1.5|tpopp|x10,262,-54.08,50.0,0.55,60.39,-11.3 / -27.4 / -14.8,False,67,-8.68,0.69
EURUSD,B_london,B_london_rev|ref19-21o1|act06-10|rev_cf|b0.25|a10|m1.5|tpopp|x11,262,-60.57,46.95,0.49,65.91,-17.4 / -27.1 / -16.2,False,67,-8.61,0.67
EURUSD,B_london,B_london_rev|ref19-21o1|act06-10|rev_cf|b0.5|a10|m1.0|tp0.5|x10,227,-96.5,55.51,0.24,96.43,-41.9 / -36.0 / -18.7,False,48,-3.29,0.74
EURUSD,B_london,B_london_rev|ref19-21o1|act06-10|rev_cf|b0.5|a10|m1.0|tp0.5|x11,227,-97.22,55.51,0.23,97.16,-40.8 / -36.7 / -19.9,False,48,-1.92,0.83
EURUSD,B_london,B_london_rev|ref19-21o1|act06-10|rev_cf|b0.5|a10|m1.0|tp0.75|x10,227,-91.84,49.34,0.37,91.27,-37.6 / -33.2 / -19.6,False,48,-0.52,0.97
EURUSD,B_london,B_london_rev|ref19-21o1|act06-10|rev_cf|b0.5|a10|m1.0|tp0.75|x11,227,-91.48,49.34,0.37,91.56,-36.3 / -35.2 / -18.6,False,48,-0.42,0.97
EURUSD,B_london,B_london_rev|ref19-21o1|act06-10|rev_cf|b0.5|a10|m1.0|tpopp|x10,227,-70.14,42.73,0.52,75.09,-18.6 / -29.1 / -21.2,False,48,-6.73,0.68
EURUSD,B_london,B_london_rev|ref19-21o1|act06-10|rev_cf|b0.5|a10|m1.0|tpopp|x11,227,-82.38,39.65,0.45,87.34,-26.4 / -32.1 / -22.6,False,48,-8.55,0.61
EURUSD,B_london,B_london_rev|ref19-21o1|act06-10|rev_cf|b0.5|a10|m1.5|tp0.5|x10,227,-55.84,59.47,0.43,56.69,-26.4 / -21.0 / -8.7,False,48,-2.36,0.83
EURUSD,B_london,B_london_rev|ref19-21o1|act06-10|rev_cf|b0.5|a10|m1.5|tp0.5|x11,227,-55.77,59.03,0.44,56.97,-25.3 / -22.4 / -8.3,False,48,-1.41,0.89
EURUSD,B_london,B_london_rev|ref19-21o1|act06-10|rev_cf|b0.5|a10|m1.5|tp0.75|x10,227,-56.81,50.66,0.51,58.27,-23.9 / -20.8 / -12.7,False,48,-2.25,0.86
EURUSD,B_london,B_london_rev|ref19-21o1|act06-10|rev_cf|b0.5|a10|m1.5|tp0.75|x11,227,-54.78,48.9,0.53,56.71,-21.6 / -19.5 / -14.1,False,48,-1.32,0.92
EURUSD,B_london,B_london_rev|ref19-21o1|act06-10|rev_cf|b0.5|a10|m1.5|tpopp|x10,227,-44.15,50.66,0.57,48.04,-14.1 / -17.8 / -11.7,False,48,-6.65,0.6
EURUSD,B_london,B_london_rev|ref19-21o1|act06-10|rev_cf|b0.5|a10|m1.5|tpopp|x11,227,-50.02,47.58,0.51,54.77,-19.5 / -19.1 / -11.6,False,48,-7.5,0.56
EURUSD,B_london,B_london_rev|ref19-21o1|act06-10|rev_cf|b0.75|a10|m1.0|tp0.5|x10,168,-64.91,57.14,0.26,64.84,-27.1 / -27.1 / -10.9,False,36,-0.94,0.89
EURUSD,B_london,B_london_rev|ref19-21o1|act06-10|rev_cf|b0.75|a10|m1.0|tp0.5|x11,168,-64.79,57.74,0.27,64.73,-26.0 / -27.8 / -11.1,False,36,-0.3,0.96
EURUSD,B_london,B_london_rev|ref19-21o1|act06-10|rev_cf|b0.75|a10|m1.0|tp0.75|x10,168,-63.04,50.0,0.39,62.68,-21.4 / -28.0 / -12.4,False,36,1.58,1.14
EURUSD,B_london,B_london_rev|ref19-21o1|act06-10|rev_cf|b0.75|a10|m1.0|tp0.75|x11,168,-65.28,49.4,0.39,64.89,-20.8 / -30.7 / -12.4,False,36,1.4,1.13
EURUSD,B_london,B_london_rev|ref19-21o1|act06-10|rev_cf|b0.75|a10|m1.0|tpopp|x10,168,-49.34,44.05,0.53,58.65,-9.6 / -25.8 / -12.6,False,36,-5.07,0.67
EURUSD,B_london,B_london_rev|ref19-21o1|act06-10|rev_cf|b0.75|a10|m1.0|tpopp|x11,168,-61.22,40.48,0.43,64.8,-19.5 / -29.0 / -11.4,False,36,-5.98,0.63
EURUSD,B_london,B_london_rev|ref19-21o1|act06-10|rev_cf|b0.75|a10|m1.5|tp0.5|x10,168,-36.69,60.12,0.47,37.15,-18.5 / -14.5 / -3.9,False,36,0.37,1.04
EURUSD,B_london,B_london_rev|ref19-21o1|act06-10|rev_cf|b0.75|a10|m1.5|tp0.5|x11,168,-40.16,58.93,0.44,40.62,-18.6 / -17.3 / -4.6,False,36,0.8,1.1
EURUSD,B_london,B_london_rev|ref19-21o1|act06-10|rev_cf|b0.75|a10|m1.5|tp0.75|x10,168,-37.45,50.6,0.54,39.46,-16.6 / -13.5 / -7.8,False,36,1.89,1.18
EURUSD,B_london,B_london_rev|ref19-21o1|act06-10|rev_cf|b0.75|a10|m1.5|tp0.75|x11,168,-39.03,48.81,0.53,41.06,-15.9 / -14.6 / -9.1,False,36,1.85,1.18
EURUSD,B_london,B_london_rev|ref19-21o1|act06-10|rev_cf|b0.75|a10|m1.5|tpopp|x10,168,-28.2,51.19,0.6,32.42,-9.5 / -13.0 / -5.1,False,36,-3.88,0.65
EURUSD,B_london,B_london_rev|ref19-21o1|act06-10|rev_cf|b0.75|a10|m1.5|tpopp|x11,168,-35.52,47.62,0.51,38.39,-17.2 / -14.9 / -3.7,False,36,-4.45,0.62
EURUSD,B_london,B_london_rev|ref19-21o1|act07-10|rev|b0.25|a10|m1.0|tp0.5|x10,546,-176.96,61.17,0.32,176.73,-76.0 / -47.0 / -52.6,False,160,-30.69,0.48
EURUSD,B_london,B_london_rev|ref19-21o1|act07-10|rev|b0.25|a10|m1.0|tp0.5|x11,546,-175.74,61.54,0.32,175.52,-76.0 / -46.7 / -51.7,False,160,-29.95,0.49
EURUSD,B_london,B_london_rev|ref19-21o1|act07-10|rev|b0.25|a10|m1.0|tp0.75|x10,546,-151.5,55.49,0.49,153.11,-56.1 / -47.3 / -46.7,False,160,-30.7,0.61
EURUSD,B_london,B_london_rev|ref19-21o1|act07-10|rev|b0.25|a10|m1.0|tp0.75|x11,546,-151.22,55.31,0.49,153.12,-56.5 / -47.0 / -46.4,False,160,-29.18,0.63
EURUSD,B_london,B_london_rev|ref19-21o1|act07-10|rev|b0.25|a10|m1.0|tpopp|x10,546,-142.13,35.71,0.66,152.7,-41.4 / -50.3 / -49.1,False,160,-37.03,0.68
EURUSD,B_london,B_london_rev|ref19-21o1|act07-10|rev|b0.25|a10|m1.0|tpopp|x11,546,-143.25,34.98,0.67,155.28,-47.2 / -51.9 / -42.8,False,160,-42.9,0.65
EURUSD,B_london,B_london_rev|ref19-21o1|act07-10|rev|b0.25|a10|m1.5|tp0.5|x10,546,-86.08,65.75,0.57,87.52,-31.9 / -26.9 / -26.1,False,160,-10.57,0.78
EURUSD,B_london,B_london_rev|ref19-21o1|act07-10|rev|b0.25|a10|m1.5|tp0.5|x11,546,-86.42,65.93,0.57,88.05,-31.1 / -27.2 / -26.9,False,160,-8.29,0.83
EURUSD,B_london,B_london_rev|ref19-21o1|act07-10|rev|b0.25|a10|m1.5|tp0.75|x10,546,-87.38,54.76,0.66,88.92,-36.8 / -21.9 / -27.4,False,160,-20.39,0.71
EURUSD,B_london,B_london_rev|ref19-21o1|act07-10|rev|b0.25|a10|m1.5|tp0.75|x11,546,-85.58,55.86,0.67,87.41,-34.9 / -21.9 / -27.5,False,160,-21.22,0.71
EURUSD,B_london,B_london_rev|ref19-21o1|act07-10|rev|b0.25|a10|m1.5|tpopp|x10,546,-88.25,43.41,0.71,91.96,-25.7 / -32.9 / -28.3,False,160,-22.46,0.73
EURUSD,B_london,B_london_rev|ref19-21o1|act07-10|rev|b0.25|a10|m1.5|tpopp|x11,546,-90.29,43.96,0.71,95.09,-25.2 / -34.9 / -29.0,False,160,-29.27,0.68
EURUSD,B_london,B_london_rev|ref19-21o1|act07-10|rev|b0.5|a10|m1.0|tp0.5|x10,538,-138.65,65.8,0.39,137.96,-64.1 / -31.6 / -41.6,False,153,-25.5,0.52
EURUSD,B_london,B_london_rev|ref19-21o1|act07-10|rev|b0.5|a10|m1.0|tp0.5|x11,538,-138.08,65.99,0.39,137.38,-64.1 / -31.3 / -41.3,False,153,-25.5,0.52
EURUSD,B_london,B_london_rev|ref19-21o1|act07-10|rev|b0.5|a10|m1.0|tp0.75|x10,538,-91.45,61.52,0.64,95.3,-42.6 / -19.3 / -28.1,False,153,-22.26,0.68
EURUSD,B_london,B_london_rev|ref19-21o1|act07-10|rev|b0.5|a10|m1.0|tp0.75|x11,538,-89.58,61.9,0.65,94.11,-42.6 / -19.0 / -26.6,False,153,-20.22,0.71
EURUSD,B_london,B_london_rev|ref19-21o1|act07-10|rev|b0.5|a10|m1.0|tpopp|x10,538,-97.75,37.73,0.75,119.13,-14.8 / -42.0 / -39.6,False,153,-35.1,0.68
EURUSD,B_london,B_london_rev|ref19-21o1|act07-10|rev|b0.5|a10|m1.0|tpopp|x11,538,-98.97,36.99,0.75,120.22,-17.2 / -44.7 / -35.7,False,153,-42.65,0.64
EURUSD,B_london,B_london_rev|ref19-21o1|act07-10|rev|b0.5|a10|m1.5|tp0.5|x10,538,-43.85,70.82,0.74,48.61,-23.7 / -3.6 / -15.3,False,153,-6.48,0.85
EURUSD,B_london,B_london_rev|ref19-21o1|act07-10|rev|b0.5|a10|m1.5|tp0.5|x11,538,-42.31,71.93,0.75,47.27,-23.0 / -3.1 / -15.0,False,153,-4.78,0.89
EURUSD,B_london,B_london_rev|ref19-21o1|act07-10|rev|b0.5|a10|m1.5|tp0.75|x10,538,-45.61,59.29,0.8,51.06,-22.7 / -3.5 / -18.2,False,153,-8.77,0.85
EURUSD,B_london,B_london_rev|ref19-21o1|act07-10|rev|b0.5|a10|m1.5|tp0.75|x11,538,-46.14,60.22,0.8,50.77,-20.6 / -3.8 / -20.5,False,153,-9.93,0.84
EURUSD,B_london,B_london_rev|ref19-21o1|act07-10|rev|b0.5|a10|m1.5|tpopp|x10,538,-55.32,45.35,0.8,70.14,-10.6 / -23.0 / -20.5,False,153,-19.54,0.75
EURUSD,B_london,B_london_rev|ref19-21o1|act07-10|rev|b0.5|a10|m1.5|tpopp|x11,538,-62.52,45.35,0.79,76.28,-12.0 / -25.5 / -23.8,False,153,-26.77,0.69
EURUSD,B_london,B_london_rev|ref19-21o1|act07-10|rev|b0.75|a10|m1.0|tp0.5|x10,522,-117.86,67.82,0.43,117.18,-57.5 / -27.6 / -31.4,False,144,-18.75,0.59
EURUSD,B_london,B_london_rev|ref19-21o1|act07-10|rev|b0.75|a10|m1.0|tp0.5|x11,522,-116.83,68.2,0.43,116.15,-57.0 / -27.3 / -31.2,False,144,-18.75,0.59
EURUSD,B_london,B_london_rev|ref19-21o1|act07-10|rev|b0.75|a10|m1.0|tp0.75|x10,522,-61.96,64.18,0.73,65.96,-34.5 / -8.8 / -17.3,False,144,-12.24,0.8
EURUSD,B_london,B_london_rev|ref19-21o1|act07-10|rev|b0.75|a10|m1.0|tp0.75|x11,522,-59.73,64.75,0.74,64.13,-33.9 / -8.5 / -15.9,False,144,-10.72,0.82
EURUSD,B_london,B_london_rev|ref19-21o1|act07-10|rev|b0.75|a10|m1.0|tpopp|x10,522,-82.64,37.74,0.78,97.38,-14.5 / -29.1 / -37.7,False,144,-26.7,0.73
EURUSD,B_london,B_london_rev|ref19-21o1|act07-10|rev|b0.75|a10|m1.0|tpopp|x11,522,-82.69,37.16,0.78,98.42,-15.4 / -32.6 / -33.3,False,144,-37.34,0.66
EURUSD,B_london,B_london_rev|ref19-21o1|act07-10|rev|b0.75|a10|m1.5|tp0.5|x10,522,-22.39,73.37,0.85,27.27,-21.5 / +4.4 / -4.1,False,144,-7.15,0.83
EURUSD,B_london,B_london_rev|ref19-21o1|act07-10|rev|b0.75|a10|m1.5|tp0.5|x11,522,-21.97,74.52,0.85,26.96,-20.3 / +3.9 / -4.3,False,144,-5.36,0.87
EURUSD,B_london,B_london_rev|ref19-21o1|act07-10|rev|b0.75|a10|m1.5|tp0.75|x10,522,-7.32,63.6,0.96,21.54,-7.1 / +11.2 / -10.2,False,144,-1.85,0.96
EURUSD,B_london,B_london_rev|ref19-21o1|act07-10|rev|b0.75|a10|m1.5|tp0.75|x11,522,-8.76,63.98,0.96,25.01,-6.4 / +11.2 / -12.4,False,144,-1.52,0.97
EURUSD,B_london,B_london_rev|ref19-21o1|act07-10|rev|b0.75|a10|m1.5|tpopp|x10,522,-49.44,44.83,0.82,60.2,-15.4 / -15.6 / -17.2,False,144,-14.78,0.79
EURUSD,B_london,B_london_rev|ref19-21o1|act07-10|rev|b0.75|a10|m1.5|tpopp|x11,522,-56.69,44.83,0.8,67.74,-17.8 / -17.4 / -20.3,False,144,-22.04,0.72
EURUSD,B_london,B_london_rev|ref19-21o1|act07-10|rev_cf|b0.25|a10|m1.0|tp0.5|x10,203,-77.22,57.14,0.26,77.17,-39.1 / -22.9 / -15.4,False,57,-7.41,0.58
EURUSD,B_london,B_london_rev|ref19-21o1|act07-10|rev_cf|b0.25|a10|m1.0|tp0.5|x11,203,-77.26,57.64,0.26,77.25,-38.6 / -22.9 / -15.9,False,57,-5.12,0.68
EURUSD,B_london,B_london_rev|ref19-21o1|act07-10|rev_cf|b0.25|a10|m1.0|tp0.75|x10,203,-74.09,49.75,0.39,74.08,-35.6 / -21.9 / -15.2,False,57,-7.14,0.71
EURUSD,B_london,B_london_rev|ref19-21o1|act07-10|rev_cf|b0.25|a10|m1.0|tp0.75|x11,203,-76.21,49.75,0.39,76.31,-35.2 / -24.3 / -15.3,False,57,-4.49,0.8
EURUSD,B_london,B_london_rev|ref19-21o1|act07-10|rev_cf|b0.25|a10|m1.0|tpopp|x10,203,-60.0,46.8,0.5,62.28,-16.5 / -26.3 / -15.8,False,57,-4.86,0.83
EURUSD,B_london,B_london_rev|ref19-21o1|act07-10|rev_cf|b0.25|a10|m1.0|tpopp|x11,203,-74.31,42.86,0.4,75.42,-25.1 / -28.7 / -19.1,False,57,-4.82,0.82
EURUSD,B_london,B_london_rev|ref19-21o1|act07-10|rev_cf|b0.25|a10|m1.5|tp0.5|x10,203,-42.17,59.11,0.47,42.86,-23.1 / -13.8 / -5.5,False,57,-10.08,0.53
EURUSD,B_london,B_london_rev|ref19-21o1|act07-10|rev_cf|b0.25|a10|m1.5|tp0.5|x11,203,-43.49,58.62,0.46,44.15,-23.7 / -14.2 / -5.8,False,57,-6.66,0.64
EURUSD,B_london,B_london_rev|ref19-21o1|act07-10|rev_cf|b0.25|a10|m1.5|tp0.75|x10,203,-44.22,49.75,0.54,45.32,-22.3 / -15.5 / -6.9,False,57,-7.83,0.68
EURUSD,B_london,B_london_rev|ref19-21o1|act07-10|rev_cf|b0.25|a10|m1.5|tp0.75|x11,203,-43.95,47.78,0.54,45.05,-22.2 / -13.3 / -9.0,False,57,-5.76,0.74
EURUSD,B_london,B_london_rev|ref19-21o1|act07-10|rev_cf|b0.25|a10|m1.5|tpopp|x10,203,-36.54,53.69,0.56,37.87,-10.5 / -17.8 / -7.7,False,57,-8.8,0.64
EURUSD,B_london,B_london_rev|ref19-21o1|act07-10|rev_cf|b0.25|a10|m1.5|tpopp|x11,203,-43.16,49.75,0.47,44.22,-17.6 / -17.0 / -8.9,False,57,-7.63,0.66
EURUSD,B_london,B_london_rev|ref19-21o1|act07-10|rev_cf|b0.5|a10|m1.0|tp0.5|x10,177,-67.83,57.63,0.26,68.35,-33.4 / -20.4 / -14.2,False,38,-0.89,0.9
EURUSD,B_london,B_london_rev|ref19-21o1|act07-10|rev_cf|b0.5|a10|m1.0|tp0.5|x11,177,-69.15,57.63,0.26,69.68,-32.9 / -21.1 / -15.3,False,38,0.49,1.07
EURUSD,B_london,B_london_rev|ref19-21o1|act07-10|rev_cf|b0.5|a10|m1.0|tp0.75|x10,177,-66.27,49.72,0.39,66.83,-30.2 / -19.3 / -15.5,False,38,0.13,1.01
EURUSD,B_london,B_london_rev|ref19-21o1|act07-10|rev_cf|b0.5|a10|m1.0|tp0.75|x11,177,-68.64,49.15,0.38,69.32,-30.2 / -22.0 / -15.0,False,38,0.24,1.02
EURUSD,B_london,B_london_rev|ref19-21o1|act07-10|rev_cf|b0.5|a10|m1.0|tpopp|x10,177,-50.06,47.46,0.52,53.59,-11.8 / -20.8 / -16.0,False,38,-5.18,0.67
EURUSD,B_london,B_london_rev|ref19-21o1|act07-10|rev_cf|b0.5|a10|m1.0|tpopp|x11,177,-64.18,42.94,0.4,66.55,-20.8 / -23.9 / -18.1,False,38,-7.58,0.56
EURUSD,B_london,B_london_rev|ref19-21o1|act07-10|rev_cf|b0.5|a10|m1.5|tp0.5|x10,177,-38.88,59.32,0.46,40.39,-20.2 / -11.9 / -7.0,False,38,-2.42,0.78
EURUSD,B_london,B_london_rev|ref19-21o1|act07-10|rev_cf|b0.5|a10|m1.5|tp0.5|x11,177,-41.29,58.19,0.45,42.8,-20.4 / -14.7 / -6.5,False,38,-1.48,0.85
EURUSD,B_london,B_london_rev|ref19-21o1|act07-10|rev_cf|b0.5|a10|m1.5|tp0.75|x10,177,-43.08,49.15,0.5,45.43,-19.2 / -13.3 / -11.1,False,38,-1.42,0.89
EURUSD,B_london,B_london_rev|ref19-21o1|act07-10|rev_cf|b0.5|a10|m1.5|tp0.75|x11,177,-45.66,45.76,0.49,47.68,-19.2 / -13.4 / -13.6,False,38,-1.32,0.89
EURUSD,B_london,B_london_rev|ref19-21o1|act07-10|rev_cf|b0.5|a10|m1.5|tpopp|x10,177,-31.53,54.24,0.56,34.33,-8.2 / -13.4 / -9.4,False,38,-5.87,0.55
EURUSD,B_london,B_london_rev|ref19-21o1|act07-10|rev_cf|b0.5|a10|m1.5|tpopp|x11,177,-38.63,49.72,0.47,41.27,-14.4 / -15.2 / -9.2,False,38,-7.1,0.47
EURUSD,B_london,B_london_rev|ref19-21o1|act07-10|rev_cf|b0.75|a10|m1.0|tp0.5|x10,130,-46.91,58.46,0.28,46.84,-22.5 / -16.6 / -7.9,False,27,1.67,1.4
EURUSD,B_london,B_london_rev|ref19-21o1|act07-10|rev_cf|b0.75|a10|m1.0|tp0.5|x11,130,-46.79,59.23,0.28,46.72,-21.5 / -17.3 / -8.2,False,27,2.31,1.66
EURUSD,B_london,B_london_rev|ref19-21o1|act07-10|rev_cf|b0.75|a10|m1.0|tp0.75|x10,130,-43.09,51.54,0.42,42.56,-17.3 / -17.1 / -7.4,False,27,2.69,1.38
EURUSD,B_london,B_london_rev|ref19-21o1|act07-10|rev_cf|b0.75|a10|m1.0|tp0.75|x11,130,-45.53,50.77,0.41,45.11,-16.7 / -19.5 / -7.9,False,27,2.51,1.36
EURUSD,B_london,B_london_rev|ref19-21o1|act07-10|rev_cf|b0.75|a10|m1.0|tpopp|x10,130,-32.47,47.69,0.57,39.28,-3.7 / -19.2 / -8.2,False,27,-2.82,0.71
EURUSD,B_london,B_london_rev|ref19-21o1|act07-10|rev_cf|b0.75|a10|m1.0|tpopp|x11,130,-45.06,43.08,0.43,46.51,-13.6 / -22.0 / -8.0,False,27,-3.73,0.65
EURUSD,B_london,B_london_rev|ref19-21o1|act07-10|rev_cf|b0.75|a10|m1.5|tp0.5|x10,130,-22.4,61.54,0.53,22.85,-12.6 / -8.8 / -1.3,False,27,0.61,1.1
EURUSD,B_london,B_london_rev|ref19-21o1|act07-10|rev_cf|b0.75|a10|m1.5|tp0.5|x11,130,-26.0,60.0,0.49,26.45,-12.7 / -11.0 / -2.6,False,27,1.04,1.2
EURUSD,B_london,B_london_rev|ref19-21o1|act07-10|rev_cf|b0.75|a10|m1.5|tp0.75|x10,130,-27.76,49.23,0.54,29.27,-12.5 / -9.7 / -6.0,False,27,0.54,1.07
EURUSD,B_london,B_london_rev|ref19-21o1|act07-10|rev_cf|b0.75|a10|m1.5|tp0.75|x11,130,-30.31,46.92,0.51,31.84,-11.7 / -10.3 / -8.8,False,27,0.34,1.04
EURUSD,B_london,B_london_rev|ref19-21o1|act07-10|rev_cf|b0.75|a10|m1.5|tpopp|x10,130,-17.9,53.85,0.64,20.82,-2.9 / -10.9 / -3.5,False,27,-2.63,0.64
EURUSD,B_london,B_london_rev|ref19-21o1|act07-10|rev_cf|b0.75|a10|m1.5|tpopp|x11,130,-25.18,50.0,0.51,26.27,-10.5 / -12.4 / -2.6,False,27,-3.21,0.6
EURUSD,B_london,B_london_rev|ref00-05o1|act06-09|rev|b0.25|a10|m1.0|tp0.5|x10,534,-155.74,65.36,0.34,155.91,-73.3 / -52.7 / -29.8,False,159,-42.43,0.38
EURUSD,B_london,B_london_rev|ref00-05o1|act06-09|rev|b0.25|a10|m1.0|tp0.5|x11,534,-155.31,65.36,0.34,155.48,-73.3 / -52.3 / -29.8,False,159,-42.43,0.38
EURUSD,B_london,B_london_rev|ref00-05o1|act06-09|rev|b0.25|a10|m1.0|tp0.75|x10,534,-130.93,58.99,0.53,131.1,-73.6 / -46.4 / -9.5,False,159,-30.26,0.61
EURUSD,B_london,B_london_rev|ref00-05o1|act06-09|rev|b0.25|a10|m1.0|tp0.75|x11,534,-130.91,58.99,0.53,131.08,-73.6 / -46.4 / -9.5,False,159,-31.93,0.6
EURUSD,B_london,B_london_rev|ref00-05o1|act06-09|rev|b0.25|a10|m1.0|tpopp|x10,534,-173.43,28.65,0.63,179.81,-86.3 / -51.7 / -34.1,False,159,-33.17,0.74
EURUSD,B_london,B_london_rev|ref00-05o1|act06-09|rev|b0.25|a10|m1.0|tpopp|x11,534,-174.94,27.34,0.64,182.09,-77.6 / -61.5 / -34.4,False,159,-31.62,0.76
EURUSD,B_london,B_london_rev|ref00-05o1|act06-09|rev|b0.25|a10|m1.5|tp0.5|x10,534,-71.06,69.48,0.62,70.51,-46.7 / -14.4 / -8.7,False,159,-19.18,0.65
EURUSD,B_london,B_london_rev|ref00-05o1|act06-09|rev|b0.25|a10|m1.5|tp0.5|x11,534,-71.06,69.66,0.62,70.5,-46.7 / -14.2 / -8.8,False,159,-20.08,0.64
EURUSD,B_london,B_london_rev|ref00-05o1|act06-09|rev|b0.25|a10|m1.5|tp0.75|x10,534,-81.33,58.61,0.68,81.92,-45.0 / -24.1 / -11.0,False,159,-30.22,0.61
EURUSD,B_london,B_london_rev|ref00-05o1|act06-09|rev|b0.25|a10|m1.5|tp0.75|x11,534,-80.59,58.8,0.69,81.18,-44.2 / -23.7 / -11.4,False,159,-29.56,0.63
EURUSD,B_london,B_london_rev|ref00-05o1|act06-09|rev|b0.25|a10|m1.5|tpopp|x10,534,-109.5,37.27,0.69,110.5,-51.2 / -29.5 / -27.6,False,159,-23.17,0.75
EURUSD,B_london,B_london_rev|ref00-05o1|act06-09|rev|b0.25|a10|m1.5|tpopp|x11,534,-112.25,36.33,0.7,113.78,-40.9 / -40.2 / -29.9,False,159,-20.65,0.79
EURUSD,B_london,B_london_rev|ref00-05o1|act06-09|rev|b0.5|a10|m1.0|tp0.5|x10,526,-145.11,66.35,0.35,145.32,-73.6 / -52.1 / -19.5,False,154,-37.74,0.4
EURUSD,B_london,B_london_rev|ref00-05o1|act06-09|rev|b0.5|a10|m1.0|tp0.5|x11,526,-144.68,66.35,0.35,144.89,-73.6 / -51.7 / -19.5,False,154,-37.74,0.4
EURUSD,B_london,B_london_rev|ref00-05o1|act06-09|rev|b0.5|a10|m1.0|tp0.75|x10,526,-118.86,60.08,0.56,119.06,-67.6 / -44.8 / -5.0,False,154,-24.27,0.66
EURUSD,B_london,B_london_rev|ref00-05o1|act06-09|rev|b0.5|a10|m1.0|tp0.75|x11,526,-118.53,60.08,0.56,118.74,-67.6 / -44.5 / -5.0,False,154,-25.74,0.65
EURUSD,B_london,B_london_rev|ref00-05o1|act06-09|rev|b0.5|a10|m1.0|tpopp|x10,526,-171.8,28.52,0.63,178.38,-72.3 / -53.6 / -44.5,False,154,-28.84,0.76
EURUSD,B_london,B_london_rev|ref00-05o1|act06-09|rev|b0.5|a10|m1.0|tpopp|x11,526,-173.09,27.0,0.64,179.72,-62.7 / -65.7 / -43.3,False,154,-28.18,0.77
EURUSD,B_london,B_london_rev|ref00-05o1|act06-09|rev|b0.5|a10|m1.5|tp0.5|x10,526,-64.85,70.15,0.64,64.32,-41.4 / -13.0 / -9.1,False,154,-16.57,0.68
EURUSD,B_london,B_london_rev|ref00-05o1|act06-09|rev|b0.5|a10|m1.5|tp0.5|x11,526,-65.21,70.34,0.64,64.68,-41.4 / -13.2 / -9.3,False,154,-17.29,0.67
EURUSD,B_london,B_london_rev|ref00-05o1|act06-09|rev|b0.5|a10|m1.5|tp0.75|x10,526,-68.57,59.32,0.72,68.65,-44.5 / -13.5 / -9.3,False,154,-29.43,0.61
EURUSD,B_london,B_london_rev|ref00-05o1|act06-09|rev|b0.5|a10|m1.5|tp0.75|x11,526,-68.0,59.89,0.72,68.08,-43.9 / -13.1 / -9.7,False,154,-27.34,0.64
EURUSD,B_london,B_london_rev|ref00-05o1|act06-09|rev|b0.5|a10|m1.5|tpopp|x10,526,-106.33,36.88,0.69,106.89,-50.4 / -20.6 / -34.1,False,154,-22.45,0.75
EURUSD,B_london,B_london_rev|ref00-05o1|act06-09|rev|b0.5|a10|m1.5|tpopp|x11,526,-112.59,35.74,0.69,113.42,-41.4 / -33.3 / -36.6,False,154,-19.3,0.79
EURUSD,B_london,B_london_rev|ref00-05o1|act06-09|rev|b0.75|a10|m1.0|tp0.5|x10,511,-134.87,67.12,0.37,135.07,-73.0 / -42.7 / -19.3,False,148,-36.28,0.4
EURUSD,B_london,B_london_rev|ref00-05o1|act06-09|rev|b0.75|a10|m1.0|tp0.5|x11,511,-134.44,67.12,0.37,134.65,-73.0 / -42.3 / -19.3,False,148,-36.28,0.4
EURUSD,B_london,B_london_rev|ref00-05o1|act06-09|rev|b0.75|a10|m1.0|tp0.75|x10,511,-102.09,61.45,0.59,102.3,-68.0 / -33.9 / +1.2,False,148,-22.06,0.67
EURUSD,B_london,B_london_rev|ref00-05o1|act06-09|rev|b0.75|a10|m1.0|tp0.75|x11,511,-101.47,61.64,0.6,101.68,-68.0 / -33.3 / +1.2,False,148,-23.53,0.66
EURUSD,B_london,B_london_rev|ref00-05o1|act06-09|rev|b0.75|a10|m1.0|tpopp|x10,511,-174.41,28.18,0.61,176.32,-73.4 / -55.8 / -43.8,False,148,-24.55,0.78
EURUSD,B_london,B_london_rev|ref00-05o1|act06-09|rev|b0.75|a10|m1.0|tpopp|x11,511,-173.84,27.2,0.62,175.89,-62.4 / -64.6 / -45.5,False,148,-22.95,0.8
EURUSD,B_london,B_london_rev|ref00-05o1|act06-09|rev|b0.75|a10|m1.5|tp0.5|x10,511,-52.14,71.43,0.69,51.61,-42.8 / -8.5 / +0.4,False,148,-17.09,0.66
EURUSD,B_london,B_london_rev|ref00-05o1|act06-09|rev|b0.75|a10|m1.5|tp0.5|x11,511,-53.23,71.62,0.68,52.7,-42.8 / -8.7 / -0.4,False,148,-17.82,0.65
EURUSD,B_london,B_london_rev|ref00-05o1|act06-09|rev|b0.75|a10|m1.5|tp0.75|x10,511,-57.7,60.47,0.75,57.57,-40.6 / -11.7 / -4.1,False,148,-29.69,0.59
EURUSD,B_london,B_london_rev|ref00-05o1|act06-09|rev|b0.75|a10|m1.5|tp0.75|x11,511,-57.71,61.06,0.75,57.58,-39.2 / -11.7 / -5.6,False,148,-28.79,0.62
EURUSD,B_london,B_london_rev|ref00-05o1|act06-09|rev|b0.75|a10|m1.5|tpopp|x10,511,-99.53,36.99,0.7,99.91,-48.6 / -18.9 / -30.8,False,148,-22.42,0.75
EURUSD,B_london,B_london_rev|ref00-05o1|act06-09|rev|b0.75|a10|m1.5|tpopp|x11,511,-105.29,36.59,0.7,105.67,-38.3 / -30.9 / -34.8,False,148,-18.56,0.8
EURUSD,B_london,B_london_rev|ref00-05o1|act06-09|rev_cf|b0.25|a10|m1.0|tp0.5|x10,111,-48.16,54.95,0.24,48.43,-20.8 / -17.3 / -8.9,False,32,-2.11,0.75
EURUSD,B_london,B_london_rev|ref00-05o1|act06-09|rev_cf|b0.25|a10|m1.0|tp0.5|x11,111,-48.16,54.95,0.24,48.43,-20.8 / -17.3 / -8.9,False,32,-2.57,0.71
EURUSD,B_london,B_london_rev|ref00-05o1|act06-09|rev_cf|b0.25|a10|m1.0|tp0.75|x10,111,-39.29,51.35,0.41,41.22,-17.0 / -16.2 / -4.9,False,32,-1.89,0.84
EURUSD,B_london,B_london_rev|ref00-05o1|act06-09|rev_cf|b0.25|a10|m1.0|tp0.75|x11,111,-39.91,51.35,0.41,41.85,-17.8 / -16.0 / -4.9,False,32,-2.14,0.83
EURUSD,B_london,B_london_rev|ref00-05o1|act06-09|rev_cf|b0.25|a10|m1.0|tpopp|x10,111,-25.65,36.04,0.68,32.2,-13.9 / -5.8 / -4.8,False,32,-0.99,0.93
EURUSD,B_london,B_london_rev|ref00-05o1|act06-09|rev_cf|b0.25|a10|m1.0|tpopp|x11,111,-33.32,36.04,0.6,38.65,-16.7 / -9.6 / -5.8,False,32,-1.76,0.9
EURUSD,B_london,B_london_rev|ref00-05o1|act06-09|rev_cf|b0.25|a10|m1.5|tp0.5|x10,111,-24.76,59.46,0.46,25.74,-10.7 / -7.7 / -5.3,False,32,-1.59,0.82
EURUSD,B_london,B_london_rev|ref00-05o1|act06-09|rev_cf|b0.25|a10|m1.5|tp0.5|x11,111,-24.82,60.36,0.47,25.8,-11.1 / -8.0 / -4.6,False,32,-0.12,0.98
EURUSD,B_london,B_london_rev|ref00-05o1|act06-09|rev_cf|b0.25|a10|m1.5|tp0.75|x10,111,-25.42,49.55,0.54,29.15,-12.9 / -5.0 / -6.4,False,32,0.4,1.05
EURUSD,B_london,B_london_rev|ref00-05o1|act06-09|rev_cf|b0.25|a10|m1.5|tp0.75|x11,111,-23.95,51.35,0.57,27.68,-12.2 / -5.7 / -4.9,False,32,1.19,1.13
EURUSD,B_london,B_london_rev|ref00-05o1|act06-09|rev_cf|b0.25|a10|m1.5|tpopp|x10,111,-18.91,40.54,0.68,22.94,-8.8 / -2.1 / -6.9,False,32,-1.38,0.88
EURUSD,B_london,B_london_rev|ref00-05o1|act06-09|rev_cf|b0.25|a10|m1.5|tpopp|x11,111,-25.39,41.44,0.6,28.6,-12.0 / -5.2 / -7.1,False,32,-0.26,0.98
EURUSD,B_london,B_london_rev|ref00-05o1|act06-09|rev_cf|b0.5|a10|m1.0|tp0.5|x10,89,-35.13,57.3,0.25,35.39,-8.3 / -15.5 / -10.2,False,26,-3.67,0.55
EURUSD,B_london,B_london_rev|ref00-05o1|act06-09|rev_cf|b0.5|a10|m1.0|tp0.5|x11,89,-35.54,57.3,0.25,35.8,-8.3 / -15.5 / -10.6,False,26,-4.13,0.52
EURUSD,B_london,B_london_rev|ref00-05o1|act06-09|rev_cf|b0.5|a10|m1.0|tp0.75|x10,89,-27.92,52.81,0.44,29.11,-4.8 / -15.5 / -6.4,False,26,-3.2,0.7
EURUSD,B_london,B_london_rev|ref00-05o1|act06-09|rev_cf|b0.5|a10|m1.0|tp0.75|x11,89,-29.79,52.81,0.43,30.98,-6.5 / -15.5 / -6.6,False,26,-3.45,0.69
EURUSD,B_london,B_london_rev|ref00-05o1|act06-09|rev_cf|b0.5|a10|m1.0|tpopp|x10,89,-25.18,35.96,0.6,32.43,+1.2 / -17.5 / -7.7,False,26,-2.23,0.82
EURUSD,B_london,B_london_rev|ref00-05o1|act06-09|rev_cf|b0.5|a10|m1.0|tpopp|x11,89,-34.43,33.71,0.51,39.63,-4.5 / -21.0 / -7.7,False,26,-3.0,0.8
EURUSD,B_london,B_london_rev|ref00-05o1|act06-09|rev_cf|b0.5|a10|m1.5|tp0.5|x10,89,-17.64,59.55,0.49,18.6,-3.2 / -9.2 / -4.1,False,26,-2.33,0.68
EURUSD,B_london,B_london_rev|ref00-05o1|act06-09|rev_cf|b0.5|a10|m1.5|tp0.5|x11,89,-19.26,60.67,0.47,20.21,-5.0 / -9.6 / -3.5,False,26,-0.92,0.85
EURUSD,B_london,B_london_rev|ref00-05o1|act06-09|rev_cf|b0.5|a10|m1.5|tp0.75|x10,89,-18.45,49.44,0.56,20.16,-3.9 / -7.6 / -5.9,False,26,-1.49,0.8
EURUSD,B_london,B_london_rev|ref00-05o1|act06-09|rev_cf|b0.5|a10|m1.5|tp0.75|x11,89,-19.27,50.56,0.57,20.98,-5.2 / -8.2 / -4.7,False,26,-1.11,0.86
EURUSD,B_london,B_london_rev|ref00-05o1|act06-09|rev_cf|b0.5|a10|m1.5|tpopp|x10,89,-18.41,40.45,0.59,23.19,-0.3 / -9.8 / -7.2,False,26,-2.03,0.77
EURUSD,B_london,B_london_rev|ref00-05o1|act06-09|rev_cf|b0.5|a10|m1.5|tpopp|x11,89,-24.31,40.45,0.52,28.73,-4.0 / -12.6 / -6.5,False,26,-0.96,0.89
EURUSD,B_london,B_london_rev|ref00-05o1|act06-09|rev_cf|b0.75|a10|m1.0|tp0.5|x10,63,-26.46,55.56,0.23,26.58,-4.1 / -14.5 / -8.2,False,15,-1.6,0.63
EURUSD,B_london,B_london_rev|ref00-05o1|act06-09|rev_cf|b0.75|a10|m1.0|tp0.5|x11,63,-26.86,55.56,0.23,26.98,-4.1 / -14.5 / -8.6,False,15,-1.46,0.65
EURUSD,B_london,B_london_rev|ref00-05o1|act06-09|rev_cf|b0.75|a10|m1.0|tp0.75|x10,63,-20.57,52.38,0.43,23.84,-1.0 / -14.2 / -5.8,False,15,-1.13,0.8
EURUSD,B_london,B_london_rev|ref00-05o1|act06-09|rev_cf|b0.75|a10|m1.0|tp0.75|x11,63,-21.61,52.38,0.42,24.88,-1.8 / -14.2 / -6.1,False,15,-0.77,0.86
EURUSD,B_london,B_london_rev|ref00-05o1|act06-09|rev_cf|b0.75|a10|m1.0|tpopp|x10,63,-15.57,36.51,0.65,23.08,+3.4 / -14.7 / -5.4,False,15,1.68,1.3
EURUSD,B_london,B_london_rev|ref00-05o1|act06-09|rev_cf|b0.75|a10|m1.0|tpopp|x11,63,-22.63,33.33,0.54,28.08,+0.2 / -18.2 / -5.7,False,15,1.79,1.27
EURUSD,B_london,B_london_rev|ref00-05o1|act06-09|rev_cf|b0.75|a10|m1.5|tp0.5|x10,63,-12.78,58.73,0.47,15.68,-0.8 / -8.0 / -4.2,False,15,-1.43,0.68
EURUSD,B_london,B_london_rev|ref00-05o1|act06-09|rev_cf|b0.75|a10|m1.5|tp0.5|x11,63,-12.8,60.32,0.48,15.7,-1.7 / -7.8 / -3.6,False,15,0.0,1.0
EURUSD,B_london,B_london_rev|ref00-05o1|act06-09|rev_cf|b0.75|a10|m1.5|tp0.75|x10,63,-13.39,49.21,0.54,15.79,-1.6 / -6.4 / -6.0,False,15,-0.35,0.92
EURUSD,B_london,B_london_rev|ref00-05o1|act06-09|rev_cf|b0.75|a10|m1.5|tp0.75|x11,63,-12.89,50.79,0.58,16.04,-2.2 / -6.5 / -4.8,False,15,1.28,1.36
EURUSD,B_london,B_london_rev|ref00-05o1|act06-09|rev_cf|b0.75|a10|m1.5|tpopp|x10,63,-10.99,41.27,0.65,15.83,+1.1 / -7.8 / -5.0,False,15,0.45,1.1
EURUSD,B_london,B_london_rev|ref00-05o1|act06-09|rev_cf|b0.75|a10|m1.5|tpopp|x11,63,-13.93,41.27,0.6,18.4,-0.3 / -10.0 / -4.4,False,15,1.71,1.43
EURUSD,B_london,B_london_rev|ref00-05o1|act06-10|rev|b0.25|a10|m1.0|tp0.5|x10,543,-154.58,65.75,0.34,154.75,-72.7 / -51.7 / -30.3,False,163,-41.45,0.39
EURUSD,B_london,B_london_rev|ref00-05o1|act06-10|rev|b0.25|a10|m1.0|tp0.5|x11,543,-154.15,65.75,0.35,154.32,-72.7 / -51.3 / -30.3,False,163,-41.45,0.39
EURUSD,B_london,B_london_rev|ref00-05o1|act06-10|rev|b0.25|a10|m1.0|tp0.75|x10,543,-128.58,59.3,0.54,128.75,-72.2 / -44.6 / -10.3,False,163,-28.28,0.64
EURUSD,B_london,B_london_rev|ref00-05o1|act06-10|rev|b0.25|a10|m1.0|tp0.75|x11,543,-127.75,59.48,0.55,127.92,-72.2 / -44.6 / -9.5,False,163,-29.95,0.62
EURUSD,B_london,B_london_rev|ref00-05o1|act06-10|rev|b0.25|a10|m1.0|tpopp|x10,543,-174.22,29.1,0.63,179.35,-85.9 / -52.0 / -34.9,False,163,-30.6,0.76
EURUSD,B_london,B_london_rev|ref00-05o1|act06-10|rev|b0.25|a10|m1.0|tpopp|x11,543,-175.96,27.62,0.64,181.86,-77.3 / -62.4 / -34.8,False,163,-31.53,0.76
EURUSD,B_london,B_london_rev|ref00-05o1|act06-10|rev|b0.25|a10|m1.5|tp0.5|x10,543,-68.33,69.8,0.64,67.78,-45.8 / -13.2 / -8.0,False,163,-17.86,0.68
EURUSD,B_london,B_london_rev|ref00-05o1|act06-10|rev|b0.25|a10|m1.5|tp0.5|x11,543,-67.79,70.17,0.64,67.23,-45.8 / -13.1 / -7.7,False,163,-18.77,0.67
EURUSD,B_london,B_london_rev|ref00-05o1|act06-10|rev|b0.25|a10|m1.5|tp0.75|x10,543,-79.86,58.75,0.69,80.45,-43.4 / -24.2 / -10.9,False,163,-28.86,0.63
EURUSD,B_london,B_london_rev|ref00-05o1|act06-10|rev|b0.25|a10|m1.5|tp0.75|x11,543,-78.93,58.93,0.69,79.52,-42.5 / -24.0 / -11.2,False,163,-28.46,0.64
EURUSD,B_london,B_london_rev|ref00-05o1|act06-10|rev|b0.25|a10|m1.5|tpopp|x10,543,-109.31,37.57,0.7,110.08,-50.9 / -29.7 / -27.5,False,163,-21.45,0.77
EURUSD,B_london,B_london_rev|ref00-05o1|act06-10|rev|b0.25|a10|m1.5|tpopp|x11,543,-112.63,36.46,0.7,113.6,-41.0 / -40.4 / -29.9,False,163,-20.59,0.79
EURUSD,B_london,B_london_rev|ref00-05o1|act06-10|rev|b0.5|a10|m1.0|tp0.5|x10,535,-144.0,66.73,0.36,144.2,-73.0 / -52.6 / -18.6,False,159,-39.17,0.4
EURUSD,B_london,B_london_rev|ref00-05o1|act06-10|rev|b0.5|a10|m1.0|tp0.5|x11,535,-143.57,66.73,0.36,143.77,-73.0 / -52.1 / -18.6,False,159,-39.17,0.4
EURUSD,B_london,B_london_rev|ref00-05o1|act06-10|rev|b0.5|a10|m1.0|tp0.75|x10,535,-115.75,60.56,0.57,115.95,-66.2 / -44.8 / -3.3,False,159,-24.95,0.66
EURUSD,B_london,B_london_rev|ref00-05o1|act06-10|rev|b0.5|a10|m1.0|tp0.75|x11,535,-115.42,60.56,0.57,115.62,-66.2 / -44.5 / -3.3,False,159,-26.42,0.65
EURUSD,B_london,B_london_rev|ref00-05o1|act06-10|rev|b0.5|a10|m1.0|tpopp|x10,535,-173.74,28.79,0.62,180.28,-72.4 / -55.9 / -44.0,False,159,-29.64,0.76
EURUSD,B_london,B_london_rev|ref00-05o1|act06-10|rev|b0.5|a10|m1.0|tpopp|x11,535,-174.47,27.48,0.64,180.6,-61.9 / -67.8 / -43.4,False,159,-30.46,0.76
EURUSD,B_london,B_london_rev|ref00-05o1|act06-10|rev|b0.5|a10|m1.5|tp0.5|x10,535,-62.82,70.47,0.65,62.29,-40.5 / -13.1 / -8.0,False,159,-16.19,0.7
EURUSD,B_london,B_london_rev|ref00-05o1|act06-10|rev|b0.5|a10|m1.5|tp0.5|x11,535,-63.01,70.65,0.65,62.48,-40.5 / -13.1 / -8.2,False,159,-16.91,0.69
EURUSD,B_london,B_london_rev|ref00-05o1|act06-10|rev|b0.5|a10|m1.5|tp0.75|x10,535,-67.28,59.44,0.72,67.4,-43.3 / -13.7 / -9.0,False,159,-29.25,0.62
EURUSD,B_london,B_london_rev|ref00-05o1|act06-10|rev|b0.5|a10|m1.5|tp0.75|x11,535,-66.05,60.19,0.73,66.28,-42.6 / -13.0 / -9.1,False,159,-27.97,0.64
EURUSD,B_london,B_london_rev|ref00-05o1|act06-10|rev|b0.5|a10|m1.5|tpopp|x10,535,-107.39,37.01,0.69,107.99,-50.5 / -21.9 / -33.7,False,159,-22.36,0.76
EURUSD,B_london,B_london_rev|ref00-05o1|act06-10|rev|b0.5|a10|m1.5|tpopp|x11,535,-112.79,36.07,0.69,113.62,-40.8 / -34.1 / -36.6,False,159,-20.2,0.79
EURUSD,B_london,B_london_rev|ref00-05o1|act06-10|rev|b0.75|a10|m1.0|tp0.5|x10,521,-134.96,67.37,0.37,135.16,-75.1 / -41.7 / -18.3,False,155,-35.6,0.42
EURUSD,B_london,B_london_rev|ref00-05o1|act06-10|rev|b0.75|a10|m1.0|tp0.5|x11,521,-134.53,67.37,0.37,134.74,-75.1 / -41.3 / -18.3,False,155,-35.6,0.42
EURUSD,B_london,B_london_rev|ref00-05o1|act06-10|rev|b0.75|a10|m1.0|tp0.75|x10,521,-101.93,61.61,0.6,102.6,-69.6 / -33.9 / +3.0,False,155,-19.87,0.71
EURUSD,B_london,B_london_rev|ref00-05o1|act06-10|rev|b0.75|a10|m1.0|tp0.75|x11,521,-101.31,61.8,0.6,101.98,-69.6 / -33.3 / +3.0,False,155,-21.35,0.7
EURUSD,B_london,B_london_rev|ref00-05o1|act06-10|rev|b0.75|a10|m1.0|tpopp|x10,521,-176.56,28.6,0.61,178.63,-75.6 / -57.2 / -42.3,False,155,-22.98,0.8
EURUSD,B_london,B_london_rev|ref00-05o1|act06-10|rev|b0.75|a10|m1.0|tpopp|x11,521,-176.66,27.26,0.62,178.35,-64.1 / -65.4 / -45.8,False,155,-23.95,0.8
EURUSD,B_london,B_london_rev|ref00-05o1|act06-10|rev|b0.75|a10|m1.5|tp0.5|x10,521,-52.45,71.4,0.69,52.87,-44.4 / -8.4 / +1.6,False,155,-15.97,0.69
EURUSD,B_london,B_london_rev|ref00-05o1|act06-10|rev|b0.75|a10|m1.5|tp0.5|x11,521,-53.5,71.59,0.69,53.03,-44.6 / -8.4 / +0.7,False,155,-16.69,0.68
EURUSD,B_london,B_london_rev|ref00-05o1|act06-10|rev|b0.75|a10|m1.5|tp0.75|x10,521,-56.56,60.65,0.76,56.43,-41.8 / -11.0 / -2.5,False,155,-27.57,0.63
EURUSD,B_london,B_london_rev|ref00-05o1|act06-10|rev|b0.75|a10|m1.5|tp0.75|x11,521,-57.09,61.04,0.76,56.97,-40.4 / -10.9 / -4.5,False,155,-27.54,0.64
EURUSD,B_london,B_london_rev|ref00-05o1|act06-10|rev|b0.75|a10|m1.5|tpopp|x10,521,-101.37,37.24,0.7,101.75,-50.6 / -19.7 / -29.8,False,155,-21.71,0.76
EURUSD,B_london,B_london_rev|ref00-05o1|act06-10|rev|b0.75|a10|m1.5|tpopp|x11,521,-107.87,36.47,0.7,108.26,-40.4 / -31.1 / -35.0,False,155,-19.56,0.79
EURUSD,B_london,B_london_rev|ref00-05o1|act06-10|rev_cf|b0.25|a10|m1.0|tp0.5|x10,133,-60.24,53.38,0.23,60.76,-25.0 / -24.8 / -9.2,False,39,-2.09,0.78
EURUSD,B_london,B_london_rev|ref00-05o1|act06-10|rev_cf|b0.25|a10|m1.0|tp0.5|x11,133,-59.56,53.38,0.23,60.08,-25.0 / -24.1 / -9.2,False,39,-2.55,0.75
EURUSD,B_london,B_london_rev|ref00-05o1|act06-10|rev_cf|b0.25|a10|m1.0|tp0.75|x10,133,-52.36,48.87,0.38,53.59,-20.5 / -25.1 / -5.6,False,39,-5.62,0.68
EURUSD,B_london,B_london_rev|ref00-05o1|act06-10|rev_cf|b0.25|a10|m1.0|tp0.75|x11,133,-52.5,48.12,0.38,53.72,-22.5 / -24.4 / -4.4,False,39,-4.84,0.71
EURUSD,B_london,B_london_rev|ref00-05o1|act06-10|rev_cf|b0.25|a10|m1.0|tpopp|x10,133,-33.4,35.34,0.66,41.26,-11.7 / -15.1 / -5.4,False,39,-4.84,0.78
EURUSD,B_london,B_london_rev|ref00-05o1|act06-10|rev_cf|b0.25|a10|m1.0|tpopp|x11,133,-45.56,33.83,0.55,52.19,-21.0 / -19.0 / -4.4,False,39,-5.01,0.77
EURUSD,B_london,B_london_rev|ref00-05o1|act06-10|rev_cf|b0.25|a10|m1.5|tp0.5|x10,133,-35.15,57.14,0.41,35.83,-14.4 / -12.9 / -6.8,False,39,-3.91,0.68
EURUSD,B_london,B_london_rev|ref00-05o1|act06-10|rev_cf|b0.25|a10|m1.5|tp0.5|x11,133,-34.18,55.64,0.42,34.86,-15.6 / -12.7 / -4.7,False,39,-2.4,0.78
EURUSD,B_london,B_london_rev|ref00-05o1|act06-10|rev_cf|b0.25|a10|m1.5|tp0.75|x10,133,-36.8,47.37,0.48,39.44,-14.5 / -14.3 / -6.8,False,39,-0.92,0.93
EURUSD,B_london,B_london_rev|ref00-05o1|act06-10|rev_cf|b0.25|a10|m1.5|tp0.75|x11,133,-33.94,46.62,0.5,36.09,-16.8 / -11.4 / -4.6,False,39,-1.29,0.89
EURUSD,B_london,B_london_rev|ref00-05o1|act06-10|rev_cf|b0.25|a10|m1.5|tpopp|x10,133,-25.66,40.6,0.66,29.9,-8.7 / -9.2 / -6.6,False,39,-1.61,0.89
EURUSD,B_london,B_london_rev|ref00-05o1|act06-10|rev_cf|b0.25|a10|m1.5|tpopp|x11,133,-34.52,38.35,0.55,37.95,-16.4 / -10.3 / -6.6,False,39,-2.91,0.8
EURUSD,B_london,B_london_rev|ref00-05o1|act06-10|rev_cf|b0.5|a10|m1.0|tp0.5|x10,105,-44.28,55.24,0.24,44.8,-13.0 / -19.9 / -10.2,False,32,-3.87,0.59
EURUSD,B_london,B_london_rev|ref00-05o1|act06-10|rev_cf|b0.5|a10|m1.0|tp0.5|x11,105,-44.57,55.24,0.24,45.09,-13.0 / -19.8 / -10.6,False,32,-4.33,0.57
EURUSD,B_london,B_london_rev|ref00-05o1|act06-10|rev_cf|b0.5|a10|m1.0|tp0.75|x10,105,-38.82,49.52,0.39,40.52,-9.3 / -19.4 / -8.8,False,32,-7.4,0.54
EURUSD,B_london,B_london_rev|ref00-05o1|act06-10|rev_cf|b0.5|a10|m1.0|tp0.75|x11,105,-40.76,48.57,0.38,42.46,-11.0 / -20.5 / -8.1,False,32,-6.62,0.57
EURUSD,B_london,B_london_rev|ref00-05o1|act06-10|rev_cf|b0.5|a10|m1.0|tpopp|x10,105,-34.22,34.29,0.56,43.08,-4.3 / -17.7 / -11.0,False,32,-8.07,0.57
EURUSD,B_london,B_london_rev|ref00-05o1|act06-10|rev_cf|b0.5|a10|m1.0|tpopp|x11,105,-45.15,31.43,0.46,51.07,-11.7 / -23.5 / -8.8,False,32,-6.54,0.66
EURUSD,B_london,B_london_rev|ref00-05o1|act06-10|rev_cf|b0.5|a10|m1.5|tp0.5|x10,105,-24.08,58.1,0.45,24.95,-6.1 / -10.6 / -6.3,False,32,-4.97,0.55
EURUSD,B_london,B_london_rev|ref00-05o1|act06-10|rev_cf|b0.5|a10|m1.5|tp0.5|x11,105,-26.39,55.24,0.41,27.19,-8.6 / -11.5 / -5.1,False,32,-3.52,0.63
EURUSD,B_london,B_london_rev|ref00-05o1|act06-10|rev_cf|b0.5|a10|m1.5|tp0.75|x10,105,-26.38,47.62,0.51,28.69,-6.2 / -11.5 / -7.5,False,32,-3.38,0.7
EURUSD,B_london,B_london_rev|ref00-05o1|act06-10|rev_cf|b0.5|a10|m1.5|tp0.75|x11,105,-26.73,45.71,0.5,29.04,-9.3 / -9.9 / -6.4,False,32,-3.78,0.66
EURUSD,B_london,B_london_rev|ref00-05o1|act06-10|rev_cf|b0.5|a10|m1.5|tpopp|x10,105,-22.79,40.95,0.59,29.87,-3.0 / -10.5 / -8.2,False,32,-3.59,0.71
EURUSD,B_london,B_london_rev|ref00-05o1|act06-10|rev_cf|b0.5|a10|m1.5|tpopp|x11,105,-31.27,37.14,0.48,35.32,-9.5 / -12.8 / -7.9,False,32,-3.8,0.69
EURUSD,B_london,B_london_rev|ref00-05o1|act06-10|rev_cf|b0.75|a10|m1.0|tp0.5|x10,74,-33.98,52.7,0.21,33.38,-7.5 / -16.8 / -10.0,False,19,-0.62,0.85
EURUSD,B_london,B_london_rev|ref00-05o1|act06-10|rev_cf|b0.75|a10|m1.0|tp0.5|x11,74,-34.38,52.7,0.21,33.79,-7.5 / -16.8 / -10.4,False,19,-0.48,0.88
EURUSD,B_london,B_london_rev|ref00-05o1|act06-10|rev_cf|b0.75|a10|m1.0|tp0.75|x10,74,-28.84,48.65,0.37,30.78,-4.2 / -16.3 / -8.9,False,19,-2.66,0.67
EURUSD,B_london,B_london_rev|ref00-05o1|act06-10|rev_cf|b0.75|a10|m1.0|tp0.75|x11,74,-31.07,47.3,0.35,33.02,-5.0 / -17.4 / -9.1,False,19,-1.27,0.82
EURUSD,B_london,B_london_rev|ref00-05o1|act06-10|rev_cf|b0.75|a10|m1.0|tpopp|x10,74,-23.48,33.78,0.58,30.06,+1.2 / -15.6 / -10.2,False,19,-1.47,0.84
EURUSD,B_london,B_london_rev|ref00-05o1|act06-10|rev_cf|b0.75|a10|m1.0|tpopp|x11,74,-33.32,29.73,0.44,36.14,-3.7 / -21.4 / -9.3,False,19,0.93,1.11
EURUSD,B_london,B_london_rev|ref00-05o1|act06-10|rev_cf|b0.75|a10|m1.5|tp0.5|x10,74,-16.46,58.11,0.45,19.09,-2.4 / -8.0 / -6.3,False,19,-1.61,0.71
EURUSD,B_london,B_london_rev|ref00-05o1|act06-10|rev_cf|b0.75|a10|m1.5|tp0.5|x11,74,-18.59,54.05,0.41,20.42,-4.1 / -8.7 / -6.1,False,19,-0.33,0.92
EURUSD,B_london,B_london_rev|ref00-05o1|act06-10|rev_cf|b0.75|a10|m1.5|tp0.75|x10,74,-19.07,47.3,0.49,21.55,-2.7 / -9.1 / -7.8,False,19,0.22,1.04
EURUSD,B_london,B_london_rev|ref00-05o1|act06-10|rev_cf|b0.75|a10|m1.5|tp0.75|x11,74,-19.5,44.59,0.47,20.92,-5.1 / -7.3 / -7.7,False,19,0.88,1.19
EURUSD,B_london,B_london_rev|ref00-05o1|act06-10|rev_cf|b0.75|a10|m1.5|tpopp|x10,74,-13.62,41.89,0.65,19.39,+0.8 / -8.6 / -6.6,False,19,1.34,1.24
EURUSD,B_london,B_london_rev|ref00-05o1|act06-10|rev_cf|b0.75|a10|m1.5|tpopp|x11,74,-20.55,36.49,0.5,23.28,-3.3 / -10.8 / -7.2,False,19,1.13,1.22
EURUSD,B_london,B_london_rev|ref00-05o1|act07-10|rev|b0.25|a10|m1.0|tp0.5|x10,533,-165.4,62.29,0.33,164.29,-63.5 / -65.4 / -35.1,False,160,-36.94,0.42
EURUSD,B_london,B_london_rev|ref00-05o1|act07-10|rev|b0.25|a10|m1.0|tp0.5|x11,533,-165.08,62.48,0.33,163.98,-63.5 / -65.1 / -35.1,False,160,-36.21,0.43
EURUSD,B_london,B_london_rev|ref00-05o1|act07-10|rev|b0.25|a10|m1.0|tp0.75|x10,533,-119.83,58.54,0.56,119.26,-44.4 / -53.7 / -20.3,False,160,-28.23,0.63
EURUSD,B_london,B_london_rev|ref00-05o1|act07-10|rev|b0.25|a10|m1.0|tp0.75|x11,533,-118.58,58.91,0.57,118.01,-44.3 / -53.4 / -19.6,False,160,-25.93,0.65
EURUSD,B_london,B_london_rev|ref00-05o1|act07-10|rev|b0.25|a10|m1.0|tpopp|x10,533,-140.62,32.83,0.67,150.79,-50.3 / -48.2 / -40.8,False,160,-31.79,0.73
EURUSD,B_london,B_london_rev|ref00-05o1|act07-10|rev|b0.25|a10|m1.0|tpopp|x11,533,-145.18,31.33,0.67,153.63,-41.4 / -57.8 / -44.6,False,160,-33.62,0.72
EURUSD,B_london,B_london_rev|ref00-05o1|act07-10|rev|b0.25|a10|m1.5|tp0.5|x10,533,-74.39,67.73,0.61,73.98,-33.6 / -26.6 / -12.9,False,160,-20.29,0.64
EURUSD,B_london,B_london_rev|ref00-05o1|act07-10|rev|b0.25|a10|m1.5|tp0.5|x11,533,-75.39,68.29,0.61,74.99,-33.7 / -26.5 / -14.0,False,160,-17.23,0.68
EURUSD,B_london,B_london_rev|ref00-05o1|act07-10|rev|b0.25|a10|m1.5|tp0.75|x10,533,-75.85,57.04,0.69,77.51,-39.9 / -25.0 / -9.7,False,160,-20.27,0.71
EURUSD,B_london,B_london_rev|ref00-05o1|act07-10|rev|b0.25|a10|m1.5|tp0.75|x11,533,-75.39,57.6,0.7,76.71,-37.0 / -25.3 / -11.8,False,160,-17.56,0.75
EURUSD,B_london,B_london_rev|ref00-05o1|act07-10|rev|b0.25|a10|m1.5|tpopp|x10,533,-97.84,40.53,0.69,106.37,-36.6 / -30.3 / -29.6,False,160,-20.5,0.76
EURUSD,B_london,B_london_rev|ref00-05o1|act07-10|rev|b0.25|a10|m1.5|tpopp|x11,533,-103.56,38.65,0.69,109.29,-27.2 / -37.5 / -37.5,False,160,-21.53,0.76
EURUSD,B_london,B_london_rev|ref00-05o1|act07-10|rev|b0.5|a10|m1.0|tp0.5|x10,527,-157.4,63.0,0.35,156.3,-63.6 / -66.0 / -26.4,False,154,-35.32,0.42
EURUSD,B_london,B_london_rev|ref00-05o1|act07-10|rev|b0.5|a10|m1.0|tp0.5|x11,527,-157.09,63.19,0.35,155.98,-63.6 / -65.7 / -26.4,False,154,-34.59,0.43
EURUSD,B_london,B_london_rev|ref00-05o1|act07-10|rev|b0.5|a10|m1.0|tp0.75|x10,527,-104.93,60.15,0.6,106.53,-40.8 / -51.0 / -11.7,False,154,-23.37,0.67
EURUSD,B_london,B_london_rev|ref00-05o1|act07-10|rev|b0.5|a10|m1.0|tp0.75|x11,527,-104.84,60.34,0.6,106.44,-40.8 / -50.9 / -11.7,False,154,-20.06,0.71
EURUSD,B_london,B_london_rev|ref00-05o1|act07-10|rev|b0.5|a10|m1.0|tpopp|x10,527,-138.89,32.83,0.67,149.53,-41.0 / -51.3 / -45.2,False,154,-27.24,0.75
EURUSD,B_london,B_london_rev|ref00-05o1|act07-10|rev|b0.5|a10|m1.0|tpopp|x11,527,-145.06,31.12,0.66,153.21,-31.4 / -61.4 / -50.9,False,154,-27.93,0.76
EURUSD,B_london,B_london_rev|ref00-05o1|act07-10|rev|b0.5|a10|m1.5|tp0.5|x10,527,-66.98,68.69,0.64,67.49,-30.0 / -25.4 / -10.3,False,154,-19.51,0.64
EURUSD,B_london,B_london_rev|ref00-05o1|act07-10|rev|b0.5|a10|m1.5|tp0.5|x11,527,-67.74,69.07,0.64,68.25,-29.7 / -25.2 / -11.5,False,154,-16.15,0.69
EURUSD,B_london,B_london_rev|ref00-05o1|act07-10|rev|b0.5|a10|m1.5|tp0.75|x10,527,-70.53,57.12,0.7,71.57,-41.2 / -18.4 / -9.6,False,154,-21.72,0.68
EURUSD,B_london,B_london_rev|ref00-05o1|act07-10|rev|b0.5|a10|m1.5|tp0.75|x11,527,-69.34,58.06,0.71,70.04,-39.1 / -18.2 / -10.8,False,154,-18.95,0.72
EURUSD,B_london,B_london_rev|ref00-05o1|act07-10|rev|b0.5|a10|m1.5|tpopp|x10,527,-98.91,39.85,0.68,106.82,-35.3 / -30.7 / -31.6,False,154,-21.26,0.74
EURUSD,B_london,B_london_rev|ref00-05o1|act07-10|rev|b0.5|a10|m1.5|tpopp|x11,527,-102.13,38.33,0.69,107.41,-26.8 / -37.6 / -36.5,False,154,-21.25,0.76
EURUSD,B_london,B_london_rev|ref00-05o1|act07-10|rev|b0.75|a10|m1.0|tp0.5|x10,509,-144.75,64.05,0.36,143.65,-64.4 / -52.3 / -26.7,False,151,-34.48,0.43
EURUSD,B_london,B_london_rev|ref00-05o1|act07-10|rev|b0.75|a10|m1.0|tp0.5|x11,509,-144.44,64.24,0.36,143.33,-64.4 / -52.0 / -26.7,False,151,-33.75,0.43
EURUSD,B_london,B_london_rev|ref00-05o1|act07-10|rev|b0.75|a10|m1.0|tp0.75|x10,509,-88.59,61.49,0.64,88.8,-41.4 / -39.0 / -6.8,False,151,-22.22,0.68
EURUSD,B_london,B_london_rev|ref00-05o1|act07-10|rev|b0.75|a10|m1.0|tp0.75|x11,509,-87.37,61.89,0.64,87.57,-41.4 / -38.4 / -6.2,False,151,-19.72,0.71
EURUSD,B_london,B_london_rev|ref00-05o1|act07-10|rev|b0.75|a10|m1.0|tpopp|x10,509,-133.94,32.61,0.66,141.13,-44.1 / -45.3 / -43.2,False,151,-29.53,0.72
EURUSD,B_london,B_london_rev|ref00-05o1|act07-10|rev|b0.75|a10|m1.0|tpopp|x11,509,-137.55,30.84,0.67,142.33,-32.4 / -54.9 / -48.9,False,151,-29.24,0.74
EURUSD,B_london,B_london_rev|ref00-05o1|act07-10|rev|b0.75|a10|m1.5|tp0.5|x10,509,-62.52,69.16,0.65,62.68,-32.0 / -25.9 / -3.4,False,151,-18.41,0.65
EURUSD,B_london,B_london_rev|ref00-05o1|act07-10|rev|b0.75|a10|m1.5|tp0.5|x11,509,-62.6,69.55,0.65,62.76,-32.3 / -25.3 / -3.7,False,151,-15.59,0.69
EURUSD,B_london,B_london_rev|ref00-05o1|act07-10|rev|b0.75|a10|m1.5|tp0.75|x10,509,-54.8,59.14,0.76,58.8,-35.7 / -14.7 / -3.1,False,151,-22.31,0.67
EURUSD,B_london,B_london_rev|ref00-05o1|act07-10|rev|b0.75|a10|m1.5|tp0.75|x11,509,-54.58,59.53,0.76,58.58,-31.9 / -15.2 / -6.3,False,151,-20.04,0.7
EURUSD,B_london,B_london_rev|ref00-05o1|act07-10|rev|b0.75|a10|m1.5|tpopp|x10,509,-97.92,39.49,0.68,103.83,-36.9 / -30.6 / -29.1,False,151,-23.17,0.72
EURUSD,B_london,B_london_rev|ref00-05o1|act07-10|rev|b0.75|a10|m1.5|tpopp|x11,509,-99.7,37.92,0.69,102.66,-26.3 / -37.2 / -34.9,False,151,-22.62,0.74
EURUSD,B_london,B_london_rev|ref00-05o1|act07-10|rev_cf|b0.25|a10|m1.0|tp0.5|x10,103,-40.91,55.34,0.25,41.43,-14.3 / -15.2 / -10.1,False,34,-0.43,0.94
EURUSD,B_london,B_london_rev|ref00-05o1|act07-10|rev_cf|b0.25|a10|m1.0|tp0.5|x11,103,-41.13,54.37,0.25,41.65,-14.3 / -14.5 / -11.0,False,34,-0.9,0.88
EURUSD,B_london,B_london_rev|ref00-05o1|act07-10|rev_cf|b0.25|a10|m1.0|tp0.75|x10,103,-37.19,49.51,0.4,38.21,-10.3 / -15.3 / -10.4,False,34,-4.92,0.66
EURUSD,B_london,B_london_rev|ref00-05o1|act07-10|rev_cf|b0.25|a10|m1.0|tp0.75|x11,103,-39.32,47.57,0.37,40.34,-11.1 / -16.5 / -10.5,False,34,-3.67,0.73
EURUSD,B_london,B_london_rev|ref00-05o1|act07-10|rev_cf|b0.25|a10|m1.0|tpopp|x10,103,-30.86,35.92,0.57,37.37,-3.5 / -15.8 / -10.4,False,34,-4.45,0.75
EURUSD,B_london,B_london_rev|ref00-05o1|act07-10|rev_cf|b0.25|a10|m1.0|tpopp|x11,103,-42.31,32.04,0.44,47.22,-12.0 / -21.4 / -7.7,False,34,-3.26,0.81
EURUSD,B_london,B_london_rev|ref00-05o1|act07-10|rev_cf|b0.25|a10|m1.5|tp0.5|x10,103,-25.03,56.31,0.43,25.71,-4.9 / -10.3 / -8.7,False,34,-4.02,0.62
EURUSD,B_london,B_london_rev|ref00-05o1|act07-10|rev_cf|b0.25|a10|m1.5|tp0.5|x11,103,-25.66,53.4,0.41,26.34,-5.3 / -11.3 / -7.9,False,34,-2.82,0.71
EURUSD,B_london,B_london_rev|ref00-05o1|act07-10|rev_cf|b0.25|a10|m1.5|tp0.75|x10,103,-26.69,45.63,0.49,27.91,-4.7 / -11.5 / -9.3,False,34,-1.26,0.88
EURUSD,B_london,B_london_rev|ref00-05o1|act07-10|rev_cf|b0.25|a10|m1.5|tp0.75|x11,103,-23.66,44.66,0.51,24.86,-5.8 / -10.0 / -6.8,False,34,-0.76,0.93
EURUSD,B_london,B_london_rev|ref00-05o1|act07-10|rev_cf|b0.25|a10|m1.5|tpopp|x10,103,-20.98,40.78,0.6,27.63,+0.4 / -12.2 / -8.0,False,34,-1.88,0.85
EURUSD,B_london,B_london_rev|ref00-05o1|act07-10|rev_cf|b0.25|a10|m1.5|tpopp|x11,103,-25.93,36.89,0.51,31.11,-2.9 / -15.1 / -6.8,False,34,-2.89,0.77
EURUSD,B_london,B_london_rev|ref00-05o1|act07-10|rev_cf|b0.5|a10|m1.0|tp0.5|x10,83,-32.31,55.42,0.26,32.83,-9.3 / -11.3 / -10.5,False,26,-2.63,0.62
EURUSD,B_london,B_london_rev|ref00-05o1|act07-10|rev_cf|b0.5|a10|m1.0|tp0.5|x11,83,-33.1,54.22,0.24,33.62,-9.3 / -11.2 / -11.4,False,26,-3.09,0.58
EURUSD,B_london,B_london_rev|ref00-05o1|act07-10|rev_cf|b0.5|a10|m1.0|tp0.75|x10,83,-30.51,48.19,0.39,31.73,-6.7 / -12.1 / -10.5,False,26,-7.16,0.47
EURUSD,B_london,B_london_rev|ref00-05o1|act07-10|rev_cf|b0.5|a10|m1.0|tp0.75|x11,83,-34.04,45.78,0.35,35.27,-8.3 / -13.9 / -10.7,False,26,-6.38,0.5
EURUSD,B_london,B_london_rev|ref00-05o1|act07-10|rev_cf|b0.5|a10|m1.0|tpopp|x10,83,-26.28,34.94,0.55,34.39,+1.3 / -15.3 / -11.0,False,26,-6.2,0.59
EURUSD,B_london,B_london_rev|ref00-05o1|act07-10|rev_cf|b0.5|a10|m1.0|tpopp|x11,83,-35.71,30.12,0.43,41.16,-6.1 / -20.6 / -7.8,False,26,-3.89,0.74
EURUSD,B_london,B_london_rev|ref00-05o1|act07-10|rev_cf|b0.5|a10|m1.5|tp0.5|x10,83,-17.14,56.63,0.47,18.21,-1.1 / -7.5 / -7.5,False,26,-4.51,0.5
EURUSD,B_london,B_london_rev|ref00-05o1|act07-10|rev_cf|b0.5|a10|m1.5|tp0.5|x11,83,-20.72,51.81,0.4,21.39,-3.5 / -9.7 / -6.4,False,26,-3.97,0.52
EURUSD,B_london,B_london_rev|ref00-05o1|act07-10|rev_cf|b0.5|a10|m1.5|tp0.75|x10,83,-19.29,45.78,0.51,21.76,-0.2 / -9.4 / -8.5,False,26,-3.01,0.67
EURUSD,B_london,B_london_rev|ref00-05o1|act07-10|rev_cf|b0.5|a10|m1.5|tp0.75|x11,83,-19.29,43.37,0.5,21.04,-3.2 / -9.0 / -5.9,False,26,-3.28,0.64
EURUSD,B_london,B_london_rev|ref00-05o1|act07-10|rev_cf|b0.5|a10|m1.5|tpopp|x10,83,-16.44,40.96,0.6,24.07,+3.1 / -11.2 / -7.2,False,26,-1.71,0.82
EURUSD,B_london,B_london_rev|ref00-05o1|act07-10|rev_cf|b0.5|a10|m1.5|tpopp|x11,83,-22.93,34.94,0.47,29.34,-1.8 / -14.6 / -5.4,False,26,-2.31,0.76
EURUSD,B_london,B_london_rev|ref22-04o0|act06-09|rev|b0.25|a10|m1.0|tp0.5|x10,478,-94.88,70.92,0.45,97.11,-38.6 / -37.4 / -19.0,False,137,-31.54,0.42
EURUSD,B_london,B_london_rev|ref22-04o0|act06-09|rev|b0.25|a10|m1.0|tp0.5|x11,478,-94.88,70.92,0.45,97.11,-38.6 / -37.4 / -19.0,False,137,-31.54,0.42
EURUSD,B_london,B_london_rev|ref22-04o0|act06-09|rev|b0.25|a10|m1.0|tp0.75|x10,478,-57.88,65.48,0.72,62.92,-23.6 / -24.2 / -8.7,False,137,-17.2,0.72
EURUSD,B_london,B_london_rev|ref22-04o0|act06-09|rev|b0.25|a10|m1.0|tp0.75|x11,478,-58.38,65.48,0.72,63.42,-23.6 / -24.2 / -9.2,False,137,-15.05,0.75
EURUSD,B_london,B_london_rev|ref22-04o0|act06-09|rev|b0.25|a10|m1.0|tpopp|x10,478,-86.44,34.31,0.77,93.87,-36.5 / -29.7 / -18.8,False,137,-23.55,0.77
EURUSD,B_london,B_london_rev|ref22-04o0|act06-09|rev|b0.25|a10|m1.0|tpopp|x11,478,-81.94,33.89,0.79,92.41,-39.9 / -26.0 / -14.6,False,137,-19.1,0.82
EURUSD,B_london,B_london_rev|ref22-04o0|act06-09|rev|b0.25|a10|m1.5|tp0.5|x10,478,-18.95,75.1,0.86,23.9,-12.8 / -5.7 / +0.7,False,137,-3.35,0.91
EURUSD,B_london,B_london_rev|ref22-04o0|act06-09|rev|b0.25|a10|m1.5|tp0.5|x11,478,-16.98,75.73,0.87,22.33,-12.3 / -4.5 / +1.1,False,137,-1.14,0.97
EURUSD,B_london,B_london_rev|ref22-04o0|act06-09|rev|b0.25|a10|m1.5|tp0.75|x10,478,-12.22,64.85,0.93,21.93,-14.2 / +2.1 / +1.1,False,137,-3.38,0.93
EURUSD,B_london,B_london_rev|ref22-04o0|act06-09|rev|b0.25|a10|m1.5|tp0.75|x11,478,-9.6,65.9,0.95,18.78,-12.8 / +3.9 / +0.6,False,137,-2.88,0.94
EURUSD,B_london,B_london_rev|ref22-04o0|act06-09|rev|b0.25|a10|m1.5|tpopp|x10,478,-63.3,40.59,0.78,71.79,-28.2 / -19.2 / -14.6,False,137,-9.13,0.88
EURUSD,B_london,B_london_rev|ref22-04o0|act06-09|rev|b0.25|a10|m1.5|tpopp|x11,478,-59.62,41.21,0.8,67.69,-29.6 / -15.6 / -13.1,False,137,-9.41,0.88
EURUSD,B_london,B_london_rev|ref22-04o0|act06-09|rev|b0.5|a10|m1.0|tp0.5|x10,434,-60.14,74.88,0.56,63.38,-32.8 / -23.5 / -3.9,False,120,-18.89,0.53
EURUSD,B_london,B_london_rev|ref22-04o0|act06-09|rev|b0.5|a10|m1.0|tp0.5|x11,434,-60.14,74.88,0.56,63.38,-32.8 / -23.5 / -3.9,False,120,-18.89,0.53
EURUSD,B_london,B_london_rev|ref22-04o0|act06-09|rev|b0.5|a10|m1.0|tp0.75|x10,434,-26.78,68.66,0.84,40.12,-20.1 / -11.3 / +6.0,False,120,-9.15,0.81
EURUSD,B_london,B_london_rev|ref22-04o0|act06-09|rev|b0.5|a10|m1.0|tp0.75|x11,434,-26.5,68.43,0.84,39.84,-19.8 / -11.3 / +6.0,False,120,-9.15,0.81
EURUSD,B_london,B_london_rev|ref22-04o0|act06-09|rev|b0.5|a10|m1.0|tpopp|x10,434,-77.06,34.1,0.78,84.25,-37.6 / -25.1 / -12.9,False,120,-29.11,0.68
EURUSD,B_london,B_london_rev|ref22-04o0|act06-09|rev|b0.5|a10|m1.0|tpopp|x11,434,-71.25,33.18,0.8,79.54,-39.6 / -21.0 / -9.2,False,120,-30.67,0.68
EURUSD,B_london,B_london_rev|ref22-04o0|act06-09|rev|b0.5|a10|m1.5|tp0.5|x10,434,7.35,79.03,1.07,15.16,-6.6 / +3.3 / +11.9,False,120,0.25,1.01
EURUSD,B_london,B_london_rev|ref22-04o0|act06-09|rev|b0.5|a10|m1.5|tp0.5|x11,434,7.35,79.03,1.07,14.9,-5.9 / +2.9 / +11.6,False,120,0.96,1.03
EURUSD,B_london,B_london_rev|ref22-04o0|act06-09|rev|b0.5|a10|m1.5|tp0.75|x10,434,30.44,70.51,1.22,7.24,+3.9 / +14.1 / +13.7,True,120,1.08,1.03
EURUSD,B_london,B_london_rev|ref22-04o0|act06-09|rev|b0.5|a10|m1.5|tp0.75|x11,434,29.75,70.51,1.21,6.9,+4.7 / +13.0 / +13.4,True,120,3.22,1.07
EURUSD,B_london,B_london_rev|ref22-04o0|act06-09|rev|b0.5|a10|m1.5|tpopp|x10,434,-37.93,43.32,0.85,46.26,-20.5 / -14.8 / -1.3,False,120,-14.95,0.77
EURUSD,B_london,B_london_rev|ref22-04o0|act06-09|rev|b0.5|a10|m1.5|tpopp|x11,434,-34.57,42.63,0.87,41.6,-20.0 / -13.4 / +0.1,False,120,-16.29,0.77
EURUSD,B_london,B_london_rev|ref22-04o0|act06-09|rev|b0.75|a10|m1.0|tp0.5|x10,382,-50.19,75.13,0.58,54.77,-36.3 / -16.0 / +2.0,False,105,-9.05,0.69
EURUSD,B_london,B_london_rev|ref22-04o0|act06-09|rev|b0.75|a10|m1.0|tp0.5|x11,382,-49.88,75.39,0.58,54.77,-36.3 / -16.0 / +2.3,False,105,-9.05,0.69
EURUSD,B_london,B_london_rev|ref22-04o0|act06-09|rev|b0.75|a10|m1.0|tp0.75|x10,382,8.17,73.04,1.06,23.03,-17.8 / +8.0 / +17.6,False,105,5.66,1.17
EURUSD,B_london,B_london_rev|ref22-04o0|act06-09|rev|b0.75|a10|m1.0|tp0.75|x11,382,9.31,73.56,1.07,23.03,-17.8 / +8.0 / +18.7,False,105,6.2,1.19
EURUSD,B_london,B_london_rev|ref22-04o0|act06-09|rev|b0.75|a10|m1.0|tpopp|x10,382,-79.63,34.03,0.73,85.29,-40.5 / -26.9 / -10.8,False,105,-9.84,0.87
EURUSD,B_london,B_london_rev|ref22-04o0|act06-09|rev|b0.75|a10|m1.0|tpopp|x11,382,-85.14,32.72,0.72,89.98,-42.9 / -26.5 / -14.3,False,105,-9.33,0.88
EURUSD,B_london,B_london_rev|ref22-04o0|act06-09|rev|b0.75|a10|m1.5|tp0.5|x10,382,36.61,84.03,1.54,7.1,+1.6 / +15.3 / +19.4,True,105,9.27,1.49
EURUSD,B_london,B_london_rev|ref22-04o0|act06-09|rev|b0.75|a10|m1.5|tp0.5|x11,382,38.15,84.82,1.58,7.1,+1.9 / +15.7 / +20.3,True,105,9.63,1.5
EURUSD,B_london,B_london_rev|ref22-04o0|act06-09|rev|b0.75|a10|m1.5|tp0.75|x10,382,43.14,71.73,1.39,6.02,+7.8 / +14.6 / +22.0,True,105,5.13,1.15
EURUSD,B_london,B_london_rev|ref22-04o0|act06-09|rev|b0.75|a10|m1.5|tp0.75|x11,382,44.6,73.56,1.4,5.85,+9.3 / +14.1 / +22.5,True,105,6.75,1.2
EURUSD,B_london,B_london_rev|ref22-04o0|act06-09|rev|b0.75|a10|m1.5|tpopp|x10,382,-48.35,41.62,0.78,53.31,-18.7 / -23.8 / -4.6,False,105,-5.43,0.9
EURUSD,B_london,B_london_rev|ref22-04o0|act06-09|rev|b0.75|a10|m1.5|tpopp|x11,382,-44.95,41.88,0.8,49.88,-15.8 / -23.6 / -4.2,False,105,-4.53,0.92
EURUSD,B_london,B_london_rev|ref22-04o0|act06-09|rev_cf|b0.25|a10|m1.0|tp0.5|x10,284,-106.21,58.45,0.27,105.2,-45.6 / -40.0 / -20.9,False,72,-11.12,0.53
EURUSD,B_london,B_london_rev|ref22-04o0|act06-09|rev_cf|b0.25|a10|m1.0|tp0.5|x11,284,-106.79,58.8,0.27,106.07,-46.0 / -40.6 / -20.4,False,72,-10.9,0.55
EURUSD,B_london,B_london_rev|ref22-04o0|act06-09|rev_cf|b0.25|a10|m1.0|tp0.75|x10,284,-81.34,54.93,0.47,80.58,-37.4 / -28.1 / -16.4,False,72,-10.25,0.67
EURUSD,B_london,B_london_rev|ref22-04o0|act06-09|rev_cf|b0.25|a10|m1.0|tp0.75|x11,284,-83.0,55.28,0.48,82.25,-38.0 / -29.1 / -16.4,False,72,-11.0,0.67
EURUSD,B_london,B_london_rev|ref22-04o0|act06-09|rev_cf|b0.25|a10|m1.0|tpopp|x10,284,-66.27,41.2,0.66,68.57,-41.1 / -23.0 / -2.8,False,72,5.08,1.13
EURUSD,B_london,B_london_rev|ref22-04o0|act06-09|rev_cf|b0.25|a10|m1.0|tpopp|x11,284,-65.42,39.08,0.68,68.37,-37.9 / -24.8 / -3.4,False,72,4.71,1.11
EURUSD,B_london,B_london_rev|ref22-04o0|act06-09|rev_cf|b0.25|a10|m1.5|tp0.5|x10,284,-59.19,60.56,0.48,59.86,-30.3 / -18.6 / -10.7,False,72,-1.81,0.89
EURUSD,B_london,B_london_rev|ref22-04o0|act06-09|rev_cf|b0.25|a10|m1.5|tp0.5|x11,284,-59.01,62.32,0.49,59.67,-31.7 / -18.9 / -8.7,False,72,-1.28,0.93
EURUSD,B_london,B_london_rev|ref22-04o0|act06-09|rev_cf|b0.25|a10|m1.5|tp0.75|x10,284,-55.98,52.11,0.58,55.86,-25.0 / -18.6 / -13.0,False,72,4.08,1.21
EURUSD,B_london,B_london_rev|ref22-04o0|act06-09|rev_cf|b0.25|a10|m1.5|tp0.75|x11,284,-53.84,53.17,0.61,53.25,-26.3 / -18.2 / -10.0,False,72,5.41,1.25
EURUSD,B_london,B_london_rev|ref22-04o0|act06-09|rev_cf|b0.25|a10|m1.5|tpopp|x10,284,-48.26,46.83,0.65,50.61,-30.4 / -11.3 / -7.0,False,72,8.42,1.36
EURUSD,B_london,B_london_rev|ref22-04o0|act06-09|rev_cf|b0.25|a10|m1.5|tpopp|x11,284,-42.58,46.83,0.7,48.97,-29.0 / -12.3 / -1.8,False,72,8.51,1.32
EURUSD,B_london,B_london_rev|ref22-04o0|act06-09|rev_cf|b0.5|a10|m1.0|tp0.5|x10,209,-79.53,58.37,0.26,80.07,-36.3 / -26.2 / -17.3,False,46,-6.38,0.56
EURUSD,B_london,B_london_rev|ref22-04o0|act06-09|rev_cf|b0.5|a10|m1.0|tp0.5|x11,209,-80.56,58.85,0.26,81.4,-36.9 / -26.8 / -17.1,False,46,-6.78,0.56
EURUSD,B_london,B_london_rev|ref22-04o0|act06-09|rev_cf|b0.5|a10|m1.0|tp0.75|x10,209,-64.73,53.59,0.45,65.78,-31.7 / -17.3 / -16.3,False,46,-7.51,0.64
EURUSD,B_london,B_london_rev|ref22-04o0|act06-09|rev_cf|b0.5|a10|m1.0|tp0.75|x11,209,-67.61,53.59,0.44,68.65,-32.9 / -18.3 / -16.9,False,46,-9.86,0.57
EURUSD,B_london,B_london_rev|ref22-04o0|act06-09|rev_cf|b0.5|a10|m1.0|tpopp|x10,209,-58.19,39.23,0.6,59.76,-34.4 / -22.4 / -2.0,False,46,-0.85,0.96
EURUSD,B_london,B_london_rev|ref22-04o0|act06-09|rev_cf|b0.5|a10|m1.0|tpopp|x11,209,-56.42,38.28,0.63,57.99,-30.9 / -23.1 / -3.1,False,46,-4.33,0.84
EURUSD,B_london,B_london_rev|ref22-04o0|act06-09|rev_cf|b0.5|a10|m1.5|tp0.5|x10,209,-46.35,59.33,0.46,47.05,-26.8 / -8.2 / -11.7,False,46,-3.4,0.73
EURUSD,B_london,B_london_rev|ref22-04o0|act06-09|rev_cf|b0.5|a10|m1.5|tp0.5|x11,209,-48.52,60.29,0.45,49.22,-28.7 / -9.3 / -10.9,False,46,-5.07,0.65
EURUSD,B_london,B_london_rev|ref22-04o0|act06-09|rev_cf|b0.5|a10|m1.5|tp0.75|x10,209,-45.33,50.24,0.55,46.52,-22.3 / -11.8 / -11.8,False,46,-1.31,0.91
EURUSD,B_london,B_london_rev|ref22-04o0|act06-09|rev_cf|b0.5|a10|m1.5|tp0.75|x11,209,-44.92,51.67,0.57,46.11,-23.6 / -10.3 / -11.6,False,46,-3.29,0.81
EURUSD,B_london,B_london_rev|ref22-04o0|act06-09|rev_cf|b0.5|a10|m1.5|tpopp|x10,209,-37.05,45.93,0.63,39.43,-24.3 / -7.6 / -5.5,False,46,0.18,1.01
EURUSD,B_london,B_london_rev|ref22-04o0|act06-09|rev_cf|b0.5|a10|m1.5|tpopp|x11,209,-32.21,46.89,0.69,36.28,-22.6 / -6.7 / -3.3,False,46,-3.05,0.84
EURUSD,B_london,B_london_rev|ref22-04o0|act06-09|rev_cf|b0.75|a10|m1.0|tp0.5|x10,135,-50.51,58.52,0.27,51.04,-26.6 / -13.8 / -9.6,False,29,-4.51,0.53
EURUSD,B_london,B_london_rev|ref22-04o0|act06-09|rev_cf|b0.75|a10|m1.0|tp0.5|x11,135,-51.26,59.26,0.27,52.59,-27.2 / -14.5 / -9.9,False,29,-4.91,0.52
EURUSD,B_london,B_london_rev|ref22-04o0|act06-09|rev_cf|b0.75|a10|m1.0|tp0.75|x10,135,-40.65,54.07,0.46,41.49,-26.0 / -6.9 / -7.2,False,29,-5.62,0.58
EURUSD,B_london,B_london_rev|ref22-04o0|act06-09|rev_cf|b0.75|a10|m1.0|tp0.75|x11,135,-42.49,54.07,0.45,43.61,-27.2 / -7.2 / -7.8,False,29,-6.81,0.54
EURUSD,B_london,B_london_rev|ref22-04o0|act06-09|rev_cf|b0.75|a10|m1.0|tpopp|x10,135,-40.23,40.0,0.57,45.53,-26.7 / -10.6 / -2.4,False,29,-1.21,0.92
EURUSD,B_london,B_london_rev|ref22-04o0|act06-09|rev_cf|b0.75|a10|m1.0|tpopp|x11,135,-44.17,36.3,0.56,47.59,-26.0 / -13.9 / -4.0,False,29,-2.67,0.84
EURUSD,B_london,B_london_rev|ref22-04o0|act06-09|rev_cf|b0.75|a10|m1.5|tp0.5|x10,135,-24.66,61.48,0.52,25.85,-20.0 / -1.4 / -2.9,False,29,-3.77,0.58
EURUSD,B_london,B_london_rev|ref22-04o0|act06-09|rev_cf|b0.75|a10|m1.5|tp0.5|x11,135,-26.41,62.22,0.51,27.79,-21.9 / -2.1 / -2.3,False,29,-4.47,0.56
EURUSD,B_london,B_london_rev|ref22-04o0|act06-09|rev_cf|b0.75|a10|m1.5|tp0.75|x10,135,-27.23,50.37,0.57,29.66,-18.8 / -4.8 / -3.3,False,29,-3.83,0.63
EURUSD,B_london,B_london_rev|ref22-04o0|act06-09|rev_cf|b0.75|a10|m1.5|tp0.75|x11,135,-28.11,50.37,0.57,30.74,-20.3 / -4.3 / -3.4,False,29,-4.29,0.65
EURUSD,B_london,B_london_rev|ref22-04o0|act06-09|rev_cf|b0.75|a10|m1.5|tpopp|x10,135,-21.9,48.15,0.64,24.62,-17.7 / -1.3 / -2.5,False,29,-1.17,0.89
EURUSD,B_london,B_london_rev|ref22-04o0|act06-09|rev_cf|b0.75|a10|m1.5|tpopp|x11,135,-21.54,46.67,0.67,25.76,-18.4 / -3.2 / +0.2,False,29,-1.91,0.85
EURUSD,B_london,B_london_rev|ref22-04o0|act06-10|rev|b0.25|a10|m1.0|tp0.5|x10,507,-89.24,72.19,0.49,92.21,-39.0 / -34.4 / -15.9,False,147,-31.44,0.45
EURUSD,B_london,B_london_rev|ref22-04o0|act06-10|rev|b0.25|a10|m1.0|tp0.5|x11,507,-89.24,72.19,0.49,92.21,-39.0 / -34.4 / -15.9,False,147,-31.75,0.44
EURUSD,B_london,B_london_rev|ref22-04o0|act06-10|rev|b0.25|a10|m1.0|tp0.75|x10,507,-50.2,66.47,0.76,56.04,-22.0 / -21.6 / -5.1,False,147,-15.87,0.75
EURUSD,B_london,B_london_rev|ref22-04o0|act06-10|rev|b0.25|a10|m1.0|tp0.75|x11,507,-49.67,66.67,0.76,55.51,-22.0 / -20.6 / -5.6,False,147,-15.02,0.76
EURUSD,B_london,B_london_rev|ref22-04o0|act06-10|rev|b0.25|a10|m1.0|tpopp|x10,507,-84.85,35.5,0.78,92.42,-35.4 / -33.4 / -14.6,False,147,-24.64,0.77
EURUSD,B_london,B_london_rev|ref22-04o0|act06-10|rev|b0.25|a10|m1.0|tpopp|x11,507,-75.78,35.7,0.81,87.44,-36.3 / -26.7 / -11.4,False,147,-20.31,0.82
EURUSD,B_london,B_london_rev|ref22-04o0|act06-10|rev|b0.25|a10|m1.5|tp0.5|x10,507,-14.27,75.54,0.9,21.95,-12.4 / -3.9 / +3.3,False,147,-2.8,0.93
EURUSD,B_london,B_london_rev|ref22-04o0|act06-10|rev|b0.25|a10|m1.5|tp0.5|x11,507,-11.47,76.33,0.91,20.21,-12.0 / -2.1 / +3.9,False,147,-1.34,0.97
EURUSD,B_london,B_london_rev|ref22-04o0|act06-10|rev|b0.25|a10|m1.5|tp0.75|x10,507,-2.86,65.68,0.98,17.98,-12.0 / +5.6 / +4.8,False,147,-1.97,0.96
EURUSD,B_london,B_london_rev|ref22-04o0|act06-10|rev|b0.25|a10|m1.5|tp0.75|x11,507,1.28,67.06,1.01,14.49,-10.4 / +8.1 / +4.9,False,147,-3.04,0.95
EURUSD,B_london,B_london_rev|ref22-04o0|act06-10|rev|b0.25|a10|m1.5|tpopp|x10,507,-62.36,41.42,0.79,70.95,-28.0 / -21.6 / -11.5,False,147,-10.53,0.86
EURUSD,B_london,B_london_rev|ref22-04o0|act06-10|rev|b0.25|a10|m1.5|tpopp|x11,507,-56.4,42.6,0.81,65.27,-28.2 / -16.3 / -10.6,False,147,-10.67,0.87
EURUSD,B_london,B_london_rev|ref22-04o0|act06-10|rev|b0.5|a10|m1.0|tp0.5|x10,465,-60.47,75.27,0.58,64.43,-36.0 / -22.6 / -1.9,False,130,-19.51,0.54
EURUSD,B_london,B_london_rev|ref22-04o0|act06-10|rev|b0.5|a10|m1.0|tp0.5|x11,465,-60.47,75.27,0.58,64.43,-36.0 / -22.6 / -1.9,False,130,-19.51,0.54
EURUSD,B_london,B_london_rev|ref22-04o0|act06-10|rev|b0.5|a10|m1.0|tp0.75|x10,465,-20.86,69.46,0.88,41.6,-20.0 / -7.9 / +8.4,False,130,-8.78,0.83
EURUSD,B_london,B_london_rev|ref22-04o0|act06-10|rev|b0.5|a10|m1.0|tp0.75|x11,465,-20.58,69.25,0.88,41.32,-19.7 / -7.9 / +8.4,False,130,-8.47,0.84
EURUSD,B_london,B_london_rev|ref22-04o0|act06-10|rev|b0.5|a10|m1.0|tpopp|x10,465,-82.2,34.84,0.77,87.73,-39.2 / -30.3 / -11.2,False,130,-32.38,0.67
EURUSD,B_london,B_london_rev|ref22-04o0|act06-10|rev|b0.5|a10|m1.0|tpopp|x11,465,-73.08,33.98,0.8,80.6,-39.9 / -24.3 / -7.4,False,130,-33.09,0.68
EURUSD,B_london,B_london_rev|ref22-04o0|act06-10|rev|b0.5|a10|m1.5|tp0.5|x10,465,12.29,79.57,1.12,16.29,-6.8 / +4.5 / +15.8,False,130,-0.17,0.99
EURUSD,B_london,B_london_rev|ref22-04o0|act06-10|rev|b0.5|a10|m1.5|tp0.5|x11,465,12.3,79.57,1.11,16.04,-6.6 / +4.6 / +15.6,False,130,0.74,1.02
EURUSD,B_london,B_london_rev|ref22-04o0|act06-10|rev|b0.5|a10|m1.5|tp0.75|x10,465,34.55,70.54,1.24,7.62,+3.6 / +13.6 / +18.6,True,130,-0.04,1.0
EURUSD,B_london,B_london_rev|ref22-04o0|act06-10|rev|b0.5|a10|m1.5|tp0.75|x11,465,37.79,71.18,1.26,7.27,+4.5 / +14.8 / +19.8,True,130,3.18,1.07
EURUSD,B_london,B_london_rev|ref22-04o0|act06-10|rev|b0.5|a10|m1.5|tpopp|x10,465,-40.38,43.66,0.85,47.9,-22.1 / -18.7 / +1.7,False,130,-15.82,0.77
EURUSD,B_london,B_london_rev|ref22-04o0|act06-10|rev|b0.5|a10|m1.5|tpopp|x11,465,-32.13,43.66,0.88,39.99,-22.0 / -12.9 / +4.0,False,130,-14.43,0.81
EURUSD,B_london,B_london_rev|ref22-04o0|act06-10|rev|b0.75|a10|m1.0|tp0.5|x10,413,-50.58,75.54,0.6,56.16,-39.5 / -11.7 / +0.6,False,114,-9.85,0.69
EURUSD,B_london,B_london_rev|ref22-04o0|act06-10|rev|b0.75|a10|m1.0|tp0.5|x11,413,-50.27,75.79,0.6,56.16,-39.5 / -11.7 / +0.9,False,114,-9.85,0.69
EURUSD,B_london,B_london_rev|ref22-04o0|act06-10|rev|b0.75|a10|m1.0|tp0.75|x10,413,14.03,73.61,1.1,22.45,-19.2 / +15.0 / +17.9,False,114,6.61,1.19
EURUSD,B_london,B_london_rev|ref22-04o0|act06-10|rev|b0.75|a10|m1.0|tp0.75|x11,413,15.17,74.09,1.11,22.45,-19.2 / +15.0 / +19.0,False,114,7.15,1.2
EURUSD,B_london,B_london_rev|ref22-04o0|act06-10|rev|b0.75|a10|m1.0|tpopp|x10,413,-84.99,34.38,0.73,88.62,-47.1 / -19.2 / -17.2,False,114,-8.09,0.9
EURUSD,B_london,B_london_rev|ref22-04o0|act06-10|rev|b0.75|a10|m1.0|tpopp|x11,413,-81.89,33.41,0.75,84.58,-45.9 / -12.9 / -21.7,False,114,-6.29,0.93
EURUSD,B_london,B_london_rev|ref22-04o0|act06-10|rev|b0.75|a10|m1.5|tp0.5|x10,413,43.25,84.5,1.61,8.69,+2.5 / +20.4 / +20.1,True,114,9.24,1.43
EURUSD,B_london,B_london_rev|ref22-04o0|act06-10|rev|b0.75|a10|m1.5|tp0.5|x11,413,44.55,85.23,1.64,8.92,+2.6 / +20.7 / +21.0,True,114,9.6,1.45
EURUSD,B_london,B_london_rev|ref22-04o0|act06-10|rev|b0.75|a10|m1.5|tp0.75|x10,413,51.75,71.91,1.44,6.68,+8.3 / +20.9 / +23.8,True,114,4.7,1.13
EURUSD,B_london,B_london_rev|ref22-04o0|act06-10|rev|b0.75|a10|m1.5|tp0.75|x11,413,54.4,74.09,1.46,7.06,+10.1 / +21.4 / +24.2,True,114,6.55,1.18
EURUSD,B_london,B_london_rev|ref22-04o0|act06-10|rev|b0.75|a10|m1.5|tpopp|x10,413,-51.28,41.4,0.78,54.56,-23.6 / -18.1 / -8.3,False,114,-4.93,0.91
EURUSD,B_london,B_london_rev|ref22-04o0|act06-10|rev|b0.75|a10|m1.5|tpopp|x11,413,-40.62,42.37,0.83,45.28,-17.5 / -13.3 / -8.6,False,114,-3.17,0.95
EURUSD,B_london,B_london_rev|ref22-04o0|act06-10|rev_cf|b0.25|a10|m1.0|tp0.5|x10,319,-112.86,59.56,0.29,112.06,-50.4 / -41.0 / -21.7,False,85,-14.8,0.5
EURUSD,B_london,B_london_rev|ref22-04o0|act06-10|rev_cf|b0.25|a10|m1.0|tp0.5|x11,319,-114.18,59.56,0.29,113.67,-50.8 / -42.4 / -21.2,False,85,-14.72,0.51
EURUSD,B_london,B_london_rev|ref22-04o0|act06-10|rev_cf|b0.25|a10|m1.0|tp0.75|x10,319,-87.23,55.49,0.49,86.94,-40.7 / -28.5 / -18.5,False,85,-11.93,0.68
EURUSD,B_london,B_london_rev|ref22-04o0|act06-10|rev_cf|b0.25|a10|m1.0|tp0.75|x11,319,-89.15,55.17,0.49,88.86,-42.4 / -30.6 / -16.7,False,85,-13.11,0.66
EURUSD,B_london,B_london_rev|ref22-04o0|act06-10|rev_cf|b0.25|a10|m1.0|tpopp|x10,319,-71.3,41.69,0.67,72.54,-45.4 / -22.4 / -4.3,False,85,6.75,1.15
EURUSD,B_london,B_london_rev|ref22-04o0|act06-10|rev_cf|b0.25|a10|m1.0|tpopp|x11,319,-70.65,40.13,0.68,72.55,-42.4 / -24.1 / -4.9,False,85,3.06,1.06
EURUSD,B_london,B_london_rev|ref22-04o0|act06-10|rev_cf|b0.25|a10|m1.5|tp0.5|x10,319,-64.79,61.13,0.49,65.76,-32.6 / -20.2 / -12.2,False,85,-3.09,0.86
EURUSD,B_london,B_london_rev|ref22-04o0|act06-10|rev_cf|b0.25|a10|m1.5|tp0.5|x11,319,-63.04,61.76,0.5,64.01,-34.8 / -19.7 / -8.9,False,85,-2.82,0.87
EURUSD,B_london,B_london_rev|ref22-04o0|act06-10|rev_cf|b0.25|a10|m1.5|tp0.75|x10,319,-62.83,52.35,0.59,61.64,-25.6 / -21.7 / -14.3,False,85,3.29,1.13
EURUSD,B_london,B_london_rev|ref22-04o0|act06-10|rev_cf|b0.25|a10|m1.5|tp0.75|x11,319,-61.6,51.72,0.59,60.54,-29.2 / -21.2 / -10.7,False,85,3.25,1.12
EURUSD,B_london,B_london_rev|ref22-04o0|act06-10|rev_cf|b0.25|a10|m1.5|tpopp|x10,319,-49.3,47.96,0.69,50.66,-31.5 / -12.9 / -5.4,False,85,9.96,1.35
EURUSD,B_london,B_london_rev|ref22-04o0|act06-10|rev_cf|b0.25|a10|m1.5|tpopp|x11,319,-46.2,47.34,0.71,49.05,-31.9 / -12.0 / -2.8,False,85,7.21,1.23
EURUSD,B_london,B_london_rev|ref22-04o0|act06-10|rev_cf|b0.5|a10|m1.0|tp0.5|x10,242,-86.92,59.5,0.28,86.37,-42.6 / -26.1 / -18.4,False,58,-8.99,0.53
EURUSD,B_london,B_london_rev|ref22-04o0|act06-10|rev_cf|b0.5|a10|m1.0|tp0.5|x11,242,-88.07,59.92,0.28,87.8,-43.2 / -26.9 / -18.1,False,58,-9.03,0.54
EURUSD,B_london,B_london_rev|ref22-04o0|act06-10|rev_cf|b0.5|a10|m1.0|tp0.75|x10,242,-71.88,54.13,0.46,72.07,-38.5 / -15.0 / -18.9,False,58,-9.87,0.63
EURUSD,B_london,B_london_rev|ref22-04o0|act06-10|rev_cf|b0.5|a10|m1.0|tp0.75|x11,242,-74.6,53.72,0.46,74.79,-39.7 / -17.6 / -17.7,False,58,-11.85,0.58
EURUSD,B_london,B_london_rev|ref22-04o0|act06-10|rev_cf|b0.5|a10|m1.0|tpopp|x10,242,-60.53,40.5,0.64,61.52,-41.3 / -13.6 / -6.4,False,58,-0.66,0.98
EURUSD,B_london,B_london_rev|ref22-04o0|act06-10|rev_cf|b0.5|a10|m1.0|tpopp|x11,242,-59.5,40.08,0.65,60.49,-39.1 / -17.0 / -4.1,False,58,-4.73,0.86
EURUSD,B_london,B_london_rev|ref22-04o0|act06-10|rev_cf|b0.5|a10|m1.5|tp0.5|x10,242,-52.78,59.92,0.47,52.58,-32.2 / -7.3 / -13.6,False,58,-5.14,0.7
EURUSD,B_london,B_london_rev|ref22-04o0|act06-10|rev_cf|b0.5|a10|m1.5|tp0.5|x11,242,-54.66,59.92,0.46,54.45,-34.1 / -9.5 / -11.4,False,58,-6.2,0.65
EURUSD,B_london,B_london_rev|ref22-04o0|act06-10|rev_cf|b0.5|a10|m1.5|tp0.75|x10,242,-51.76,50.83,0.56,51.15,-26.4 / -10.5 / -13.7,False,58,-2.8,0.86
EURUSD,B_london,B_london_rev|ref22-04o0|act06-10|rev_cf|b0.5|a10|m1.5|tp0.75|x11,242,-52.38,50.41,0.56,51.9,-28.5 / -10.5 / -12.9,False,58,-5.31,0.76
EURUSD,B_london,B_london_rev|ref22-04o0|act06-10|rev_cf|b0.5|a10|m1.5|tpopp|x10,242,-38.01,47.52,0.68,41.12,-29.9 / -2.4 / -6.3,False,58,1.07,1.05
EURUSD,B_london,B_london_rev|ref22-04o0|act06-10|rev_cf|b0.5|a10|m1.5|tpopp|x11,242,-35.61,47.93,0.7,37.9,-29.1 / -2.9 / -4.0,False,58,-3.12,0.87
EURUSD,B_london,B_london_rev|ref22-04o0|act06-10|rev_cf|b0.75|a10|m1.0|tp0.5|x10,156,-58.24,58.33,0.27,57.2,-32.4 / -15.0 / -10.4,False,36,-5.73,0.52
EURUSD,B_london,B_london_rev|ref22-04o0|act06-10|rev_cf|b0.75|a10|m1.0|tp0.5|x11,156,-59.11,58.97,0.27,58.35,-33.0 / -15.7 / -10.6,False,36,-6.13,0.52
EURUSD,B_london,B_london_rev|ref22-04o0|act06-10|rev_cf|b0.75|a10|m1.0|tp0.75|x10,156,-47.13,53.85,0.46,46.33,-31.3 / -6.8 / -8.5,False,36,-5.59,0.65
EURUSD,B_london,B_london_rev|ref22-04o0|act06-10|rev_cf|b0.75|a10|m1.0|tp0.75|x11,156,-48.62,53.85,0.46,47.83,-32.5 / -7.5 / -8.4,False,36,-6.81,0.6
EURUSD,B_london,B_london_rev|ref22-04o0|act06-10|rev_cf|b0.75|a10|m1.0|tpopp|x10,156,-41.72,41.03,0.61,42.55,-33.3 / -3.1 / -4.7,False,36,0.94,1.05
EURUSD,B_london,B_london_rev|ref22-04o0|act06-10|rev_cf|b0.75|a10|m1.0|tpopp|x11,156,-48.14,37.82,0.57,48.72,-32.7 / -9.3 / -5.9,False,36,-1.5,0.92
EURUSD,B_london,B_london_rev|ref22-04o0|act06-10|rev_cf|b0.75|a10|m1.5|tp0.5|x10,156,-30.82,60.9,0.5,29.95,-25.2 / -2.1 / -3.2,False,36,-2.92,0.71
EURUSD,B_london,B_london_rev|ref22-04o0|act06-10|rev_cf|b0.75|a10|m1.5|tp0.5|x11,156,-33.0,60.9,0.48,32.5,-27.1 / -2.9 / -2.9,False,36,-4.24,0.63
EURUSD,B_london,B_london_rev|ref22-04o0|act06-10|rev_cf|b0.75|a10|m1.5|tp0.75|x10,156,-33.88,50.0,0.55,33.93,-23.5 / -4.1 / -5.9,False,36,-3.23,0.75
EURUSD,B_london,B_london_rev|ref22-04o0|act06-10|rev_cf|b0.75|a10|m1.5|tp0.75|x11,156,-36.25,48.72,0.53,36.99,-25.0 / -4.1 / -7.0,False,36,-5.04,0.66
EURUSD,B_london,B_london_rev|ref22-04o0|act06-10|rev_cf|b0.75|a10|m1.5|tpopp|x10,156,-21.99,49.36,0.69,25.19,-24.1 / +3.3 / -0.9,False,36,2.03,1.18
EURUSD,B_london,B_london_rev|ref22-04o0|act06-10|rev_cf|b0.75|a10|m1.5|tpopp|x11,156,-26.76,46.79,0.65,28.34,-24.9 / -0.4 / -1.3,False,36,-0.9,0.94
EURUSD,B_london,B_london_rev|ref22-04o0|act07-10|rev|b0.25|a10|m1.0|tp0.5|x10,489,-129.74,65.44,0.38,128.42,-49.4 / -47.5 / -31.5,False,140,-30.18,0.44
EURUSD,B_london,B_london_rev|ref22-04o0|act07-10|rev|b0.25|a10|m1.0|tp0.5|x11,489,-129.48,65.44,0.38,128.16,-49.4 / -47.5 / -31.2,False,140,-29.47,0.45
EURUSD,B_london,B_london_rev|ref22-04o0|act07-10|rev|b0.25|a10|m1.0|tp0.75|x10,489,-86.2,60.94,0.63,89.1,-26.6 / -35.0 / -23.3,False,140,-23.93,0.64
EURUSD,B_london,B_london_rev|ref22-04o0|act07-10|rev|b0.25|a10|m1.0|tp0.75|x11,489,-84.83,61.55,0.64,88.51,-27.4 / -33.9 / -22.1,False,140,-20.98,0.68
EURUSD,B_london,B_london_rev|ref22-04o0|act07-10|rev|b0.25|a10|m1.0|tpopp|x10,489,-124.07,34.56,0.67,126.31,-35.3 / -58.8 / -28.6,False,140,-36.61,0.64
EURUSD,B_london,B_london_rev|ref22-04o0|act07-10|rev|b0.25|a10|m1.0|tpopp|x11,489,-120.37,34.56,0.69,121.04,-39.4 / -53.1 / -26.5,False,140,-35.32,0.67
EURUSD,B_london,B_london_rev|ref22-04o0|act07-10|rev|b0.25|a10|m1.5|tp0.5|x10,489,-48.37,69.33,0.7,50.34,-19.9 / -17.5 / -9.7,False,140,-11.89,0.73
EURUSD,B_london,B_london_rev|ref22-04o0|act07-10|rev|b0.25|a10|m1.5|tp0.5|x11,489,-47.95,70.14,0.7,50.19,-19.4 / -16.9 / -10.4,False,140,-10.27,0.77
EURUSD,B_london,B_london_rev|ref22-04o0|act07-10|rev|b0.25|a10|m1.5|tp0.75|x10,489,-17.74,61.76,0.91,31.9,-14.0 / -8.2 / +5.7,False,140,-5.67,0.89
EURUSD,B_london,B_london_rev|ref22-04o0|act07-10|rev|b0.25|a10|m1.5|tp0.75|x11,489,-15.91,63.8,0.92,29.57,-12.8 / -7.0 / +5.2,False,140,-7.97,0.86
EURUSD,B_london,B_london_rev|ref22-04o0|act07-10|rev|b0.25|a10|m1.5|tpopp|x10,489,-93.56,39.88,0.66,96.08,-36.0 / -39.1 / -17.3,False,140,-17.45,0.75
EURUSD,B_london,B_london_rev|ref22-04o0|act07-10|rev|b0.25|a10|m1.5|tpopp|x11,489,-87.87,41.92,0.69,89.66,-35.3 / -32.7 / -18.7,False,140,-21.55,0.73
EURUSD,B_london,B_london_rev|ref22-04o0|act07-10|rev|b0.5|a10|m1.0|tp0.5|x10,448,-112.74,66.29,0.39,111.42,-45.4 / -42.3 / -23.7,False,126,-13.78,0.63
EURUSD,B_london,B_london_rev|ref22-04o0|act07-10|rev|b0.5|a10|m1.0|tp0.5|x11,448,-112.48,66.29,0.4,111.16,-45.4 / -42.3 / -23.4,False,126,-13.78,0.63
EURUSD,B_london,B_london_rev|ref22-04o0|act07-10|rev|b0.5|a10|m1.0|tp0.75|x10,448,-71.61,62.05,0.66,73.7,-25.9 / -30.6 / -13.8,False,126,-9.02,0.82
EURUSD,B_london,B_london_rev|ref22-04o0|act07-10|rev|b0.5|a10|m1.0|tp0.75|x11,448,-70.34,62.05,0.66,72.43,-25.6 / -30.6 / -12.8,False,126,-7.99,0.84
EURUSD,B_london,B_london_rev|ref22-04o0|act07-10|rev|b0.5|a10|m1.0|tpopp|x10,448,-108.02,34.82,0.69,109.69,-38.5 / -42.4 / -25.7,False,126,-26.95,0.69
EURUSD,B_london,B_london_rev|ref22-04o0|act07-10|rev|b0.5|a10|m1.0|tpopp|x11,448,-96.53,33.71,0.73,98.2,-36.0 / -36.7 / -22.4,False,126,-31.67,0.67
EURUSD,B_london,B_london_rev|ref22-04o0|act07-10|rev|b0.5|a10|m1.5|tp0.5|x10,448,-29.44,72.32,0.78,35.38,-18.1 / -12.4 / +2.2,False,126,-5.61,0.84
EURUSD,B_london,B_london_rev|ref22-04o0|act07-10|rev|b0.5|a10|m1.5|tp0.5|x11,448,-30.09,72.54,0.78,35.6,-17.9 / -13.0 / +2.1,False,126,-4.65,0.87
EURUSD,B_london,B_london_rev|ref22-04o0|act07-10|rev|b0.5|a10|m1.5|tp0.75|x10,448,-8.04,63.84,0.95,22.53,-6.6 / -4.1 / +3.9,False,126,0.9,1.02
EURUSD,B_london,B_london_rev|ref22-04o0|act07-10|rev|b0.5|a10|m1.5|tp0.75|x11,448,-2.2,65.4,0.99,20.35,-3.3 / -3.6 / +6.0,False,126,3.35,1.08
EURUSD,B_london,B_london_rev|ref22-04o0|act07-10|rev|b0.5|a10|m1.5|tpopp|x10,448,-62.99,43.08,0.75,69.35,-30.5 / -23.2 / -8.0,False,126,-11.74,0.81
EURUSD,B_london,B_london_rev|ref22-04o0|act07-10|rev|b0.5|a10|m1.5|tpopp|x11,448,-54.13,43.3,0.79,59.24,-28.1 / -17.1 / -7.7,False,126,-13.47,0.8
EURUSD,B_london,B_london_rev|ref22-04o0|act07-10|rev|b0.75|a10|m1.0|tp0.5|x10,396,-83.21,68.94,0.45,82.12,-44.2 / -27.7 / -9.9,False,109,-8.87,0.7
EURUSD,B_london,B_london_rev|ref22-04o0|act07-10|rev|b0.75|a10|m1.0|tp0.5|x11,396,-82.65,69.19,0.45,81.56,-44.2 / -27.7 / -9.4,False,109,-8.87,0.7
EURUSD,B_london,B_london_rev|ref22-04o0|act07-10|rev|b0.75|a10|m1.0|tp0.75|x10,396,-30.36,66.67,0.81,36.55,-26.4 / -6.7 / +4.2,False,109,1.37,1.04
EURUSD,B_london,B_london_rev|ref22-04o0|act07-10|rev|b0.75|a10|m1.0|tp0.75|x11,396,-28.96,67.17,0.82,36.55,-26.4 / -6.7 / +5.6,False,109,1.88,1.05
EURUSD,B_london,B_london_rev|ref22-04o0|act07-10|rev|b0.75|a10|m1.0|tpopp|x10,396,-89.19,34.85,0.7,93.86,-55.0 / -25.2 / -7.7,False,109,-10.37,0.85
EURUSD,B_london,B_london_rev|ref22-04o0|act07-10|rev|b0.75|a10|m1.0|tpopp|x11,396,-88.34,33.59,0.71,88.88,-56.1 / -19.7 / -11.3,False,109,-16.1,0.79
EURUSD,B_london,B_london_rev|ref22-04o0|act07-10|rev|b0.75|a10|m1.5|tp0.5|x10,396,5.4,77.78,1.06,17.51,-8.1 / +7.9 / +6.9,False,109,0.27,1.01
EURUSD,B_london,B_london_rev|ref22-04o0|act07-10|rev|b0.75|a10|m1.5|tp0.5|x11,396,6.46,78.54,1.07,17.09,-8.0 / +8.2 / +7.5,False,109,0.94,1.03
EURUSD,B_london,B_london_rev|ref22-04o0|act07-10|rev|b0.75|a10|m1.5|tp0.75|x10,396,7.19,64.9,1.05,17.35,-3.8 / +4.6 / +7.7,False,109,2.65,1.07
EURUSD,B_london,B_london_rev|ref22-04o0|act07-10|rev|b0.75|a10|m1.5|tp0.75|x11,396,6.45,66.67,1.04,17.44,-2.0 / +2.5 / +7.2,False,109,2.88,1.08
EURUSD,B_london,B_london_rev|ref22-04o0|act07-10|rev|b0.75|a10|m1.5|tpopp|x10,396,-61.76,40.91,0.72,65.59,-39.0 / -17.2 / -4.3,False,109,-6.01,0.88
EURUSD,B_london,B_london_rev|ref22-04o0|act07-10|rev|b0.75|a10|m1.5|tpopp|x11,396,-56.89,41.67,0.75,57.79,-34.9 / -13.7 / -7.1,False,109,-10.21,0.82
EURUSD,B_london,B_london_rev|ref22-04o0|act07-10|rev_cf|b0.25|a10|m1.0|tp0.5|x10,256,-83.25,60.55,0.31,82.45,-31.3 / -33.5 / -18.6,False,70,-7.07,0.64
EURUSD,B_london,B_london_rev|ref22-04o0|act07-10|rev_cf|b0.25|a10|m1.0|tp0.5|x11,256,-83.67,60.55,0.31,83.16,-31.8 / -33.7 / -18.5,False,70,-6.69,0.66
EURUSD,B_london,B_london_rev|ref22-04o0|act07-10|rev_cf|b0.25|a10|m1.0|tp0.75|x10,256,-64.85,55.86,0.51,64.55,-21.6 / -26.1 / -17.6,False,70,-8.31,0.72
EURUSD,B_london,B_london_rev|ref22-04o0|act07-10|rev_cf|b0.25|a10|m1.0|tp0.75|x11,256,-67.43,55.08,0.5,67.14,-23.3 / -27.9 / -16.7,False,70,-9.63,0.68
EURUSD,B_london,B_london_rev|ref22-04o0|act07-10|rev_cf|b0.25|a10|m1.0|tpopp|x10,256,-52.86,44.53,0.68,52.98,-24.1 / -27.8 / -1.6,False,70,7.88,1.23
EURUSD,B_london,B_london_rev|ref22-04o0|act07-10|rev_cf|b0.25|a10|m1.0|tpopp|x11,256,-58.73,41.8,0.65,58.85,-23.5 / -33.8 / -2.2,False,70,-0.2,0.99
EURUSD,B_london,B_london_rev|ref22-04o0|act07-10|rev_cf|b0.25|a10|m1.5|tp0.5|x10,256,-48.1,61.33,0.51,49.07,-19.5 / -17.7 / -11.1,False,70,-4.52,0.77
EURUSD,B_london,B_london_rev|ref22-04o0|act07-10|rev_cf|b0.25|a10|m1.5|tp0.5|x11,256,-46.4,61.33,0.52,47.37,-22.1 / -15.6 / -8.9,False,70,-4.72,0.75
EURUSD,B_london,B_london_rev|ref22-04o0|act07-10|rev_cf|b0.25|a10|m1.5|tp0.75|x10,256,-44.95,53.12,0.61,43.76,-15.8 / -17.5 / -10.4,False,70,-1.51,0.93
EURUSD,B_london,B_london_rev|ref22-04o0|act07-10|rev_cf|b0.25|a10|m1.5|tp0.75|x11,256,-46.08,51.17,0.6,45.03,-20.0 / -16.5 / -9.1,False,70,-2.79,0.88
EURUSD,B_london,B_london_rev|ref22-04o0|act07-10|rev_cf|b0.25|a10|m1.5|tpopp|x10,256,-35.33,50.39,0.7,35.07,-16.8 / -17.6 / -1.4,False,70,6.29,1.27
EURUSD,B_london,B_london_rev|ref22-04o0|act07-10|rev_cf|b0.25|a10|m1.5|tpopp|x11,256,-37.05,48.83,0.68,36.8,-19.3 / -16.8 / -1.5,False,70,0.37,1.01
EURUSD,B_london,B_london_rev|ref22-04o0|act07-10|rev_cf|b0.5|a10|m1.0|tp0.5|x10,198,-62.8,61.62,0.32,62.24,-27.6 / -23.1 / -12.2,False,50,-4.83,0.66
EURUSD,B_london,B_london_rev|ref22-04o0|act07-10|rev_cf|b0.5|a10|m1.0|tp0.5|x11,198,-63.19,62.12,0.32,62.92,-28.2 / -23.2 / -12.0,False,50,-5.74,0.62
EURUSD,B_london,B_london_rev|ref22-04o0|act07-10|rev_cf|b0.5|a10|m1.0|tp0.75|x10,198,-51.5,55.56,0.5,51.69,-22.7 / -16.2 / -13.0,False,50,-6.07,0.71
EURUSD,B_london,B_london_rev|ref22-04o0|act07-10|rev_cf|b0.5|a10|m1.0|tp0.75|x11,198,-55.33,54.55,0.48,55.53,-24.0 / -19.5 / -12.4,False,50,-8.88,0.62
EURUSD,B_london,B_london_rev|ref22-04o0|act07-10|rev_cf|b0.5|a10|m1.0|tpopp|x10,198,-37.24,44.95,0.7,41.95,-21.5 / -16.6 / +0.2,False,50,5.77,1.25
EURUSD,B_london,B_london_rev|ref22-04o0|act07-10|rev_cf|b0.5|a10|m1.0|tpopp|x11,198,-41.48,42.93,0.68,44.58,-20.1 / -22.8 / +0.7,False,50,-1.33,0.95
EURUSD,B_london,B_london_rev|ref22-04o0|act07-10|rev_cf|b0.5|a10|m1.5|tp0.5|x10,198,-36.98,61.11,0.51,36.78,-19.8 / -10.1 / -7.3,False,50,-3.41,0.75
EURUSD,B_london,B_london_rev|ref22-04o0|act07-10|rev_cf|b0.5|a10|m1.5|tp0.5|x11,198,-39.47,60.1,0.49,39.27,-22.4 / -11.3 / -6.0,False,50,-5.88,0.62
EURUSD,B_london,B_london_rev|ref22-04o0|act07-10|rev_cf|b0.5|a10|m1.5|tp0.75|x10,198,-35.61,52.02,0.61,34.99,-16.4 / -11.2 / -6.8,False,50,-1.87,0.89
EURUSD,B_london,B_london_rev|ref22-04o0|act07-10|rev_cf|b0.5|a10|m1.5|tp0.75|x11,198,-38.58,50.0,0.58,38.11,-19.3 / -12.3 / -6.5,False,50,-6.44,0.67
EURUSD,B_london,B_london_rev|ref22-04o0|act07-10|rev_cf|b0.5|a10|m1.5|tpopp|x10,198,-23.49,50.51,0.74,29.81,-16.0 / -8.4 / +0.4,False,50,5.08,1.33
EURUSD,B_london,B_london_rev|ref22-04o0|act07-10|rev_cf|b0.5|a10|m1.5|tpopp|x11,198,-25.4,49.49,0.72,29.11,-17.0 / -9.9 / +1.0,False,50,-1.85,0.9
EURUSD,B_london,B_london_rev|ref22-04o0|act07-10|rev_cf|b0.75|a10|m1.0|tp0.5|x10,133,-43.34,60.9,0.31,42.3,-24.3 / -10.3 / -8.2,False,31,-3.94,0.58
EURUSD,B_london,B_london_rev|ref22-04o0|act07-10|rev_cf|b0.75|a10|m1.0|tp0.5|x11,133,-43.91,61.65,0.31,43.16,-24.9 / -11.1 / -8.2,False,31,-4.34,0.57
EURUSD,B_london,B_london_rev|ref22-04o0|act07-10|rev_cf|b0.75|a10|m1.0|tp0.75|x10,133,-34.98,55.64,0.5,34.18,-23.7 / -3.2 / -7.6,False,31,-2.8,0.77
EURUSD,B_london,B_london_rev|ref22-04o0|act07-10|rev_cf|b0.75|a10|m1.0|tp0.75|x11,133,-37.8,54.89,0.48,37.01,-24.9 / -5.2 / -7.5,False,31,-4.02,0.7
EURUSD,B_london,B_london_rev|ref22-04o0|act07-10|rev_cf|b0.75|a10|m1.0|tpopp|x10,133,-24.37,45.11,0.71,28.07,-22.3 / -1.6 / +0.0,False,31,2.08,1.15
EURUSD,B_london,B_london_rev|ref22-04o0|act07-10|rev_cf|b0.75|a10|m1.0|tpopp|x11,133,-33.02,41.35,0.63,35.76,-21.7 / -10.1 / -1.0,False,31,-0.36,0.98
EURUSD,B_london,B_london_rev|ref22-04o0|act07-10|rev_cf|b0.75|a10|m1.5|tp0.5|x10,133,-22.06,62.41,0.55,22.53,-18.8 / -2.0 / -1.0,False,31,-0.7,0.91
EURUSD,B_london,B_london_rev|ref22-04o0|act07-10|rev_cf|b0.75|a10|m1.5|tp0.5|x11,133,-25.86,60.9,0.5,26.0,-21.4 / -3.1 / -1.3,False,31,-2.88,0.68
EURUSD,B_london,B_london_rev|ref22-04o0|act07-10|rev_cf|b0.75|a10|m1.5|tp0.75|x10,133,-25.62,51.13,0.58,26.67,-17.4 / -3.0 / -4.9,False,31,-1.5,0.85
EURUSD,B_london,B_london_rev|ref22-04o0|act07-10|rev_cf|b0.75|a10|m1.5|tp0.75|x11,133,-30.04,48.12,0.54,31.93,-19.7 / -3.6 / -6.6,False,31,-4.43,0.65
EURUSD,B_london,B_london_rev|ref22-04o0|act07-10|rev_cf|b0.75|a10|m1.5|tpopp|x10,133,-13.11,51.13,0.77,21.36,-16.9 / +0.7 / +3.4,False,31,3.15,1.36
EURUSD,B_london,B_london_rev|ref22-04o0|act07-10|rev_cf|b0.75|a10|m1.5|tpopp|x11,133,-20.76,48.12,0.67,25.84,-19.0 / -3.0 / +1.4,False,31,-1.11,0.9
EURUSD,C_ny,C_ny_rev|ref07-12o0|act12-15|rev|b0.25|a10|m1.0|tp0.5|x17,440,-40.67,72.05,0.72,42.62,-27.2 / -11.3 / -2.5,False,127,-8.09,0.78
EURUSD,C_ny,C_ny_rev|ref07-12o0|act12-15|rev|b0.25|a10|m1.0|tp0.5|x19,440,-40.59,72.05,0.72,42.62,-27.2 / -11.3 / -2.4,False,127,-8.48,0.77
EURUSD,C_ny,C_ny_rev|ref07-12o0|act12-15|rev|b0.25|a10|m1.0|tp0.75|x17,440,3.15,67.5,1.02,24.36,-11.2 / +3.1 / +10.7,False,127,0.76,1.02
EURUSD,C_ny,C_ny_rev|ref07-12o0|act12-15|rev|b0.25|a10|m1.0|tp0.75|x19,440,1.74,67.27,1.01,24.36,-11.2 / +3.0 / +9.4,False,127,0.38,1.01
EURUSD,C_ny,C_ny_rev|ref07-12o0|act12-15|rev|b0.25|a10|m1.0|tp1.0|x17,440,-11.0,57.27,0.95,30.93,-13.6 / -0.2 / +2.0,False,127,4.73,1.09
EURUSD,C_ny,C_ny_rev|ref07-12o0|act12-15|rev|b0.25|a10|m1.0|tp1.0|x19,440,-13.44,57.27,0.94,31.15,-15.2 / -0.6 / +1.5,False,127,4.22,1.07
EURUSD,C_ny,C_ny_rev|ref07-12o0|act12-15|rev|b0.25|a10|m1.5|tp0.5|x17,440,20.42,76.59,1.19,11.47,-3.8 / +12.5 / +11.4,False,127,4.77,1.15
EURUSD,C_ny,C_ny_rev|ref07-12o0|act12-15|rev|b0.25|a10|m1.5|tp0.5|x19,440,17.65,76.36,1.16,11.47,-4.0 / +11.3 / +10.0,False,127,4.85,1.15
EURUSD,C_ny,C_ny_rev|ref07-12o0|act12-15|rev|b0.25|a10|m1.5|tp0.75|x17,440,10.97,62.95,1.07,14.07,-5.6 / +11.9 / +4.0,False,127,-1.39,0.97
EURUSD,C_ny,C_ny_rev|ref07-12o0|act12-15|rev|b0.25|a10|m1.5|tp0.75|x19,440,7.77,63.86,1.05,14.73,-4.3 / +9.6 / +1.9,False,127,-2.16,0.96
EURUSD,C_ny,C_ny_rev|ref07-12o0|act12-15|rev|b0.25|a10|m1.5|tp1.0|x17,440,-34.25,50.68,0.84,40.84,-10.3 / -10.6 / -14.2,False,127,-13.24,0.78
EURUSD,C_ny,C_ny_rev|ref07-12o0|act12-15|rev|b0.25|a10|m1.5|tp1.0|x19,440,-35.08,51.82,0.84,43.47,-8.3 / -10.9 / -16.8,False,127,-15.98,0.76
EURUSD,C_ny,C_ny_rev|ref07-12o0|act12-15|rev|b0.5|a10|m1.0|tp0.5|x17,378,-17.51,74.87,0.84,26.97,-13.5 / -10.3 / +6.0,False,110,4.55,1.19
EURUSD,C_ny,C_ny_rev|ref07-12o0|act12-15|rev|b0.5|a10|m1.0|tp0.5|x19,378,-17.51,74.87,0.84,26.97,-13.5 / -10.3 / +6.0,False,110,4.55,1.19
EURUSD,C_ny,C_ny_rev|ref07-12o0|act12-15|rev|b0.5|a10|m1.0|tp0.75|x17,378,27.55,70.37,1.22,8.47,+1.3 / +4.8 / +20.9,True,110,10.19,1.29
EURUSD,C_ny,C_ny_rev|ref07-12o0|act12-15|rev|b0.5|a10|m1.0|tp0.75|x19,378,26.48,70.63,1.21,8.47,+0.9 / +4.5 / +20.6,True,110,10.42,1.3
EURUSD,C_ny,C_ny_rev|ref07-12o0|act12-15|rev|b0.5|a10|m1.0|tp1.0|x17,378,39.64,63.23,1.25,9.08,+5.4 / +12.2 / +21.2,True,110,19.29,1.47
EURUSD,C_ny,C_ny_rev|ref07-12o0|act12-15|rev|b0.5|a10|m1.0|tp1.0|x19,378,34.69,62.96,1.22,9.51,+4.7 / +10.0 / +19.2,True,110,19.53,1.48
EURUSD,C_ny,C_ny_rev|ref07-12o0|act12-15|rev|b0.5|a10|m1.5|tp0.5|x17,378,41.15,80.42,1.55,4.62,+5.9 / +16.8 / +18.1,True,110,7.63,1.3
EURUSD,C_ny,C_ny_rev|ref07-12o0|act12-15|rev|b0.5|a10|m1.5|tp0.5|x19,378,40.5,80.69,1.53,4.62,+5.6 / +16.6 / +17.9,True,110,7.78,1.31
EURUSD,C_ny,C_ny_rev|ref07-12o0|act12-15|rev|b0.5|a10|m1.5|tp0.75|x17,378,43.52,68.52,1.37,5.76,+9.8 / +16.9 / +16.2,True,110,13.46,1.41
EURUSD,C_ny,C_ny_rev|ref07-12o0|act12-15|rev|b0.5|a10|m1.5|tp0.75|x19,378,41.2,68.52,1.34,6.09,+10.6 / +14.5 / +15.4,True,110,12.56,1.37
EURUSD,C_ny,C_ny_rev|ref07-12o0|act12-15|rev|b0.5|a10|m1.5|tp1.0|x17,378,6.66,55.29,1.04,12.64,-8.2 / +7.4 / +6.6,False,110,7.38,1.18
EURUSD,C_ny,C_ny_rev|ref07-12o0|act12-15|rev|b0.5|a10|m1.5|tp1.0|x19,378,6.33,55.29,1.04,12.38,-6.4 / +5.3 / +6.5,False,110,6.66,1.15
EURUSD,C_ny,C_ny_rev|ref07-12o0|act12-15|rev_cf|b0.25|a10|m1.0|tp0.5|x17,209,-48.88,61.72,0.46,48.06,-19.8 / -17.6 / -11.9,False,69,-20.66,0.38
EURUSD,C_ny,C_ny_rev|ref07-12o0|act12-15|rev_cf|b0.25|a10|m1.0|tp0.5|x19,209,-48.43,62.68,0.47,47.62,-19.4 / -16.7 / -12.6,False,69,-21.47,0.37
EURUSD,C_ny,C_ny_rev|ref07-12o0|act12-15|rev_cf|b0.25|a10|m1.0|tp0.75|x17,209,-50.77,50.72,0.54,50.2,-19.1 / -16.4 / -15.9,False,69,-16.42,0.55
EURUSD,C_ny,C_ny_rev|ref07-12o0|act12-15|rev_cf|b0.25|a10|m1.0|tp0.75|x19,209,-49.69,53.11,0.56,49.13,-17.5 / -16.4 / -16.4,False,69,-17.25,0.54
EURUSD,C_ny,C_ny_rev|ref07-12o0|act12-15|rev_cf|b0.25|a10|m1.0|tp1.0|x17,209,-43.44,46.89,0.63,43.12,-17.9 / -11.6 / -14.8,False,69,-10.74,0.71
EURUSD,C_ny,C_ny_rev|ref07-12o0|act12-15|rev_cf|b0.25|a10|m1.0|tp1.0|x19,209,-42.86,48.33,0.65,42.54,-19.1 / -9.6 / -15.0,False,69,-9.81,0.74
EURUSD,C_ny,C_ny_rev|ref07-12o0|act12-15|rev_cf|b0.25|a10|m1.5|tp0.5|x17,209,-20.38,61.72,0.7,19.67,-6.8 / -8.5 / -5.4,False,69,-12.92,0.53
EURUSD,C_ny,C_ny_rev|ref07-12o0|act12-15|rev_cf|b0.25|a10|m1.5|tp0.5|x19,209,-17.68,65.07,0.74,16.96,-4.7 / -8.4 / -5.0,False,69,-12.5,0.56
EURUSD,C_ny,C_ny_rev|ref07-12o0|act12-15|rev_cf|b0.25|a10|m1.5|tp0.75|x17,209,-16.74,54.55,0.78,16.93,-4.7 / -6.8 / -5.9,False,69,-9.03,0.69
EURUSD,C_ny,C_ny_rev|ref07-12o0|act12-15|rev_cf|b0.25|a10|m1.5|tp0.75|x19,209,-15.02,56.46,0.81,16.28,-4.5 / -4.3 / -6.8,False,69,-9.34,0.7
EURUSD,C_ny,C_ny_rev|ref07-12o0|act12-15|rev_cf|b0.25|a10|m1.5|tp1.0|x17,209,-16.37,50.72,0.8,16.95,-8.5 / -3.4 / -5.3,False,69,-8.58,0.73
EURUSD,C_ny,C_ny_rev|ref07-12o0|act12-15|rev_cf|b0.25|a10|m1.5|tp1.0|x19,209,-17.22,50.72,0.81,17.01,-10.3 / -1.6 / -6.1,False,69,-7.72,0.77
EURUSD,C_ny,C_ny_rev|ref07-12o0|act12-15|rev_cf|b0.5|a10|m1.0|tp0.5|x17,126,-31.9,60.32,0.44,31.38,-11.2 / -14.9 / -6.1,False,43,-13.01,0.39
EURUSD,C_ny,C_ny_rev|ref07-12o0|act12-15|rev_cf|b0.5|a10|m1.0|tp0.5|x19,126,-31.78,61.11,0.45,31.26,-11.2 / -14.1 / -6.9,False,43,-13.01,0.39
EURUSD,C_ny,C_ny_rev|ref07-12o0|act12-15|rev_cf|b0.5|a10|m1.0|tp0.75|x17,126,-33.97,50.0,0.51,33.95,-10.7 / -14.7 / -9.2,False,43,-12.63,0.48
EURUSD,C_ny,C_ny_rev|ref07-12o0|act12-15|rev_cf|b0.5|a10|m1.0|tp0.75|x19,126,-32.39,51.59,0.53,32.37,-9.2 / -13.8 / -10.0,False,43,-11.17,0.53
EURUSD,C_ny,C_ny_rev|ref07-12o0|act12-15|rev_cf|b0.5|a10|m1.0|tp1.0|x17,126,-30.03,46.03,0.6,29.75,-11.7 / -11.9 / -7.2,False,43,-10.34,0.58
EURUSD,C_ny,C_ny_rev|ref07-12o0|act12-15|rev_cf|b0.5|a10|m1.0|tp1.0|x19,126,-30.92,45.24,0.6,30.65,-11.9 / -11.1 / -8.8,False,43,-7.41,0.7
EURUSD,C_ny,C_ny_rev|ref07-12o0|act12-15|rev_cf|b0.5|a10|m1.5|tp0.5|x17,126,-18.04,59.52,0.6,17.99,-1.5 / -8.4 / -8.6,False,43,-9.49,0.48
EURUSD,C_ny,C_ny_rev|ref07-12o0|act12-15|rev_cf|b0.5|a10|m1.5|tp0.5|x19,126,-15.23,61.9,0.65,17.83,+1.0 / -8.7 / -7.9,False,43,-8.11,0.55
EURUSD,C_ny,C_ny_rev|ref07-12o0|act12-15|rev_cf|b0.5|a10|m1.5|tp0.75|x17,126,-14.0,52.38,0.72,16.28,-1.5 / -6.5 / -6.6,False,43,-7.27,0.62
EURUSD,C_ny,C_ny_rev|ref07-12o0|act12-15|rev_cf|b0.5|a10|m1.5|tp0.75|x19,126,-14.18,52.38,0.73,15.95,-0.8 / -6.9 / -7.1,False,43,-5.65,0.7
EURUSD,C_ny,C_ny_rev|ref07-12o0|act12-15|rev_cf|b0.5|a10|m1.5|tp1.0|x17,126,-10.66,50.0,0.79,13.44,-2.5 / -3.8 / -5.2,False,43,-9.32,0.57
EURUSD,C_ny,C_ny_rev|ref07-12o0|act12-15|rev_cf|b0.5|a10|m1.5|tp1.0|x19,126,-10.24,48.41,0.81,11.7,-2.7 / -3.8 / -4.6,False,43,-7.03,0.68
EURUSD,C_ny,C_ny_rev|ref07-12o0|act13-16|rev|b0.25|a10|m1.0|tp0.5|x17,457,-42.14,71.12,0.72,43.99,-26.7 / -8.9 / -6.8,False,137,-10.55,0.75
EURUSD,C_ny,C_ny_rev|ref07-12o0|act13-16|rev|b0.25|a10|m1.0|tp0.5|x19,457,-41.43,71.33,0.73,43.28,-26.7 / -8.9 / -6.1,False,137,-10.94,0.75
EURUSD,C_ny,C_ny_rev|ref07-12o0|act13-16|rev|b0.25|a10|m1.0|tp0.75|x17,457,-18.12,63.89,0.9,24.54,-16.3 / +0.7 / -3.1,False,137,0.66,1.01
EURUSD,C_ny,C_ny_rev|ref07-12o0|act13-16|rev|b0.25|a10|m1.0|tp0.75|x19,457,-18.43,63.89,0.9,24.55,-16.6 / +0.5 / -3.0,False,137,0.32,1.01
EURUSD,C_ny,C_ny_rev|ref07-12o0|act13-16|rev|b0.25|a10|m1.0|tp1.0|x17,457,-19.28,55.8,0.91,24.46,-13.1 / +3.8 / -10.8,False,137,1.7,1.03
EURUSD,C_ny,C_ny_rev|ref07-12o0|act13-16|rev|b0.25|a10|m1.0|tp1.0|x19,457,-18.75,56.02,0.92,23.93,-13.7 / +3.1 / -9.0,False,137,0.68,1.01
EURUSD,C_ny,C_ny_rev|ref07-12o0|act13-16|rev|b0.25|a10|m1.5|tp0.5|x17,457,10.45,73.3,1.09,8.49,-2.5 / +9.3 / +3.3,False,137,10.96,1.37
EURUSD,C_ny,C_ny_rev|ref07-12o0|act13-16|rev|b0.25|a10|m1.5|tp0.5|x19,457,7.58,73.52,1.06,9.41,-3.9 / +8.1 / +3.0,False,137,10.66,1.36
EURUSD,C_ny,C_ny_rev|ref07-12o0|act13-16|rev|b0.25|a10|m1.5|tp0.75|x17,457,6.88,60.39,1.04,13.07,-0.8 / +11.3 / -4.3,False,137,3.83,1.08
EURUSD,C_ny,C_ny_rev|ref07-12o0|act13-16|rev|b0.25|a10|m1.5|tp0.75|x19,457,6.94,62.36,1.04,13.11,-0.2 / +10.0 / -3.6,False,137,2.61,1.05
EURUSD,C_ny,C_ny_rev|ref07-12o0|act13-16|rev|b0.25|a10|m1.5|tp1.0|x17,457,-10.88,52.3,0.94,24.54,+0.5 / +3.9 / -16.1,False,137,-9.07,0.84
EURUSD,C_ny,C_ny_rev|ref07-12o0|act13-16|rev|b0.25|a10|m1.5|tp1.0|x19,457,-8.57,53.83,0.96,23.87,+1.8 / +4.8 / -16.1,False,137,-13.39,0.79
EURUSD,C_ny,C_ny_rev|ref07-12o0|act13-16|rev|b0.5|a10|m1.0|tp0.5|x17,403,-14.84,74.69,0.87,19.82,-11.0 / +0.7 / -4.8,False,122,2.53,1.09
EURUSD,C_ny,C_ny_rev|ref07-12o0|act13-16|rev|b0.5|a10|m1.0|tp0.5|x19,403,-14.54,74.69,0.88,19.82,-11.0 / +0.7 / -4.5,False,122,2.53,1.09
EURUSD,C_ny,C_ny_rev|ref07-12o0|act13-16|rev|b0.5|a10|m1.0|tp0.75|x17,403,22.03,68.49,1.16,9.74,-1.4 / +17.6 / +5.2,False,122,8.15,1.2
EURUSD,C_ny,C_ny_rev|ref07-12o0|act13-16|rev|b0.5|a10|m1.0|tp0.75|x19,403,18.41,68.24,1.13,9.88,-3.2 / +17.3 / +3.7,False,122,7.55,1.18
EURUSD,C_ny,C_ny_rev|ref07-12o0|act13-16|rev|b0.5|a10|m1.0|tp1.0|x17,403,20.89,59.8,1.12,11.99,+3.7 / +16.9 / -0.5,False,122,12.28,1.25
EURUSD,C_ny,C_ny_rev|ref07-12o0|act13-16|rev|b0.5|a10|m1.0|tp1.0|x19,403,13.59,58.81,1.07,12.13,+1.3 / +14.3 / -2.8,False,122,10.96,1.22
EURUSD,C_ny,C_ny_rev|ref07-12o0|act13-16|rev|b0.5|a10|m1.5|tp0.5|x17,403,37.58,78.16,1.45,5.52,+3.4 / +20.5 / +13.3,True,122,13.16,1.54
EURUSD,C_ny,C_ny_rev|ref07-12o0|act13-16|rev|b0.5|a10|m1.5|tp0.5|x19,403,34.63,77.92,1.4,5.53,+1.6 / +20.3 / +12.3,True,122,13.04,1.53
EURUSD,C_ny,C_ny_rev|ref07-12o0|act13-16|rev|b0.5|a10|m1.5|tp0.75|x17,403,29.51,65.01,1.23,7.51,+9.8 / +13.9 / +5.2,True,122,14.85,1.44
EURUSD,C_ny,C_ny_rev|ref07-12o0|act13-16|rev|b0.5|a10|m1.5|tp0.75|x19,403,22.26,64.02,1.16,8.84,+8.0 / +10.5 / +3.1,True,122,13.18,1.37
EURUSD,C_ny,C_ny_rev|ref07-12o0|act13-16|rev|b0.5|a10|m1.5|tp1.0|x17,403,5.34,54.09,1.03,13.09,+4.8 / +9.8 / -10.2,False,122,6.09,1.14
EURUSD,C_ny,C_ny_rev|ref07-12o0|act13-16|rev|b0.5|a10|m1.5|tp1.0|x19,403,3.73,54.59,1.02,13.61,+4.9 / +7.6 / -9.7,False,122,2.33,1.05
EURUSD,C_ny,C_ny_rev|ref07-12o0|act13-16|rev_cf|b0.25|a10|m1.0|tp0.5|x17,225,-41.65,60.44,0.52,42.3,-11.7 / -17.5 / -12.7,False,65,-15.05,0.46
EURUSD,C_ny,C_ny_rev|ref07-12o0|act13-16|rev_cf|b0.25|a10|m1.0|tp0.5|x19,225,-39.16,63.11,0.55,39.81,-10.7 / -16.2 / -12.5,False,65,-16.32,0.44
EURUSD,C_ny,C_ny_rev|ref07-12o0|act13-16|rev_cf|b0.25|a10|m1.0|tp0.75|x17,225,-32.31,52.44,0.67,33.46,-10.6 / -10.4 / -11.9,False,65,-13.67,0.57
EURUSD,C_ny,C_ny_rev|ref07-12o0|act13-16|rev_cf|b0.25|a10|m1.0|tp0.75|x19,225,-25.58,56.89,0.74,26.73,-6.9 / -9.0 / -10.3,False,65,-14.1,0.58
EURUSD,C_ny,C_ny_rev|ref07-12o0|act13-16|rev_cf|b0.25|a10|m1.0|tp1.0|x17,225,-26.42,48.44,0.75,28.07,-11.2 / -5.7 / -10.3,False,65,-9.58,0.71
EURUSD,C_ny,C_ny_rev|ref07-12o0|act13-16|rev_cf|b0.25|a10|m1.0|tp1.0|x19,225,-20.6,50.67,0.81,22.65,-9.8 / -3.5 / -8.1,False,65,-8.19,0.76
EURUSD,C_ny,C_ny_rev|ref07-12o0|act13-16|rev_cf|b0.25|a10|m1.5|tp0.5|x17,225,-20.55,56.44,0.69,21.32,-5.4 / -6.0 / -9.5,False,65,-10.94,0.55
EURUSD,C_ny,C_ny_rev|ref07-12o0|act13-16|rev_cf|b0.25|a10|m1.5|tp0.5|x19,225,-12.44,63.11,0.81,13.21,-1.7 / -3.5 / -7.6,False,65,-10.57,0.58
EURUSD,C_ny,C_ny_rev|ref07-12o0|act13-16|rev_cf|b0.25|a10|m1.5|tp0.75|x17,225,-12.84,51.56,0.82,14.11,-5.4 / -1.9 / -6.1,False,65,-8.78,0.66
EURUSD,C_ny,C_ny_rev|ref07-12o0|act13-16|rev_cf|b0.25|a10|m1.5|tp0.75|x19,225,-5.78,55.11,0.92,10.59,-3.7 / +1.4 / -4.1,False,65,-9.09,0.68
EURUSD,C_ny,C_ny_rev|ref07-12o0|act13-16|rev_cf|b0.25|a10|m1.5|tp1.0|x17,225,-12.75,49.33,0.83,13.8,-9.0 / +0.3 / -5.0,False,65,-9.83,0.66
EURUSD,C_ny,C_ny_rev|ref07-12o0|act13-16|rev_cf|b0.25|a10|m1.5|tp1.0|x19,225,-8.08,48.89,0.9,13.37,-9.5 / +4.7 / -4.1,False,65,-8.96,0.71
EURUSD,C_ny,C_ny_rev|ref07-12o0|act13-16|rev_cf|b0.5|a10|m1.0|tp0.5|x17,144,-33.28,59.03,0.46,33.93,-10.5 / -14.0 / -9.1,False,43,-11.39,0.43
EURUSD,C_ny,C_ny_rev|ref07-12o0|act13-16|rev_cf|b0.5|a10|m1.0|tp0.5|x19,144,-32.06,61.11,0.48,32.71,-10.2 / -13.2 / -9.1,False,43,-12.11,0.41
EURUSD,C_ny,C_ny_rev|ref07-12o0|act13-16|rev_cf|b0.5|a10|m1.0|tp0.75|x17,144,-27.62,51.39,0.6,28.77,-11.3 / -9.7 / -7.2,False,43,-11.0,0.52
EURUSD,C_ny,C_ny_rev|ref07-12o0|act13-16|rev_cf|b0.5|a10|m1.0|tp0.75|x19,144,-22.33,54.86,0.67,23.48,-8.1 / -8.4 / -6.5,False,43,-10.27,0.55
EURUSD,C_ny,C_ny_rev|ref07-12o0|act13-16|rev_cf|b0.5|a10|m1.0|tp1.0|x17,144,-25.75,46.53,0.65,27.67,-13.9 / -7.6 / -5.0,False,43,-9.57,0.59
EURUSD,C_ny,C_ny_rev|ref07-12o0|act13-16|rev_cf|b0.5|a10|m1.0|tp1.0|x19,144,-21.77,47.22,0.71,23.42,-12.5 / -5.8 / -4.3,False,43,-7.35,0.69
EURUSD,C_ny,C_ny_rev|ref07-12o0|act13-16|rev_cf|b0.5|a10|m1.5|tp0.5|x17,144,-15.46,56.25,0.65,16.23,-4.1 / -6.0 / -5.8,False,43,-7.52,0.54
EURUSD,C_ny,C_ny_rev|ref07-12o0|act13-16|rev_cf|b0.5|a10|m1.5|tp0.5|x19,144,-10.67,61.81,0.76,11.95,-1.3 / -5.5 / -4.2,False,43,-7.18,0.58
EURUSD,C_ny,C_ny_rev|ref07-12o0|act13-16|rev_cf|b0.5|a10|m1.5|tp0.75|x17,144,-10.85,50.0,0.77,12.63,-4.4 / -3.5 / -3.6,False,43,-6.03,0.65
EURUSD,C_ny,C_ny_rev|ref07-12o0|act13-16|rev_cf|b0.5|a10|m1.5|tp0.75|x19,144,-9.44,51.39,0.82,11.29,-4.4 / -3.3 / -2.4,False,43,-5.45,0.7
EURUSD,C_ny,C_ny_rev|ref07-12o0|act13-16|rev_cf|b0.5|a10|m1.5|tp1.0|x17,144,-7.73,49.31,0.84,9.27,-5.5 / -0.7 / -2.4,False,43,-8.58,0.57
EURUSD,C_ny,C_ny_rev|ref07-12o0|act13-16|rev_cf|b0.5|a10|m1.5|tp1.0|x19,144,-4.97,46.53,0.91,7.95,-6.3 / +0.2 / +0.2,False,43,-7.32,0.65
EURUSD,C_ny,C_ny_rev|ref07-12o0|act13-17|rev|b0.25|a10|m1.0|tp0.5|x17,474,-38.88,71.73,0.75,41.09,-27.8 / -6.4 / -5.0,False,142,-8.91,0.79
EURUSD,C_ny,C_ny_rev|ref07-12o0|act13-17|rev|b0.25|a10|m1.0|tp0.5|x19,474,-38.17,71.94,0.75,40.38,-27.8 / -6.4 / -4.3,False,142,-9.3,0.79
EURUSD,C_ny,C_ny_rev|ref07-12o0|act13-17|rev|b0.25|a10|m1.0|tp0.75|x17,474,-17.02,63.92,0.91,23.96,-17.6 / +0.9 / -0.9,False,142,1.8,1.03
EURUSD,C_ny,C_ny_rev|ref07-12o0|act13-17|rev|b0.25|a10|m1.0|tp0.75|x19,474,-16.36,64.14,0.92,23.97,-18.1 / +1.1 / +0.0,False,142,1.46,1.03
EURUSD,C_ny,C_ny_rev|ref07-12o0|act13-17|rev|b0.25|a10|m1.0|tp1.0|x17,474,-20.09,55.49,0.91,25.27,-14.6 / +2.7 / -9.0,False,142,2.49,1.04
EURUSD,C_ny,C_ny_rev|ref07-12o0|act13-17|rev|b0.25|a10|m1.0|tp1.0|x19,474,-17.25,56.12,0.93,22.51,-15.5 / +2.7 / -5.2,False,142,1.94,1.03
EURUSD,C_ny,C_ny_rev|ref07-12o0|act13-17|rev|b0.25|a10|m1.5|tp0.5|x17,474,10.84,73.0,1.09,8.11,-3.1 / +9.2 / +4.4,False,142,11.91,1.39
EURUSD,C_ny,C_ny_rev|ref07-12o0|act13-17|rev|b0.25|a10|m1.5|tp0.5|x19,474,9.13,73.63,1.07,9.02,-4.9 / +8.9 / +4.7,False,142,11.09,1.36
EURUSD,C_ny,C_ny_rev|ref07-12o0|act13-17|rev|b0.25|a10|m1.5|tp0.75|x17,474,5.23,59.7,1.03,13.15,-1.4 / +10.2 / -4.3,False,142,4.7,1.1
EURUSD,C_ny,C_ny_rev|ref07-12o0|act13-17|rev|b0.25|a10|m1.5|tp0.75|x19,474,7.56,62.24,1.04,13.26,-1.2 / +10.3 / -2.2,False,142,3.03,1.06
EURUSD,C_ny,C_ny_rev|ref07-12o0|act13-17|rev|b0.25|a10|m1.5|tp1.0|x17,474,-12.46,51.9,0.94,26.61,+0.4 / +1.7 / -15.5,False,142,-8.42,0.86
EURUSD,C_ny,C_ny_rev|ref07-12o0|act13-17|rev|b0.25|a10|m1.5|tp1.0|x19,474,-8.29,53.8,0.96,24.28,+1.3 / +3.4 / -13.8,False,142,-13.24,0.8
EURUSD,C_ny,C_ny_rev|ref07-12o0|act13-17|rev|b0.5|a10|m1.0|tp0.5|x17,425,-13.43,74.59,0.89,20.59,-10.3 / -1.8 / -1.7,False,129,4.82,1.16
EURUSD,C_ny,C_ny_rev|ref07-12o0|act13-17|rev|b0.5|a10|m1.0|tp0.5|x19,425,-13.62,74.82,0.89,21.07,-9.9 / -2.3 / -1.8,False,129,4.82,1.16
EURUSD,C_ny,C_ny_rev|ref07-12o0|act13-17|rev|b0.5|a10|m1.0|tp0.75|x17,425,25.82,68.24,1.18,11.19,+0.8 / +15.9 / +8.5,True,129,8.27,1.19
EURUSD,C_ny,C_ny_rev|ref07-12o0|act13-17|rev|b0.5|a10|m1.0|tp0.75|x19,425,23.58,68.71,1.16,11.72,-0.3 / +15.1 / +8.2,False,129,7.79,1.18
EURUSD,C_ny,C_ny_rev|ref07-12o0|act13-17|rev|b0.5|a10|m1.0|tp1.0|x17,425,19.79,58.59,1.11,13.44,+4.2 / +12.9 / +1.8,True,129,13.14,1.26
EURUSD,C_ny,C_ny_rev|ref07-12o0|act13-17|rev|b0.5|a10|m1.0|tp1.0|x19,425,14.29,58.59,1.07,14.18,+1.5 / +10.8 / +1.1,True,129,12.02,1.23
EURUSD,C_ny,C_ny_rev|ref07-12o0|act13-17|rev|b0.5|a10|m1.5|tp0.5|x17,425,39.34,77.41,1.45,5.16,+4.8 / +19.9 / +14.3,True,129,12.9,1.49
EURUSD,C_ny,C_ny_rev|ref07-12o0|act13-17|rev|b0.5|a10|m1.5|tp0.5|x19,425,37.27,77.88,1.41,5.17,+3.5 / +19.2 / +14.1,True,129,12.86,1.49
EURUSD,C_ny,C_ny_rev|ref07-12o0|act13-17|rev|b0.5|a10|m1.5|tp0.75|x17,425,27.25,63.29,1.2,8.81,+10.4 / +12.0 / +4.2,True,129,14.97,1.42
EURUSD,C_ny,C_ny_rev|ref07-12o0|act13-17|rev|b0.5|a10|m1.5|tp0.75|x19,425,23.27,63.53,1.16,10.41,+9.2 / +8.7 / +4.7,True,129,12.83,1.34
EURUSD,C_ny,C_ny_rev|ref07-12o0|act13-17|rev|b0.5|a10|m1.5|tp1.0|x17,425,2.35,52.71,1.01,14.81,+3.1 / +9.6 / -11.2,False,129,6.45,1.14
EURUSD,C_ny,C_ny_rev|ref07-12o0|act13-17|rev|b0.5|a10|m1.5|tp1.0|x19,425,3.57,54.35,1.02,15.23,+4.3 / +7.9 / -9.6,False,129,2.06,1.04
EURUSD,C_ny,C_ny_rev|ref07-12o0|act13-17|rev_cf|b0.25|a10|m1.0|tp0.5|x17,247,-38.32,62.75,0.58,39.32,-10.8 / -13.7 / -14.1,False,74,-11.79,0.58
EURUSD,C_ny,C_ny_rev|ref07-12o0|act13-17|rev_cf|b0.25|a10|m1.0|tp0.5|x19,247,-41.06,62.35,0.56,42.06,-12.0 / -14.8 / -14.5,False,74,-13.06,0.55
EURUSD,C_ny,C_ny_rev|ref07-12o0|act13-17|rev_cf|b0.25|a10|m1.0|tp0.75|x17,247,-25.98,55.06,0.75,27.73,-8.2 / -6.3 / -12.0,False,74,-8.16,0.75
EURUSD,C_ny,C_ny_rev|ref07-12o0|act13-17|rev_cf|b0.25|a10|m1.0|tp0.75|x19,247,-25.51,56.28,0.75,27.77,-7.5 / -7.2 / -11.3,False,74,-9.15,0.73
EURUSD,C_ny,C_ny_rev|ref07-12o0|act13-17|rev_cf|b0.25|a10|m1.0|tp1.0|x17,247,-17.59,51.01,0.84,20.55,-7.2 / -1.8 / -9.3,False,74,-3.82,0.89
EURUSD,C_ny,C_ny_rev|ref07-12o0|act13-17|rev_cf|b0.25|a10|m1.0|tp1.0|x19,247,-18.98,50.61,0.83,22.5,-10.5 / -1.0 / -8.3,False,74,-3.13,0.91
EURUSD,C_ny,C_ny_rev|ref07-12o0|act13-17|rev_cf|b0.25|a10|m1.5|tp0.5|x17,247,-16.17,59.11,0.77,17.33,-2.6 / -3.5 / -10.4,False,74,-7.26,0.7
EURUSD,C_ny,C_ny_rev|ref07-12o0|act13-17|rev_cf|b0.25|a10|m1.5|tp0.5|x19,247,-12.8,61.94,0.82,13.97,-1.9 / -2.0 / -9.3,False,74,-7.27,0.71
EURUSD,C_ny,C_ny_rev|ref07-12o0|act13-17|rev_cf|b0.25|a10|m1.5|tp0.75|x17,247,-5.45,54.25,0.93,10.83,-0.9 / +0.8 / -6.0,False,74,-4.6,0.83
EURUSD,C_ny,C_ny_rev|ref07-12o0|act13-17|rev_cf|b0.25|a10|m1.5|tp0.75|x19,247,-4.84,54.66,0.94,11.69,-3.9 / +3.4 / -5.0,False,74,-5.3,0.81
EURUSD,C_ny,C_ny_rev|ref07-12o0|act13-17|rev_cf|b0.25|a10|m1.5|tp1.0|x17,247,-3.26,51.82,0.96,9.74,-5.1 / +4.8 / -3.8,False,74,-5.66,0.82
EURUSD,C_ny,C_ny_rev|ref07-12o0|act13-17|rev_cf|b0.25|a10|m1.5|tp1.0|x19,247,-6.62,48.99,0.92,14.18,-9.9 / +7.3 / -5.0,False,74,-3.92,0.87
EURUSD,C_ny,C_ny_rev|ref07-12o0|act13-17|rev_cf|b0.5|a10|m1.0|tp0.5|x17,159,-35.37,59.75,0.48,36.37,-11.6 / -12.4 / -11.7,False,47,-10.0,0.5
EURUSD,C_ny,C_ny_rev|ref07-12o0|act13-17|rev_cf|b0.5|a10|m1.0|tp0.5|x19,159,-36.69,58.49,0.46,37.69,-12.1 / -12.6 / -12.3,False,47,-10.72,0.48
EURUSD,C_ny,C_ny_rev|ref07-12o0|act13-17|rev_cf|b0.5|a10|m1.0|tp0.75|x17,159,-28.96,52.2,0.62,30.71,-11.1 / -9.2 / -9.3,False,47,-8.62,0.62
EURUSD,C_ny,C_ny_rev|ref07-12o0|act13-17|rev_cf|b0.5|a10|m1.0|tp0.75|x19,159,-26.37,52.2,0.64,28.12,-9.1 / -7.7 / -10.1,False,47,-7.88,0.66
EURUSD,C_ny,C_ny_rev|ref07-12o0|act13-17|rev_cf|b0.5|a10|m1.0|tp1.0|x17,159,-26.84,47.17,0.67,29.61,-12.7 / -8.3 / -6.6,False,47,-8.18,0.67
EURUSD,C_ny,C_ny_rev|ref07-12o0|act13-17|rev_cf|b0.5|a10|m1.0|tp1.0|x19,159,-24.82,45.28,0.7,27.31,-13.0 / -4.6 / -8.0,False,47,-5.57,0.76
EURUSD,C_ny,C_ny_rev|ref07-12o0|act13-17|rev_cf|b0.5|a10|m1.5|tp0.5|x17,159,-16.86,57.23,0.66,18.02,-3.7 / -5.6 / -8.0,False,47,-5.93,0.64
EURUSD,C_ny,C_ny_rev|ref07-12o0|act13-17|rev_cf|b0.5|a10|m1.5|tp0.5|x19,159,-14.1,58.49,0.72,15.27,-2.6 / -4.3 / -7.6,False,47,-5.59,0.67
EURUSD,C_ny,C_ny_rev|ref07-12o0|act13-17|rev_cf|b0.5|a10|m1.5|tp0.75|x17,159,-11.5,50.94,0.79,14.05,-2.8 / -4.0 / -5.3,False,47,-5.19,0.72
EURUSD,C_ny,C_ny_rev|ref07-12o0|act13-17|rev_cf|b0.5|a10|m1.5|tp0.75|x19,159,-12.22,49.06,0.79,14.72,-5.4 / -1.7 / -5.8,False,47,-4.09,0.78
EURUSD,C_ny,C_ny_rev|ref07-12o0|act13-17|rev_cf|b0.5|a10|m1.5|tp1.0|x17,159,-8.52,49.69,0.85,10.96,-4.3 / -1.5 / -3.7,False,47,-6.99,0.67
EURUSD,C_ny,C_ny_rev|ref07-12o0|act13-17|rev_cf|b0.5|a10|m1.5|tp1.0|x19,159,-7.43,44.65,0.87,10.53,-6.1 / +1.0 / -3.2,False,47,-5.47,0.74
EURUSD,C_ny,C_ny_rev|ref07-13o0|act12-15|rev|b0.25|a10|m1.0|tp0.5|x17,472,-128.15,60.17,0.42,129.58,-41.0 / -50.7 / -36.7,False,142,-30.86,0.48
EURUSD,C_ny,C_ny_rev|ref07-13o0|act12-15|rev|b0.25|a10|m1.0|tp0.5|x19,472,-128.36,60.17,0.42,129.79,-41.0 / -51.0 / -36.7,False,142,-31.55,0.47
EURUSD,C_ny,C_ny_rev|ref07-13o0|act12-15|rev|b0.25|a10|m1.0|tp0.75|x17,472,-112.89,53.39,0.56,115.57,-35.9 / -46.5 / -31.1,False,142,-24.0,0.66
EURUSD,C_ny,C_ny_rev|ref07-13o0|act12-15|rev|b0.25|a10|m1.0|tp0.75|x19,472,-115.35,53.18,0.55,118.03,-36.1 / -46.7 / -33.1,False,142,-24.8,0.65
EURUSD,C_ny,C_ny_rev|ref07-13o0|act12-15|rev|b0.25|a10|m1.0|tp1.0|x17,472,-95.09,48.52,0.66,98.42,-26.7 / -43.7 / -23.5,False,142,-26.14,0.68
EURUSD,C_ny,C_ny_rev|ref07-13o0|act12-15|rev|b0.25|a10|m1.0|tp1.0|x19,472,-98.97,48.09,0.65,102.3,-27.8 / -44.4 / -25.6,False,142,-27.91,0.67
EURUSD,C_ny,C_ny_rev|ref07-13o0|act12-15|rev|b0.25|a10|m1.5|tp0.5|x17,472,-79.24,62.29,0.58,81.03,-25.0 / -34.8 / -19.8,False,142,-7.83,0.83
EURUSD,C_ny,C_ny_rev|ref07-13o0|act12-15|rev|b0.25|a10|m1.5|tp0.5|x19,472,-81.09,62.29,0.58,82.88,-25.0 / -35.9 / -20.5,False,142,-7.59,0.83
EURUSD,C_ny,C_ny_rev|ref07-13o0|act12-15|rev|b0.25|a10|m1.5|tp0.75|x17,472,-71.2,54.03,0.69,72.49,-16.7 / -32.7 / -20.7,False,142,-13.31,0.78
EURUSD,C_ny,C_ny_rev|ref07-13o0|act12-15|rev|b0.25|a10|m1.5|tp0.75|x19,472,-74.38,53.39,0.68,75.66,-17.1 / -33.1 / -23.0,False,142,-13.87,0.78
EURUSD,C_ny,C_ny_rev|ref07-13o0|act12-15|rev|b0.25|a10|m1.5|tp1.0|x17,472,-89.03,45.13,0.66,91.32,-17.0 / -39.3 / -31.6,False,142,-12.97,0.81
EURUSD,C_ny,C_ny_rev|ref07-13o0|act12-15|rev|b0.25|a10|m1.5|tp1.0|x19,472,-94.55,44.28,0.65,96.84,-17.8 / -41.9 / -33.7,False,142,-14.45,0.8
EURUSD,C_ny,C_ny_rev|ref07-13o0|act12-15|rev|b0.5|a10|m1.0|tp0.5|x17,457,-111.68,61.93,0.45,112.84,-37.9 / -39.1 / -35.0,False,138,-24.33,0.54
EURUSD,C_ny,C_ny_rev|ref07-13o0|act12-15|rev|b0.5|a10|m1.0|tp0.5|x19,457,-111.89,61.93,0.45,113.05,-37.9 / -39.3 / -35.0,False,138,-25.02,0.53
EURUSD,C_ny,C_ny_rev|ref07-13o0|act12-15|rev|b0.5|a10|m1.0|tp0.75|x17,457,-93.37,55.36,0.61,95.52,-33.2 / -32.1 / -28.6,False,138,-16.83,0.74
EURUSD,C_ny,C_ny_rev|ref07-13o0|act12-15|rev|b0.5|a10|m1.0|tp0.75|x19,457,-94.35,55.36,0.6,96.5,-33.5 / -32.3 / -29.1,False,138,-17.52,0.73
EURUSD,C_ny,C_ny_rev|ref07-13o0|act12-15|rev|b0.5|a10|m1.0|tp1.0|x17,457,-80.03,49.67,0.7,82.64,-22.8 / -29.6 / -26.4,False,138,-15.54,0.79
EURUSD,C_ny,C_ny_rev|ref07-13o0|act12-15|rev|b0.5|a10|m1.0|tp1.0|x19,457,-83.3,49.67,0.69,85.91,-22.9 / -30.5 / -28.8,False,138,-16.02,0.79
EURUSD,C_ny,C_ny_rev|ref07-13o0|act12-15|rev|b0.5|a10|m1.5|tp0.5|x17,457,-57.8,65.21,0.66,59.24,-23.2 / -18.7 / -16.2,False,138,-6.52,0.85
EURUSD,C_ny,C_ny_rev|ref07-13o0|act12-15|rev|b0.5|a10|m1.5|tp0.5|x19,457,-58.25,65.43,0.66,59.69,-23.3 / -19.7 / -15.7,False,138,-6.15,0.86
EURUSD,C_ny,C_ny_rev|ref07-13o0|act12-15|rev|b0.5|a10|m1.5|tp0.75|x17,457,-53.27,55.8,0.74,54.26,-13.8 / -21.3 / -17.1,False,138,-9.51,0.84
EURUSD,C_ny,C_ny_rev|ref07-13o0|act12-15|rev|b0.5|a10|m1.5|tp0.75|x19,457,-55.99,55.58,0.74,56.97,-14.1 / -22.8 / -18.0,False,138,-10.3,0.83
EURUSD,C_ny,C_ny_rev|ref07-13o0|act12-15|rev|b0.5|a10|m1.5|tp1.0|x17,457,-58.62,48.14,0.75,60.99,-9.9 / -25.1 / -22.5,False,138,-13.1,0.81
EURUSD,C_ny,C_ny_rev|ref07-13o0|act12-15|rev|b0.5|a10|m1.5|tp1.0|x19,457,-61.36,47.92,0.75,64.48,-9.6 / -27.2 / -23.5,False,138,-14.16,0.8
EURUSD,C_ny,C_ny_rev|ref07-13o0|act12-15|rev_cf|b0.25|a10|m1.0|tp0.5|x17,123,-32.8,59.35,0.42,35.88,-13.2 / -10.1 / -9.9,False,39,-9.5,0.44
EURUSD,C_ny,C_ny_rev|ref07-13o0|act12-15|rev_cf|b0.25|a10|m1.0|tp0.5|x19,123,-32.87,59.35,0.42,35.96,-13.7 / -10.2 / -9.3,False,39,-9.59,0.44
EURUSD,C_ny,C_ny_rev|ref07-13o0|act12-15|rev_cf|b0.25|a10|m1.0|tp0.75|x17,123,-29.59,52.03,0.55,36.17,-10.9 / -11.8 / -7.4,False,39,-3.5,0.79
EURUSD,C_ny,C_ny_rev|ref07-13o0|act12-15|rev_cf|b0.25|a10|m1.0|tp0.75|x19,123,-29.69,51.22,0.55,36.28,-11.5 / -12.6 / -6.2,False,39,-3.59,0.79
EURUSD,C_ny,C_ny_rev|ref07-13o0|act12-15|rev_cf|b0.25|a10|m1.0|tp1.0|x17,123,-28.16,46.34,0.61,36.79,-13.0 / -11.1 / -4.9,False,39,-2.64,0.87
EURUSD,C_ny,C_ny_rev|ref07-13o0|act12-15|rev_cf|b0.25|a10|m1.0|tp1.0|x19,123,-27.82,45.53,0.62,35.57,-12.2 / -11.8 / -4.6,False,39,-3.15,0.84
EURUSD,C_ny,C_ny_rev|ref07-13o0|act12-15|rev_cf|b0.25|a10|m1.5|tp0.5|x17,123,-22.54,57.72,0.54,25.6,-8.1 / -8.2 / -6.7,False,39,-0.58,0.95
EURUSD,C_ny,C_ny_rev|ref07-13o0|act12-15|rev_cf|b0.25|a10|m1.5|tp0.5|x19,123,-23.28,57.72,0.54,26.34,-7.7 / -9.5 / -6.5,False,39,-1.06,0.91
EURUSD,C_ny,C_ny_rev|ref07-13o0|act12-15|rev_cf|b0.25|a10|m1.5|tp0.75|x17,123,-28.03,47.15,0.54,32.25,-13.8 / -8.1 / -6.8,False,39,0.39,1.03
EURUSD,C_ny,C_ny_rev|ref07-13o0|act12-15|rev_cf|b0.25|a10|m1.5|tp0.75|x19,123,-30.25,46.34,0.53,33.45,-12.6 / -9.6 / -8.7,False,39,0.64,1.05
EURUSD,C_ny,C_ny_rev|ref07-13o0|act12-15|rev_cf|b0.25|a10|m1.5|tp1.0|x17,123,-33.74,41.46,0.5,36.69,-17.3 / -9.7 / -7.6,False,39,2.37,1.16
EURUSD,C_ny,C_ny_rev|ref07-13o0|act12-15|rev_cf|b0.25|a10|m1.5|tp1.0|x19,123,-35.92,39.02,0.5,38.88,-15.8 / -11.7 / -9.4,False,39,2.96,1.19
EURUSD,C_ny,C_ny_rev|ref07-13o0|act12-15|rev_cf|b0.5|a10|m1.0|tp0.5|x17,91,-17.75,63.74,0.52,19.81,-8.2 / -8.4 / -1.4,False,34,-10.91,0.35
EURUSD,C_ny,C_ny_rev|ref07-13o0|act12-15|rev_cf|b0.5|a10|m1.0|tp0.5|x19,91,-17.99,63.74,0.52,20.05,-8.4 / -8.4 / -1.5,False,34,-11.0,0.35
EURUSD,C_ny,C_ny_rev|ref07-13o0|act12-15|rev_cf|b0.5|a10|m1.0|tp0.75|x17,91,-17.52,53.85,0.62,21.32,-7.5 / -7.2 / -3.3,False,34,-6.16,0.63
EURUSD,C_ny,C_ny_rev|ref07-13o0|act12-15|rev_cf|b0.5|a10|m1.0|tp0.75|x19,91,-17.2,54.95,0.62,21.01,-7.7 / -7.4 / -2.7,False,34,-6.25,0.63
EURUSD,C_ny,C_ny_rev|ref07-13o0|act12-15|rev_cf|b0.5|a10|m1.0|tp1.0|x17,91,-17.34,47.25,0.66,22.83,-11.0 / -7.2 / +0.2,False,34,-6.55,0.66
EURUSD,C_ny,C_ny_rev|ref07-13o0|act12-15|rev_cf|b0.5|a10|m1.0|tp1.0|x19,91,-16.58,48.35,0.68,21.42,-9.9 / -7.4 / -0.0,False,34,-7.06,0.65
EURUSD,C_ny,C_ny_rev|ref07-13o0|act12-15|rev_cf|b0.5|a10|m1.5|tp0.5|x17,91,-12.92,59.34,0.61,15.1,-7.1 / -4.2 / -1.9,False,34,-2.35,0.78
EURUSD,C_ny,C_ny_rev|ref07-13o0|act12-15|rev_cf|b0.5|a10|m1.5|tp0.5|x19,91,-13.28,61.54,0.62,15.47,-7.2 / -4.2 / -2.2,False,34,-2.83,0.75
EURUSD,C_ny,C_ny_rev|ref07-13o0|act12-15|rev_cf|b0.5|a10|m1.5|tp0.75|x17,91,-15.37,49.45,0.63,20.3,-11.5 / -4.7 / +0.2,False,34,-2.63,0.8
EURUSD,C_ny,C_ny_rev|ref07-13o0|act12-15|rev_cf|b0.5|a10|m1.5|tp0.75|x19,91,-16.16,50.55,0.63,20.39,-11.0 / -4.7 / -1.1,False,34,-2.38,0.83
EURUSD,C_ny,C_ny_rev|ref07-13o0|act12-15|rev_cf|b0.5|a10|m1.5|tp1.0|x17,91,-20.09,43.96,0.57,25.54,-13.7 / -5.7 / -1.5,False,34,0.1,1.01
EURUSD,C_ny,C_ny_rev|ref07-13o0|act12-15|rev_cf|b0.5|a10|m1.5|tp1.0|x19,91,-20.95,42.86,0.58,25.65,-13.4 / -5.8 / -2.6,False,34,0.69,1.05
EURUSD,C_ny,C_ny_rev|ref07-13o0|act13-16|rev|b0.25|a10|m1.0|tp0.5|x17,401,8.08,78.3,1.08,12.23,-1.2 / +7.2 / +1.8,False,120,1.55,1.05
EURUSD,C_ny,C_ny_rev|ref07-13o0|act13-16|rev|b0.25|a10|m1.0|tp0.5|x19,401,8.93,78.8,1.09,12.23,-0.3 / +6.6 / +2.3,False,120,1.31,1.04
EURUSD,C_ny,C_ny_rev|ref07-13o0|act13-16|rev|b0.25|a10|m1.0|tp0.75|x17,401,50.58,72.82,1.42,5.66,+21.9 / +17.1 / +11.1,True,120,14.87,1.42
EURUSD,C_ny,C_ny_rev|ref07-13o0|act13-16|rev|b0.25|a10|m1.0|tp0.75|x19,401,51.45,73.32,1.43,5.29,+22.2 / +15.9 / +12.9,True,120,14.67,1.41
EURUSD,C_ny,C_ny_rev|ref07-13o0|act13-16|rev|b0.25|a10|m1.0|tp1.0|x17,401,28.62,60.35,1.17,11.89,+12.6 / +17.0 / +0.3,True,120,14.76,1.32
EURUSD,C_ny,C_ny_rev|ref07-13o0|act13-16|rev|b0.25|a10|m1.0|tp1.0|x19,401,26.53,61.35,1.15,10.96,+11.5 / +15.0 / +1.3,True,120,13.26,1.28
EURUSD,C_ny,C_ny_rev|ref07-13o0|act13-16|rev|b0.25|a10|m1.5|tp0.5|x17,401,45.62,79.05,1.59,3.78,+19.8 / +12.3 / +13.1,True,120,19.3,2.05
EURUSD,C_ny,C_ny_rev|ref07-13o0|act13-16|rev|b0.25|a10|m1.5|tp0.5|x19,401,45.34,80.05,1.57,3.95,+19.7 / +10.9 / +14.4,True,120,19.64,2.08
EURUSD,C_ny,C_ny_rev|ref07-13o0|act13-16|rev|b0.25|a10|m1.5|tp0.75|x17,401,16.15,60.35,1.12,8.83,+6.5 / +7.5 / +2.5,True,120,8.43,1.24
EURUSD,C_ny,C_ny_rev|ref07-13o0|act13-16|rev|b0.25|a10|m1.5|tp0.75|x19,401,15.6,64.09,1.11,9.17,+6.8 / +5.8 / +4.1,True,120,8.16,1.22
EURUSD,C_ny,C_ny_rev|ref07-13o0|act13-16|rev|b0.25|a10|m1.5|tp1.0|x17,401,-3.9,51.12,0.98,20.77,+6.5 / -0.3 / -9.6,False,120,-6.26,0.87
EURUSD,C_ny,C_ny_rev|ref07-13o0|act13-16|rev|b0.25|a10|m1.5|tp1.0|x19,401,-9.03,53.37,0.95,24.23,+5.3 / -1.5 / -11.8,False,120,-9.72,0.81
EURUSD,C_ny,C_ny_rev|ref07-13o0|act13-16|rev|b0.5|a10|m1.0|tp0.5|x17,333,17.9,80.48,1.24,7.79,+1.7 / +7.6 / +8.3,True,102,11.93,1.71
EURUSD,C_ny,C_ny_rev|ref07-13o0|act13-16|rev|b0.5|a10|m1.0|tp0.5|x19,333,17.61,80.48,1.24,7.79,+1.7 / +7.0 / +8.6,True,102,11.47,1.66
EURUSD,C_ny,C_ny_rev|ref07-13o0|act13-16|rev|b0.5|a10|m1.0|tp0.75|x17,333,57.01,75.08,1.64,5.53,+14.6 / +25.9 / +16.0,True,102,16.67,1.63
EURUSD,C_ny,C_ny_rev|ref07-13o0|act13-16|rev|b0.5|a10|m1.0|tp0.75|x19,333,57.03,75.38,1.63,5.53,+14.8 / +25.0 / +16.7,True,102,16.03,1.59
EURUSD,C_ny,C_ny_rev|ref07-13o0|act13-16|rev|b0.5|a10|m1.0|tp1.0|x17,333,74.94,69.07,1.69,6.38,+29.8 / +24.9 / +19.5,True,102,21.16,1.63
EURUSD,C_ny,C_ny_rev|ref07-13o0|act13-16|rev|b0.5|a10|m1.0|tp1.0|x19,333,73.12,68.77,1.65,6.98,+29.4 / +22.4 / +20.5,True,102,19.91,1.57
EURUSD,C_ny,C_ny_rev|ref07-13o0|act13-16|rev|b0.5|a10|m1.5|tp0.5|x17,333,54.06,82.58,2.03,4.52,+10.3 / +27.9 / +15.5,True,102,16.12,2.02
EURUSD,C_ny,C_ny_rev|ref07-13o0|act13-16|rev|b0.5|a10|m1.5|tp0.5|x19,333,52.84,82.28,1.98,4.39,+10.1 / +27.2 / +15.2,True,102,15.79,1.97
EURUSD,C_ny,C_ny_rev|ref07-13o0|act13-16|rev|b0.5|a10|m1.5|tp0.75|x17,333,42.27,68.17,1.45,6.0,+12.0 / +14.5 / +15.2,True,102,16.08,1.64
EURUSD,C_ny,C_ny_rev|ref07-13o0|act13-16|rev|b0.5|a10|m1.5|tp0.75|x19,333,37.15,67.27,1.37,6.83,+10.9 / +11.0 / +14.7,True,102,14.9,1.56
EURUSD,C_ny,C_ny_rev|ref07-13o0|act13-16|rev|b0.5|a10|m1.5|tp1.0|x17,333,2.54,52.55,1.02,11.36,+0.4 / -1.9 / +4.3,False,102,6.36,1.19
EURUSD,C_ny,C_ny_rev|ref07-13o0|act13-16|rev|b0.5|a10|m1.5|tp1.0|x19,333,-2.88,53.45,0.98,14.54,+0.3 / -5.8 / +3.5,False,102,3.95,1.1
EURUSD,C_ny,C_ny_rev|ref07-13o0|act13-16|rev_cf|b0.25|a10|m1.0|tp0.5|x17,213,-44.5,59.62,0.49,44.77,-17.1 / -13.3 / -12.9,False,56,-10.19,0.54
EURUSD,C_ny,C_ny_rev|ref07-13o0|act13-16|rev_cf|b0.25|a10|m1.0|tp0.5|x19,213,-41.45,61.97,0.52,41.73,-16.3 / -12.9 / -11.0,False,56,-11.46,0.5
EURUSD,C_ny,C_ny_rev|ref07-13o0|act13-16|rev_cf|b0.25|a10|m1.0|tp0.75|x17,213,-39.8,50.23,0.6,40.33,-15.6 / -11.1 / -11.8,False,56,-8.62,0.66
EURUSD,C_ny,C_ny_rev|ref07-13o0|act13-16|rev_cf|b0.25|a10|m1.0|tp0.75|x19,213,-33.95,53.52,0.66,34.47,-14.1 / -10.6 / -8.0,False,56,-11.93,0.59
EURUSD,C_ny,C_ny_rev|ref07-13o0|act13-16|rev_cf|b0.25|a10|m1.0|tp1.0|x17,213,-33.73,46.95,0.68,34.53,-10.5 / -12.5 / -9.5,False,56,-4.93,0.81
EURUSD,C_ny,C_ny_rev|ref07-13o0|act13-16|rev_cf|b0.25|a10|m1.0|tp1.0|x19,213,-27.35,49.3,0.75,29.49,-9.7 / -11.7 / -4.8,False,56,-6.85,0.77
EURUSD,C_ny,C_ny_rev|ref07-13o0|act13-16|rev_cf|b0.25|a10|m1.5|tp0.5|x17,213,-27.35,54.46,0.6,27.7,-8.5 / -9.4 / -8.2,False,56,-7.16,0.62
EURUSD,C_ny,C_ny_rev|ref07-13o0|act13-16|rev_cf|b0.25|a10|m1.5|tp0.5|x19,213,-21.69,59.62,0.69,22.04,-6.9 / -8.5 / -5.1,False,56,-9.46,0.57
EURUSD,C_ny,C_ny_rev|ref07-13o0|act13-16|rev_cf|b0.25|a10|m1.5|tp0.75|x17,213,-19.79,50.7,0.73,21.71,-5.7 / -8.8 / -4.2,False,56,-6.19,0.7
EURUSD,C_ny,C_ny_rev|ref07-13o0|act13-16|rev_cf|b0.25|a10|m1.5|tp0.75|x19,213,-13.76,53.99,0.82,15.9,-4.1 / -7.6 / -0.9,False,56,-8.84,0.64
EURUSD,C_ny,C_ny_rev|ref07-13o0|act13-16|rev_cf|b0.25|a10|m1.5|tp1.0|x17,213,-20.04,47.89,0.74,20.89,-6.4 / -6.7 / -5.8,False,56,-8.01,0.66
EURUSD,C_ny,C_ny_rev|ref07-13o0|act13-16|rev_cf|b0.25|a10|m1.5|tp1.0|x19,213,-15.96,46.95,0.81,16.81,-6.3 / -4.3 / -4.2,False,56,-9.54,0.65
EURUSD,C_ny,C_ny_rev|ref07-13o0|act13-16|rev_cf|b0.5|a10|m1.0|tp0.5|x17,114,-24.6,59.65,0.48,24.87,-11.1 / -8.5 / -3.8,False,34,-0.83,0.91
EURUSD,C_ny,C_ny_rev|ref07-13o0|act13-16|rev_cf|b0.5|a10|m1.0|tp0.5|x19,114,-23.1,61.4,0.51,23.37,-10.8 / -7.6 / -3.4,False,34,-1.55,0.85
EURUSD,C_ny,C_ny_rev|ref07-13o0|act13-16|rev_cf|b0.5|a10|m1.0|tp0.75|x17,114,-19.64,51.75,0.63,22.47,-10.4 / -7.5 / -0.5,False,34,-1.75,0.86
EURUSD,C_ny,C_ny_rev|ref07-13o0|act13-16|rev_cf|b0.5|a10|m1.0|tp0.75|x19,114,-13.76,56.14,0.73,15.93,-8.3 / -6.2 / +2.0,False,34,-4.52,0.71
EURUSD,C_ny,C_ny_rev|ref07-13o0|act13-16|rev_cf|b0.5|a10|m1.0|tp1.0|x17,114,-15.07,48.25,0.73,19.74,-10.4 / -4.2 / +0.8,False,34,-0.57,0.96
EURUSD,C_ny,C_ny_rev|ref07-13o0|act13-16|rev_cf|b0.5|a10|m1.0|tp1.0|x19,114,-11.17,50.88,0.8,15.86,-10.0 / -3.2 / +3.2,False,34,-1.94,0.88
EURUSD,C_ny,C_ny_rev|ref07-13o0|act13-16|rev_cf|b0.5|a10|m1.5|tp0.5|x17,114,-15.34,55.26,0.6,16.8,-6.8 / -7.1 / -0.3,False,34,-1.83,0.81
EURUSD,C_ny,C_ny_rev|ref07-13o0|act13-16|rev_cf|b0.5|a10|m1.5|tp0.5|x19,114,-12.69,60.53,0.68,13.75,-5.6 / -7.1 / +1.1,False,34,-3.69,0.69
EURUSD,C_ny,C_ny_rev|ref07-13o0|act13-16|rev_cf|b0.5|a10|m1.5|tp0.75|x17,114,-9.85,50.88,0.75,13.37,-6.6 / -4.3 / +2.3,False,34,-1.33,0.87
EURUSD,C_ny,C_ny_rev|ref07-13o0|act13-16|rev_cf|b0.5|a10|m1.5|tp0.75|x19,114,-10.52,52.63,0.76,15.05,-7.9 / -5.0 / +3.4,False,34,-3.68,0.72
EURUSD,C_ny,C_ny_rev|ref07-13o0|act13-16|rev_cf|b0.5|a10|m1.5|tp1.0|x17,114,-5.0,50.0,0.87,9.05,-5.8 / -1.3 / +3.3,False,34,-2.88,0.77
EURUSD,C_ny,C_ny_rev|ref07-13o0|act13-16|rev_cf|b0.5|a10|m1.5|tp1.0|x19,114,-5.21,49.12,0.88,11.17,-7.7 / -1.0 / +4.6,False,34,-4.68,0.7
EURUSD,C_ny,C_ny_rev|ref07-13o0|act13-17|rev|b0.25|a10|m1.0|tp0.5|x17,425,11.27,78.35,1.11,11.61,+1.4 / +9.1 / +0.5,True,130,3.99,1.14
EURUSD,C_ny,C_ny_rev|ref07-13o0|act13-17|rev|b0.25|a10|m1.0|tp0.5|x19,425,13.54,79.29,1.13,11.61,+2.3 / +8.5 / +2.5,True,130,3.44,1.11
EURUSD,C_ny,C_ny_rev|ref07-13o0|act13-17|rev|b0.25|a10|m1.0|tp0.75|x17,425,52.62,72.24,1.42,4.74,+25.3 / +16.9 / +9.9,True,130,16.79,1.45
EURUSD,C_ny,C_ny_rev|ref07-13o0|act13-17|rev|b0.25|a10|m1.0|tp0.75|x19,425,55.89,73.41,1.44,4.74,+25.3 / +16.1 / +14.0,True,130,15.9,1.42
EURUSD,C_ny,C_ny_rev|ref07-13o0|act13-17|rev|b0.25|a10|m1.0|tp1.0|x17,425,27.12,59.76,1.15,11.09,+12.1 / +16.6 / -0.4,False,130,14.17,1.29
EURUSD,C_ny,C_ny_rev|ref07-13o0|act13-17|rev|b0.25|a10|m1.0|tp1.0|x19,425,28.65,61.41,1.16,10.87,+11.0 / +15.7 / +3.1,True,130,11.6,1.22
EURUSD,C_ny,C_ny_rev|ref07-13o0|act13-17|rev|b0.25|a10|m1.5|tp0.5|x17,425,46.63,78.12,1.57,3.49,+22.1 / +12.1 / +12.1,True,130,20.77,2.06
EURUSD,C_ny,C_ny_rev|ref07-13o0|act13-17|rev|b0.25|a10|m1.5|tp0.5|x19,425,48.47,80.0,1.58,3.52,+21.8 / +11.5 / +14.8,True,130,20.12,1.98
EURUSD,C_ny,C_ny_rev|ref07-13o0|act13-17|rev|b0.25|a10|m1.5|tp0.75|x17,425,14.85,59.76,1.11,9.71,+5.3 / +8.1 / +1.9,True,130,8.39,1.22
EURUSD,C_ny,C_ny_rev|ref07-13o0|act13-17|rev|b0.25|a10|m1.5|tp0.75|x19,425,18.31,64.24,1.13,9.37,+6.6 / +7.7 / +5.0,True,130,6.91,1.17
EURUSD,C_ny,C_ny_rev|ref07-13o0|act13-17|rev|b0.25|a10|m1.5|tp1.0|x17,425,-5.37,51.06,0.97,22.47,+5.8 / -0.3 / -10.4,False,130,-6.88,0.86
EURUSD,C_ny,C_ny_rev|ref07-13o0|act13-17|rev|b0.25|a10|m1.5|tp1.0|x19,425,-6.51,53.88,0.96,23.0,+5.7 / -0.5 / -10.7,False,130,-11.77,0.79
EURUSD,C_ny,C_ny_rev|ref07-13o0|act13-17|rev|b0.5|a10|m1.0|tp0.5|x17,359,20.73,80.22,1.27,8.11,+2.4 / +8.0 / +10.1,True,112,14.7,1.86
EURUSD,C_ny,C_ny_rev|ref07-13o0|act13-17|rev|b0.5|a10|m1.0|tp0.5|x19,359,19.86,80.5,1.25,8.11,+2.3 / +6.9 / +10.4,True,112,13.93,1.78
EURUSD,C_ny,C_ny_rev|ref07-13o0|act13-17|rev|b0.5|a10|m1.0|tp0.75|x17,359,59.99,73.82,1.63,5.53,+16.7 / +26.5 / +16.2,True,112,17.76,1.61
EURUSD,C_ny,C_ny_rev|ref07-13o0|act13-17|rev|b0.5|a10|m1.0|tp0.75|x19,359,60.47,75.21,1.62,5.53,+17.1 / +24.1 / +18.7,True,112,16.93,1.56
EURUSD,C_ny,C_ny_rev|ref07-13o0|act13-17|rev|b0.5|a10|m1.0|tp1.0|x17,359,75.11,66.85,1.64,5.5,+32.3 / +23.2 / +18.9,True,112,23.5,1.66
EURUSD,C_ny,C_ny_rev|ref07-13o0|act13-17|rev|b0.5|a10|m1.0|tp1.0|x19,359,74.35,67.97,1.6,6.1,+31.1 / +20.5 / +22.0,True,112,22.13,1.59
EURUSD,C_ny,C_ny_rev|ref07-13o0|act13-17|rev|b0.5|a10|m1.5|tp0.5|x17,359,57.38,81.06,2.03,5.37,+11.6 / +28.0 / +17.4,True,112,16.51,1.93
EURUSD,C_ny,C_ny_rev|ref07-13o0|act13-17|rev|b0.5|a10|m1.5|tp0.5|x19,359,56.34,82.17,1.96,5.15,+11.6 / +27.0 / +17.4,True,112,16.06,1.87
EURUSD,C_ny,C_ny_rev|ref07-13o0|act13-17|rev|b0.5|a10|m1.5|tp0.75|x17,359,42.91,66.02,1.43,5.33,+14.0 / +12.7 / +15.6,True,112,17.35,1.64
EURUSD,C_ny,C_ny_rev|ref07-13o0|act13-17|rev|b0.5|a10|m1.5|tp0.75|x19,359,39.93,67.13,1.37,6.16,+12.4 / +9.8 / +17.2,True,112,15.5,1.53
EURUSD,C_ny,C_ny_rev|ref07-13o0|act13-17|rev|b0.5|a10|m1.5|tp1.0|x17,359,2.23,51.25,1.02,12.51,+2.5 / -5.0 / +5.0,False,112,7.11,1.19
EURUSD,C_ny,C_ny_rev|ref07-13o0|act13-17|rev|b0.5|a10|m1.5|tp1.0|x19,359,-2.34,53.76,0.98,16.72,+2.3 / -8.5 / +4.7,False,112,3.93,1.1
EURUSD,C_ny,C_ny_rev|ref07-13o0|act13-17|rev_cf|b0.25|a10|m1.0|tp0.5|x17,235,-43.79,61.28,0.53,44.41,-17.5 / -12.3 / -12.7,False,66,-8.25,0.64
EURUSD,C_ny,C_ny_rev|ref07-13o0|act13-17|rev_cf|b0.25|a10|m1.0|tp0.5|x19,235,-43.83,61.28,0.53,44.45,-17.3 / -13.8 / -11.5,False,66,-10.39,0.58
EURUSD,C_ny,C_ny_rev|ref07-13o0|act13-17|rev_cf|b0.25|a10|m1.0|tp0.75|x17,235,-40.1,51.49,0.63,41.22,-15.9 / -11.0 / -12.0,False,66,-6.18,0.78
EURUSD,C_ny,C_ny_rev|ref07-13o0|act13-17|rev_cf|b0.25|a10|m1.0|tp0.75|x19,235,-36.66,52.77,0.66,37.77,-14.6 / -11.5 / -9.4,False,66,-9.67,0.68
EURUSD,C_ny,C_ny_rev|ref07-13o0|act13-17|rev_cf|b0.25|a10|m1.0|tp1.0|x17,235,-30.52,48.51,0.73,33.86,-9.5 / -9.4 / -10.4,False,66,-2.5,0.92
EURUSD,C_ny,C_ny_rev|ref07-13o0|act13-17|rev_cf|b0.25|a10|m1.0|tp1.0|x19,235,-28.44,48.94,0.75,32.45,-9.8 / -10.0 / -7.4,False,66,-5.54,0.82
EURUSD,C_ny,C_ny_rev|ref07-13o0|act13-17|rev_cf|b0.25|a10|m1.5|tp0.5|x17,235,-25.71,56.6,0.66,26.46,-8.2 / -7.9 / -8.5,False,66,-6.21,0.71
EURUSD,C_ny,C_ny_rev|ref07-13o0|act13-17|rev_cf|b0.25|a10|m1.5|tp0.5|x19,235,-23.02,58.3,0.69,23.76,-7.0 / -9.2 / -5.7,False,66,-7.83,0.66
EURUSD,C_ny,C_ny_rev|ref07-13o0|act13-17|rev_cf|b0.25|a10|m1.5|tp0.75|x17,235,-13.9,53.19,0.82,17.76,-3.8 / -4.0 / -4.9,False,66,-4.98,0.79
EURUSD,C_ny,C_ny_rev|ref07-13o0|act13-17|rev_cf|b0.25|a10|m1.5|tp0.75|x19,235,-13.95,53.19,0.83,17.51,-3.9 / -6.3 / -2.5,False,66,-7.68,0.7
EURUSD,C_ny,C_ny_rev|ref07-13o0|act13-17|rev_cf|b0.25|a10|m1.5|tp1.0|x17,235,-14.29,49.79,0.83,16.04,-5.5 / +0.6 / -8.3,False,66,-7.05,0.75
EURUSD,C_ny,C_ny_rev|ref07-13o0|act13-17|rev_cf|b0.25|a10|m1.5|tp1.0|x19,235,-16.07,46.81,0.82,17.88,-5.9 / -3.0 / -6.0,False,66,-7.88,0.72
EURUSD,C_ny,C_ny_rev|ref07-13o0|act13-17|rev_cf|b0.5|a10|m1.0|tp0.5|x17,129,-27.91,59.69,0.48,28.52,-13.0 / -7.3 / -6.4,False,36,-0.13,0.99
EURUSD,C_ny,C_ny_rev|ref07-13o0|act13-17|rev_cf|b0.5|a10|m1.0|tp0.5|x19,129,-27.2,58.14,0.49,27.82,-12.8 / -6.6 / -6.6,False,36,-0.85,0.91
EURUSD,C_ny,C_ny_rev|ref07-13o0|act13-17|rev_cf|b0.5|a10|m1.0|tp0.75|x17,129,-24.2,51.16,0.61,27.63,-13.4 / -7.0 / -2.6,False,36,-0.56,0.96
EURUSD,C_ny,C_ny_rev|ref07-13o0|act13-17|rev_cf|b0.5|a10|m1.0|tp0.75|x19,129,-18.19,51.94,0.68,20.95,-10.9 / -4.4 / -1.6,False,36,-3.32,0.79
EURUSD,C_ny,C_ny_rev|ref07-13o0|act13-17|rev_cf|b0.5|a10|m1.0|tp1.0|x17,129,-17.88,48.06,0.72,23.39,-12.4 / -3.4 / -0.8,False,36,1.13,1.08
EURUSD,C_ny,C_ny_rev|ref07-13o0|act13-17|rev_cf|b0.5|a10|m1.0|tp1.0|x19,129,-14.85,47.29,0.76,20.38,-12.2 / -1.0 / -0.4,False,36,-1.24,0.92
EURUSD,C_ny,C_ny_rev|ref07-13o0|act13-17|rev_cf|b0.5|a10|m1.5|tp0.5|x17,129,-19.54,55.04,0.57,21.16,-8.6 / -7.3 / -2.5,False,36,-1.03,0.89
EURUSD,C_ny,C_ny_rev|ref07-13o0|act13-17|rev_cf|b0.5|a10|m1.5|tp0.5|x19,129,-16.04,55.81,0.63,16.93,-7.0 / -5.5 / -2.3,False,36,-2.89,0.76
EURUSD,C_ny,C_ny_rev|ref07-13o0|act13-17|rev_cf|b0.5|a10|m1.5|tp0.75|x17,129,-12.05,51.16,0.74,16.1,-7.2 / -4.2 / +0.5,False,36,-0.04,1.0
EURUSD,C_ny,C_ny_rev|ref07-13o0|act13-17|rev_cf|b0.5|a10|m1.5|tp0.75|x19,129,-13.47,48.84,0.72,17.54,-9.2 / -3.1 / +0.0,False,36,-3.13,0.76
EURUSD,C_ny,C_ny_rev|ref07-13o0|act13-17|rev_cf|b0.5|a10|m1.5|tp1.0|x17,129,-7.59,49.61,0.84,11.58,-7.6 / -0.9 / +2.1,False,36,-1.08,0.91
EURUSD,C_ny,C_ny_rev|ref07-13o0|act13-17|rev_cf|b0.5|a10|m1.5|tp1.0|x19,129,-7.91,45.74,0.84,13.66,-9.1 / +1.1 / +1.2,False,36,-3.88,0.75
EURUSD,C_ny,C_ny_rev|ref06-11o0|act12-15|rev|b0.25|a10|m1.0|tp0.5|x17,455,-61.27,69.45,0.62,63.79,-26.6 / -18.0 / -17.0,False,133,-24.64,0.52
EURUSD,C_ny,C_ny_rev|ref06-11o0|act12-15|rev|b0.25|a10|m1.0|tp0.5|x19,455,-61.18,69.45,0.62,63.7,-26.6 / -18.0 / -16.9,False,133,-25.02,0.52
EURUSD,C_ny,C_ny_rev|ref06-11o0|act12-15|rev|b0.25|a10|m1.0|tp0.75|x17,455,-23.41,64.4,0.88,32.0,-12.8 / -5.4 / -5.7,False,133,-21.64,0.67
EURUSD,C_ny,C_ny_rev|ref06-11o0|act12-15|rev|b0.25|a10|m1.0|tp0.75|x19,455,-25.3,63.96,0.87,33.89,-12.8 / -5.5 / -7.5,False,133,-22.02,0.66
EURUSD,C_ny,C_ny_rev|ref06-11o0|act12-15|rev|b0.25|a10|m1.0|tp1.0|x17,455,-17.73,56.7,0.92,27.51,-10.7 / -5.1 / -2.8,False,133,-13.8,0.81
EURUSD,C_ny,C_ny_rev|ref06-11o0|act12-15|rev|b0.25|a10|m1.0|tp1.0|x19,455,-18.88,56.7,0.92,26.87,-10.3 / -5.0 / -4.4,False,133,-13.98,0.8
EURUSD,C_ny,C_ny_rev|ref06-11o0|act12-15|rev|b0.25|a10|m1.5|tp0.5|x17,455,-2.73,73.63,0.98,19.14,-8.4 / +2.5 / +2.8,False,133,-11.23,0.75
EURUSD,C_ny,C_ny_rev|ref06-11o0|act12-15|rev|b0.25|a10|m1.5|tp0.5|x19,455,-4.29,73.41,0.97,19.22,-8.1 / +1.7 / +1.7,False,133,-10.58,0.76
EURUSD,C_ny,C_ny_rev|ref06-11o0|act12-15|rev|b0.25|a10|m1.5|tp0.75|x17,455,-3.81,61.76,0.98,12.5,-3.9 / +3.2 / -3.8,False,133,-8.59,0.84
EURUSD,C_ny,C_ny_rev|ref06-11o0|act12-15|rev|b0.25|a10|m1.5|tp0.75|x19,455,-3.87,62.86,0.98,13.73,-0.5 / +2.1 / -6.1,False,133,-8.14,0.85
EURUSD,C_ny,C_ny_rev|ref06-11o0|act12-15|rev|b0.25|a10|m1.5|tp1.0|x17,455,-30.89,51.87,0.86,35.27,-13.7 / -8.2 / -9.9,False,133,-24.59,0.65
EURUSD,C_ny,C_ny_rev|ref06-11o0|act12-15|rev|b0.25|a10|m1.5|tp1.0|x19,455,-30.1,52.09,0.86,35.91,-11.9 / -7.5 / -11.6,False,133,-25.37,0.66
EURUSD,C_ny,C_ny_rev|ref06-11o0|act12-15|rev|b0.5|a10|m1.0|tp0.5|x17,406,-38.14,71.92,0.71,40.49,-22.3 / -14.8 / -1.3,False,122,-4.16,0.87
EURUSD,C_ny,C_ny_rev|ref06-11o0|act12-15|rev|b0.5|a10|m1.0|tp0.5|x19,406,-38.14,71.92,0.71,40.49,-22.3 / -14.8 / -1.3,False,122,-4.16,0.87
EURUSD,C_ny,C_ny_rev|ref06-11o0|act12-15|rev|b0.5|a10|m1.0|tp0.75|x17,406,4.41,67.24,1.03,17.85,-9.6 / +3.1 / +10.4,False,122,0.72,1.02
EURUSD,C_ny,C_ny_rev|ref06-11o0|act12-15|rev|b0.5|a10|m1.0|tp0.75|x19,406,3.29,67.24,1.02,17.85,-9.6 / +2.7 / +9.6,False,122,0.96,1.02
EURUSD,C_ny,C_ny_rev|ref06-11o0|act12-15|rev|b0.5|a10|m1.0|tp1.0|x17,406,22.79,61.08,1.13,12.42,-0.1 / +9.0 / +13.1,False,122,7.47,1.14
EURUSD,C_ny,C_ny_rev|ref06-11o0|act12-15|rev|b0.5|a10|m1.0|tp1.0|x19,406,18.33,60.59,1.1,11.76,+0.2 / +6.7 / +10.7,True,122,7.71,1.14
EURUSD,C_ny,C_ny_rev|ref06-11o0|act12-15|rev|b0.5|a10|m1.5|tp0.5|x17,406,22.05,77.34,1.22,8.1,+0.2 / +14.7 / +6.8,True,122,-0.76,0.98
EURUSD,C_ny,C_ny_rev|ref06-11o0|act12-15|rev|b0.5|a10|m1.5|tp0.5|x19,406,21.39,77.34,1.22,8.14,+0.1 / +14.5 / +6.4,True,122,-0.03,1.0
EURUSD,C_ny,C_ny_rev|ref06-11o0|act12-15|rev|b0.5|a10|m1.5|tp0.75|x17,406,26.02,66.26,1.19,8.42,+2.6 / +16.1 / +6.7,True,122,5.18,1.12
EURUSD,C_ny,C_ny_rev|ref06-11o0|act12-15|rev|b0.5|a10|m1.5|tp0.75|x19,406,25.16,65.76,1.18,8.42,+3.9 / +14.6 / +6.0,True,122,4.78,1.11
EURUSD,C_ny,C_ny_rev|ref06-11o0|act12-15|rev|b0.5|a10|m1.5|tp1.0|x17,406,2.83,54.93,1.02,13.34,-9.0 / +10.9 / +0.1,False,122,1.88,1.04
EURUSD,C_ny,C_ny_rev|ref06-11o0|act12-15|rev|b0.5|a10|m1.5|tp1.0|x19,406,4.47,55.17,1.02,12.09,-5.4 / +9.6 / -0.6,False,122,2.3,1.04
EURUSD,C_ny,C_ny_rev|ref06-11o0|act12-15|rev_cf|b0.25|a10|m1.0|tp0.5|x17,214,-49.32,62.15,0.46,49.16,-14.1 / -23.3 / -12.2,False,64,-19.45,0.38
EURUSD,C_ny,C_ny_rev|ref06-11o0|act12-15|rev_cf|b0.25|a10|m1.0|tp0.5|x19,214,-48.86,63.08,0.47,48.7,-13.8 / -22.5 / -12.9,False,64,-20.26,0.37
EURUSD,C_ny,C_ny_rev|ref06-11o0|act12-15|rev_cf|b0.25|a10|m1.0|tp0.75|x17,214,-40.52,54.21,0.61,41.12,-7.3 / -20.4 / -13.5,False,64,-14.52,0.56
EURUSD,C_ny,C_ny_rev|ref06-11o0|act12-15|rev_cf|b0.25|a10|m1.0|tp0.75|x19,214,-39.09,56.54,0.63,39.68,-5.8 / -20.7 / -13.2,False,64,-15.04,0.56
EURUSD,C_ny,C_ny_rev|ref06-11o0|act12-15|rev_cf|b0.25|a10|m1.0|tp1.0|x17,214,-41.48,47.66,0.65,43.71,-10.4 / -18.6 / -13.3,False,64,-6.52,0.8
EURUSD,C_ny,C_ny_rev|ref06-11o0|act12-15|rev_cf|b0.25|a10|m1.0|tp1.0|x19,214,-46.39,47.66,0.63,48.61,-14.8 / -19.4 / -13.0,False,64,-6.96,0.8
EURUSD,C_ny,C_ny_rev|ref06-11o0|act12-15|rev_cf|b0.25|a10|m1.5|tp0.5|x17,214,-14.13,64.49,0.78,16.81,-1.1 / -10.7 / -2.8,False,64,-8.87,0.61
EURUSD,C_ny,C_ny_rev|ref06-11o0|act12-15|rev_cf|b0.25|a10|m1.5|tp0.5|x19,214,-8.82,68.22,0.86,14.16,+1.8 / -9.7 / -1.3,False,64,-9.27,0.62
EURUSD,C_ny,C_ny_rev|ref06-11o0|act12-15|rev_cf|b0.25|a10|m1.5|tp0.75|x17,214,-16.17,54.67,0.8,20.34,-0.3 / -10.1 / -6.4,False,64,-2.56,0.89
EURUSD,C_ny,C_ny_rev|ref06-11o0|act12-15|rev_cf|b0.25|a10|m1.5|tp0.75|x19,214,-17.65,55.14,0.79,20.17,-1.6 / -9.9 / -6.7,False,64,-4.29,0.84
EURUSD,C_ny,C_ny_rev|ref06-11o0|act12-15|rev_cf|b0.25|a10|m1.5|tp1.0|x17,214,-21.75,49.07,0.76,22.87,-8.8 / -7.8 / -6.1,False,64,-2.87,0.89
EURUSD,C_ny,C_ny_rev|ref06-11o0|act12-15|rev_cf|b0.25|a10|m1.5|tp1.0|x19,214,-27.87,46.73,0.71,28.34,-13.3 / -7.9 / -7.6,False,64,-3.6,0.88
EURUSD,C_ny,C_ny_rev|ref06-11o0|act12-15|rev_cf|b0.5|a10|m1.0|tp0.5|x17,139,-28.29,63.31,0.5,27.77,-7.7 / -18.1 / -2.8,False,48,-14.76,0.38
EURUSD,C_ny,C_ny_rev|ref06-11o0|act12-15|rev_cf|b0.5|a10|m1.0|tp0.5|x19,139,-27.83,64.75,0.51,27.31,-7.4 / -17.3 / -3.5,False,48,-14.76,0.38
EURUSD,C_ny,C_ny_rev|ref06-11o0|act12-15|rev_cf|b0.5|a10|m1.0|tp0.75|x17,139,-22.68,55.4,0.65,24.58,-4.7 / -15.4 / -3.2,False,48,-10.48,0.58
EURUSD,C_ny,C_ny_rev|ref06-11o0|act12-15|rev_cf|b0.5|a10|m1.0|tp0.75|x19,139,-20.79,57.55,0.68,21.42,-3.5 / -14.8 / -3.1,False,48,-10.42,0.58
EURUSD,C_ny,C_ny_rev|ref06-11o0|act12-15|rev_cf|b0.5|a10|m1.0|tp1.0|x17,139,-25.15,48.2,0.66,29.5,-7.3 / -16.8 / -1.8,False,48,-4.23,0.83
EURUSD,C_ny,C_ny_rev|ref06-11o0|act12-15|rev_cf|b0.5|a10|m1.0|tp1.0|x19,139,-27.84,47.48,0.65,31.17,-10.5 / -16.8 / -1.4,False,48,-4.17,0.83
EURUSD,C_ny,C_ny_rev|ref06-11o0|act12-15|rev_cf|b0.5|a10|m1.5|tp0.5|x17,139,-11.19,62.59,0.74,13.48,-1.6 / -8.6 / -1.4,False,48,-5.94,0.65
EURUSD,C_ny,C_ny_rev|ref06-11o0|act12-15|rev_cf|b0.5|a10|m1.5|tp0.5|x19,139,-7.17,66.19,0.82,11.22,+0.6 / -8.2 / +0.1,False,48,-5.69,0.67
EURUSD,C_ny,C_ny_rev|ref06-11o0|act12-15|rev_cf|b0.5|a10|m1.5|tp0.75|x17,139,-10.76,53.24,0.79,16.06,-1.2 / -9.2 / -0.9,False,48,0.39,1.02
EURUSD,C_ny,C_ny_rev|ref06-11o0|act12-15|rev_cf|b0.5|a10|m1.5|tp0.75|x19,139,-13.11,52.52,0.76,15.24,-2.6 / -10.2 / -1.0,False,48,-0.62,0.97
EURUSD,C_ny,C_ny_rev|ref06-11o0|act12-15|rev_cf|b0.5|a10|m1.5|tp1.0|x17,139,-10.0,49.64,0.82,12.61,-5.8 / -6.0 / +0.8,False,48,-0.13,0.99
EURUSD,C_ny,C_ny_rev|ref06-11o0|act12-15|rev_cf|b0.5|a10|m1.5|tp1.0|x19,139,-13.99,46.04,0.76,15.52,-8.8 / -6.7 / +0.6,False,48,0.02,1.0
EURUSD,C_ny,C_ny_rev|ref06-11o0|act13-16|rev|b0.25|a10|m1.0|tp0.5|x17,467,-52.64,69.81,0.68,55.68,-33.1 / -11.5 / -8.4,False,140,-14.26,0.69
EURUSD,C_ny,C_ny_rev|ref06-11o0|act13-16|rev|b0.25|a10|m1.0|tp0.5|x19,467,-52.69,69.81,0.68,55.74,-33.1 / -11.5 / -8.4,False,140,-14.64,0.69
EURUSD,C_ny,C_ny_rev|ref06-11o0|act13-16|rev|b0.25|a10|m1.0|tp0.75|x17,467,-37.48,61.67,0.82,42.17,-25.9 / -3.3 / -8.9,False,140,-4.66,0.92
EURUSD,C_ny,C_ny_rev|ref06-11o0|act13-16|rev|b0.25|a10|m1.0|tp0.75|x19,467,-39.58,61.24,0.81,44.31,-26.6 / -3.5 / -10.1,False,140,-4.97,0.91
EURUSD,C_ny,C_ny_rev|ref06-11o0|act13-16|rev|b0.25|a10|m1.0|tp1.0|x17,467,-31.56,54.6,0.87,35.54,-20.2 / -2.0 / -10.2,False,140,0.69,1.01
EURUSD,C_ny,C_ny_rev|ref06-11o0|act13-16|rev|b0.25|a10|m1.0|tp1.0|x19,467,-31.68,54.39,0.87,36.21,-19.0 / -2.0 / -11.5,False,140,0.57,1.01
EURUSD,C_ny,C_ny_rev|ref06-11o0|act13-16|rev|b0.25|a10|m1.5|tp0.5|x17,467,4.32,72.38,1.03,13.88,-8.1 / +10.8 / +1.2,False,140,6.93,1.21
EURUSD,C_ny,C_ny_rev|ref06-11o0|act13-16|rev|b0.25|a10|m1.5|tp0.5|x19,467,0.7,72.16,1.01,15.56,-9.8 / +10.3 / -0.2,False,140,5.43,1.16
EURUSD,C_ny,C_ny_rev|ref06-11o0|act13-16|rev|b0.25|a10|m1.5|tp0.75|x17,467,-4.08,59.1,0.98,14.7,-4.3 / +6.8 / -7.2,False,140,-3.32,0.93
EURUSD,C_ny,C_ny_rev|ref06-11o0|act13-16|rev|b0.25|a10|m1.5|tp0.75|x19,467,-3.54,60.39,0.98,12.78,-2.2 / +6.7 / -8.7,False,140,-4.02,0.92
EURUSD,C_ny,C_ny_rev|ref06-11o0|act13-16|rev|b0.25|a10|m1.5|tp1.0|x17,467,-12.19,52.25,0.94,16.62,-7.6 / +5.1 / -10.6,False,140,-19.74,0.69
EURUSD,C_ny,C_ny_rev|ref06-11o0|act13-16|rev|b0.25|a10|m1.5|tp1.0|x19,467,-9.83,53.1,0.95,16.51,-5.9 / +6.5 / -11.3,False,140,-23.75,0.66
EURUSD,C_ny,C_ny_rev|ref06-11o0|act13-16|rev|b0.5|a10|m1.0|tp0.5|x17,426,-22.83,73.71,0.82,26.63,-22.1 / -1.0 / -0.1,False,130,4.75,1.16
EURUSD,C_ny,C_ny_rev|ref06-11o0|act13-16|rev|b0.5|a10|m1.0|tp0.5|x19,426,-22.53,73.71,0.83,26.63,-22.1 / -1.0 / +0.2,False,130,4.75,1.16
EURUSD,C_ny,C_ny_rev|ref06-11o0|act13-16|rev|b0.5|a10|m1.0|tp0.75|x17,426,6.11,66.43,1.04,17.51,-12.4 / +14.1 / +3.9,False,130,17.3,1.46
EURUSD,C_ny,C_ny_rev|ref06-11o0|act13-16|rev|b0.5|a10|m1.0|tp0.75|x19,426,4.62,66.2,1.03,17.27,-12.2 / +14.4 / +1.8,False,130,16.12,1.41
EURUSD,C_ny,C_ny_rev|ref06-11o0|act13-16|rev|b0.5|a10|m1.0|tp1.0|x17,426,11.47,58.69,1.06,17.28,-5.5 / +14.7 / +1.4,False,130,24.97,1.55
EURUSD,C_ny,C_ny_rev|ref06-11o0|act13-16|rev|b0.5|a10|m1.0|tp1.0|x19,426,8.09,58.22,1.04,16.89,-5.7 / +13.8 / -0.9,False,130,23.74,1.51
EURUSD,C_ny,C_ny_rev|ref06-11o0|act13-16|rev|b0.5|a10|m1.5|tp0.5|x17,426,22.4,75.35,1.22,11.4,-4.3 / +20.1 / +6.3,False,130,13.25,1.51
EURUSD,C_ny,C_ny_rev|ref06-11o0|act13-16|rev|b0.5|a10|m1.5|tp0.5|x19,426,21.6,75.12,1.21,11.24,-4.1 / +20.5 / +4.8,False,130,11.35,1.4
EURUSD,C_ny,C_ny_rev|ref06-11o0|act13-16|rev|b0.5|a10|m1.5|tp0.75|x17,426,21.91,63.38,1.15,11.98,+0.4 / +12.5 / +8.3,True,130,12.27,1.31
EURUSD,C_ny,C_ny_rev|ref06-11o0|act13-16|rev|b0.5|a10|m1.5|tp0.75|x19,426,18.38,63.15,1.12,11.83,+0.6 / +10.5 / +6.6,True,130,10.35,1.25
EURUSD,C_ny,C_ny_rev|ref06-11o0|act13-16|rev|b0.5|a10|m1.5|tp1.0|x17,426,2.78,53.05,1.02,13.9,-3.7 / +10.1 / -4.5,False,130,3.12,1.06
EURUSD,C_ny,C_ny_rev|ref06-11o0|act13-16|rev|b0.5|a10|m1.5|tp1.0|x19,426,5.55,54.46,1.03,13.19,-0.8 / +10.8 / -5.3,False,130,0.19,1.0
EURUSD,C_ny,C_ny_rev|ref06-11o0|act13-16|rev_cf|b0.25|a10|m1.0|tp0.5|x17,215,-43.93,60.47,0.5,43.89,-17.1 / -17.0 / -10.2,False,55,-14.29,0.42
EURUSD,C_ny,C_ny_rev|ref06-11o0|act13-16|rev_cf|b0.25|a10|m1.0|tp0.5|x19,215,-42.53,62.33,0.52,43.52,-16.3 / -15.4 / -11.2,False,55,-15.57,0.39
EURUSD,C_ny,C_ny_rev|ref06-11o0|act13-16|rev_cf|b0.25|a10|m1.0|tp0.75|x17,215,-31.17,53.49,0.67,31.64,-12.7 / -12.8 / -6.3,False,55,-12.16,0.55
EURUSD,C_ny,C_ny_rev|ref06-11o0|act13-16|rev_cf|b0.25|a10|m1.0|tp0.75|x19,215,-27.53,56.74,0.72,29.28,-9.7 / -12.4 / -6.0,False,55,-13.34,0.54
EURUSD,C_ny,C_ny_rev|ref06-11o0|act13-16|rev_cf|b0.25|a10|m1.0|tp1.0|x17,215,-31.16,47.91,0.7,32.63,-14.4 / -12.0 / -5.6,False,55,-6.09,0.78
EURUSD,C_ny,C_ny_rev|ref06-11o0|act13-16|rev_cf|b0.25|a10|m1.0|tp1.0|x19,215,-32.75,47.91,0.71,36.14,-16.0 / -12.3 / -5.2,False,55,-6.8,0.76
EURUSD,C_ny,C_ny_rev|ref06-11o0|act13-16|rev_cf|b0.25|a10|m1.5|tp0.5|x17,215,-16.38,58.14,0.74,16.68,-4.1 / -7.4 / -5.3,False,55,-8.14,0.58
EURUSD,C_ny,C_ny_rev|ref06-11o0|act13-16|rev_cf|b0.25|a10|m1.5|tp0.5|x19,215,-9.52,64.19,0.84,10.71,-0.7 / -4.9 / -4.3,False,55,-8.64,0.58
EURUSD,C_ny,C_ny_rev|ref06-11o0|act13-16|rev_cf|b0.25|a10|m1.5|tp0.75|x17,215,-15.41,50.7,0.78,16.42,-4.3 / -6.5 / -5.3,False,55,-4.18,0.8
EURUSD,C_ny,C_ny_rev|ref06-11o0|act13-16|rev_cf|b0.25|a10|m1.5|tp0.75|x19,215,-12.42,52.56,0.83,14.6,-3.8 / -4.3 / -5.0,False,55,-5.77,0.75
EURUSD,C_ny,C_ny_rev|ref06-11o0|act13-16|rev_cf|b0.25|a10|m1.5|tp1.0|x17,215,-20.13,46.51,0.74,20.71,-10.7 / -6.0 / -4.4,False,55,-5.46,0.77
EURUSD,C_ny,C_ny_rev|ref06-11o0|act13-16|rev_cf|b0.25|a10|m1.5|tp1.0|x19,215,-22.1,45.12,0.75,24.51,-12.4 / -3.5 / -7.1,False,55,-5.88,0.77
EURUSD,C_ny,C_ny_rev|ref06-11o0|act13-16|rev_cf|b0.5|a10|m1.0|tp0.5|x17,140,-28.58,60.71,0.5,29.23,-6.2 / -14.8 / -8.0,False,42,-10.85,0.43
EURUSD,C_ny,C_ny_rev|ref06-11o0|act13-16|rev_cf|b0.5|a10|m1.0|tp0.5|x19,140,-27.89,62.86,0.52,28.54,-6.2 / -13.7 / -8.3,False,42,-11.57,0.41
EURUSD,C_ny,C_ny_rev|ref06-11o0|act13-16|rev_cf|b0.5|a10|m1.0|tp0.75|x17,140,-21.67,53.57,0.66,22.82,-4.4 / -12.3 / -5.5,False,42,-9.72,0.55
EURUSD,C_ny,C_ny_rev|ref06-11o0|act13-16|rev_cf|b0.5|a10|m1.0|tp0.75|x19,140,-18.94,55.71,0.7,20.09,-3.0 / -11.4 / -5.1,False,42,-9.73,0.56
EURUSD,C_ny,C_ny_rev|ref06-11o0|act13-16|rev_cf|b0.5|a10|m1.0|tp1.0|x17,140,-21.8,47.86,0.68,24.25,-6.1 / -13.1 / -3.4,False,42,-5.14,0.76
EURUSD,C_ny,C_ny_rev|ref06-11o0|act13-16|rev_cf|b0.5|a10|m1.0|tp1.0|x19,140,-23.91,45.71,0.68,26.08,-8.2 / -13.1 / -3.4,False,42,-4.68,0.79
EURUSD,C_ny,C_ny_rev|ref06-11o0|act13-16|rev_cf|b0.5|a10|m1.5|tp0.5|x17,140,-12.42,57.14,0.7,13.22,-0.9 / -7.4 / -4.5,False,42,-5.75,0.61
EURUSD,C_ny,C_ny_rev|ref06-11o0|act13-16|rev_cf|b0.5|a10|m1.5|tp0.5|x19,140,-9.27,62.14,0.78,10.55,+0.1 / -6.1 / -3.7,False,42,-4.9,0.66
EURUSD,C_ny,C_ny_rev|ref06-11o0|act13-16|rev_cf|b0.5|a10|m1.5|tp0.75|x17,140,-11.05,49.29,0.76,13.6,-1.8 / -7.6 / -2.3,False,42,-1.28,0.91
EURUSD,C_ny,C_ny_rev|ref06-11o0|act13-16|rev_cf|b0.5|a10|m1.5|tp0.75|x19,140,-12.9,48.57,0.75,15.89,-3.8 / -7.6 / -2.2,False,42,-1.39,0.91
EURUSD,C_ny,C_ny_rev|ref06-11o0|act13-16|rev_cf|b0.5|a10|m1.5|tp1.0|x17,140,-8.64,47.86,0.81,11.79,-3.7 / -5.1 / -0.8,False,42,-3.56,0.8
EURUSD,C_ny,C_ny_rev|ref06-11o0|act13-16|rev_cf|b0.5|a10|m1.5|tp1.0|x19,140,-10.34,43.57,0.81,14.58,-6.7 / -4.3 / -0.3,False,42,-2.5,0.87
EURUSD,C_ny,C_ny_rev|ref06-11o0|act13-17|rev|b0.25|a10|m1.0|tp0.5|x17,483,-50.46,70.19,0.7,53.5,-33.0 / -10.3 / -7.5,False,148,-13.12,0.72
EURUSD,C_ny,C_ny_rev|ref06-11o0|act13-17|rev|b0.25|a10|m1.0|tp0.5|x19,483,-49.78,70.39,0.7,52.83,-33.0 / -10.3 / -6.8,False,148,-13.51,0.72
EURUSD,C_ny,C_ny_rev|ref06-11o0|act13-17|rev|b0.25|a10|m1.0|tp0.75|x17,483,-39.54,61.49,0.81,44.23,-25.9 / -6.2 / -8.0,False,148,-4.71,0.92
EURUSD,C_ny,C_ny_rev|ref06-11o0|act13-17|rev|b0.25|a10|m1.0|tp0.75|x19,483,-40.08,61.28,0.81,45.54,-26.9 / -5.9 / -7.9,False,148,-5.5,0.91
EURUSD,C_ny,C_ny_rev|ref06-11o0|act13-17|rev|b0.25|a10|m1.0|tp1.0|x17,483,-34.69,54.24,0.86,38.67,-20.5 / -5.6 / -9.5,False,148,0.28,1.0
EURUSD,C_ny,C_ny_rev|ref06-11o0|act13-17|rev|b0.25|a10|m1.0|tp1.0|x19,483,-32.59,54.24,0.87,37.12,-19.5 / -5.5 / -8.4,False,148,0.16,1.0
EURUSD,C_ny,C_ny_rev|ref06-11o0|act13-17|rev|b0.25|a10|m1.5|tp0.5|x17,483,2.59,71.84,1.02,13.83,-8.4 / +8.8 / +1.8,False,148,6.57,1.19
EURUSD,C_ny,C_ny_rev|ref06-11o0|act13-17|rev|b0.25|a10|m1.5|tp0.5|x19,483,0.53,72.05,1.0,15.29,-10.3 / +9.2 / +1.3,False,148,4.65,1.12
EURUSD,C_ny,C_ny_rev|ref06-11o0|act13-17|rev|b0.25|a10|m1.5|tp0.75|x17,483,-8.94,58.18,0.95,15.96,-6.1 / +4.4 / -7.8,False,148,-3.76,0.93
EURUSD,C_ny,C_ny_rev|ref06-11o0|act13-17|rev|b0.25|a10|m1.5|tp0.75|x19,483,-6.37,59.83,0.96,14.54,-4.5 / +5.2 / -7.8,False,148,-4.81,0.91
EURUSD,C_ny,C_ny_rev|ref06-11o0|act13-17|rev|b0.25|a10|m1.5|tp1.0|x17,483,-16.9,51.55,0.92,21.33,-9.3 / +2.5 / -10.9,False,148,-20.4,0.69
EURUSD,C_ny,C_ny_rev|ref06-11o0|act13-17|rev|b0.25|a10|m1.5|tp1.0|x19,483,-12.4,52.8,0.94,19.08,-8.0 / +4.9 / -10.2,False,148,-24.81,0.66
EURUSD,C_ny,C_ny_rev|ref06-11o0|act13-17|rev|b0.5|a10|m1.0|tp0.5|x17,445,-23.82,73.26,0.82,29.33,-22.6 / -1.1 / -0.5,False,136,6.73,1.23
EURUSD,C_ny,C_ny_rev|ref06-11o0|act13-17|rev|b0.5|a10|m1.0|tp0.5|x19,445,-24.27,73.48,0.82,30.07,-22.6 / -1.6 / -0.4,False,136,6.73,1.23
EURUSD,C_ny,C_ny_rev|ref06-11o0|act13-17|rev|b0.5|a10|m1.0|tp0.75|x17,445,7.39,66.07,1.04,18.28,-12.2 / +15.0 / +4.0,False,136,18.15,1.46
EURUSD,C_ny,C_ny_rev|ref06-11o0|act13-17|rev|b0.5|a10|m1.0|tp0.75|x19,445,6.12,66.29,1.04,18.51,-11.7 / +14.8 / +2.5,False,136,17.36,1.43
EURUSD,C_ny,C_ny_rev|ref06-11o0|act13-17|rev|b0.5|a10|m1.0|tp1.0|x17,445,7.96,57.53,1.04,18.14,-6.9 / +13.5 / +0.5,False,136,24.49,1.52
EURUSD,C_ny,C_ny_rev|ref06-11o0|act13-17|rev|b0.5|a10|m1.0|tp1.0|x19,445,4.43,57.53,1.02,17.25,-7.4 / +12.7 / -1.6,False,136,23.46,1.49
EURUSD,C_ny,C_ny_rev|ref06-11o0|act13-17|rev|b0.5|a10|m1.5|tp0.5|x17,445,22.49,74.61,1.21,11.81,-4.2 / +20.3 / +6.0,False,136,13.58,1.5
EURUSD,C_ny,C_ny_rev|ref06-11o0|act13-17|rev|b0.5|a10|m1.5|tp0.5|x19,445,21.46,74.83,1.2,11.56,-3.9 / +20.4 / +4.6,False,136,11.84,1.4
EURUSD,C_ny,C_ny_rev|ref06-11o0|act13-17|rev|b0.5|a10|m1.5|tp0.75|x17,445,19.13,62.02,1.13,12.81,-0.5 / +11.5 / +7.5,False,136,11.57,1.29
EURUSD,C_ny,C_ny_rev|ref06-11o0|act13-17|rev|b0.5|a10|m1.5|tp0.75|x19,445,16.39,62.47,1.11,12.94,-0.5 / +9.2 / +7.1,False,136,9.91,1.23
EURUSD,C_ny,C_ny_rev|ref06-11o0|act13-17|rev|b0.5|a10|m1.5|tp1.0|x17,445,-0.59,51.91,1.0,14.92,-4.4 / +9.5 / -6.5,False,136,2.42,1.05
EURUSD,C_ny,C_ny_rev|ref06-11o0|act13-17|rev|b0.5|a10|m1.5|tp1.0|x19,445,2.15,53.71,1.01,16.44,-1.6 / +10.2 / -7.3,False,136,-0.41,0.99
EURUSD,C_ny,C_ny_rev|ref06-11o0|act13-17|rev_cf|b0.25|a10|m1.0|tp0.5|x17,240,-43.94,62.08,0.54,44.25,-19.0 / -13.7 / -11.6,False,65,-12.16,0.53
EURUSD,C_ny,C_ny_rev|ref06-11o0|act13-17|rev_cf|b0.25|a10|m1.0|tp0.5|x19,240,-44.65,60.83,0.53,45.99,-19.2 / -13.4 / -12.4,False,65,-13.63,0.49
EURUSD,C_ny,C_ny_rev|ref06-11o0|act13-17|rev_cf|b0.25|a10|m1.0|tp0.75|x17,240,-29.93,55.0,0.71,31.64,-13.3 / -10.8 / -6.5,False,65,-7.79,0.73
EURUSD,C_ny,C_ny_rev|ref06-11o0|act13-17|rev_cf|b0.25|a10|m1.0|tp0.75|x19,240,-28.36,55.0,0.73,30.7,-12.3 / -10.4 / -6.2,False,65,-9.97,0.67
EURUSD,C_ny,C_ny_rev|ref06-11o0|act13-17|rev_cf|b0.25|a10|m1.0|tp1.0|x17,240,-29.66,49.17,0.74,32.87,-15.7 / -10.1 / -4.6,False,65,0.54,1.02
EURUSD,C_ny,C_ny_rev|ref06-11o0|act13-17|rev_cf|b0.25|a10|m1.0|tp1.0|x19,240,-32.22,47.08,0.73,36.56,-19.3 / -9.3 / -4.4,False,65,-2.96,0.9
EURUSD,C_ny,C_ny_rev|ref06-11o0|act13-17|rev_cf|b0.25|a10|m1.5|tp0.5|x17,240,-14.73,60.0,0.78,15.56,-2.5 / -6.3 / -6.4,False,65,-5.55,0.73
EURUSD,C_ny,C_ny_rev|ref06-11o0|act13-17|rev_cf|b0.25|a10|m1.5|tp0.5|x19,240,-10.48,61.67,0.84,12.04,-2.6 / -3.2 / -5.1,False,65,-6.45,0.7
EURUSD,C_ny,C_ny_rev|ref06-11o0|act13-17|rev_cf|b0.25|a10|m1.5|tp0.75|x17,240,-12.52,52.5,0.84,14.85,-2.7 / -5.2 / -5.3,False,65,0.65,1.03
EURUSD,C_ny,C_ny_rev|ref06-11o0|act13-17|rev_cf|b0.25|a10|m1.5|tp0.75|x19,240,-12.12,51.25,0.85,14.77,-6.1 / -1.9 / -4.8,False,65,-2.85,0.88
EURUSD,C_ny,C_ny_rev|ref06-11o0|act13-17|rev_cf|b0.25|a10|m1.5|tp1.0|x17,240,-15.84,48.33,0.82,17.86,-10.4 / -2.9 / -3.4,False,65,-0.37,0.99
EURUSD,C_ny,C_ny_rev|ref06-11o0|act13-17|rev_cf|b0.25|a10|m1.5|tp1.0|x19,240,-21.38,44.58,0.77,24.72,-15.0 / -0.1 / -7.2,False,65,-1.85,0.93
EURUSD,C_ny,C_ny_rev|ref06-11o0|act13-17|rev_cf|b0.5|a10|m1.0|tp0.5|x17,154,-31.03,61.04,0.51,32.02,-9.3 / -12.0 / -10.0,False,47,-10.52,0.48
EURUSD,C_ny,C_ny_rev|ref06-11o0|act13-17|rev_cf|b0.5|a10|m1.0|tp0.5|x19,154,-32.73,59.74,0.49,33.72,-10.0 / -12.9 / -10.1,False,47,-11.24,0.46
EURUSD,C_ny,C_ny_rev|ref06-11o0|act13-17|rev_cf|b0.5|a10|m1.0|tp0.75|x17,154,-25.37,53.25,0.64,27.12,-6.7 / -12.2 / -7.0,False,47,-8.39,0.63
EURUSD,C_ny,C_ny_rev|ref06-11o0|act13-17|rev_cf|b0.5|a10|m1.0|tp0.75|x19,154,-24.3,51.95,0.65,26.05,-6.4 / -11.1 / -7.3,False,47,-8.4,0.64
EURUSD,C_ny,C_ny_rev|ref06-11o0|act13-17|rev_cf|b0.5|a10|m1.0|tp1.0|x17,154,-25.75,47.4,0.67,29.05,-7.9 / -14.3 / -4.5,False,47,-2.82,0.88
EURUSD,C_ny,C_ny_rev|ref06-11o0|act13-17|rev_cf|b0.5|a10|m1.0|tp1.0|x19,154,-28.78,42.86,0.64,31.79,-11.6 / -12.4 / -5.6,False,47,-2.88,0.88
EURUSD,C_ny,C_ny_rev|ref06-11o0|act13-17|rev_cf|b0.5|a10|m1.5|tp0.5|x17,154,-13.73,57.79,0.71,15.04,-0.4 / -7.5 / -6.2,False,47,-5.19,0.67
EURUSD,C_ny,C_ny_rev|ref06-11o0|act13-17|rev_cf|b0.5|a10|m1.5|tp0.5|x19,154,-13.58,57.79,0.71,14.96,-2.3 / -5.9 / -5.8,False,47,-4.07,0.74
EURUSD,C_ny,C_ny_rev|ref06-11o0|act13-17|rev_cf|b0.5|a10|m1.5|tp0.75|x17,154,-11.87,50.0,0.77,15.73,-0.3 / -8.7 / -3.5,False,47,0.27,1.02
EURUSD,C_ny,C_ny_rev|ref06-11o0|act13-17|rev_cf|b0.5|a10|m1.5|tp0.75|x19,154,-16.85,45.45,0.7,20.48,-6.2 / -7.0 / -4.3,False,47,0.01,1.0
EURUSD,C_ny,C_ny_rev|ref06-11o0|act13-17|rev_cf|b0.5|a10|m1.5|tp1.0|x17,154,-9.84,48.05,0.81,13.9,-2.8 / -6.4 / -1.5,False,47,-1.0,0.95
EURUSD,C_ny,C_ny_rev|ref06-11o0|act13-17|rev_cf|b0.5|a10|m1.5|tp1.0|x19,154,-14.03,40.91,0.76,19.18,-7.9 / -4.6 / -2.4,False,47,-0.49,0.97
EURUSD,D,D_asia_breakout|ref22-03o0|act03-08|con|b0.25|a10|m1.0|tp1.0|x08,470,-273.77,34.26,0.3,275.12,-107.9 / -89.5 / -75.0,False,143,-71.99,0.34
EURUSD,D,D_asia_breakout|ref22-03o0|act03-08|con|b0.25|a10|m1.0|tp1.0|x10,470,-271.98,35.11,0.31,273.33,-107.9 / -88.0 / -74.7,False,143,-73.16,0.34
EURUSD,D,D_asia_breakout|ref22-03o0|act03-08|con|b0.25|a10|m1.0|tp1.5|x08,470,-272.64,27.23,0.36,275.0,-100.6 / -87.8 / -82.9,False,143,-61.21,0.46
EURUSD,D,D_asia_breakout|ref22-03o0|act03-08|con|b0.25|a10|m1.0|tp1.5|x10,470,-273.77,28.09,0.36,276.12,-102.0 / -88.9 / -81.5,False,143,-59.01,0.5
EURUSD,D,D_asia_breakout|ref22-03o0|act03-08|con|b0.25|a10|m1.0|tp2.0|x08,470,-282.69,22.55,0.36,284.35,-105.2 / -93.0 / -83.2,False,143,-67.08,0.44
EURUSD,D,D_asia_breakout|ref22-03o0|act03-08|con|b0.25|a10|m1.0|tp2.0|x10,470,-289.59,23.19,0.37,292.95,-109.2 / -91.0 / -88.0,False,143,-66.51,0.47
EURUSD,D,D_asia_breakout|ref22-03o0|act03-08|con|b0.25|a10|m1.5|tp1.0|x08,470,-132.48,42.55,0.54,135.12,-57.9 / -42.1 / -33.2,False,143,-34.52,0.55
EURUSD,D,D_asia_breakout|ref22-03o0|act03-08|con|b0.25|a10|m1.5|tp1.0|x10,470,-137.97,43.4,0.54,141.31,-55.7 / -49.4 / -33.7,False,143,-35.8,0.58
EURUSD,D,D_asia_breakout|ref22-03o0|act03-08|con|b0.25|a10|m1.5|tp1.5|x08,470,-133.91,36.38,0.56,136.11,-57.7 / -45.3 / -32.2,False,143,-34.63,0.57
EURUSD,D,D_asia_breakout|ref22-03o0|act03-08|con|b0.25|a10|m1.5|tp1.5|x10,470,-133.28,36.81,0.59,137.75,-55.2 / -47.5 / -31.9,False,143,-41.49,0.56
EURUSD,D,D_asia_breakout|ref22-03o0|act03-08|con|b0.25|a10|m1.5|tp2.0|x08,470,-134.68,34.04,0.57,137.38,-59.5 / -50.7 / -26.3,False,143,-32.13,0.61
EURUSD,D,D_asia_breakout|ref22-03o0|act03-08|con|b0.25|a10|m1.5|tp2.0|x10,470,-136.51,33.83,0.6,141.82,-54.3 / -48.9 / -35.1,False,143,-37.02,0.62
EURUSD,D,D_asia_breakout|ref22-03o0|act03-08|con|b0.25|a10|m2.0|tp1.0|x08,470,-88.89,42.34,0.61,91.67,-39.6 / -27.1 / -23.0,False,143,-20.03,0.65
EURUSD,D,D_asia_breakout|ref22-03o0|act03-08|con|b0.25|a10|m2.0|tp1.0|x10,470,-90.13,45.53,0.64,95.08,-37.4 / -31.5 / -22.0,False,143,-27.73,0.61
EURUSD,D,D_asia_breakout|ref22-03o0|act03-08|con|b0.25|a10|m2.0|tp1.5|x08,470,-87.36,38.94,0.63,89.44,-39.9 / -30.0 / -18.7,False,143,-14.25,0.76
EURUSD,D,D_asia_breakout|ref22-03o0|act03-08|con|b0.25|a10|m2.0|tp1.5|x10,470,-90.96,40.21,0.66,95.64,-35.1 / -32.5 / -24.7,False,143,-21.84,0.7
EURUSD,D,D_asia_breakout|ref22-03o0|act03-08|con|b0.25|a10|m2.0|tp2.0|x08,470,-83.57,38.3,0.65,85.59,-38.5 / -31.2 / -15.1,False,143,-15.51,0.74
EURUSD,D,D_asia_breakout|ref22-03o0|act03-08|con|b0.25|a10|m2.0|tp2.0|x10,470,-83.64,38.94,0.69,86.38,-32.8 / -28.5 / -22.1,False,143,-23.19,0.69
EURUSD,D,D_asia_breakout|ref22-03o0|act03-08|con|b0.5|a10|m1.0|tp1.0|x08,419,-313.71,26.01,0.2,313.07,-117.7 / -100.6 / -94.0,False,124,-66.27,0.32
EURUSD,D,D_asia_breakout|ref22-03o0|act03-08|con|b0.5|a10|m1.0|tp1.0|x10,419,-312.77,26.73,0.21,312.13,-118.3 / -100.1 / -93.0,False,124,-65.05,0.34
EURUSD,D,D_asia_breakout|ref22-03o0|act03-08|con|b0.5|a10|m1.0|tp1.5|x08,419,-315.46,20.76,0.25,315.32,-118.5 / -104.4 / -91.2,False,124,-61.37,0.4
EURUSD,D,D_asia_breakout|ref22-03o0|act03-08|con|b0.5|a10|m1.0|tp1.5|x10,419,-310.55,21.72,0.26,310.41,-119.6 / -101.1 / -88.5,False,124,-57.48,0.45
EURUSD,D,D_asia_breakout|ref22-03o0|act03-08|con|b0.5|a10|m1.0|tp2.0|x08,419,-317.07,18.38,0.26,316.95,-116.8 / -103.8 / -95.1,False,124,-63.74,0.4
EURUSD,D,D_asia_breakout|ref22-03o0|act03-08|con|b0.5|a10|m1.0|tp2.0|x10,419,-315.16,18.38,0.27,315.52,-117.7 / -97.8 / -98.2,False,124,-61.7,0.43
EURUSD,D,D_asia_breakout|ref22-03o0|act03-08|con|b0.5|a10|m1.5|tp1.0|x08,419,-151.57,38.19,0.45,156.46,-64.6 / -51.4 / -36.3,False,124,-29.08,0.55
EURUSD,D,D_asia_breakout|ref22-03o0|act03-08|con|b0.5|a10|m1.5|tp1.0|x10,419,-152.54,40.57,0.46,157.93,-63.7 / -52.8 / -36.8,False,124,-30.06,0.59
EURUSD,D,D_asia_breakout|ref22-03o0|act03-08|con|b0.5|a10|m1.5|tp1.5|x08,419,-148.91,33.41,0.48,152.82,-65.4 / -50.1 / -34.6,False,124,-29.07,0.57
EURUSD,D,D_asia_breakout|ref22-03o0|act03-08|con|b0.5|a10|m1.5|tp1.5|x10,419,-151.61,33.89,0.5,157.54,-63.0 / -50.3 / -39.5,False,124,-29.9,0.61
EURUSD,D,D_asia_breakout|ref22-03o0|act03-08|con|b0.5|a10|m1.5|tp2.0|x08,419,-146.39,31.5,0.5,149.29,-66.6 / -50.3 / -31.2,False,124,-28.91,0.58
EURUSD,D,D_asia_breakout|ref22-03o0|act03-08|con|b0.5|a10|m1.5|tp2.0|x10,419,-152.45,30.79,0.52,157.86,-64.5 / -48.8 / -40.9,False,124,-28.41,0.64
EURUSD,D,D_asia_breakout|ref22-03o0|act03-08|con|b0.5|a10|m2.0|tp1.0|x08,419,-104.75,40.1,0.52,106.19,-43.0 / -36.9 / -25.6,False,124,-13.37,0.71
EURUSD,D,D_asia_breakout|ref22-03o0|act03-08|con|b0.5|a10|m2.0|tp1.0|x10,419,-110.12,41.77,0.54,112.81,-41.0 / -39.6 / -30.4,False,124,-18.15,0.68
EURUSD,D,D_asia_breakout|ref22-03o0|act03-08|con|b0.5|a10|m2.0|tp1.5|x08,419,-101.31,37.23,0.55,103.09,-44.2 / -38.6 / -19.8,False,124,-12.35,0.74
EURUSD,D,D_asia_breakout|ref22-03o0|act03-08|con|b0.5|a10|m2.0|tp1.5|x10,419,-109.3,36.99,0.57,113.28,-42.8 / -38.8 / -28.9,False,124,-15.71,0.74
EURUSD,D,D_asia_breakout|ref22-03o0|act03-08|con|b0.5|a10|m2.0|tp2.0|x08,419,-101.73,36.75,0.55,103.38,-42.3 / -41.4 / -19.2,False,124,-11.79,0.76
EURUSD,D,D_asia_breakout|ref22-03o0|act03-08|con|b0.5|a10|m2.0|tp2.0|x10,419,-104.85,35.56,0.59,107.35,-38.6 / -37.9 / -27.9,False,124,-17.04,0.72
EURUSD,D,D_asia_breakout|ref22-03o0|act04-09|con|b0.25|a10|m1.0|tp1.0|x08,504,-302.56,33.33,0.29,303.92,-123.0 / -103.9 / -74.3,False,149,-77.01,0.33
EURUSD,D,D_asia_breakout|ref22-03o0|act04-09|con|b0.25|a10|m1.0|tp1.0|x10,504,-302.17,34.13,0.29,303.53,-122.9 / -103.5 / -74.3,False,149,-78.18,0.33
EURUSD,D,D_asia_breakout|ref22-03o0|act04-09|con|b0.25|a10|m1.0|tp1.5|x08,504,-300.35,26.98,0.34,302.7,-117.9 / -102.4 / -78.7,False,149,-65.3,0.45
EURUSD,D,D_asia_breakout|ref22-03o0|act04-09|con|b0.25|a10|m1.0|tp1.5|x10,504,-303.26,27.18,0.35,305.62,-119.2 / -104.1 / -78.6,False,149,-63.1,0.48
EURUSD,D,D_asia_breakout|ref22-03o0|act04-09|con|b0.25|a10|m1.0|tp2.0|x08,504,-304.61,22.82,0.36,306.41,-116.2 / -113.5 / -73.5,False,149,-71.61,0.43
EURUSD,D,D_asia_breakout|ref22-03o0|act04-09|con|b0.25|a10|m1.0|tp2.0|x10,504,-317.14,22.62,0.36,320.5,-120.9 / -112.3 / -82.6,False,149,-70.59,0.46
EURUSD,D,D_asia_breakout|ref22-03o0|act04-09|con|b0.25|a10|m1.5|tp1.0|x08,504,-156.32,41.67,0.51,159.92,-70.8 / -51.1 / -35.2,False,149,-36.95,0.55
EURUSD,D,D_asia_breakout|ref22-03o0|act04-09|con|b0.25|a10|m1.5|tp1.0|x10,504,-163.63,41.47,0.5,167.43,-70.2 / -56.4 / -37.8,False,149,-36.93,0.58
EURUSD,D,D_asia_breakout|ref22-03o0|act04-09|con|b0.25|a10|m1.5|tp1.5|x08,504,-150.0,35.71,0.55,153.61,-69.2 / -52.6 / -29.4,False,149,-35.1,0.58
EURUSD,D,D_asia_breakout|ref22-03o0|act04-09|con|b0.25|a10|m1.5|tp1.5|x10,504,-158.19,34.72,0.56,163.28,-70.2 / -54.0 / -35.2,False,149,-40.5,0.58
EURUSD,D,D_asia_breakout|ref22-03o0|act04-09|con|b0.25|a10|m1.5|tp2.0|x08,504,-153.91,32.74,0.56,156.61,-78.4 / -56.7 / -20.6,False,149,-34.61,0.6
EURUSD,D,D_asia_breakout|ref22-03o0|act04-09|con|b0.25|a10|m1.5|tp2.0|x10,504,-160.36,31.94,0.57,166.74,-72.7 / -54.5 / -34.9,False,149,-41.63,0.59
EURUSD,D,D_asia_breakout|ref22-03o0|act04-09|con|b0.25|a10|m2.0|tp1.0|x08,504,-102.82,42.06,0.59,107.53,-48.2 / -32.8 / -22.7,False,149,-23.33,0.63
EURUSD,D,D_asia_breakout|ref22-03o0|act04-09|con|b0.25|a10|m2.0|tp1.0|x10,504,-97.98,44.44,0.63,103.06,-42.8 / -33.6 / -22.4,False,149,-31.44,0.58
EURUSD,D,D_asia_breakout|ref22-03o0|act04-09|con|b0.25|a10|m2.0|tp1.5|x08,504,-100.98,38.1,0.62,103.86,-54.9 / -32.7 / -14.7,False,149,-19.3,0.7
EURUSD,D,D_asia_breakout|ref22-03o0|act04-09|con|b0.25|a10|m2.0|tp1.5|x10,504,-98.95,39.29,0.65,103.74,-44.7 / -32.1 / -23.4,False,149,-29.34,0.63
EURUSD,D,D_asia_breakout|ref22-03o0|act04-09|con|b0.25|a10|m2.0|tp2.0|x08,504,-101.67,36.9,0.63,103.69,-52.2 / -35.0 / -15.8,False,149,-19.05,0.71
EURUSD,D,D_asia_breakout|ref22-03o0|act04-09|con|b0.25|a10|m2.0|tp2.0|x10,504,-92.09,38.1,0.68,95.63,-42.0 / -28.4 / -21.4,False,149,-27.1,0.66
EURUSD,D,D_asia_breakout|ref22-03o0|act04-09|con|b0.5|a10|m1.0|tp1.0|x08,468,-326.38,28.42,0.23,325.73,-125.5 / -104.3 / -95.2,False,136,-72.87,0.32
EURUSD,D,D_asia_breakout|ref22-03o0|act04-09|con|b0.5|a10|m1.0|tp1.0|x10,468,-327.22,29.06,0.23,326.57,-125.8 / -105.0 / -95.0,False,136,-70.34,0.34
EURUSD,D,D_asia_breakout|ref22-03o0|act04-09|con|b0.5|a10|m1.0|tp1.5|x08,468,-329.89,22.65,0.27,329.75,-130.3 / -107.9 / -90.3,False,136,-69.78,0.38
EURUSD,D,D_asia_breakout|ref22-03o0|act04-09|con|b0.5|a10|m1.0|tp1.5|x10,468,-327.58,23.5,0.28,327.44,-130.3 / -106.0 / -89.8,False,136,-64.42,0.44
EURUSD,D,D_asia_breakout|ref22-03o0|act04-09|con|b0.5|a10|m1.0|tp2.0|x08,468,-324.77,20.09,0.3,324.66,-125.4 / -111.9 / -86.1,False,136,-70.25,0.4
EURUSD,D,D_asia_breakout|ref22-03o0|act04-09|con|b0.5|a10|m1.0|tp2.0|x10,468,-336.76,19.87,0.29,337.12,-128.3 / -111.0 / -96.1,False,136,-67.55,0.43
EURUSD,D,D_asia_breakout|ref22-03o0|act04-09|con|b0.5|a10|m1.5|tp1.0|x08,468,-166.35,38.89,0.46,171.59,-70.3 / -60.4 / -36.3,False,136,-32.44,0.55
EURUSD,D,D_asia_breakout|ref22-03o0|act04-09|con|b0.5|a10|m1.5|tp1.0|x10,468,-166.0,40.81,0.47,171.58,-68.5 / -60.6 / -37.6,False,136,-35.41,0.56
EURUSD,D,D_asia_breakout|ref22-03o0|act04-09|con|b0.5|a10|m1.5|tp1.5|x08,468,-153.65,34.19,0.52,159.77,-67.6 / -60.1 / -27.2,False,136,-28.07,0.63
EURUSD,D,D_asia_breakout|ref22-03o0|act04-09|con|b0.5|a10|m1.5|tp1.5|x10,468,-162.33,34.83,0.51,169.98,-66.4 / -60.8 / -36.4,False,136,-34.74,0.59
EURUSD,D,D_asia_breakout|ref22-03o0|act04-09|con|b0.5|a10|m1.5|tp2.0|x08,468,-157.06,31.2,0.53,159.43,-68.8 / -61.2 / -28.7,False,136,-27.44,0.64
EURUSD,D,D_asia_breakout|ref22-03o0|act04-09|con|b0.5|a10|m1.5|tp2.0|x10,468,-166.4,32.05,0.52,172.95,-70.8 / -57.9 / -39.4,False,136,-37.96,0.57
EURUSD,D,D_asia_breakout|ref22-03o0|act04-09|con|b0.5|a10|m2.0|tp1.0|x08,468,-106.95,41.45,0.56,112.51,-44.4 / -41.8 / -21.5,False,136,-14.95,0.71
EURUSD,D,D_asia_breakout|ref22-03o0|act04-09|con|b0.5|a10|m2.0|tp1.0|x10,468,-114.67,42.09,0.55,118.61,-42.5 / -43.8 / -29.1,False,136,-22.28,0.64
EURUSD,D,D_asia_breakout|ref22-03o0|act04-09|con|b0.5|a10|m2.0|tp1.5|x08,468,-106.4,37.39,0.59,108.18,-44.9 / -43.9 / -18.8,False,136,-13.25,0.76
EURUSD,D,D_asia_breakout|ref22-03o0|act04-09|con|b0.5|a10|m2.0|tp1.5|x10,468,-114.32,38.03,0.58,118.98,-45.7 / -41.0 / -28.9,False,136,-24.27,0.64
EURUSD,D,D_asia_breakout|ref22-03o0|act04-09|con|b0.5|a10|m2.0|tp2.0|x08,468,-112.4,35.9,0.58,114.04,-44.7 / -48.6 / -20.3,False,136,-8.79,0.84
EURUSD,D,D_asia_breakout|ref22-03o0|act04-09|con|b0.5|a10|m2.0|tp2.0|x10,468,-109.11,36.75,0.6,112.28,-39.8 / -42.4 / -26.5,False,136,-22.19,0.67
EURUSD,D,D_asia_breakout|ref00-04o0|act03-08|con|b0.25|a10|m1.0|tp1.0|x08,538,-207.88,43.49,0.45,210.2,-71.2 / -46.9 / -90.4,False,162,-37.21,0.61
EURUSD,D,D_asia_breakout|ref00-04o0|act03-08|con|b0.25|a10|m1.0|tp1.0|x10,538,-208.38,44.05,0.45,210.7,-72.6 / -48.0 / -88.4,False,162,-38.74,0.61
EURUSD,D,D_asia_breakout|ref00-04o0|act03-08|con|b0.25|a10|m1.0|tp1.5|x08,538,-195.4,35.87,0.54,198.93,-56.8 / -52.2 / -87.5,False,162,-28.91,0.73
EURUSD,D,D_asia_breakout|ref00-04o0|act03-08|con|b0.25|a10|m1.0|tp1.5|x10,538,-195.33,36.43,0.55,199.01,-58.6 / -53.5 / -84.4,False,162,-32.71,0.72
EURUSD,D,D_asia_breakout|ref00-04o0|act03-08|con|b0.25|a10|m1.0|tp2.0|x08,538,-201.89,30.67,0.55,205.63,-62.1 / -51.3 / -90.1,False,162,-26.48,0.77
EURUSD,D,D_asia_breakout|ref00-04o0|act03-08|con|b0.25|a10|m1.0|tp2.0|x10,538,-209.93,30.67,0.55,217.08,-60.9 / -56.0 / -94.6,False,162,-33.33,0.73
EURUSD,D,D_asia_breakout|ref00-04o0|act03-08|con|b0.25|a10|m1.5|tp1.0|x08,538,-108.34,46.84,0.64,110.36,-39.4 / -24.0 / -45.7,False,162,-9.53,0.87
EURUSD,D,D_asia_breakout|ref00-04o0|act03-08|con|b0.25|a10|m1.5|tp1.0|x10,538,-101.09,48.88,0.67,103.13,-40.0 / -25.7 / -36.1,False,162,-17.56,0.79
EURUSD,D,D_asia_breakout|ref00-04o0|act03-08|con|b0.25|a10|m1.5|tp1.5|x08,538,-102.93,40.15,0.68,106.49,-44.9 / -23.9 / -35.5,False,162,-8.9,0.88
EURUSD,D,D_asia_breakout|ref00-04o0|act03-08|con|b0.25|a10|m1.5|tp1.5|x10,538,-106.06,40.89,0.7,114.2,-45.8 / -31.7 / -29.8,False,162,-19.93,0.79
EURUSD,D,D_asia_breakout|ref00-04o0|act03-08|con|b0.25|a10|m1.5|tp2.0|x08,538,-95.62,38.29,0.71,100.16,-38.9 / -21.8 / -36.7,False,162,-5.8,0.93
EURUSD,D,D_asia_breakout|ref00-04o0|act03-08|con|b0.25|a10|m1.5|tp2.0|x10,538,-91.11,38.29,0.75,98.73,-37.7 / -26.6 / -28.6,False,162,-15.47,0.84
EURUSD,D,D_asia_breakout|ref00-04o0|act03-08|con|b0.25|a10|m2.0|tp1.0|x08,538,-68.54,45.54,0.72,71.96,-28.9 / -16.5 / -23.9,False,162,-8.18,0.86
EURUSD,D,D_asia_breakout|ref00-04o0|act03-08|con|b0.25|a10|m2.0|tp1.0|x10,538,-61.18,49.63,0.76,65.87,-27.3 / -16.8 / -17.8,False,162,-14.01,0.81
EURUSD,D,D_asia_breakout|ref00-04o0|act03-08|con|b0.25|a10|m2.0|tp1.5|x08,538,-60.05,42.19,0.76,63.9,-25.2 / -15.1 / -21.1,False,162,-3.79,0.94
EURUSD,D,D_asia_breakout|ref00-04o0|act03-08|con|b0.25|a10|m2.0|tp1.5|x10,538,-47.07,44.98,0.83,56.09,-24.4 / -13.9 / -10.1,False,162,-7.58,0.9
EURUSD,D,D_asia_breakout|ref00-04o0|act03-08|con|b0.25|a10|m2.0|tp2.0|x08,538,-60.71,41.26,0.76,63.95,-22.4 / -16.9 / -22.9,False,162,-1.25,0.98
EURUSD,D,D_asia_breakout|ref00-04o0|act03-08|con|b0.25|a10|m2.0|tp2.0|x10,538,-48.81,43.68,0.83,53.03,-21.1 / -11.5 / -16.1,False,162,-4.28,0.94
EURUSD,D,D_asia_breakout|ref00-04o0|act03-08|con|b0.5|a10|m1.0|tp1.0|x08,527,-196.68,44.02,0.46,199.0,-67.6 / -42.4 / -87.4,False,156,-32.64,0.64
EURUSD,D,D_asia_breakout|ref00-04o0|act03-08|con|b0.5|a10|m1.0|tp1.0|x10,527,-196.5,44.78,0.47,198.83,-68.4 / -41.9 / -86.8,False,156,-34.1,0.64
EURUSD,D,D_asia_breakout|ref00-04o0|act03-08|con|b0.5|a10|m1.0|tp1.5|x08,527,-189.65,35.86,0.54,193.18,-54.6 / -50.1 / -86.1,False,156,-28.52,0.73
EURUSD,D,D_asia_breakout|ref00-04o0|act03-08|con|b0.5|a10|m1.0|tp1.5|x10,527,-189.74,36.62,0.55,193.42,-54.4 / -52.6 / -83.8,False,156,-34.57,0.7
EURUSD,D,D_asia_breakout|ref00-04o0|act03-08|con|b0.5|a10|m1.0|tp2.0|x08,527,-195.49,30.74,0.55,199.25,-64.2 / -44.2 / -88.7,False,156,-25.05,0.77
EURUSD,D,D_asia_breakout|ref00-04o0|act03-08|con|b0.5|a10|m1.0|tp2.0|x10,527,-206.26,30.55,0.55,210.95,-64.2 / -49.7 / -94.0,False,156,-32.92,0.73
EURUSD,D,D_asia_breakout|ref00-04o0|act03-08|con|b0.5|a10|m1.5|tp1.0|x08,527,-104.38,46.49,0.65,107.13,-37.7 / -24.1 / -43.3,False,156,-12.93,0.82
EURUSD,D,D_asia_breakout|ref00-04o0|act03-08|con|b0.5|a10|m1.5|tp1.0|x10,527,-99.21,48.96,0.67,101.89,-38.3 / -26.8 / -34.8,False,156,-18.19,0.78
EURUSD,D,D_asia_breakout|ref00-04o0|act03-08|con|b0.5|a10|m1.5|tp1.5|x08,527,-103.04,39.47,0.68,108.72,-46.5 / -22.3 / -35.4,False,156,-11.77,0.85
EURUSD,D,D_asia_breakout|ref00-04o0|act03-08|con|b0.5|a10|m1.5|tp1.5|x10,527,-107.36,40.23,0.69,116.97,-48.9 / -29.8 / -29.9,False,156,-18.51,0.8
EURUSD,D,D_asia_breakout|ref00-04o0|act03-08|con|b0.5|a10|m1.5|tp2.0|x08,527,-95.49,37.76,0.71,99.86,-37.7 / -22.1 / -37.5,False,156,-8.49,0.89
EURUSD,D,D_asia_breakout|ref00-04o0|act03-08|con|b0.5|a10|m1.5|tp2.0|x10,527,-90.8,37.95,0.74,98.86,-37.1 / -26.5 / -28.9,False,156,-13.15,0.86
EURUSD,D,D_asia_breakout|ref00-04o0|act03-08|con|b0.5|a10|m2.0|tp1.0|x08,527,-77.47,44.21,0.68,80.75,-32.0 / -20.4 / -25.9,False,156,-7.03,0.88
EURUSD,D,D_asia_breakout|ref00-04o0|act03-08|con|b0.5|a10|m2.0|tp1.0|x10,527,-72.8,48.01,0.72,76.75,-31.8 / -21.6 / -20.2,False,156,-11.73,0.83
EURUSD,D,D_asia_breakout|ref00-04o0|act03-08|con|b0.5|a10|m2.0|tp1.5|x08,527,-69.2,41.37,0.73,71.55,-26.9 / -18.5 / -25.1,False,156,-2.75,0.95
EURUSD,D,D_asia_breakout|ref00-04o0|act03-08|con|b0.5|a10|m2.0|tp1.5|x10,527,-57.91,43.64,0.79,63.69,-25.5 / -18.2 / -15.5,False,156,-4.53,0.94
EURUSD,D,D_asia_breakout|ref00-04o0|act03-08|con|b0.5|a10|m2.0|tp2.0|x08,527,-70.24,40.23,0.72,73.29,-25.0 / -20.0 / -26.7,False,156,0.11,1.0
EURUSD,D,D_asia_breakout|ref00-04o0|act03-08|con|b0.5|a10|m2.0|tp2.0|x10,527,-59.64,42.13,0.79,61.76,-22.4 / -14.8 / -22.4,False,156,-1.74,0.98
EURUSD,D,D_asia_breakout|ref00-04o0|act04-09|con|b0.25|a10|m1.0|tp1.0|x08,514,-321.16,32.3,0.27,322.52,-128.6 / -115.0 / -76.2,False,149,-74.84,0.34
EURUSD,D,D_asia_breakout|ref00-04o0|act04-09|con|b0.25|a10|m1.0|tp1.0|x10,514,-323.7,32.49,0.27,325.06,-128.9 / -115.2 / -78.3,False,149,-75.54,0.35
EURUSD,D,D_asia_breakout|ref00-04o0|act04-09|con|b0.25|a10|m1.0|tp1.5|x08,514,-331.71,25.1,0.31,335.65,-123.0 / -123.0 / -84.3,False,149,-59.83,0.49
EURUSD,D,D_asia_breakout|ref00-04o0|act04-09|con|b0.25|a10|m1.0|tp1.5|x10,514,-333.24,25.49,0.32,337.18,-121.6 / -122.7 / -87.6,False,149,-59.81,0.5
EURUSD,D,D_asia_breakout|ref00-04o0|act04-09|con|b0.25|a10|m1.0|tp2.0|x08,514,-321.46,22.37,0.35,326.69,-120.6 / -118.6 / -80.9,False,149,-63.11,0.48
EURUSD,D,D_asia_breakout|ref00-04o0|act04-09|con|b0.25|a10|m1.0|tp2.0|x10,514,-327.96,22.37,0.35,336.09,-120.7 / -117.8 / -88.1,False,149,-69.43,0.46
EURUSD,D,D_asia_breakout|ref00-04o0|act04-09|con|b0.25|a10|m1.5|tp1.0|x08,514,-146.34,42.02,0.53,152.2,-71.9 / -55.4 / -19.8,False,149,-27.72,0.63
EURUSD,D,D_asia_breakout|ref00-04o0|act04-09|con|b0.25|a10|m1.5|tp1.0|x10,514,-154.04,42.8,0.53,159.29,-71.8 / -57.4 / -25.5,False,149,-26.65,0.67
EURUSD,D,D_asia_breakout|ref00-04o0|act04-09|con|b0.25|a10|m1.5|tp1.5|x08,514,-138.18,36.96,0.59,143.76,-66.8 / -53.2 / -19.4,False,149,-27.0,0.66
EURUSD,D,D_asia_breakout|ref00-04o0|act04-09|con|b0.25|a10|m1.5|tp1.5|x10,514,-151.53,36.38,0.57,160.08,-68.3 / -53.6 / -30.9,False,149,-34.06,0.62
EURUSD,D,D_asia_breakout|ref00-04o0|act04-09|con|b0.25|a10|m1.5|tp2.0|x08,514,-138.49,34.24,0.6,141.33,-70.4 / -56.7 / -13.1,False,149,-27.36,0.67
EURUSD,D,D_asia_breakout|ref00-04o0|act04-09|con|b0.25|a10|m1.5|tp2.0|x10,514,-140.05,34.24,0.61,146.68,-65.6 / -47.7 / -28.5,False,149,-30.14,0.68
EURUSD,D,D_asia_breakout|ref00-04o0|act04-09|con|b0.25|a10|m2.0|tp1.0|x08,514,-89.01,43.58,0.64,99.18,-48.0 / -28.4 / -13.4,False,149,-16.93,0.71
EURUSD,D,D_asia_breakout|ref00-04o0|act04-09|con|b0.25|a10|m2.0|tp1.0|x10,514,-83.38,46.5,0.68,94.74,-38.5 / -28.1 / -17.6,False,149,-27.14,0.62
EURUSD,D,D_asia_breakout|ref00-04o0|act04-09|con|b0.25|a10|m2.0|tp1.5|x08,514,-83.14,40.08,0.68,92.02,-46.7 / -29.3 / -8.4,False,149,-16.29,0.73
EURUSD,D,D_asia_breakout|ref00-04o0|act04-09|con|b0.25|a10|m2.0|tp1.5|x10,514,-78.61,41.44,0.71,90.69,-33.1 / -27.4 / -19.4,False,149,-24.91,0.67
EURUSD,D,D_asia_breakout|ref00-04o0|act04-09|con|b0.25|a10|m2.0|tp2.0|x08,514,-85.8,38.52,0.68,90.52,-47.8 / -31.8 / -7.5,False,149,-9.79,0.84
EURUSD,D,D_asia_breakout|ref00-04o0|act04-09|con|b0.25|a10|m2.0|tp2.0|x10,514,-76.67,40.08,0.73,83.7,-37.0 / -23.0 / -16.4,False,149,-21.6,0.71
EURUSD,D,D_asia_breakout|ref00-04o0|act04-09|con|b0.5|a10|m1.0|tp1.0|x08,473,-344.8,26.64,0.21,344.15,-131.5 / -116.6 / -95.2,False,133,-64.26,0.36
EURUSD,D,D_asia_breakout|ref00-04o0|act04-09|con|b0.5|a10|m1.0|tp1.0|x10,473,-344.91,27.27,0.21,344.27,-131.8 / -116.6 / -95.1,False,133,-62.72,0.38
EURUSD,D,D_asia_breakout|ref00-04o0|act04-09|con|b0.5|a10|m1.0|tp1.5|x08,473,-357.03,20.51,0.24,359.66,-129.0 / -131.1 / -95.5,False,133,-69.4,0.37
EURUSD,D,D_asia_breakout|ref00-04o0|act04-09|con|b0.5|a10|m1.0|tp1.5|x10,473,-357.95,20.93,0.24,360.57,-128.6 / -130.2 / -97.8,False,133,-71.41,0.39
EURUSD,D,D_asia_breakout|ref00-04o0|act04-09|con|b0.5|a10|m1.0|tp2.0|x08,473,-336.88,19.45,0.29,339.72,-121.1 / -122.4 / -91.9,False,133,-67.16,0.41
EURUSD,D,D_asia_breakout|ref00-04o0|act04-09|con|b0.5|a10|m1.0|tp2.0|x10,473,-348.41,19.03,0.28,351.49,-123.0 / -121.8 / -102.2,False,133,-70.67,0.41
EURUSD,D,D_asia_breakout|ref00-04o0|act04-09|con|b0.5|a10|m1.5|tp1.0|x08,473,-165.45,39.11,0.46,172.89,-67.5 / -72.7 / -26.0,False,133,-27.4,0.6
EURUSD,D,D_asia_breakout|ref00-04o0|act04-09|con|b0.5|a10|m1.5|tp1.0|x10,473,-162.12,41.23,0.48,168.68,-63.0 / -71.8 / -28.0,False,133,-34.8,0.54
EURUSD,D,D_asia_breakout|ref00-04o0|act04-09|con|b0.5|a10|m1.5|tp1.5|x08,473,-150.35,35.1,0.53,153.94,-59.6 / -70.1 / -21.8,False,133,-21.57,0.7
EURUSD,D,D_asia_breakout|ref00-04o0|act04-09|con|b0.5|a10|m1.5|tp1.5|x10,473,-149.09,36.36,0.54,155.6,-55.3 / -67.1 / -27.9,False,133,-33.5,0.59
EURUSD,D,D_asia_breakout|ref00-04o0|act04-09|con|b0.5|a10|m1.5|tp2.0|x08,473,-158.89,31.5,0.52,161.25,-65.8 / -72.8 / -22.0,False,133,-14.36,0.8
EURUSD,D,D_asia_breakout|ref00-04o0|act04-09|con|b0.5|a10|m1.5|tp2.0|x10,473,-151.75,34.04,0.55,157.96,-62.8 / -64.4 / -26.3,False,133,-29.12,0.64
EURUSD,D,D_asia_breakout|ref00-04o0|act04-09|con|b0.5|a10|m2.0|tp1.0|x08,473,-88.45,43.76,0.62,95.02,-33.7 / -39.2 / -16.4,False,133,-8.71,0.82
EURUSD,D,D_asia_breakout|ref00-04o0|act04-09|con|b0.5|a10|m2.0|tp1.0|x10,473,-92.78,44.4,0.62,100.88,-30.5 / -39.2 / -23.9,False,133,-20.78,0.65
EURUSD,D,D_asia_breakout|ref00-04o0|act04-09|con|b0.5|a10|m2.0|tp1.5|x08,473,-92.04,38.69,0.63,93.81,-34.3 / -42.9 / -16.2,False,133,-2.3,0.95
EURUSD,D,D_asia_breakout|ref00-04o0|act04-09|con|b0.5|a10|m2.0|tp1.5|x10,473,-85.91,41.01,0.66,91.25,-32.0 / -34.4 / -20.8,False,133,-17.25,0.72
EURUSD,D,D_asia_breakout|ref00-04o0|act04-09|con|b0.5|a10|m2.0|tp2.0|x08,473,-92.35,37.63,0.63,93.99,-32.4 / -42.9 / -18.3,False,133,1.81,1.04
EURUSD,D,D_asia_breakout|ref00-04o0|act04-09|con|b0.5|a10|m2.0|tp2.0|x10,473,-75.57,39.96,0.71,79.8,-27.5 / -27.7 / -20.0,False,133,-14.66,0.76
EURUSD,E_pd_extreme,E_pd_extreme_rev|ref00-23o1|act22-09|rev|b0.5|a10|m1.0|tp0.75|x08,339,-14.55,65.19,0.89,28.74,-18.8 / +4.4 / +1.1,False,97,-11.17,0.74
EURUSD,E_pd_extreme,E_pd_extreme_rev|ref00-23o1|act22-09|rev|b0.5|a10|m1.0|tp1.0|x08,339,-9.4,57.52,0.94,31.1,-19.1 / +9.0 / +1.9,False,97,-8.85,0.82
EURUSD,E_pd_extreme,E_pd_extreme_rev|ref00-23o1|act22-09|rev|b0.5|a10|m1.0|tpopp|x08,339,-58.92,38.35,0.75,68.36,-45.3 / +3.0 / -15.4,False,97,-37.78,0.47
EURUSD,E_pd_extreme,E_pd_extreme_rev|ref00-23o1|act22-09|rev|b0.5|a10|m1.5|tp0.75|x08,339,4.31,61.95,1.04,12.87,-5.4 / +7.4 / +3.5,False,97,-3.7,0.9
EURUSD,E_pd_extreme,E_pd_extreme_rev|ref00-23o1|act22-09|rev|b0.5|a10|m1.5|tp1.0|x08,339,4.55,55.46,1.03,20.36,-13.2 / +8.8 / +10.1,False,97,-10.02,0.76
EURUSD,E_pd_extreme,E_pd_extreme_rev|ref00-23o1|act22-09|rev|b0.5|a10|m1.5|tpopp|x08,339,-34.98,44.54,0.8,48.42,-36.0 / +1.5 / +0.6,False,97,-18.68,0.63
EURUSD,E_pd_extreme,E_pd_extreme_rev|ref00-23o1|act22-09|rev|b1.0|a10|m1.0|tp0.75|x08,305,-10.14,66.23,0.92,15.8,-9.9 / +6.2 / -6.9,False,89,-7.82,0.79
EURUSD,E_pd_extreme,E_pd_extreme_rev|ref00-23o1|act22-09|rev|b1.0|a10|m1.0|tp1.0|x08,305,-5.7,58.69,0.96,18.42,-11.9 / +13.4 / -5.9,False,89,-5.84,0.87
EURUSD,E_pd_extreme,E_pd_extreme_rev|ref00-23o1|act22-09|rev|b1.0|a10|m1.0|tpopp|x08,305,-52.07,38.03,0.76,57.2,-48.1 / +9.8 / -12.5,False,89,-25.64,0.59
EURUSD,E_pd_extreme,E_pd_extreme_rev|ref00-23o1|act22-09|rev|b1.0|a10|m1.5|tp0.75|x08,305,5.97,64.26,1.06,9.59,-2.1 / +9.2 / +0.1,False,89,-4.43,0.87
EURUSD,E_pd_extreme,E_pd_extreme_rev|ref00-23o1|act22-09|rev|b1.0|a10|m1.5|tp1.0|x08,305,11.45,58.69,1.09,11.81,-4.2 / +7.8 / +9.0,False,89,-17.48,0.59
EURUSD,E_pd_extreme,E_pd_extreme_rev|ref00-23o1|act22-09|rev|b1.0|a10|m1.5|tpopp|x08,305,-31.68,45.57,0.8,40.67,-32.8 / +1.8 / +0.6,False,89,-7.86,0.83
EURUSD,E_pd_extreme,E_pd_extreme_rev|ref00-23o1|act22-09|rev|b1.5|a10|m1.0|tp0.75|x08,287,1.06,68.29,1.01,13.27,-8.6 / +7.9 / +3.2,False,81,1.29,1.05
EURUSD,E_pd_extreme,E_pd_extreme_rev|ref00-23o1|act22-09|rev|b1.5|a10|m1.0|tp1.0|x08,287,11.83,61.32,1.09,13.27,-6.7 / +17.0 / +2.9,False,81,0.31,1.01
EURUSD,E_pd_extreme,E_pd_extreme_rev|ref00-23o1|act22-09|rev|b1.5|a10|m1.0|tpopp|x08,287,-25.14,38.33,0.87,39.69,-30.3 / +6.7 / -0.2,False,81,-8.79,0.85
EURUSD,E_pd_extreme,E_pd_extreme_rev|ref00-23o1|act22-09|rev|b1.5|a10|m1.5|tp0.75|x08,287,10.34,64.81,1.1,10.54,-1.2 / +10.9 / +1.8,False,81,4.3,1.16
EURUSD,E_pd_extreme,E_pd_extreme_rev|ref00-23o1|act22-09|rev|b1.5|a10|m1.5|tp1.0|x08,287,15.12,58.54,1.13,13.87,-2.4 / +9.9 / +8.8,False,81,-8.92,0.76
EURUSD,E_pd_extreme,E_pd_extreme_rev|ref00-23o1|act22-09|rev|b1.5|a10|m1.5|tpopp|x08,287,-12.95,46.34,0.91,24.52,-17.3 / +2.6 / +3.0,False,81,-13.62,0.71
EURUSD,E_pd_extreme,E_pd_extreme_rev|ref00-23o1|act22-09|rev_cf|b0.5|a10|m1.0|tp0.75|x08,106,-29.92,54.72,0.49,33.2,-10.8 / -12.2 / -7.4,False,30,-6.29,0.59
EURUSD,E_pd_extreme,E_pd_extreme_rev|ref00-23o1|act22-09|rev_cf|b0.5|a10|m1.0|tp1.0|x08,106,-29.8,48.11,0.56,34.82,-11.8 / -10.0 / -8.8,False,30,-4.07,0.76
EURUSD,E_pd_extreme,E_pd_extreme_rev|ref00-23o1|act22-09|rev_cf|b0.5|a10|m1.0|tpopp|x08,106,2.73,33.02,1.03,20.15,-5.5 / +9.0 / -2.2,False,30,1.92,1.08
EURUSD,E_pd_extreme,E_pd_extreme_rev|ref00-23o1|act22-09|rev_cf|b0.5|a10|m1.5|tp0.75|x08,106,-31.35,48.11,0.49,35.28,-11.6 / -10.8 / -9.5,False,30,-7.31,0.55
EURUSD,E_pd_extreme,E_pd_extreme_rev|ref00-23o1|act22-09|rev_cf|b0.5|a10|m1.5|tp1.0|x08,106,-26.63,44.34,0.59,31.53,-12.0 / -6.8 / -8.6,False,30,-5.56,0.68
EURUSD,E_pd_extreme,E_pd_extreme_rev|ref00-23o1|act22-09|rev_cf|b0.5|a10|m1.5|tpopp|x08,106,-10.36,35.85,0.86,18.0,-8.6 / +1.6 / -4.3,False,30,-0.69,0.97
EURUSD,E_pd_extreme,E_pd_extreme_rev|ref00-23o1|act06-10|rev|b0.5|a10|m1.0|tp0.75|x11,245,-7.45,69.39,0.92,26.7,-17.9 / +6.9 / +4.9,False,75,0.31,1.01
EURUSD,E_pd_extreme,E_pd_extreme_rev|ref00-23o1|act06-10|rev|b0.5|a10|m1.0|tp1.0|x11,245,13.89,64.9,1.13,21.09,-7.1 / +12.4 / +10.0,False,75,5.21,1.17
EURUSD,E_pd_extreme,E_pd_extreme_rev|ref00-23o1|act06-10|rev|b0.5|a10|m1.0|tpopp|x11,245,-20.88,34.29,0.89,34.99,+1.1 / -3.7 / -16.8,False,75,-7.72,0.85
EURUSD,E_pd_extreme,E_pd_extreme_rev|ref00-23o1|act06-10|rev|b0.5|a10|m1.5|tp0.75|x11,245,10.93,68.16,1.13,19.54,-1.2 / +2.6 / +10.8,False,75,1.3,1.05
EURUSD,E_pd_extreme,E_pd_extreme_rev|ref00-23o1|act06-10|rev|b0.5|a10|m1.5|tp1.0|x11,245,-1.36,56.33,0.99,21.45,-1.8 / -2.8 / +4.6,False,75,-2.63,0.92
EURUSD,E_pd_extreme,E_pd_extreme_rev|ref00-23o1|act06-10|rev|b0.5|a10|m1.5|tpopp|x11,245,-19.62,40.82,0.86,34.62,+7.4 / -14.3 / -11.4,False,75,-5.86,0.86
EURUSD,E_pd_extreme,E_pd_extreme_rev|ref00-23o1|act06-10|rev|b1.0|a10|m1.0|tp0.75|x11,181,2.73,71.82,1.04,13.09,+0.5 / -0.4 / +4.1,False,59,-0.13,0.99
EURUSD,E_pd_extreme,E_pd_extreme_rev|ref00-23o1|act06-10|rev|b1.0|a10|m1.0|tp1.0|x11,181,22.98,68.51,1.33,9.18,+7.7 / +7.8 / +8.9,True,59,-3.23,0.89
EURUSD,E_pd_extreme,E_pd_extreme_rev|ref00-23o1|act06-10|rev|b1.0|a10|m1.0|tpopp|x11,181,-33.46,33.15,0.76,55.4,+18.1 / -36.1 / -14.0,False,59,1.51,1.04
EURUSD,E_pd_extreme,E_pd_extreme_rev|ref00-23o1|act06-10|rev|b1.0|a10|m1.5|tp0.75|x11,181,21.07,71.82,1.39,7.54,+17.1 / -0.1 / +5.4,False,59,1.94,1.09
EURUSD,E_pd_extreme,E_pd_extreme_rev|ref00-23o1|act06-10|rev|b1.0|a10|m1.5|tp1.0|x11,181,13.93,59.67,1.19,14.39,+22.9 / -6.9 / -0.8,False,59,2.54,1.11
EURUSD,E_pd_extreme,E_pd_extreme_rev|ref00-23o1|act06-10|rev|b1.0|a10|m1.5|tpopp|x11,181,-31.47,36.46,0.72,51.7,+17.2 / -34.2 / -13.2,False,59,5.4,1.18
EURUSD,E_pd_extreme,E_pd_extreme_rev|ref00-23o1|act06-10|rev|b1.5|a10|m1.0|tp0.75|x11,137,-0.03,70.8,1.0,9.53,+8.2 / -3.6 / -3.3,False,39,3.31,1.27
EURUSD,E_pd_extreme,E_pd_extreme_rev|ref00-23o1|act06-10|rev|b1.5|a10|m1.0|tp1.0|x11,137,12.33,66.42,1.22,7.78,+18.0 / +0.0 / -4.3,False,39,2.56,1.15
EURUSD,E_pd_extreme,E_pd_extreme_rev|ref00-23o1|act06-10|rev|b1.5|a10|m1.0|tpopp|x11,137,-43.44,29.2,0.61,66.48,+19.9 / -40.9 / -21.1,False,39,2.89,1.1
EURUSD,E_pd_extreme,E_pd_extreme_rev|ref00-23o1|act06-10|rev|b1.5|a10|m1.5|tp0.75|x11,137,10.56,70.07,1.24,6.02,+14.5 / +0.2 / -2.9,False,39,4.53,1.4
EURUSD,E_pd_extreme,E_pd_extreme_rev|ref00-23o1|act06-10|rev|b1.5|a10|m1.5|tp1.0|x11,137,12.23,60.58,1.22,5.65,+17.4 / -1.6 / -2.3,False,39,1.96,1.12
EURUSD,E_pd_extreme,E_pd_extreme_rev|ref00-23o1|act06-10|rev|b1.5|a10|m1.5|tpopp|x11,137,-40.32,32.85,0.55,50.58,+7.5 / -30.0 / -16.5,False,39,-1.98,0.92
EURUSD,E_pd_extreme,E_pd_extreme_rev|ref00-23o1|act06-10|rev_cf|b0.5|a10|m1.0|tp0.75|x11,104,-22.18,57.69,0.57,25.89,-4.4 / -13.0 / -5.3,False,23,-3.31,0.69
EURUSD,E_pd_extreme,E_pd_extreme_rev|ref00-23o1|act06-10|rev_cf|b0.5|a10|m1.0|tp1.0|x11,104,-18.17,51.92,0.68,24.34,-1.1 / -14.5 / -3.4,False,23,-2.09,0.81
EURUSD,E_pd_extreme,E_pd_extreme_rev|ref00-23o1|act06-10|rev_cf|b0.5|a10|m1.0|tpopp|x11,104,-0.23,38.46,1.0,15.26,+7.0 / +5.1 / -11.0,False,23,2.16,1.19
EURUSD,E_pd_extreme,E_pd_extreme_rev|ref00-23o1|act06-10|rev_cf|b0.5|a10|m1.5|tp0.75|x11,104,-12.95,52.88,0.71,15.67,-2.2 / -8.0 / -3.3,False,23,0.49,1.07
EURUSD,E_pd_extreme,E_pd_extreme_rev|ref00-23o1|act06-10|rev_cf|b0.5|a10|m1.5|tp1.0|x11,104,-9.75,48.08,0.79,12.59,-0.4 / -5.1 / -5.1,False,23,0.82,1.12
EURUSD,E_pd_extreme,E_pd_extreme_rev|ref00-23o1|act06-10|rev_cf|b0.5|a10|m1.5|tpopp|x11,104,-1.63,42.31,0.97,8.97,+2.0 / +3.1 / -6.1,False,23,1.52,1.21
EURUSD,E_pd_extreme,E_pd_extreme_rev|ref00-23o1|act13-16|rev|b0.5|a10|m1.0|tp0.75|x17,315,-13.7,63.17,0.9,19.72,-8.2 / +3.0 / -7.4,False,90,-6.16,0.84
EURUSD,E_pd_extreme,E_pd_extreme_rev|ref00-23o1|act13-16|rev|b0.5|a10|m1.0|tp1.0|x17,315,-18.27,54.92,0.89,22.7,-6.9 / +4.7 / -14.9,False,90,-2.04,0.95
EURUSD,E_pd_extreme,E_pd_extreme_rev|ref00-23o1|act13-16|rev|b0.5|a10|m1.0|tpopp|x17,315,-59.74,36.19,0.72,73.45,-5.9 / -27.1 / -25.5,False,90,-15.28,0.73
EURUSD,E_pd_extreme,E_pd_extreme_rev|ref00-23o1|act13-16|rev|b0.5|a10|m1.5|tp0.75|x17,315,1.11,60.95,1.01,13.04,+4.2 / +4.2 / -7.1,False,90,2.45,1.08
EURUSD,E_pd_extreme,E_pd_extreme_rev|ref00-23o1|act13-16|rev|b0.5|a10|m1.5|tp1.0|x17,315,-9.16,53.33,0.93,16.78,+4.1 / -6.3 / -6.8,False,90,0.34,1.01
EURUSD,E_pd_extreme,E_pd_extreme_rev|ref00-23o1|act13-16|rev|b0.5|a10|m1.5|tpopp|x17,315,-32.89,44.44,0.78,40.43,+3.0 / -17.9 / -17.7,False,90,-4.35,0.89
EURUSD,E_pd_extreme,E_pd_extreme_rev|ref00-23o1|act13-16|rev|b1.0|a10|m1.0|tp0.75|x17,260,-3.32,65.0,0.97,13.27,-10.2 / +7.4 / -1.1,False,68,4.24,1.18
EURUSD,E_pd_extreme,E_pd_extreme_rev|ref00-23o1|act13-16|rev|b1.0|a10|m1.0|tp1.0|x17,260,-7.3,55.77,0.94,10.64,-6.8 / +4.6 / -6.0,False,68,3.09,1.1
EURUSD,E_pd_extreme,E_pd_extreme_rev|ref00-23o1|act13-16|rev|b1.0|a10|m1.0|tpopp|x17,260,-47.43,36.92,0.72,51.17,-12.1 / -18.2 / -17.3,False,68,-11.53,0.74
EURUSD,E_pd_extreme,E_pd_extreme_rev|ref00-23o1|act13-16|rev|b1.0|a10|m1.5|tp0.75|x17,260,8.89,61.92,1.1,9.55,+5.5 / +7.7 / -5.0,False,68,-1.17,0.96
EURUSD,E_pd_extreme,E_pd_extreme_rev|ref00-23o1|act13-16|rev|b1.0|a10|m1.5|tp1.0|x17,260,20.12,58.46,1.21,8.26,+12.8 / +9.1 / -1.9,False,68,-1.9,0.93
EURUSD,E_pd_extreme,E_pd_extreme_rev|ref00-23o1|act13-16|rev|b1.0|a10|m1.5|tpopp|x17,260,-3.54,47.69,0.97,14.66,+4.3 / -5.0 / -2.9,False,68,-4.43,0.87
EURUSD,E_pd_extreme,E_pd_extreme_rev|ref00-23o1|act13-16|rev|b1.5|a10|m1.0|tp0.75|x17,205,5.35,66.83,1.07,8.05,-7.3 / +12.8 / -0.7,False,55,0.15,1.01
EURUSD,E_pd_extreme,E_pd_extreme_rev|ref00-23o1|act13-16|rev|b1.5|a10|m1.0|tp1.0|x17,205,2.93,57.56,1.03,8.79,-9.3 / +11.4 / -0.0,False,55,2.0,1.08
EURUSD,E_pd_extreme,E_pd_extreme_rev|ref00-23o1|act13-16|rev|b1.5|a10|m1.0|tpopp|x17,205,-10.11,40.49,0.92,14.91,-4.8 / +2.4 / -8.5,False,55,-13.38,0.63
EURUSD,E_pd_extreme,E_pd_extreme_rev|ref00-23o1|act13-16|rev|b1.5|a10|m1.5|tp0.75|x17,205,7.36,61.46,1.11,8.82,-3.4 / +7.7 / +2.4,False,55,5.55,1.33
EURUSD,E_pd_extreme,E_pd_extreme_rev|ref00-23o1|act13-16|rev|b1.5|a10|m1.5|tp1.0|x17,205,17.36,57.07,1.23,7.37,+1.6 / +11.8 / +3.1,True,55,1.76,1.08
EURUSD,E_pd_extreme,E_pd_extreme_rev|ref00-23o1|act13-16|rev|b1.5|a10|m1.5|tpopp|x17,205,-1.19,47.32,0.99,9.66,-0.4 / +3.6 / -5.0,False,55,-4.48,0.82
EURUSD,E_pd_extreme,E_pd_extreme_rev|ref00-23o1|act13-16|rev_cf|b0.5|a10|m1.0|tp0.75|x17,74,-4.24,58.11,0.85,8.23,-5.3 / +5.1 / -3.4,False,23,-5.08,0.56
EURUSD,E_pd_extreme,E_pd_extreme_rev|ref00-23o1|act13-16|rev_cf|b0.5|a10|m1.0|tp1.0|x17,74,-2.47,52.7,0.92,8.59,-4.7 / +4.9 / -2.0,False,23,-3.96,0.66
EURUSD,E_pd_extreme,E_pd_extreme_rev|ref00-23o1|act13-16|rev_cf|b0.5|a10|m1.0|tpopp|x17,74,10.7,51.35,1.35,4.55,+3.0 / +7.8 / +0.6,True,23,-6.56,0.49
EURUSD,E_pd_extreme,E_pd_extreme_rev|ref00-23o1|act13-16|rev_cf|b0.5|a10|m1.5|tp0.75|x17,74,2.54,56.76,1.14,4.37,-0.1 / +4.8 / -1.7,False,23,-2.85,0.66
EURUSD,E_pd_extreme,E_pd_extreme_rev|ref00-23o1|act13-16|rev_cf|b0.5|a10|m1.5|tp1.0|x17,74,6.32,56.76,1.35,3.85,+2.0 / +5.7 / -0.9,False,23,-1.08,0.87
EURUSD,E_pd_extreme,E_pd_extreme_rev|ref00-23o1|act13-16|rev_cf|b0.5|a10|m1.5|tpopp|x17,74,11.14,56.76,1.61,3.85,+5.0 / +6.1 / +0.5,True,23,-4.16,0.54
EURUSD,F_ny_trend_cont,F_ny_trend_cont|ref07-13o0|act14-17|con_cb|b0.0|a10|m1.5|tp1.0|x20,347,38.44,57.35,1.37,5.98,+6.6 / +11.9 / +19.1,True,101,25.83,2.11
EURUSD,F_ny_trend_cont,F_ny_trend_cont|ref07-13o0|act14-17|con_cb|b0.0|a10|m1.5|tp1.0|x21,347,37.44,54.76,1.36,6.23,+6.7 / +11.5 / +18.4,True,101,25.1,2.07
EURUSD,F_ny_trend_cont,F_ny_trend_cont|ref07-13o0|act14-17|con_cb|b0.0|a10|m1.5|tp1.5|x20,347,45.96,53.31,1.42,8.48,+9.8 / +17.5 / +17.6,True,101,23.55,1.91
EURUSD,F_ny_trend_cont,F_ny_trend_cont|ref07-13o0|act14-17|con_cb|b0.0|a10|m1.5|tp1.5|x21,347,44.85,50.43,1.4,8.75,+9.2 / +18.3 / +16.6,True,101,23.58,1.91
EURUSD,F_ny_trend_cont,F_ny_trend_cont|ref07-13o0|act14-17|con_cb|b0.0|a10|m1.5|tp2.0|x20,347,56.36,52.74,1.51,7.92,+11.8 / +24.0 / +19.5,True,101,18.8,1.7
EURUSD,F_ny_trend_cont,F_ny_trend_cont|ref07-13o0|act14-17|con_cb|b0.0|a10|m1.5|tp2.0|x21,347,56.71,49.28,1.5,8.41,+10.7 / +26.6 / +18.7,True,101,17.04,1.63
EURUSD,F_ny_trend_cont,F_ny_trend_cont|ref07-13o0|act14-17|con_cb|b0.0|a10|m2.0|tp1.0|x20,347,42.44,57.06,1.56,4.98,+9.7 / +18.1 / +13.8,True,101,23.16,2.47
EURUSD,F_ny_trend_cont,F_ny_trend_cont|ref07-13o0|act14-17|con_cb|b0.0|a10|m2.0|tp1.0|x21,347,41.64,54.18,1.54,4.49,+9.5 / +18.1 / +13.4,True,101,22.61,2.38
EURUSD,F_ny_trend_cont,F_ny_trend_cont|ref07-13o0|act14-17|con_cb|b0.0|a10|m2.0|tp1.5|x20,347,53.38,55.91,1.68,7.01,+12.3 / +24.6 / +15.7,True,101,21.07,2.27
EURUSD,F_ny_trend_cont,F_ny_trend_cont|ref07-13o0|act14-17|con_cb|b0.0|a10|m2.0|tp1.5|x21,347,53.53,52.16,1.67,6.35,+11.5 / +25.9 / +15.6,True,101,19.48,2.14
EURUSD,F_ny_trend_cont,F_ny_trend_cont|ref07-13o0|act14-17|con_cb|b0.0|a10|m2.0|tp2.0|x20,347,55.85,55.91,1.71,7.02,+11.0 / +28.6 / +15.5,True,101,21.8,2.31
EURUSD,F_ny_trend_cont,F_ny_trend_cont|ref07-13o0|act14-17|con_cb|b0.0|a10|m2.0|tp2.0|x21,347,55.09,52.16,1.69,6.8,+9.8 / +29.8 / +14.8,True,101,21.12,2.23
EURUSD,F_ny_trend_cont,F_ny_trend_cont|ref07-13o0|act14-17|con_cb|b0.0|a10|m2.5|tp1.0|x20,347,40.09,56.77,1.64,4.95,+11.1 / +16.5 / +11.8,True,101,17.69,2.36
EURUSD,F_ny_trend_cont,F_ny_trend_cont|ref07-13o0|act14-17|con_cb|b0.0|a10|m2.5|tp1.0|x21,347,39.82,53.31,1.63,4.49,+10.6 / +17.1 / +11.6,True,101,16.34,2.21
EURUSD,F_ny_trend_cont,F_ny_trend_cont|ref07-13o0|act14-17|con_cb|b0.0|a10|m2.5|tp1.5|x20,347,46.06,56.48,1.74,5.87,+11.2 / +21.8 / +12.5,True,101,17.29,2.33
EURUSD,F_ny_trend_cont,F_ny_trend_cont|ref07-13o0|act14-17|con_cb|b0.0|a10|m2.5|tp1.5|x21,347,45.41,52.74,1.71,5.76,+10.3 / +23.0 / +11.6,True,101,16.44,2.22
EURUSD,F_ny_trend_cont,F_ny_trend_cont|ref07-13o0|act14-17|con_cb|b0.0|a10|m2.5|tp2.0|x20,347,44.94,56.48,1.72,5.87,+11.4 / +21.2 / +11.7,True,101,17.91,2.38
EURUSD,F_ny_trend_cont,F_ny_trend_cont|ref07-13o0|act14-17|con_cb|b0.0|a10|m2.5|tp2.0|x21,347,44.34,52.74,1.69,5.76,+10.2 / +22.5 / +11.2,True,101,16.99,2.26
EURUSD,F_ny_trend_cont,F_ny_trend_cont|ref07-13o0|act15-18|con_cb|b0.0|a10|m1.5|tp1.0|x20,337,25.34,55.79,1.28,8.95,+5.2 / +12.5 / +6.8,True,105,11.06,1.42
EURUSD,F_ny_trend_cont,F_ny_trend_cont|ref07-13o0|act15-18|con_cb|b0.0|a10|m1.5|tp1.0|x21,337,23.33,53.12,1.25,9.3,+3.5 / +11.3 / +7.6,True,105,8.46,1.31
EURUSD,F_ny_trend_cont,F_ny_trend_cont|ref07-13o0|act15-18|con_cb|b0.0|a10|m1.5|tp1.5|x20,337,33.71,54.01,1.37,8.93,+10.1 / +15.1 / +7.4,True,105,14.1,1.52
EURUSD,F_ny_trend_cont,F_ny_trend_cont|ref07-13o0|act15-18|con_cb|b0.0|a10|m1.5|tp1.5|x21,337,30.86,50.45,1.33,9.48,+8.1 / +15.7 / +6.3,True,105,13.99,1.51
EURUSD,F_ny_trend_cont,F_ny_trend_cont|ref07-13o0|act15-18|con_cb|b0.0|a10|m1.5|tp2.0|x20,337,36.95,54.01,1.4,8.95,+9.5 / +17.2 / +9.3,True,105,11.46,1.42
EURUSD,F_ny_trend_cont,F_ny_trend_cont|ref07-13o0|act15-18|con_cb|b0.0|a10|m1.5|tp2.0|x21,337,35.02,50.45,1.37,9.83,+7.2 / +20.0 / +7.0,True,105,10.86,1.39
EURUSD,F_ny_trend_cont,F_ny_trend_cont|ref07-13o0|act15-18|con_cb|b0.0|a10|m2.0|tp1.0|x20,337,25.01,55.19,1.37,6.47,+7.2 / +12.8 / +4.2,True,105,11.66,1.61
EURUSD,F_ny_trend_cont,F_ny_trend_cont|ref07-13o0|act15-18|con_cb|b0.0|a10|m2.0|tp1.0|x21,337,22.55,51.93,1.32,5.5,+5.7 / +12.9 / +3.3,True,105,10.4,1.52
EURUSD,F_ny_trend_cont,F_ny_trend_cont|ref07-13o0|act15-18|con_cb|b0.0|a10|m2.0|tp1.5|x20,337,31.19,55.19,1.46,5.92,+7.3 / +15.9 / +7.2,True,105,10.21,1.54
EURUSD,F_ny_trend_cont,F_ny_trend_cont|ref07-13o0|act15-18|con_cb|b0.0|a10|m2.0|tp1.5|x21,337,29.64,51.63,1.42,6.32,+5.5 / +18.0 / +5.5,True,105,9.11,1.45
EURUSD,F_ny_trend_cont,F_ny_trend_cont|ref07-13o0|act15-18|con_cb|b0.0|a10|m2.0|tp2.0|x20,337,32.03,55.19,1.47,5.89,+8.9 / +14.6 / +7.8,True,105,11.92,1.63
EURUSD,F_ny_trend_cont,F_ny_trend_cont|ref07-13o0|act15-18|con_cb|b0.0|a10|m2.0|tp2.0|x21,337,30.42,51.63,1.44,5.82,+7.1 / +17.1 / +5.7,True,105,10.84,1.54
EURUSD,F_ny_trend_cont,F_ny_trend_cont|ref07-13o0|act15-18|con_cb|b0.0|a10|m2.5|tp1.0|x20,337,23.83,55.19,1.44,4.97,+5.4 / +12.5 / +5.4,True,105,9.48,1.6
EURUSD,F_ny_trend_cont,F_ny_trend_cont|ref07-13o0|act15-18|con_cb|b0.0|a10|m2.5|tp1.0|x21,337,23.07,51.93,1.41,5.15,+4.5 / +13.1 / +5.0,True,105,8.64,1.53
EURUSD,F_ny_trend_cont,F_ny_trend_cont|ref07-13o0|act15-18|con_cb|b0.0|a10|m2.5|tp1.5|x20,337,26.26,55.19,1.48,4.88,+6.0 / +13.4 / +6.3,True,105,9.16,1.58
EURUSD,F_ny_trend_cont,F_ny_trend_cont|ref07-13o0|act15-18|con_cb|b0.0|a10|m2.5|tp1.5|x21,337,25.12,51.93,1.45,5.26,+4.8 / +15.1 / +4.7,True,105,8.48,1.52
EURUSD,F_ny_trend_cont,F_ny_trend_cont|ref07-13o0|act15-18|con_cb|b0.0|a10|m2.5|tp2.0|x20,337,26.78,55.19,1.49,4.87,+6.3 / +13.1 / +6.8,True,105,9.24,1.59
EURUSD,F_ny_trend_cont,F_ny_trend_cont|ref07-13o0|act15-18|con_cb|b0.0|a10|m2.5|tp2.0|x21,337,25.75,51.93,1.46,5.21,+5.2 / +14.9 / +5.2,True,105,8.48,1.52
EURUSD,F_ny_trend_cont,F_ny_trend_cont|ref06-12o0|act14-17|con_cb|b0.0|a10|m1.5|tp1.0|x20,383,21.45,54.31,1.17,18.43,-2.6 / +3.0 / +20.2,False,111,22.38,1.79
EURUSD,F_ny_trend_cont,F_ny_trend_cont|ref06-12o0|act14-17|con_cb|b0.0|a10|m1.5|tp1.0|x21,383,20.63,52.48,1.16,19.1,-2.8 / +2.4 / +20.2,False,111,22.31,1.78
EURUSD,F_ny_trend_cont,F_ny_trend_cont|ref06-12o0|act14-17|con_cb|b0.0|a10|m1.5|tp1.5|x20,383,29.62,50.13,1.22,16.53,+0.4 / +9.5 / +18.5,True,111,21.36,1.7
EURUSD,F_ny_trend_cont,F_ny_trend_cont|ref06-12o0|act14-17|con_cb|b0.0|a10|m1.5|tp1.5|x21,383,27.48,48.83,1.2,17.96,-0.3 / +9.2 / +17.6,False,111,21.69,1.7
EURUSD,F_ny_trend_cont,F_ny_trend_cont|ref06-12o0|act14-17|con_cb|b0.0|a10|m1.5|tp2.0|x20,383,40.16,49.61,1.3,13.09,+1.9 / +17.2 / +19.9,True,111,16.24,1.51
EURUSD,F_ny_trend_cont,F_ny_trend_cont|ref06-12o0|act14-17|con_cb|b0.0|a10|m1.5|tp2.0|x21,383,40.08,47.78,1.29,14.86,+0.6 / +19.7 / +18.8,True,111,14.77,1.46
EURUSD,F_ny_trend_cont,F_ny_trend_cont|ref06-12o0|act14-17|con_cb|b0.0|a10|m2.0|tp1.0|x20,383,32.3,54.31,1.34,10.65,+0.8 / +12.8 / +17.8,True,111,19.06,1.9
EURUSD,F_ny_trend_cont,F_ny_trend_cont|ref06-12o0|act14-17|con_cb|b0.0|a10|m2.0|tp1.0|x21,383,32.02,53.0,1.34,11.49,+0.9 / +12.3 / +17.9,True,111,18.82,1.86
EURUSD,F_ny_trend_cont,F_ny_trend_cont|ref06-12o0|act14-17|con_cb|b0.0|a10|m2.0|tp1.5|x20,383,39.66,52.74,1.4,8.17,+3.6 / +18.3 / +16.9,True,111,17.14,1.78
EURUSD,F_ny_trend_cont,F_ny_trend_cont|ref06-12o0|act14-17|con_cb|b0.0|a10|m2.0|tp1.5|x21,383,39.84,50.65,1.4,9.19,+2.8 / +19.8 / +16.5,True,111,15.71,1.69
EURUSD,F_ny_trend_cont,F_ny_trend_cont|ref06-12o0|act14-17|con_cb|b0.0|a10|m2.0|tp2.0|x20,383,42.72,52.74,1.44,8.25,+3.1 / +22.4 / +16.3,True,111,17.62,1.8
EURUSD,F_ny_trend_cont,F_ny_trend_cont|ref06-12o0|act14-17|con_cb|b0.0|a10|m2.0|tp2.0|x21,383,42.85,50.65,1.43,9.82,+2.2 / +24.3 / +15.6,True,111,16.64,1.73
EURUSD,F_ny_trend_cont,F_ny_trend_cont|ref06-12o0|act14-17|con_cb|b0.0|a10|m2.5|tp1.0|x20,383,28.76,53.52,1.37,6.87,+4.1 / +11.2 / +12.8,True,111,15.48,1.94
EURUSD,F_ny_trend_cont,F_ny_trend_cont|ref06-12o0|act14-17|con_cb|b0.0|a10|m2.5|tp1.0|x21,383,27.64,51.7,1.35,7.49,+3.6 / +11.2 / +12.3,True,111,14.48,1.86
EURUSD,F_ny_trend_cont,F_ny_trend_cont|ref06-12o0|act14-17|con_cb|b0.0|a10|m2.5|tp1.5|x20,383,34.89,53.26,1.44,5.87,+4.8 / +16.2 / +13.2,True,111,14.96,1.91
EURUSD,F_ny_trend_cont,F_ny_trend_cont|ref06-12o0|act14-17|con_cb|b0.0|a10|m2.5|tp1.5|x21,383,35.02,51.17,1.44,6.32,+4.1 / +18.2 / +12.2,True,111,14.11,1.84
EURUSD,F_ny_trend_cont,F_ny_trend_cont|ref06-12o0|act14-17|con_cb|b0.0|a10|m2.5|tp2.0|x20,383,34.86,53.26,1.44,5.87,+5.6 / +16.1 / +12.5,True,111,15.92,1.97
EURUSD,F_ny_trend_cont,F_ny_trend_cont|ref06-12o0|act14-17|con_cb|b0.0|a10|m2.5|tp2.0|x21,383,34.88,51.17,1.44,6.48,+4.5 / +18.1 / +11.8,True,111,14.94,1.89
EURUSD,F_ny_trend_cont,F_ny_trend_cont|ref06-12o0|act15-18|con_cb|b0.0|a10|m1.5|tp1.0|x20,361,20.57,54.29,1.21,10.14,-1.9 / +11.4 / +10.1,False,115,10.23,1.36
EURUSD,F_ny_trend_cont,F_ny_trend_cont|ref06-12o0|act15-18|con_cb|b0.0|a10|m1.5|tp1.0|x21,361,20.72,53.19,1.21,11.92,-3.2 / +11.1 / +11.9,False,115,8.17,1.27
EURUSD,F_ny_trend_cont,F_ny_trend_cont|ref06-12o0|act15-18|con_cb|b0.0|a10|m1.5|tp1.5|x20,361,28.65,52.63,1.28,8.23,+1.9 / +14.4 / +11.1,True,115,14.22,1.48
EURUSD,F_ny_trend_cont,F_ny_trend_cont|ref06-12o0|act15-18|con_cb|b0.0|a10|m1.5|tp1.5|x21,361,26.22,50.97,1.26,10.24,+0.1 / +14.6 / +10.6,True,115,14.45,1.48
EURUSD,F_ny_trend_cont,F_ny_trend_cont|ref06-12o0|act15-18|con_cb|b0.0|a10|m1.5|tp2.0|x20,361,32.88,52.63,1.33,9.08,+0.4 / +18.6 / +12.7,True,115,11.12,1.38
EURUSD,F_ny_trend_cont,F_ny_trend_cont|ref06-12o0|act15-18|con_cb|b0.0|a10|m1.5|tp2.0|x21,361,32.42,50.97,1.32,11.74,-1.6 / +21.6 / +11.5,False,115,10.94,1.36
EURUSD,F_ny_trend_cont,F_ny_trend_cont|ref06-12o0|act15-18|con_cb|b0.0|a10|m2.0|tp1.0|x20,361,24.59,54.29,1.33,6.81,+3.3 / +12.9 / +7.6,True,115,9.04,1.4
EURUSD,F_ny_trend_cont,F_ny_trend_cont|ref06-12o0|act15-18|con_cb|b0.0|a10|m2.0|tp1.0|x21,361,23.22,52.91,1.31,5.63,+2.2 / +12.9 / +7.1,True,115,8.19,1.35
EURUSD,F_ny_trend_cont,F_ny_trend_cont|ref06-12o0|act15-18|con_cb|b0.0|a10|m2.0|tp1.5|x20,361,30.91,54.29,1.42,6.25,+2.8 / +17.4 / +9.8,True,115,8.0,1.36
EURUSD,F_ny_trend_cont,F_ny_trend_cont|ref06-12o0|act15-18|con_cb|b0.0|a10|m2.0|tp1.5|x21,361,30.29,52.63,1.41,5.66,+1.3 / +19.6 / +8.7,True,115,7.24,1.31
EURUSD,F_ny_trend_cont,F_ny_trend_cont|ref06-12o0|act15-18|con_cb|b0.0|a10|m2.0|tp2.0|x20,361,31.83,54.29,1.43,6.22,+4.3 / +16.0 / +10.6,True,115,10.32,1.46
EURUSD,F_ny_trend_cont,F_ny_trend_cont|ref06-12o0|act15-18|con_cb|b0.0|a10|m2.0|tp2.0|x21,361,31.18,52.63,1.42,5.46,+2.8 / +18.2 / +9.5,True,115,9.1,1.39
EURUSD,F_ny_trend_cont,F_ny_trend_cont|ref06-12o0|act15-18|con_cb|b0.0|a10|m2.5|tp1.0|x20,361,23.77,54.29,1.4,4.98,+1.9 / +13.5 / +7.5,True,115,9.38,1.54
EURUSD,F_ny_trend_cont,F_ny_trend_cont|ref06-12o0|act15-18|con_cb|b0.0|a10|m2.5|tp1.0|x21,361,22.89,52.91,1.39,4.6,+1.3 / +13.7 / +7.3,True,115,8.92,1.5
EURUSD,F_ny_trend_cont,F_ny_trend_cont|ref06-12o0|act15-18|con_cb|b0.0|a10|m2.5|tp1.5|x20,361,26.1,54.29,1.44,4.91,+2.1 / +14.8 / +8.5,True,115,8.64,1.5
EURUSD,F_ny_trend_cont,F_ny_trend_cont|ref06-12o0|act15-18|con_cb|b0.0|a10|m2.5|tp1.5|x21,361,25.73,52.91,1.44,4.71,+1.1 / +16.3 / +7.7,True,115,8.43,1.47
EURUSD,F_ny_trend_cont,F_ny_trend_cont|ref06-12o0|act15-18|con_cb|b0.0|a10|m2.5|tp2.0|x20,361,27.29,54.29,1.46,4.91,+3.2 / +14.3 / +9.0,True,115,9.25,1.54
EURUSD,F_ny_trend_cont,F_ny_trend_cont|ref06-12o0|act15-18|con_cb|b0.0|a10|m2.5|tp2.0|x21,361,27.2,52.91,1.46,4.5,+2.3 / +15.7 / +8.6,True,115,8.52,1.48
EURUSD,G_asia_cont,G_asia_cont|ref19-21o1|act22-09|con|b0.5|a10|m1.0|tp1.0|x09,486,-227.25,38.68,0.39,228.6,-96.4 / -77.0 / -54.5,False,136,-75.74,0.32
EURUSD,G_asia_cont,G_asia_cont|ref19-21o1|act22-09|con|b0.5|a10|m1.0|tp1.0|x10,486,-227.71,38.68,0.39,229.06,-95.6 / -77.6 / -55.2,False,136,-74.65,0.33
EURUSD,G_asia_cont,G_asia_cont|ref19-21o1|act22-09|con|b0.5|a10|m1.0|tp1.5|x09,486,-226.64,31.28,0.45,228.99,-98.9 / -80.6 / -48.3,False,136,-79.16,0.36
EURUSD,G_asia_cont,G_asia_cont|ref19-21o1|act22-09|con|b0.5|a10|m1.0|tp1.5|x10,486,-231.13,31.07,0.44,233.48,-98.6 / -81.5 / -52.2,False,136,-80.17,0.36
EURUSD,G_asia_cont,G_asia_cont|ref19-21o1|act22-09|con|b0.5|a10|m1.5|tp1.0|x09,486,-135.37,42.8,0.54,136.94,-63.2 / -38.6 / -34.4,False,136,-44.13,0.49
EURUSD,G_asia_cont,G_asia_cont|ref19-21o1|act22-09|con|b0.5|a10|m1.5|tp1.0|x10,486,-136.86,43.42,0.55,138.43,-62.2 / -41.2 / -34.2,False,136,-45.57,0.49
EURUSD,G_asia_cont,G_asia_cont|ref19-21o1|act22-09|con|b0.5|a10|m1.5|tp1.5|x09,486,-151.54,35.6,0.53,154.11,-70.9 / -43.4 / -38.5,False,136,-40.94,0.56
EURUSD,G_asia_cont,G_asia_cont|ref19-21o1|act22-09|con|b0.5|a10|m1.5|tp1.5|x10,486,-157.03,34.98,0.53,159.6,-71.3 / -48.8 / -38.2,False,136,-44.01,0.54
EURUSD,G_asia_cont,G_asia_cont|ref19-21o1|act22-09|con|b1.0|a10|m1.0|tp1.0|x09,446,-323.89,26.68,0.22,324.57,-119.0 / -114.1 / -89.4,False,122,-93.08,0.2
EURUSD,G_asia_cont,G_asia_cont|ref19-21o1|act22-09|con|b1.0|a10|m1.0|tp1.0|x10,446,-325.5,26.46,0.21,326.18,-119.3 / -114.1 / -90.6,False,122,-92.15,0.2
EURUSD,G_asia_cont,G_asia_cont|ref19-21o1|act22-09|con|b1.0|a10|m1.0|tp1.5|x09,446,-335.09,20.4,0.25,336.27,-124.0 / -118.3 / -91.3,False,122,-94.34,0.23
EURUSD,G_asia_cont,G_asia_cont|ref19-21o1|act22-09|con|b1.0|a10|m1.0|tp1.5|x10,446,-339.99,19.51,0.24,341.17,-126.2 / -119.4 / -93.0,False,122,-94.88,0.23
EURUSD,G_asia_cont,G_asia_cont|ref19-21o1|act22-09|con|b1.0|a10|m1.5|tp1.0|x09,446,-173.79,37.67,0.43,176.04,-77.7 / -54.0 / -42.8,False,122,-38.7,0.49
EURUSD,G_asia_cont,G_asia_cont|ref19-21o1|act22-09|con|b1.0|a10|m1.5|tp1.0|x10,446,-181.88,37.22,0.42,184.13,-78.8 / -57.6 / -46.3,False,122,-40.96,0.48
EURUSD,G_asia_cont,G_asia_cont|ref19-21o1|act22-09|con|b1.0|a10|m1.5|tp1.5|x09,446,-167.66,32.74,0.48,170.19,-77.6 / -51.7 / -39.7,False,122,-38.9,0.52
EURUSD,G_asia_cont,G_asia_cont|ref19-21o1|act22-09|con|b1.0|a10|m1.5|tp1.5|x10,446,-170.52,32.51,0.49,173.5,-77.9 / -52.5 / -41.3,False,122,-44.11,0.48
EURUSD,G_asia_cont,G_asia_cont|ref19-21o1|act22-10|con|b0.5|a10|m1.0|tp1.0|x09,490,-230.23,38.57,0.38,231.58,-97.0 / -81.3 / -52.6,False,139,-75.59,0.33
EURUSD,G_asia_cont,G_asia_cont|ref19-21o1|act22-10|con|b0.5|a10|m1.0|tp1.0|x10,490,-229.03,38.78,0.39,230.38,-95.2 / -81.2 / -53.3,False,139,-76.77,0.32
EURUSD,G_asia_cont,G_asia_cont|ref19-21o1|act22-10|con|b0.5|a10|m1.0|tp1.5|x09,490,-229.12,31.22,0.44,231.47,-99.0 / -83.4 / -47.9,False,139,-78.02,0.37
EURUSD,G_asia_cont,G_asia_cont|ref19-21o1|act22-10|con|b0.5|a10|m1.0|tp1.5|x10,490,-231.95,31.22,0.44,234.3,-97.0 / -84.3 / -51.8,False,139,-82.29,0.35
EURUSD,G_asia_cont,G_asia_cont|ref19-21o1|act22-10|con|b0.5|a10|m1.5|tp1.0|x09,490,-138.03,42.65,0.54,139.6,-63.6 / -40.8 / -34.5,False,139,-43.7,0.51
EURUSD,G_asia_cont,G_asia_cont|ref19-21o1|act22-10|con|b0.5|a10|m1.5|tp1.0|x10,490,-137.53,43.47,0.55,139.1,-61.1 / -42.9 / -34.3,False,139,-45.99,0.49
EURUSD,G_asia_cont,G_asia_cont|ref19-21o1|act22-10|con|b0.5|a10|m1.5|tp1.5|x09,490,-156.19,35.31,0.53,158.76,-73.3 / -46.1 / -38.1,False,139,-39.51,0.58
EURUSD,G_asia_cont,G_asia_cont|ref19-21o1|act22-10|con|b0.5|a10|m1.5|tp1.5|x10,490,-158.24,35.1,0.53,160.81,-70.8 / -51.0 / -37.7,False,139,-44.42,0.54
EURUSD,G_asia_cont,G_asia_cont|ref19-21o1|act22-10|con|b1.0|a10|m1.0|tp1.0|x09,464,-341.92,26.08,0.21,342.6,-128.6 / -119.4 / -92.5,False,125,-94.98,0.2
EURUSD,G_asia_cont,G_asia_cont|ref19-21o1|act22-10|con|b1.0|a10|m1.0|tp1.0|x10,464,-342.77,25.86,0.21,343.45,-129.0 / -118.3 / -94.0,False,125,-94.05,0.21
EURUSD,G_asia_cont,G_asia_cont|ref19-21o1|act22-10|con|b1.0|a10|m1.0|tp1.5|x09,464,-352.12,20.04,0.24,353.3,-134.2 / -120.6 / -95.9,False,125,-95.74,0.24
EURUSD,G_asia_cont,G_asia_cont|ref19-21o1|act22-10|con|b1.0|a10|m1.0|tp1.5|x10,464,-357.43,19.18,0.23,358.6,-136.3 / -121.3 / -98.4,False,125,-97.83,0.22
EURUSD,G_asia_cont,G_asia_cont|ref19-21o1|act22-10|con|b1.0|a10|m1.5|tp1.0|x09,464,-186.48,37.07,0.42,188.73,-84.8 / -56.8 / -45.5,False,125,-38.3,0.5
EURUSD,G_asia_cont,G_asia_cont|ref19-21o1|act22-10|con|b1.0|a10|m1.5|tp1.0|x10,464,-191.27,36.64,0.41,193.52,-83.5 / -59.6 / -48.9,False,125,-43.08,0.47
EURUSD,G_asia_cont,G_asia_cont|ref19-21o1|act22-10|con|b1.0|a10|m1.5|tp1.5|x09,464,-180.85,32.11,0.47,183.38,-84.7 / -53.5 / -43.9,False,125,-37.5,0.54
EURUSD,G_asia_cont,G_asia_cont|ref19-21o1|act22-10|con|b1.0|a10|m1.5|tp1.5|x10,464,-179.9,32.11,0.47,182.88,-83.2 / -54.1 / -43.9,False,125,-46.22,0.47
EURUSD,G_asia_cont,G_asia_cont|ref19-22o1|act22-09|con|b0.5|a10|m1.0|tp1.0|x09,479,-260.32,35.07,0.33,261.67,-98.6 / -79.7 / -82.7,False,132,-70.27,0.34
EURUSD,G_asia_cont,G_asia_cont|ref19-22o1|act22-09|con|b0.5|a10|m1.0|tp1.0|x10,479,-260.81,35.28,0.33,262.16,-97.7 / -80.1 / -83.7,False,132,-69.19,0.35
EURUSD,G_asia_cont,G_asia_cont|ref19-22o1|act22-09|con|b0.5|a10|m1.0|tp1.5|x09,479,-252.94,28.81,0.4,255.29,-106.9 / -79.9 / -67.2,False,132,-70.68,0.39
EURUSD,G_asia_cont,G_asia_cont|ref19-22o1|act22-09|con|b0.5|a10|m1.0|tp1.5|x10,479,-256.14,28.39,0.4,258.49,-106.7 / -79.5 / -71.1,False,132,-69.36,0.4
EURUSD,G_asia_cont,G_asia_cont|ref19-22o1|act22-09|con|b0.5|a10|m1.5|tp1.0|x09,479,-146.56,41.34,0.52,148.13,-64.7 / -39.1 / -43.5,False,132,-27.98,0.63
EURUSD,G_asia_cont,G_asia_cont|ref19-22o1|act22-09|con|b0.5|a10|m1.5|tp1.0|x10,479,-152.56,41.34,0.51,154.13,-65.5 / -41.8 / -46.0,False,132,-29.4,0.62
EURUSD,G_asia_cont,G_asia_cont|ref19-22o1|act22-09|con|b0.5|a10|m1.5|tp1.5|x09,479,-161.2,34.24,0.51,163.76,-72.9 / -47.2 / -42.4,False,132,-25.81,0.68
EURUSD,G_asia_cont,G_asia_cont|ref19-22o1|act22-09|con|b0.5|a10|m1.5|tp1.5|x10,479,-168.62,33.61,0.5,171.19,-72.6 / -51.2 / -46.1,False,132,-30.54,0.64
EURUSD,G_asia_cont,G_asia_cont|ref19-22o1|act22-09|con|b1.0|a10|m1.0|tp1.0|x09,429,-328.86,24.48,0.19,329.53,-121.0 / -110.6 / -95.9,False,116,-82.67,0.22
EURUSD,G_asia_cont,G_asia_cont|ref19-22o1|act22-09|con|b1.0|a10|m1.0|tp1.0|x10,429,-329.46,24.71,0.19,330.14,-121.3 / -112.2 / -94.5,False,116,-82.43,0.23
EURUSD,G_asia_cont,G_asia_cont|ref19-22o1|act22-09|con|b1.0|a10|m1.0|tp1.5|x09,429,-343.13,18.18,0.22,344.31,-125.5 / -117.2 / -99.0,False,116,-83.16,0.26
EURUSD,G_asia_cont,G_asia_cont|ref19-22o1|act22-09|con|b1.0|a10|m1.0|tp1.5|x10,429,-347.51,17.95,0.21,348.68,-126.8 / -119.8 / -99.5,False,116,-85.85,0.25
EURUSD,G_asia_cont,G_asia_cont|ref19-22o1|act22-09|con|b1.0|a10|m1.5|tp1.0|x09,429,-175.55,36.6,0.41,177.8,-76.4 / -53.2 / -46.7,False,116,-41.05,0.44
EURUSD,G_asia_cont,G_asia_cont|ref19-22o1|act22-09|con|b1.0|a10|m1.5|tp1.0|x10,429,-184.32,36.13,0.4,186.57,-80.4 / -55.2 / -49.5,False,116,-44.15,0.43
EURUSD,G_asia_cont,G_asia_cont|ref19-22o1|act22-09|con|b1.0|a10|m1.5|tp1.5|x09,429,-162.6,32.17,0.48,165.13,-75.8 / -47.1 / -41.0,False,116,-41.19,0.48
EURUSD,G_asia_cont,G_asia_cont|ref19-22o1|act22-09|con|b1.0|a10|m1.5|tp1.5|x10,429,-166.9,32.17,0.48,169.88,-79.1 / -46.1 / -42.9,False,116,-44.86,0.46
EURUSD,G_asia_cont,G_asia_cont|ref19-22o1|act22-10|con|b0.5|a10|m1.0|tp1.0|x09,485,-263.77,35.05,0.33,265.12,-99.1 / -84.3 / -81.0,False,136,-73.38,0.34
EURUSD,G_asia_cont,G_asia_cont|ref19-22o1|act22-10|con|b0.5|a10|m1.0|tp1.0|x10,485,-264.55,35.26,0.33,265.9,-98.2 / -84.7 / -82.3,False,136,-73.34,0.34
EURUSD,G_asia_cont,G_asia_cont|ref19-22o1|act22-10|con|b0.5|a10|m1.0|tp1.5|x09,485,-255.38,28.87,0.4,257.73,-106.9 / -85.1 / -64.5,False,136,-73.28,0.39
EURUSD,G_asia_cont,G_asia_cont|ref19-22o1|act22-10|con|b0.5|a10|m1.0|tp1.5|x10,485,-259.38,28.45,0.4,261.73,-106.7 / -84.7 / -69.1,False,136,-73.51,0.39
EURUSD,G_asia_cont,G_asia_cont|ref19-22o1|act22-10|con|b0.5|a10|m1.5|tp1.0|x09,485,-149.53,41.24,0.51,151.09,-65.1 / -43.6 / -41.7,False,136,-28.72,0.63
EURUSD,G_asia_cont,G_asia_cont|ref19-22o1|act22-10|con|b0.5|a10|m1.5|tp1.0|x10,485,-154.38,41.24,0.51,155.95,-64.8 / -45.7 / -44.7,False,136,-31.17,0.61
EURUSD,G_asia_cont,G_asia_cont|ref19-22o1|act22-10|con|b0.5|a10|m1.5|tp1.5|x09,485,-165.66,34.02,0.51,168.23,-75.3 / -49.6 / -42.1,False,136,-25.54,0.69
EURUSD,G_asia_cont,G_asia_cont|ref19-22o1|act22-10|con|b0.5|a10|m1.5|tp1.5|x10,485,-170.98,33.61,0.5,173.55,-72.4 / -53.1 / -46.8,False,136,-32.3,0.62
EURUSD,G_asia_cont,G_asia_cont|ref19-22o1|act22-10|con|b1.0|a10|m1.0|tp1.0|x09,447,-348.87,23.71,0.18,349.55,-128.5 / -115.9 / -103.1,False,117,-81.9,0.23
EURUSD,G_asia_cont,G_asia_cont|ref19-22o1|act22-10|con|b1.0|a10|m1.0|tp1.0|x10,447,-348.4,23.94,0.19,349.08,-128.9 / -116.4 / -101.7,False,117,-81.66,0.24
EURUSD,G_asia_cont,G_asia_cont|ref19-22o1|act22-10|con|b1.0|a10|m1.0|tp1.5|x09,447,-362.65,17.67,0.21,363.82,-133.0 / -122.0 / -106.2,False,117,-81.9,0.27
EURUSD,G_asia_cont,G_asia_cont|ref19-22o1|act22-10|con|b1.0|a10|m1.0|tp1.5|x10,447,-366.61,17.45,0.21,367.79,-134.4 / -124.2 / -106.7,False,117,-86.14,0.25
EURUSD,G_asia_cont,G_asia_cont|ref19-22o1|act22-10|con|b1.0|a10|m1.5|tp1.0|x09,447,-190.23,35.79,0.39,192.48,-83.4 / -58.1 / -49.5,False,117,-40.21,0.45
EURUSD,G_asia_cont,G_asia_cont|ref19-22o1|act22-10|con|b1.0|a10|m1.5|tp1.0|x10,447,-195.32,35.35,0.39,197.58,-86.2 / -59.2 / -50.7,False,117,-44.34,0.43
EURUSD,G_asia_cont,G_asia_cont|ref19-22o1|act22-10|con|b1.0|a10|m1.5|tp1.5|x09,447,-178.28,31.32,0.46,180.81,-82.8 / -51.4 / -45.3,False,117,-39.85,0.5
EURUSD,G_asia_cont,G_asia_cont|ref19-22o1|act22-10|con|b1.0|a10|m1.5|tp1.5|x10,447,-177.91,31.54,0.47,180.89,-85.5 / -50.1 / -43.6,False,117,-45.05,0.46
