inst,family,spec,n_tr,tr_r,tr_wr,tr_pf,tr_dd,segs,seg_ok,te_n,te_r,te_pf
USDJPY,A_asia_ny,A_asia_ny_rev|ref19-21o1|act22-09|rev|b0.75|a10|m1.0|tp0.75|x08,487,111.93,77.62,1.93,9.07,+37.2 / +40.9 / +33.3,True,131,23.92,1.7
USDJPY,A_asia_ny,A_asia_ny_rev|ref19-21o1|act22-09|rev|b0.75|a10|m1.0|tpopp|x08,487,-42.46,39.84,0.86,55.82,-14.1 / -5.6 / -22.7,False,131,-20.46,0.75
USDJPY,A_asia_ny,A_asia_ny_rev|ref19-21o1|act22-09|rev|b1.0|a10|m1.0|tp0.75|x08,472,98.74,76.27,1.8,7.41,+24.1 / +44.5 / +29.6,True,122,21.66,1.67
USDJPY,A_asia_ny,A_asia_ny_rev|ref19-21o1|act22-09|rev|b1.0|a10|m1.0|tpopp|x08,472,-28.53,40.04,0.91,45.73,-15.1 / +7.5 / -21.1,False,122,3.96,1.06
USDJPY,A_asia_ny,A_asia_ny_rev|ref19-21o1|act22-09|rev|b1.25|a10|m1.0|tp0.75|x08,428,88.71,75.93,1.79,5.8,+19.8 / +44.9 / +23.3,True,109,18.85,1.64
USDJPY,A_asia_ny,A_asia_ny_rev|ref19-21o1|act22-09|rev|b1.25|a10|m1.0|tpopp|x08,428,-44.5,36.92,0.84,46.55,-12.6 / +0.5 / -32.8,False,109,9.83,1.16
USDJPY,A_asia_ny,A_asia_ny_rev|ref19-21o1|act22-10|rev|b0.75|a10|m1.0|tp0.75|x08,491,110.71,77.39,1.9,9.07,+36.5 / +39.7 / +34.0,True,134,23.98,1.68
USDJPY,A_asia_ny,A_asia_ny_rev|ref19-21o1|act22-10|rev|b0.75|a10|m1.0|tpopp|x08,491,-47.18,39.51,0.85,58.07,-16.6 / -9.4 / -21.2,False,134,-16.99,0.8
USDJPY,A_asia_ny,A_asia_ny_rev|ref19-21o1|act22-10|rev|b1.0|a10|m1.0|tp0.75|x08,475,100.54,76.42,1.82,7.41,+26.4 / +43.5 / +30.2,True,125,19.89,1.57
USDJPY,A_asia_ny,A_asia_ny_rev|ref19-21o1|act22-10|rev|b1.0|a10|m1.0|tpopp|x08,475,-28.71,40.0,0.91,46.87,-13.0 / +6.4 / -22.2,False,125,2.79,1.04
USDJPY,A_asia_ny,A_asia_ny_rev|ref19-21o1|act22-10|rev|b1.25|a10|m1.0|tp0.75|x08,439,93.72,76.31,1.82,5.8,+21.5 / +45.8 / +25.8,True,115,18.68,1.59
USDJPY,A_asia_ny,A_asia_ny_rev|ref19-21o1|act22-10|rev|b1.25|a10|m1.0|tpopp|x08,439,-37.18,37.36,0.87,40.07,-9.5 / +4.2 / -30.7,False,115,5.91,1.09
USDJPY,B_london,B_london_rev|ref19-21o1|act06-09|rev|b0.25|a10|m1.0|tp0.5|x10,549,-39.77,68.85,0.78,41.24,-31.7 / +11.4 / -19.8,False,155,4.04,1.11
USDJPY,B_london,B_london_rev|ref19-21o1|act06-09|rev|b0.25|a10|m1.0|tp0.5|x11,549,-38.24,69.76,0.79,39.71,-31.3 / +12.0 / -19.2,False,155,2.57,1.07
USDJPY,B_london,B_london_rev|ref19-21o1|act06-09|rev|b0.25|a10|m1.0|tp0.75|x10,549,-34.08,58.83,0.85,38.18,-16.8 / +7.2 / -25.0,False,155,5.55,1.1
USDJPY,B_london,B_london_rev|ref19-21o1|act06-09|rev|b0.25|a10|m1.0|tp0.75|x11,549,-30.61,60.11,0.87,34.64,-15.1 / +8.0 / -24.0,False,155,4.72,1.08
USDJPY,B_london,B_london_rev|ref19-21o1|act06-09|rev|b0.25|a10|m1.0|tpopp|x10,549,-109.22,38.8,0.67,118.24,-38.5 / -19.3 / -50.7,False,155,-10.78,0.87
USDJPY,B_london,B_london_rev|ref19-21o1|act06-09|rev|b0.25|a10|m1.0|tpopp|x11,549,-99.24,39.34,0.71,108.38,-37.0 / -15.8 / -46.1,False,155,-10.51,0.88
USDJPY,B_london,B_london_rev|ref19-21o1|act06-09|rev|b0.25|a10|m1.5|tp0.5|x10,549,-10.71,65.94,0.93,16.08,-8.9 / +9.4 / -11.5,False,155,6.4,1.17
USDJPY,B_london,B_london_rev|ref19-21o1|act06-09|rev|b0.25|a10|m1.5|tp0.5|x11,549,-10.62,67.58,0.93,16.76,-7.2 / +9.4 / -13.2,False,155,6.99,1.19
USDJPY,B_london,B_london_rev|ref19-21o1|act06-09|rev|b0.25|a10|m1.5|tp0.75|x10,549,-43.07,52.09,0.8,45.9,-9.5 / -5.0 / -28.1,False,155,0.86,1.02
USDJPY,B_london,B_london_rev|ref19-21o1|act06-09|rev|b0.25|a10|m1.5|tp0.75|x11,549,-44.12,53.73,0.8,46.76,-9.5 / -4.9 / -29.5,False,155,0.91,1.02
USDJPY,B_london,B_london_rev|ref19-21o1|act06-09|rev|b0.25|a10|m1.5|tpopp|x10,549,-67.37,45.54,0.71,71.67,-25.5 / -8.6 / -32.7,False,155,-5.78,0.9
USDJPY,B_london,B_london_rev|ref19-21o1|act06-09|rev|b0.25|a10|m1.5|tpopp|x11,549,-64.38,45.9,0.74,69.18,-24.9 / -8.2 / -31.1,False,155,-5.22,0.92
USDJPY,B_london,B_london_rev|ref19-21o1|act06-09|rev|b0.5|a10|m1.0|tp0.5|x10,524,-31.66,69.85,0.81,32.51,-22.1 / +11.1 / -21.0,False,147,11.2,1.37
USDJPY,B_london,B_london_rev|ref19-21o1|act06-09|rev|b0.5|a10|m1.0|tp0.5|x11,524,-29.54,70.61,0.83,30.39,-21.4 / +11.3 / -19.8,False,147,9.77,1.31
USDJPY,B_london,B_london_rev|ref19-21o1|act06-09|rev|b0.5|a10|m1.0|tp0.75|x10,524,-31.16,59.16,0.86,34.08,-16.1 / +11.7 / -27.3,False,147,9.96,1.2
USDJPY,B_london,B_london_rev|ref19-21o1|act06-09|rev|b0.5|a10|m1.0|tp0.75|x11,524,-28.57,60.31,0.87,31.49,-15.2 / +11.9 / -25.8,False,147,9.15,1.18
USDJPY,B_london,B_london_rev|ref19-21o1|act06-09|rev|b0.5|a10|m1.0|tpopp|x10,524,-96.78,38.93,0.69,105.72,-27.1 / -18.0 / -50.9,False,147,-5.25,0.93
USDJPY,B_london,B_london_rev|ref19-21o1|act06-09|rev|b0.5|a10|m1.0|tpopp|x11,524,-86.45,39.12,0.73,95.52,-26.2 / -14.9 / -45.1,False,147,-2.67,0.97
USDJPY,B_london,B_london_rev|ref19-21o1|act06-09|rev|b0.5|a10|m1.5|tp0.5|x10,524,-10.38,66.22,0.93,17.92,-11.5 / +12.1 / -11.3,False,147,6.24,1.18
USDJPY,B_london,B_london_rev|ref19-21o1|act06-09|rev|b0.5|a10|m1.5|tp0.5|x11,524,-9.5,67.94,0.94,17.54,-9.8 / +12.3 / -12.3,False,147,6.24,1.18
USDJPY,B_london,B_london_rev|ref19-21o1|act06-09|rev|b0.5|a10|m1.5|tp0.75|x10,524,-39.3,52.86,0.81,41.16,-11.0 / -2.6 / -25.2,False,147,2.34,1.05
USDJPY,B_london,B_london_rev|ref19-21o1|act06-09|rev|b0.5|a10|m1.5|tp0.75|x11,524,-37.97,54.58,0.82,40.48,-9.5 / -3.0 / -25.3,False,147,3.5,1.07
USDJPY,B_london,B_london_rev|ref19-21o1|act06-09|rev|b0.5|a10|m1.5|tpopp|x10,524,-67.58,44.66,0.71,71.83,-22.9 / -10.7 / -33.5,False,147,-6.55,0.88
USDJPY,B_london,B_london_rev|ref19-21o1|act06-09|rev|b0.5|a10|m1.5|tpopp|x11,524,-64.18,44.85,0.73,69.23,-22.0 / -10.8 / -31.2,False,147,-4.71,0.92
USDJPY,B_london,B_london_rev|ref19-21o1|act06-09|rev|b0.75|a10|m1.0|tp0.5|x10,488,-20.39,71.11,0.87,29.33,-23.5 / +12.7 / -9.9,False,133,8.01,1.28
USDJPY,B_london,B_london_rev|ref19-21o1|act06-09|rev|b0.75|a10|m1.0|tp0.5|x11,488,-20.57,71.52,0.87,30.02,-23.9 / +12.4 / -9.3,False,133,5.82,1.19
USDJPY,B_london,B_london_rev|ref19-21o1|act06-09|rev|b0.75|a10|m1.0|tp0.75|x10,488,-14.17,60.86,0.93,20.04,-10.4 / +13.4 / -17.7,False,133,6.42,1.14
USDJPY,B_london,B_london_rev|ref19-21o1|act06-09|rev|b0.75|a10|m1.0|tp0.75|x11,488,-13.94,61.89,0.93,19.0,-10.8 / +13.0 / -16.7,False,133,5.26,1.11
USDJPY,B_london,B_london_rev|ref19-21o1|act06-09|rev|b0.75|a10|m1.0|tpopp|x10,488,-92.8,36.68,0.69,100.15,-29.2 / -21.0 / -41.9,False,133,-6.98,0.9
USDJPY,B_london,B_london_rev|ref19-21o1|act06-09|rev|b0.75|a10|m1.0|tpopp|x11,488,-85.84,36.89,0.72,93.9,-28.3 / -19.1 / -38.2,False,133,-5.79,0.92
USDJPY,B_london,B_london_rev|ref19-21o1|act06-09|rev|b0.75|a10|m1.5|tp0.5|x10,488,1.79,68.03,1.01,13.15,-6.6 / +17.4 / -9.4,False,133,6.61,1.22
USDJPY,B_london,B_london_rev|ref19-21o1|act06-09|rev|b0.75|a10|m1.5|tp0.5|x11,488,0.94,69.47,1.01,16.53,-6.2 / +17.8 / -11.0,False,133,5.92,1.18
USDJPY,B_london,B_london_rev|ref19-21o1|act06-09|rev|b0.75|a10|m1.5|tp0.75|x10,488,-26.56,53.69,0.86,27.86,-11.2 / +3.2 / -18.1,False,133,4.01,1.1
USDJPY,B_london,B_london_rev|ref19-21o1|act06-09|rev|b0.75|a10|m1.5|tp0.75|x11,488,-27.06,54.92,0.86,28.68,-9.7 / +2.8 / -20.0,False,133,3.69,1.08
USDJPY,B_london,B_london_rev|ref19-21o1|act06-09|rev|b0.75|a10|m1.5|tpopp|x10,488,-56.46,43.44,0.73,59.32,-25.6 / -2.7 / -27.8,False,133,-1.33,0.97
USDJPY,B_london,B_london_rev|ref19-21o1|act06-09|rev|b0.75|a10|m1.5|tpopp|x11,488,-51.83,43.85,0.77,55.56,-22.9 / -1.1 / -27.7,False,133,0.85,1.02
USDJPY,B_london,B_london_rev|ref19-21o1|act06-09|rev_cf|b0.25|a10|m1.0|tp0.5|x10,143,-12.95,64.34,0.72,16.61,-1.9 / -10.7 / +0.8,False,52,-9.13,0.52
USDJPY,B_london,B_london_rev|ref19-21o1|act06-09|rev_cf|b0.25|a10|m1.0|tp0.5|x11,143,-11.41,65.03,0.75,14.64,-0.7 / -10.7 / +1.1,False,52,-5.49,0.67
USDJPY,B_london,B_london_rev|ref19-21o1|act06-09|rev_cf|b0.25|a10|m1.0|tp0.75|x10,143,-16.6,52.45,0.72,18.64,-4.6 / -8.7 / -2.2,False,52,-10.3,0.53
USDJPY,B_london,B_london_rev|ref19-21o1|act06-09|rev_cf|b0.25|a10|m1.0|tp0.75|x11,143,-13.52,54.55,0.77,16.6,-2.8 / -8.9 / -0.6,False,52,-7.23,0.67
USDJPY,B_london,B_london_rev|ref19-21o1|act06-09|rev_cf|b0.25|a10|m1.0|tpopp|x10,143,-18.17,55.24,0.66,18.82,-6.7 / -7.1 / -3.2,False,52,-10.42,0.51
USDJPY,B_london,B_london_rev|ref19-21o1|act06-09|rev_cf|b0.25|a10|m1.0|tpopp|x11,143,-14.89,55.94,0.72,15.85,-5.3 / -5.7 / -2.8,False,52,-8.69,0.6
USDJPY,B_london,B_london_rev|ref19-21o1|act06-09|rev_cf|b0.25|a10|m1.5|tp0.5|x10,143,-9.97,55.24,0.75,11.66,-1.3 / -6.1 / -1.5,False,52,-5.48,0.59
USDJPY,B_london,B_london_rev|ref19-21o1|act06-09|rev_cf|b0.25|a10|m1.5|tp0.5|x11,143,-6.73,58.74,0.83,9.28,-0.6 / -5.0 / -0.1,False,52,-3.45,0.75
USDJPY,B_london,B_london_rev|ref19-21o1|act06-09|rev_cf|b0.25|a10|m1.5|tp0.75|x10,143,-7.14,48.95,0.84,11.92,+1.2 / -4.9 / -2.3,False,52,-5.04,0.64
USDJPY,B_london,B_london_rev|ref19-21o1|act06-09|rev_cf|b0.25|a10|m1.5|tp0.75|x11,143,-1.54,51.75,0.96,8.44,+1.9 / -3.2 / +0.9,False,52,-3.97,0.74
USDJPY,B_london,B_london_rev|ref19-21o1|act06-09|rev_cf|b0.25|a10|m1.5|tpopp|x10,143,-11.46,58.74,0.68,12.32,-2.7 / -4.6 / -3.1,False,52,-4.67,0.62
USDJPY,B_london,B_london_rev|ref19-21o1|act06-09|rev_cf|b0.25|a10|m1.5|tpopp|x11,143,-7.51,61.54,0.78,8.35,-1.5 / -2.5 / -2.5,False,52,-2.69,0.78
USDJPY,B_london,B_london_rev|ref19-21o1|act06-09|rev_cf|b0.5|a10|m1.0|tp0.5|x10,96,-4.04,66.67,0.85,9.14,-0.5 / -2.9 / +0.5,False,34,-9.27,0.39
USDJPY,B_london,B_london_rev|ref19-21o1|act06-09|rev_cf|b0.5|a10|m1.0|tp0.5|x11,96,-2.15,68.75,0.92,7.99,+0.6 / -2.8 / +1.2,False,34,-7.04,0.5
USDJPY,B_london,B_london_rev|ref19-21o1|act06-09|rev_cf|b0.5|a10|m1.0|tp0.75|x10,96,-8.77,53.12,0.77,11.91,-3.9 / -2.7 / -1.1,False,34,-8.44,0.49
USDJPY,B_london,B_london_rev|ref19-21o1|act06-09|rev_cf|b0.5|a10|m1.0|tp0.75|x11,96,-5.64,56.25,0.85,10.08,-2.6 / -2.7 / +0.8,False,34,-5.78,0.63
USDJPY,B_london,B_london_rev|ref19-21o1|act06-09|rev_cf|b0.5|a10|m1.0|tpopp|x10,96,-9.12,54.17,0.72,13.03,-2.9 / -0.9 / -4.2,False,34,-9.07,0.43
USDJPY,B_london,B_london_rev|ref19-21o1|act06-09|rev_cf|b0.5|a10|m1.0|tpopp|x11,96,-6.01,56.25,0.81,11.03,-0.6 / -0.3 / -4.0,False,34,-7.51,0.53
USDJPY,B_london,B_london_rev|ref19-21o1|act06-09|rev_cf|b0.5|a10|m1.5|tp0.5|x10,96,-4.86,56.25,0.81,6.58,-1.2 / -1.5 / -1.6,False,34,-4.0,0.58
USDJPY,B_london,B_london_rev|ref19-21o1|act06-09|rev_cf|b0.5|a10|m1.5|tp0.5|x11,96,-2.84,59.38,0.89,5.24,-1.3 / -0.9 / -0.2,False,34,-2.58,0.73
USDJPY,B_london,B_london_rev|ref19-21o1|act06-09|rev_cf|b0.5|a10|m1.5|tp0.75|x10,96,-3.35,50.0,0.88,6.09,-0.2 / +1.0 / -3.6,False,34,-4.47,0.56
USDJPY,B_london,B_london_rev|ref19-21o1|act06-09|rev_cf|b0.5|a10|m1.5|tp0.75|x11,96,2.27,55.21,1.08,3.63,+1.3 / +2.1 / -0.7,False,34,-3.23,0.71
USDJPY,B_london,B_london_rev|ref19-21o1|act06-09|rev_cf|b0.5|a10|m1.5|tpopp|x10,96,-5.93,56.25,0.73,8.63,-0.7 / -0.6 / -4.1,False,34,-4.49,0.52
USDJPY,B_london,B_london_rev|ref19-21o1|act06-09|rev_cf|b0.5|a10|m1.5|tpopp|x11,96,-3.66,58.33,0.83,6.72,+0.1 / +0.4 / -3.7,False,34,-2.56,0.71
USDJPY,B_london,B_london_rev|ref19-21o1|act06-10|rev|b0.25|a10|m1.0|tp0.5|x10,553,-39.05,68.9,0.79,40.52,-31.3 / +10.9 / -18.9,False,158,3.12,1.08
USDJPY,B_london,B_london_rev|ref19-21o1|act06-10|rev|b0.25|a10|m1.0|tp0.5|x11,553,-38.09,69.8,0.79,39.56,-30.9 / +11.0 / -18.4,False,158,1.98,1.05
USDJPY,B_london,B_london_rev|ref19-21o1|act06-10|rev|b0.25|a10|m1.0|tp0.75|x10,553,-33.2,58.95,0.86,37.31,-16.1 / +6.7 / -24.3,False,158,3.87,1.07
USDJPY,B_london,B_london_rev|ref19-21o1|act06-10|rev|b0.25|a10|m1.0|tp0.75|x11,553,-30.61,60.04,0.87,34.64,-14.5 / +6.9 / -23.5,False,158,2.87,1.05
USDJPY,B_london,B_london_rev|ref19-21o1|act06-10|rev|b0.25|a10|m1.0|tpopp|x10,553,-107.56,39.06,0.68,116.59,-37.3 / -20.9 / -48.6,False,158,-12.46,0.85
USDJPY,B_london,B_london_rev|ref19-21o1|act06-10|rev|b0.25|a10|m1.0|tpopp|x11,553,-98.15,39.42,0.71,107.3,-35.9 / -17.3 / -44.7,False,158,-12.56,0.86
USDJPY,B_london,B_london_rev|ref19-21o1|act06-10|rev|b0.25|a10|m1.5|tp0.5|x10,553,-10.12,66.0,0.94,15.66,-8.5 / +9.1 / -11.0,False,158,4.95,1.13
USDJPY,B_london,B_london_rev|ref19-21o1|act06-10|rev|b0.25|a10|m1.5|tp0.5|x11,553,-10.96,67.45,0.93,16.92,-6.8 / +8.4 / -12.9,False,158,5.57,1.14
USDJPY,B_london,B_london_rev|ref19-21o1|act06-10|rev|b0.25|a10|m1.5|tp0.75|x10,553,-42.05,52.26,0.8,44.89,-8.8 / -5.4 / -27.3,False,158,-0.59,0.99
USDJPY,B_london,B_london_rev|ref19-21o1|act06-10|rev|b0.25|a10|m1.5|tp0.75|x11,553,-43.96,53.71,0.8,46.6,-8.8 / -5.9 / -29.0,False,158,-0.65,0.99
USDJPY,B_london,B_london_rev|ref19-21o1|act06-10|rev|b0.25|a10|m1.5|tpopp|x10,553,-66.27,45.75,0.72,70.57,-24.8 / -9.7 / -31.2,False,158,-7.23,0.88
USDJPY,B_london,B_london_rev|ref19-21o1|act06-10|rev|b0.25|a10|m1.5|tpopp|x11,553,-63.98,45.93,0.74,68.79,-24.2 / -9.5 / -30.1,False,158,-6.78,0.89
USDJPY,B_london,B_london_rev|ref19-21o1|act06-10|rev|b0.5|a10|m1.0|tp0.5|x10,536,-28.47,70.34,0.83,29.32,-20.7 / +11.4 / -19.4,False,151,10.69,1.34
USDJPY,B_london,B_london_rev|ref19-21o1|act06-10|rev|b0.5|a10|m1.0|tp0.5|x11,536,-26.35,71.08,0.85,27.2,-20.0 / +11.6 / -18.2,False,151,9.59,1.29
USDJPY,B_london,B_london_rev|ref19-21o1|act06-10|rev|b0.5|a10|m1.0|tp0.75|x10,536,-29.08,59.51,0.87,32.0,-14.7 / +11.0 / -25.9,False,151,8.47,1.17
USDJPY,B_london,B_london_rev|ref19-21o1|act06-10|rev|b0.5|a10|m1.0|tp0.75|x11,536,-28.37,60.26,0.88,31.29,-14.3 / +9.8 / -24.4,False,151,7.97,1.15
USDJPY,B_london,B_london_rev|ref19-21o1|act06-10|rev|b0.5|a10|m1.0|tpopp|x10,536,-93.83,39.74,0.71,101.56,-24.7 / -20.4 / -48.0,False,151,-7.51,0.9
USDJPY,B_london,B_london_rev|ref19-21o1|act06-10|rev|b0.5|a10|m1.0|tpopp|x11,536,-85.87,39.55,0.74,93.72,-24.4 / -18.5 / -42.6,False,151,-5.35,0.94
USDJPY,B_london,B_london_rev|ref19-21o1|act06-10|rev|b0.5|a10|m1.5|tp0.5|x10,536,-8.67,66.42,0.94,17.39,-10.0 / +11.3 / -10.3,False,151,4.92,1.13
USDJPY,B_london,B_london_rev|ref19-21o1|act06-10|rev|b0.5|a10|m1.5|tp0.5|x11,536,-9.08,67.72,0.94,17.21,-8.5 / +10.4 / -11.4,False,151,5.66,1.15
USDJPY,B_london,B_london_rev|ref19-21o1|act06-10|rev|b0.5|a10|m1.5|tp0.75|x10,536,-37.25,53.36,0.82,39.12,-8.9 / -3.8 / -24.0,False,151,0.51,1.01
USDJPY,B_london,B_london_rev|ref19-21o1|act06-10|rev|b0.5|a10|m1.5|tp0.75|x11,536,-37.62,54.66,0.82,40.12,-7.7 / -5.5 / -24.3,False,151,1.92,1.04
USDJPY,B_london,B_london_rev|ref19-21o1|act06-10|rev|b0.5|a10|m1.5|tpopp|x10,536,-65.29,45.34,0.72,69.05,-20.6 / -12.6 / -31.5,False,151,-8.39,0.85
USDJPY,B_london,B_london_rev|ref19-21o1|act06-10|rev|b0.5|a10|m1.5|tpopp|x11,536,-63.5,45.15,0.74,68.15,-20.0 / -13.7 / -29.6,False,151,-6.29,0.9
USDJPY,B_london,B_london_rev|ref19-21o1|act06-10|rev|b0.75|a10|m1.0|tp0.5|x10,500,-17.68,71.4,0.88,28.23,-21.8 / +12.0 / -8.2,False,141,7.18,1.23
USDJPY,B_london,B_london_rev|ref19-21o1|act06-10|rev|b0.75|a10|m1.0|tp0.5|x11,500,-18.46,71.8,0.88,29.53,-22.6 / +11.6 / -7.7,False,141,5.31,1.16
USDJPY,B_london,B_london_rev|ref19-21o1|act06-10|rev|b0.75|a10|m1.0|tp0.75|x10,500,-11.04,61.2,0.95,19.37,-7.6 / +11.7 / -15.6,False,141,6.53,1.14
USDJPY,B_london,B_london_rev|ref19-21o1|act06-10|rev|b0.75|a10|m1.0|tp0.75|x11,500,-11.08,62.2,0.95,17.79,-8.5 / +10.9 / -14.1,False,141,5.96,1.12
USDJPY,B_london,B_london_rev|ref19-21o1|act06-10|rev|b0.75|a10|m1.0|tpopp|x10,500,-92.02,37.2,0.7,99.19,-26.7 / -22.4 / -42.3,False,141,-9.2,0.87
USDJPY,B_london,B_london_rev|ref19-21o1|act06-10|rev|b0.75|a10|m1.0|tpopp|x11,500,-85.6,37.2,0.73,92.76,-26.8 / -21.3 / -37.3,False,141,-8.09,0.9
USDJPY,B_london,B_london_rev|ref19-21o1|act06-10|rev|b0.75|a10|m1.5|tp0.5|x10,500,3.88,68.2,1.03,12.97,-5.9 / +17.4 / -8.0,False,141,6.02,1.18
USDJPY,B_london,B_london_rev|ref19-21o1|act06-10|rev|b0.75|a10|m1.5|tp0.5|x11,500,2.5,69.6,1.02,16.1,-5.8 / +17.2 / -9.2,False,141,5.72,1.17
USDJPY,B_london,B_london_rev|ref19-21o1|act06-10|rev|b0.75|a10|m1.5|tp0.75|x10,500,-26.47,53.8,0.86,27.96,-11.4 / +4.0 / -18.7,False,141,2.45,1.06
USDJPY,B_london,B_london_rev|ref19-21o1|act06-10|rev|b0.75|a10|m1.5|tp0.75|x11,500,-27.31,54.8,0.86,28.58,-10.6 / +2.9 / -19.5,False,141,2.43,1.05
USDJPY,B_london,B_london_rev|ref19-21o1|act06-10|rev|b0.75|a10|m1.5|tpopp|x10,500,-55.94,43.8,0.74,58.68,-24.4 / -2.8 / -28.3,False,141,-3.48,0.93
USDJPY,B_london,B_london_rev|ref19-21o1|act06-10|rev|b0.75|a10|m1.5|tpopp|x11,500,-51.64,44.0,0.77,54.77,-22.3 / -1.7 / -27.4,False,141,-1.35,0.97
USDJPY,B_london,B_london_rev|ref19-21o1|act06-10|rev_cf|b0.25|a10|m1.0|tp0.5|x10,170,-12.94,65.88,0.76,16.8,-3.2 / -8.3 / -0.4,False,57,-8.73,0.56
USDJPY,B_london,B_london_rev|ref19-21o1|act06-10|rev_cf|b0.25|a10|m1.0|tp0.5|x11,170,-10.4,66.47,0.8,14.3,-0.5 / -9.2 / +0.4,False,57,-5.62,0.69
USDJPY,B_london,B_london_rev|ref19-21o1|act06-10|rev_cf|b0.25|a10|m1.0|tp0.75|x10,170,-11.59,55.88,0.83,13.42,-4.3 / -4.2 / -1.9,False,57,-8.9,0.61
USDJPY,B_london,B_london_rev|ref19-21o1|act06-10|rev_cf|b0.25|a10|m1.0|tp0.75|x11,170,-9.79,57.06,0.85,13.15,-1.5 / -6.1 / -1.0,False,57,-6.61,0.71
USDJPY,B_london,B_london_rev|ref19-21o1|act06-10|rev_cf|b0.25|a10|m1.0|tpopp|x10,170,-10.85,57.65,0.82,12.43,-5.0 / -3.8 / -1.0,False,57,-10.11,0.55
USDJPY,B_london,B_london_rev|ref19-21o1|act06-10|rev_cf|b0.25|a10|m1.0|tpopp|x11,170,-13.25,56.47,0.78,15.51,-4.9 / -5.6 / -1.6,False,57,-8.6,0.62
USDJPY,B_london,B_london_rev|ref19-21o1|act06-10|rev_cf|b0.25|a10|m1.5|tp0.5|x10,170,-7.25,58.82,0.84,9.3,-1.9 / -3.4 / -0.8,False,57,-4.89,0.66
USDJPY,B_london,B_london_rev|ref19-21o1|act06-10|rev_cf|b0.25|a10|m1.5|tp0.5|x11,170,-4.58,60.59,0.89,7.25,+0.3 / -3.4 / -0.4,False,57,-3.37,0.77
USDJPY,B_london,B_london_rev|ref19-21o1|act06-10|rev_cf|b0.25|a10|m1.5|tp0.75|x10,170,-4.42,51.76,0.92,10.22,+0.3 / -4.1 / +0.4,False,57,-3.44,0.77
USDJPY,B_london,B_london_rev|ref19-21o1|act06-10|rev_cf|b0.25|a10|m1.5|tp0.75|x11,170,0.98,54.12,1.02,7.06,+2.3 / -1.4 / +1.1,False,57,-3.14,0.81
USDJPY,B_london,B_london_rev|ref19-21o1|act06-10|rev_cf|b0.25|a10|m1.5|tpopp|x10,170,-7.05,61.18,0.83,8.64,-2.2 / -2.7 / -1.0,False,57,-4.79,0.64
USDJPY,B_london,B_london_rev|ref19-21o1|act06-10|rev_cf|b0.25|a10|m1.5|tpopp|x11,170,-6.76,61.18,0.82,8.1,-1.3 / -2.8 / -1.6,False,57,-2.97,0.78
USDJPY,B_london,B_london_rev|ref19-21o1|act06-10|rev_cf|b0.5|a10|m1.0|tp0.5|x10,115,-0.92,69.57,0.97,8.37,-1.0 / -0.5 / +1.7,False,37,-9.64,0.41
USDJPY,B_london,B_london_rev|ref19-21o1|act06-10|rev_cf|b0.5|a10|m1.0|tp0.5|x11,115,1.77,71.3,1.06,6.43,+0.9 / -0.4 / +2.4,False,37,-7.06,0.52
USDJPY,B_london,B_london_rev|ref19-21o1|act06-10|rev_cf|b0.5|a10|m1.0|tp0.75|x10,115,-3.4,57.39,0.92,10.45,-3.4 / -0.5 / +1.6,False,37,-8.31,0.53
USDJPY,B_london,B_london_rev|ref19-21o1|act06-10|rev_cf|b0.5|a10|m1.0|tp0.75|x11,115,-0.3,59.13,0.99,8.09,-1.9 / +0.3 / +2.4,False,37,-5.3,0.68
USDJPY,B_london,B_london_rev|ref19-21o1|act06-10|rev_cf|b0.5|a10|m1.0|tpopp|x10,115,-2.94,57.39,0.92,8.37,-1.4 / +2.7 / -3.1,False,37,-9.38,0.45
USDJPY,B_london,B_london_rev|ref19-21o1|act06-10|rev_cf|b0.5|a10|m1.0|tpopp|x11,115,-3.02,56.52,0.91,8.49,-0.2 / +1.4 / -3.1,False,37,-7.47,0.55
USDJPY,B_london,B_london_rev|ref19-21o1|act06-10|rev_cf|b0.5|a10|m1.5|tp0.5|x10,115,-2.39,60.0,0.92,6.55,-1.3 / -0.4 / -0.1,False,37,-4.24,0.6
USDJPY,B_london,B_london_rev|ref19-21o1|act06-10|rev_cf|b0.5|a10|m1.5|tp0.5|x11,115,0.72,61.74,1.03,3.45,-0.8 / +1.1 / +0.9,False,37,-2.27,0.77
USDJPY,B_london,B_london_rev|ref19-21o1|act06-10|rev_cf|b0.5|a10|m1.5|tp0.75|x10,115,-0.64,53.04,0.98,5.01,-1.1 / +3.4 / -2.4,False,37,-4.22,0.63
USDJPY,B_london,B_london_rev|ref19-21o1|act06-10|rev_cf|b0.5|a10|m1.5|tp0.75|x11,115,5.95,57.39,1.21,3.7,+1.6 / +4.4 / +0.3,True,37,-2.41,0.79
USDJPY,B_london,B_london_rev|ref19-21o1|act06-10|rev_cf|b0.5|a10|m1.5|tpopp|x10,115,-1.28,60.0,0.95,5.3,-0.1 / +1.8 / -2.5,False,37,-5.03,0.52
USDJPY,B_london,B_london_rev|ref19-21o1|act06-10|rev_cf|b0.5|a10|m1.5|tpopp|x11,115,-1.67,58.26,0.93,5.03,+0.4 / +1.5 / -3.2,False,37,-2.53,0.73
USDJPY,B_london,B_london_rev|ref19-21o1|act07-10|rev|b0.25|a10|m1.0|tp0.5|x10,552,-37.31,68.12,0.79,40.9,-16.7 / +4.0 / -24.8,False,153,-16.91,0.68
USDJPY,B_london,B_london_rev|ref19-21o1|act07-10|rev|b0.25|a10|m1.0|tp0.5|x11,552,-39.32,68.3,0.79,42.92,-16.1 / +3.1 / -26.6,False,153,-18.15,0.67
USDJPY,B_london,B_london_rev|ref19-21o1|act07-10|rev|b0.25|a10|m1.0|tp0.75|x10,552,-32.77,58.33,0.86,41.0,-7.0 / -1.1 / -25.1,False,153,-20.46,0.7
USDJPY,B_london,B_london_rev|ref19-21o1|act07-10|rev|b0.25|a10|m1.0|tp0.75|x11,552,-31.87,57.97,0.86,40.58,-5.2 / -1.8 / -25.3,False,153,-21.16,0.71
USDJPY,B_london,B_london_rev|ref19-21o1|act07-10|rev|b0.25|a10|m1.0|tpopp|x10,552,-88.44,43.12,0.69,93.66,-21.9 / -28.4 / -37.4,False,153,-25.9,0.69
USDJPY,B_london,B_london_rev|ref19-21o1|act07-10|rev|b0.25|a10|m1.0|tpopp|x11,552,-84.32,41.85,0.72,91.07,-22.4 / -26.5 / -35.2,False,153,-23.95,0.73
USDJPY,B_london,B_london_rev|ref19-21o1|act07-10|rev|b0.25|a10|m1.5|tp0.5|x10,552,-24.87,62.32,0.85,30.5,-7.7 / +2.5 / -20.0,False,153,-17.76,0.65
USDJPY,B_london,B_london_rev|ref19-21o1|act07-10|rev|b0.25|a10|m1.5|tp0.5|x11,552,-23.6,63.22,0.86,29.23,-5.6 / +2.7 / -21.0,False,153,-17.33,0.68
USDJPY,B_london,B_london_rev|ref19-21o1|act07-10|rev|b0.25|a10|m1.5|tp0.75|x10,552,-37.57,51.45,0.81,44.42,-6.2 / -11.8 / -19.1,False,153,-21.05,0.65
USDJPY,B_london,B_london_rev|ref19-21o1|act07-10|rev|b0.25|a10|m1.5|tp0.75|x11,552,-38.32,51.81,0.82,45.06,-6.1 / -11.1 / -21.0,False,153,-21.02,0.67
USDJPY,B_london,B_london_rev|ref19-21o1|act07-10|rev|b0.25|a10|m1.5|tpopp|x10,552,-62.42,46.74,0.7,67.64,-16.8 / -14.1 / -31.1,False,153,-17.46,0.71
USDJPY,B_london,B_london_rev|ref19-21o1|act07-10|rev|b0.25|a10|m1.5|tpopp|x11,552,-60.66,46.74,0.73,66.87,-18.2 / -12.1 / -30.2,False,153,-16.22,0.75
USDJPY,B_london,B_london_rev|ref19-21o1|act07-10|rev|b0.5|a10|m1.0|tp0.5|x10,524,-37.24,68.13,0.79,40.23,-16.2 / -0.5 / -20.9,False,146,-9.88,0.78
USDJPY,B_london,B_london_rev|ref19-21o1|act07-10|rev|b0.5|a10|m1.0|tp0.5|x11,524,-39.76,68.13,0.78,42.75,-16.0 / -1.0 / -23.1,False,146,-11.35,0.76
USDJPY,B_london,B_london_rev|ref19-21o1|act07-10|rev|b0.5|a10|m1.0|tp0.75|x10,524,-22.52,59.73,0.89,32.75,-0.2 / +1.7 / -24.6,False,146,-7.99,0.86
USDJPY,B_london,B_london_rev|ref19-21o1|act07-10|rev|b0.5|a10|m1.0|tp0.75|x11,524,-26.32,58.97,0.88,36.86,-0.5 / -0.5 / -25.8,False,146,-9.53,0.85
USDJPY,B_london,B_london_rev|ref19-21o1|act07-10|rev|b0.5|a10|m1.0|tpopp|x10,524,-76.27,43.32,0.72,79.81,-15.6 / -24.3 / -35.7,False,146,-17.6,0.77
USDJPY,B_london,B_london_rev|ref19-21o1|act07-10|rev|b0.5|a10|m1.0|tpopp|x11,524,-74.3,41.6,0.74,79.37,-16.8 / -24.5 / -32.8,False,146,-15.41,0.81
USDJPY,B_london,B_london_rev|ref19-21o1|act07-10|rev|b0.5|a10|m1.5|tp0.5|x10,524,-16.83,63.93,0.89,22.65,-4.6 / +2.8 / -15.4,False,146,-9.8,0.78
USDJPY,B_london,B_london_rev|ref19-21o1|act07-10|rev|b0.5|a10|m1.5|tp0.5|x11,524,-15.99,64.5,0.9,23.21,-4.3 / +3.7 / -15.7,False,146,-9.3,0.8
USDJPY,B_london,B_london_rev|ref19-21o1|act07-10|rev|b0.5|a10|m1.5|tp0.75|x10,524,-38.11,51.91,0.8,42.64,-6.6 / -11.7 / -19.3,False,146,-11.54,0.78
USDJPY,B_london,B_london_rev|ref19-21o1|act07-10|rev|b0.5|a10|m1.5|tp0.75|x11,524,-37.75,51.53,0.81,43.13,-6.5 / -11.2 / -19.9,False,146,-8.85,0.83
USDJPY,B_london,B_london_rev|ref19-21o1|act07-10|rev|b0.5|a10|m1.5|tpopp|x10,524,-56.55,46.56,0.71,60.76,-13.8 / -13.9 / -28.4,False,146,-12.5,0.77
USDJPY,B_london,B_london_rev|ref19-21o1|act07-10|rev|b0.5|a10|m1.5|tpopp|x11,524,-53.67,46.18,0.74,58.82,-14.9 / -12.4 / -26.2,False,146,-9.93,0.83
USDJPY,B_london,B_london_rev|ref19-21o1|act07-10|rev|b0.75|a10|m1.0|tp0.5|x10,480,-20.93,69.38,0.86,24.17,-16.2 / +10.8 / -15.8,False,133,-5.24,0.86
USDJPY,B_london,B_london_rev|ref19-21o1|act07-10|rev|b0.75|a10|m1.0|tp0.5|x11,480,-24.61,69.38,0.84,27.85,-16.8 / +10.3 / -18.4,False,133,-8.24,0.8
USDJPY,B_london,B_london_rev|ref19-21o1|act07-10|rev|b0.75|a10|m1.0|tp0.75|x10,480,-18.23,59.58,0.91,23.9,-5.9 / +5.7 / -18.6,False,133,-6.74,0.87
USDJPY,B_london,B_london_rev|ref19-21o1|act07-10|rev|b0.75|a10|m1.0|tp0.75|x11,480,-21.45,59.17,0.89,27.3,-7.0 / +4.6 / -19.6,False,133,-9.15,0.84
USDJPY,B_london,B_london_rev|ref19-21o1|act07-10|rev|b0.75|a10|m1.0|tpopp|x10,480,-73.48,41.04,0.71,75.67,-16.3 / -20.0 / -36.4,False,133,-12.9,0.81
USDJPY,B_london,B_london_rev|ref19-21o1|act07-10|rev|b0.75|a10|m1.0|tpopp|x11,480,-75.77,38.75,0.72,79.01,-18.9 / -21.2 / -35.5,False,133,-13.43,0.82
USDJPY,B_london,B_london_rev|ref19-21o1|act07-10|rev|b0.75|a10|m1.5|tp0.5|x10,480,-12.95,63.75,0.91,16.29,-10.5 / +8.8 / -11.6,False,133,-3.43,0.9
USDJPY,B_london,B_london_rev|ref19-21o1|act07-10|rev|b0.75|a10|m1.5|tp0.5|x11,480,-11.45,65.0,0.92,14.79,-9.9 / +10.1 / -12.0,False,133,-4.31,0.89
USDJPY,B_london,B_london_rev|ref19-21o1|act07-10|rev|b0.75|a10|m1.5|tp0.75|x10,480,-26.94,52.08,0.84,29.39,-5.9 / -5.8 / -14.8,False,133,-4.69,0.89
USDJPY,B_london,B_london_rev|ref19-21o1|act07-10|rev|b0.75|a10|m1.5|tp0.75|x11,480,-28.28,51.46,0.84,30.92,-7.0 / -4.7 / -16.5,False,133,-2.76,0.94
USDJPY,B_london,B_london_rev|ref19-21o1|act07-10|rev|b0.75|a10|m1.5|tpopp|x10,480,-54.54,44.58,0.7,57.12,-16.8 / -11.8 / -25.5,False,133,-6.11,0.87
USDJPY,B_london,B_london_rev|ref19-21o1|act07-10|rev|b0.75|a10|m1.5|tpopp|x11,480,-50.5,43.96,0.74,53.86,-17.3 / -8.4 / -24.7,False,133,-4.5,0.91
USDJPY,B_london,B_london_rev|ref19-21o1|act07-10|rev_cf|b0.25|a10|m1.0|tp0.5|x10,141,-12.78,62.41,0.72,14.08,-4.9 / -5.8 / -0.9,False,47,-9.12,0.48
USDJPY,B_london,B_london_rev|ref19-21o1|act07-10|rev_cf|b0.25|a10|m1.0|tp0.5|x11,141,-9.61,65.25,0.78,11.25,-3.0 / -6.4 / +1.0,False,47,-5.25,0.65
USDJPY,B_london,B_london_rev|ref19-21o1|act07-10|rev_cf|b0.25|a10|m1.0|tp0.75|x10,141,-13.53,51.77,0.76,14.94,-5.7 / -3.3 / -3.5,False,47,-10.82,0.46
USDJPY,B_london,B_london_rev|ref19-21o1|act07-10|rev_cf|b0.25|a10|m1.0|tp0.75|x11,141,-12.41,53.19,0.77,14.48,-4.2 / -4.0 / -3.0,False,47,-6.96,0.63
USDJPY,B_london,B_london_rev|ref19-21o1|act07-10|rev_cf|b0.25|a10|m1.0|tpopp|x10,141,-9.65,54.61,0.79,10.68,-2.7 / -3.0 / -2.8,False,47,-10.17,0.44
USDJPY,B_london,B_london_rev|ref19-21o1|act07-10|rev_cf|b0.25|a10|m1.0|tpopp|x11,141,-12.33,54.61,0.73,13.47,-2.9 / -5.1 / -3.2,False,47,-7.64,0.56
USDJPY,B_london,B_london_rev|ref19-21o1|act07-10|rev_cf|b0.25|a10|m1.5|tp0.5|x10,141,-11.41,53.19,0.72,11.85,-3.9 / -4.5 / -2.5,False,47,-7.83,0.44
USDJPY,B_london,B_london_rev|ref19-21o1|act07-10|rev_cf|b0.25|a10|m1.5|tp0.5|x11,141,-9.61,54.61,0.75,11.0,-2.8 / -4.1 / -2.2,False,47,-4.18,0.65
USDJPY,B_london,B_london_rev|ref19-21o1|act07-10|rev_cf|b0.25|a10|m1.5|tp0.75|x10,141,-7.23,48.94,0.84,11.48,-2.1 / -6.2 / +1.6,False,47,-7.27,0.49
USDJPY,B_london,B_london_rev|ref19-21o1|act07-10|rev_cf|b0.25|a10|m1.5|tp0.75|x11,141,-3.56,50.35,0.91,7.55,-1.7 / -2.2 / +0.7,False,47,-4.11,0.68
USDJPY,B_london,B_london_rev|ref19-21o1|act07-10|rev_cf|b0.25|a10|m1.5|tpopp|x10,141,-6.79,56.74,0.79,7.85,-1.5 / -2.8 / -2.0,False,47,-7.4,0.42
USDJPY,B_london,B_london_rev|ref19-21o1|act07-10|rev_cf|b0.25|a10|m1.5|tpopp|x11,141,-7.49,57.45,0.75,9.07,-0.8 / -3.8 / -2.5,False,47,-4.09,0.62
USDJPY,B_london,B_london_rev|ref19-21o1|act07-10|rev_cf|b0.5|a10|m1.0|tp0.5|x10,88,-0.16,68.18,0.99,6.58,+0.3 / -0.1 / +0.8,False,30,-7.4,0.42
USDJPY,B_london,B_london_rev|ref19-21o1|act07-10|rev_cf|b0.5|a10|m1.0|tp0.5|x11,88,3.7,72.73,1.19,4.07,+1.8 / +1.5 / +1.6,True,30,-4.68,0.58
USDJPY,B_london,B_london_rev|ref19-21o1|act07-10|rev_cf|b0.5|a10|m1.0|tp0.75|x10,88,1.2,57.95,1.04,7.48,-0.2 / +1.1 / +1.4,False,30,-8.34,0.44
USDJPY,B_london,B_london_rev|ref19-21o1|act07-10|rev_cf|b0.5|a10|m1.0|tp0.75|x11,88,4.27,61.36,1.17,4.89,+1.6 / +2.4 / +1.4,True,30,-5.24,0.61
USDJPY,B_london,B_london_rev|ref19-21o1|act07-10|rev_cf|b0.5|a10|m1.0|tpopp|x10,88,0.12,57.95,1.01,4.89,+0.2 / +3.5 / -2.5,False,30,-8.54,0.37
USDJPY,B_london,B_london_rev|ref19-21o1|act07-10|rev_cf|b0.5|a10|m1.0|tpopp|x11,88,0.28,57.95,1.01,5.41,+2.6 / +1.7 / -2.9,False,30,-5.81,0.53
USDJPY,B_london,B_london_rev|ref19-21o1|act07-10|rev_cf|b0.5|a10|m1.5|tp0.5|x10,88,1.28,59.09,1.07,4.16,+0.2 / +1.3 / +0.3,True,30,-6.45,0.4
USDJPY,B_london,B_london_rev|ref19-21o1|act07-10|rev_cf|b0.5|a10|m1.5|tp0.5|x11,88,4.33,62.5,1.27,2.38,+0.8 / +3.1 / +0.8,True,30,-3.5,0.61
USDJPY,B_london,B_london_rev|ref19-21o1|act07-10|rev_cf|b0.5|a10|m1.5|tp0.75|x10,88,4.7,54.55,1.21,4.06,-0.4 / +4.1 / +1.6,False,30,-6.57,0.4
USDJPY,B_london,B_london_rev|ref19-21o1|act07-10|rev_cf|b0.5|a10|m1.5|tp0.75|x11,88,8.18,57.95,1.48,2.94,+1.4 / +5.0 / +2.2,True,30,-3.02,0.68
USDJPY,B_london,B_london_rev|ref19-21o1|act07-10|rev_cf|b0.5|a10|m1.5|tpopp|x10,88,2.14,60.23,1.14,3.04,+0.8 / +3.0 / -1.1,False,30,-6.25,0.35
USDJPY,B_london,B_london_rev|ref19-21o1|act07-10|rev_cf|b0.5|a10|m1.5|tpopp|x11,88,2.2,60.23,1.17,2.57,+2.5 / +2.2 / -2.0,False,30,-3.05,0.61
USDJPY,B_london,B_london_rev|ref00-05o1|act06-09|rev|b0.25|a10|m1.0|tp0.5|x10,482,-46.59,67.63,0.73,47.26,-23.9 / +3.8 / -26.8,False,141,-7.73,0.82
USDJPY,B_london,B_london_rev|ref00-05o1|act06-09|rev|b0.25|a10|m1.0|tp0.5|x11,482,-46.87,67.63,0.73,47.54,-24.2 / +3.8 / -26.8,False,141,-7.73,0.82
USDJPY,B_london,B_london_rev|ref00-05o1|act06-09|rev|b0.25|a10|m1.0|tp0.75|x10,482,-32.03,58.92,0.85,32.92,-19.3 / +13.9 / -27.2,False,141,0.31,1.01
USDJPY,B_london,B_london_rev|ref00-05o1|act06-09|rev|b0.25|a10|m1.0|tp0.75|x11,482,-34.15,58.92,0.84,35.04,-19.3 / +12.2 / -27.6,False,141,1.48,1.03
USDJPY,B_london,B_london_rev|ref00-05o1|act06-09|rev|b0.25|a10|m1.0|tpopp|x10,482,-89.21,35.89,0.7,88.01,-45.0 / +14.1 / -57.5,False,141,-14.13,0.82
USDJPY,B_london,B_london_rev|ref00-05o1|act06-09|rev|b0.25|a10|m1.0|tpopp|x11,482,-92.32,34.02,0.7,91.13,-45.7 / +13.6 / -59.9,False,141,-11.99,0.86
USDJPY,B_london,B_london_rev|ref00-05o1|act06-09|rev|b0.25|a10|m1.5|tp0.5|x10,482,-19.64,65.35,0.87,20.18,-13.7 / +13.3 / -19.6,False,141,0.16,1.0
USDJPY,B_london,B_london_rev|ref00-05o1|act06-09|rev|b0.25|a10|m1.5|tp0.5|x11,482,-19.95,66.39,0.87,20.72,-13.0 / +12.8 / -20.1,False,141,1.2,1.03
USDJPY,B_london,B_london_rev|ref00-05o1|act06-09|rev|b0.25|a10|m1.5|tp0.75|x10,482,-24.52,53.73,0.87,29.26,-10.9 / +14.9 / -28.1,False,141,-10.01,0.8
USDJPY,B_london,B_london_rev|ref00-05o1|act06-09|rev|b0.25|a10|m1.5|tp0.75|x11,482,-28.99,54.56,0.85,34.23,-11.3 / +15.8 / -33.3,False,141,-11.47,0.78
USDJPY,B_london,B_london_rev|ref00-05o1|act06-09|rev|b0.25|a10|m1.5|tpopp|x10,482,-61.02,40.87,0.72,60.17,-34.7 / +18.7 / -44.5,False,141,-12.6,0.78
USDJPY,B_london,B_london_rev|ref00-05o1|act06-09|rev|b0.25|a10|m1.5|tpopp|x11,482,-63.25,40.66,0.72,62.63,-37.2 / +21.6 / -47.4,False,141,-10.06,0.84
USDJPY,B_london,B_london_rev|ref00-05o1|act06-09|rev|b0.5|a10|m1.0|tp0.5|x10,465,-39.16,68.6,0.76,39.82,-20.1 / +3.8 / -23.1,False,139,-6.07,0.85
USDJPY,B_london,B_london_rev|ref00-05o1|act06-09|rev|b0.5|a10|m1.0|tp0.5|x11,465,-38.99,68.82,0.76,39.66,-20.1 / +4.0 / -23.1,False,139,-6.89,0.83
USDJPY,B_london,B_london_rev|ref00-05o1|act06-09|rev|b0.5|a10|m1.0|tp0.75|x10,465,-20.16,60.65,0.9,22.37,-16.5 / +14.1 / -18.3,False,139,1.84,1.04
USDJPY,B_london,B_london_rev|ref00-05o1|act06-09|rev|b0.5|a10|m1.0|tp0.75|x11,465,-20.59,60.86,0.9,22.31,-16.4 / +14.5 / -19.2,False,139,2.06,1.04
USDJPY,B_london,B_london_rev|ref00-05o1|act06-09|rev|b0.5|a10|m1.0|tpopp|x10,465,-79.8,36.99,0.72,78.61,-42.3 / +14.9 / -51.6,False,139,-7.43,0.9
USDJPY,B_london,B_london_rev|ref00-05o1|act06-09|rev|b0.5|a10|m1.0|tpopp|x11,465,-83.2,35.05,0.72,82.0,-44.1 / +16.9 / -55.7,False,139,-6.86,0.92
USDJPY,B_london,B_london_rev|ref00-05o1|act06-09|rev|b0.5|a10|m1.5|tp0.5|x10,465,-9.79,67.1,0.93,14.34,-10.3 / +12.3 / -12.1,False,139,0.04,1.0
USDJPY,B_london,B_london_rev|ref00-05o1|act06-09|rev|b0.5|a10|m1.5|tp0.5|x11,465,-8.91,68.39,0.94,15.26,-9.6 / +13.3 / -13.0,False,139,1.58,1.04
USDJPY,B_london,B_london_rev|ref00-05o1|act06-09|rev|b0.5|a10|m1.5|tp0.75|x10,465,-25.14,54.19,0.86,26.22,-11.6 / +11.3 / -24.3,False,139,-5.01,0.89
USDJPY,B_london,B_london_rev|ref00-05o1|act06-09|rev|b0.5|a10|m1.5|tp0.75|x11,465,-28.26,54.84,0.85,30.38,-10.7 / +11.4 / -28.7,False,139,-4.91,0.9
USDJPY,B_london,B_london_rev|ref00-05o1|act06-09|rev|b0.5|a10|m1.5|tpopp|x10,465,-55.69,42.15,0.73,54.84,-33.0 / +18.2 / -40.4,False,139,-9.0,0.84
USDJPY,B_london,B_london_rev|ref00-05o1|act06-09|rev|b0.5|a10|m1.5|tpopp|x11,465,-57.45,41.29,0.74,56.83,-35.2 / +21.7 / -43.7,False,139,-6.64,0.89
USDJPY,B_london,B_london_rev|ref00-05o1|act06-09|rev|b0.75|a10|m1.0|tp0.5|x10,439,-46.47,67.2,0.71,47.14,-19.8 / -2.5 / -24.5,False,129,-4.43,0.88
USDJPY,B_london,B_london_rev|ref00-05o1|act06-09|rev|b0.75|a10|m1.0|tp0.5|x11,439,-46.34,67.43,0.71,47.02,-19.3 / -2.8 / -24.5,False,129,-4.43,0.88
USDJPY,B_london,B_london_rev|ref00-05o1|act06-09|rev|b0.75|a10|m1.0|tp0.75|x10,439,-32.97,58.54,0.83,33.86,-14.4 / +5.2 / -24.3,False,129,0.2,1.0
USDJPY,B_london,B_london_rev|ref00-05o1|act06-09|rev|b0.75|a10|m1.0|tp0.75|x11,439,-32.3,58.77,0.83,33.19,-13.5 / +6.1 / -25.5,False,129,0.49,1.01
USDJPY,B_london,B_london_rev|ref00-05o1|act06-09|rev|b0.75|a10|m1.0|tpopp|x10,439,-88.81,35.76,0.68,87.62,-36.8 / +6.2 / -57.4,False,129,-8.87,0.88
USDJPY,B_london,B_london_rev|ref00-05o1|act06-09|rev|b0.75|a10|m1.0|tpopp|x11,439,-90.43,33.71,0.68,89.23,-39.2 / +9.0 / -60.0,False,129,-5.98,0.92
USDJPY,B_london,B_london_rev|ref00-05o1|act06-09|rev|b0.75|a10|m1.5|tp0.5|x10,439,-12.66,66.29,0.9,13.21,-6.7 / +5.7 / -12.0,False,129,0.49,1.02
USDJPY,B_london,B_london_rev|ref00-05o1|act06-09|rev|b0.75|a10|m1.5|tp0.5|x11,439,-11.47,67.43,0.91,14.11,-5.5 / +7.1 / -13.4,False,129,1.34,1.04
USDJPY,B_london,B_london_rev|ref00-05o1|act06-09|rev|b0.75|a10|m1.5|tp0.75|x10,439,-24.51,53.76,0.85,27.7,-3.1 / +4.9 / -25.7,False,129,-7.46,0.83
USDJPY,B_london,B_london_rev|ref00-05o1|act06-09|rev|b0.75|a10|m1.5|tp0.75|x11,439,-27.81,53.99,0.84,32.19,-2.8 / +5.7 / -30.5,False,129,-7.54,0.83
USDJPY,B_london,B_london_rev|ref00-05o1|act06-09|rev|b0.75|a10|m1.5|tpopp|x10,439,-62.13,41.0,0.69,61.29,-27.5 / +9.9 / -44.0,False,129,-9.09,0.82
USDJPY,B_london,B_london_rev|ref00-05o1|act06-09|rev|b0.75|a10|m1.5|tpopp|x11,439,-63.1,39.86,0.7,62.48,-29.6 / +13.6 / -46.9,False,129,-6.29,0.88
USDJPY,B_london,B_london_rev|ref00-05o1|act06-09|rev_cf|b0.25|a10|m1.0|tp0.5|x10,85,-10.69,62.35,0.66,12.18,-3.7 / -1.9 / -3.9,False,29,-12.62,0.25
USDJPY,B_london,B_london_rev|ref00-05o1|act06-09|rev_cf|b0.25|a10|m1.0|tp0.5|x11,85,-10.57,65.88,0.67,12.06,-4.0 / -2.3 / -3.2,False,29,-10.92,0.32
USDJPY,B_london,B_london_rev|ref00-05o1|act06-09|rev_cf|b0.25|a10|m1.0|tp0.75|x10,85,-10.34,51.76,0.72,10.95,-6.0 / +0.2 / -3.4,False,29,-13.45,0.3
USDJPY,B_london,B_london_rev|ref00-05o1|act06-09|rev_cf|b0.25|a10|m1.0|tp0.75|x11,85,-8.92,55.29,0.76,10.21,-5.4 / -0.2 / -2.1,False,29,-12.71,0.32
USDJPY,B_london,B_london_rev|ref00-05o1|act06-09|rev_cf|b0.25|a10|m1.0|tpopp|x10,85,-3.55,45.88,0.91,11.73,-9.1 / +5.5 / +1.1,False,29,-13.04,0.36
USDJPY,B_london,B_london_rev|ref00-05o1|act06-09|rev_cf|b0.25|a10|m1.0|tpopp|x11,85,-2.16,48.24,0.95,11.6,-8.6 / +6.1 / +1.5,False,29,-12.8,0.36
USDJPY,B_london,B_london_rev|ref00-05o1|act06-09|rev_cf|b0.25|a10|m1.5|tp0.5|x10,85,-3.91,56.47,0.83,5.43,-4.1 / +1.7 / -0.4,False,29,-6.6,0.37
USDJPY,B_london,B_london_rev|ref00-05o1|act06-09|rev_cf|b0.25|a10|m1.5|tp0.5|x11,85,-2.32,58.82,0.9,5.5,-2.9 / +0.5 / +1.2,False,29,-5.9,0.43
USDJPY,B_london,B_london_rev|ref00-05o1|act06-09|rev_cf|b0.25|a10|m1.5|tp0.75|x10,85,-0.46,51.76,0.98,6.65,-4.9 / +2.9 / +2.7,False,29,-6.81,0.39
USDJPY,B_london,B_london_rev|ref00-05o1|act06-09|rev_cf|b0.25|a10|m1.5|tp0.75|x11,85,2.5,54.12,1.1,6.02,-4.0 / +2.9 / +4.6,False,29,-6.17,0.45
USDJPY,B_london,B_london_rev|ref00-05o1|act06-09|rev_cf|b0.25|a10|m1.5|tpopp|x10,85,1.15,50.59,1.05,7.35,-5.6 / +5.2 / +2.7,False,29,-6.21,0.44
USDJPY,B_london,B_london_rev|ref00-05o1|act06-09|rev_cf|b0.25|a10|m1.5|tpopp|x11,85,2.67,50.59,1.11,6.45,-4.4 / +4.5 / +3.7,False,29,-4.7,0.58
USDJPY,B_london,B_london_rev|ref00-05o1|act06-10|rev|b0.25|a10|m1.0|tp0.5|x10,491,-46.34,67.82,0.73,47.01,-21.5 / +0.5 / -25.6,False,148,-7.51,0.83
USDJPY,B_london,B_london_rev|ref00-05o1|act06-10|rev|b0.25|a10|m1.0|tp0.5|x11,491,-46.52,67.82,0.73,47.19,-21.8 / +0.6 / -25.6,False,148,-7.87,0.82
USDJPY,B_london,B_london_rev|ref00-05o1|act06-10|rev|b0.25|a10|m1.0|tp0.75|x10,491,-31.01,59.06,0.85,31.9,-15.9 / +10.4 / -26.0,False,148,0.91,1.02
USDJPY,B_london,B_london_rev|ref00-05o1|act06-10|rev|b0.25|a10|m1.0|tp0.75|x11,491,-32.51,59.27,0.85,33.4,-15.9 / +8.6 / -25.7,False,148,1.81,1.03
USDJPY,B_london,B_london_rev|ref00-05o1|act06-10|rev|b0.25|a10|m1.0|tpopp|x10,491,-91.62,36.05,0.7,90.43,-43.9 / +8.3 / -55.2,False,148,-14.2,0.83
USDJPY,B_london,B_london_rev|ref00-05o1|act06-10|rev|b0.25|a10|m1.0|tpopp|x11,491,-93.6,34.42,0.7,92.41,-43.4 / +7.1 / -57.0,False,148,-10.1,0.89
USDJPY,B_london,B_london_rev|ref00-05o1|act06-10|rev|b0.25|a10|m1.5|tp0.5|x10,491,-18.12,65.58,0.88,20.11,-9.6 / +9.9 / -18.8,False,148,1.72,1.05
USDJPY,B_london,B_london_rev|ref00-05o1|act06-10|rev|b0.25|a10|m1.5|tp0.5|x11,491,-18.02,66.8,0.88,20.16,-8.9 / +9.4 / -18.8,False,148,2.59,1.07
USDJPY,B_london,B_london_rev|ref00-05o1|act06-10|rev|b0.25|a10|m1.5|tp0.75|x10,491,-21.93,54.18,0.88,29.35,-6.0 / +11.3 / -26.8,False,148,-8.33,0.83
USDJPY,B_london,B_london_rev|ref00-05o1|act06-10|rev|b0.25|a10|m1.5|tp0.75|x11,491,-25.8,55.19,0.87,33.89,-6.1 / +12.1 / -31.6,False,148,-9.24,0.83
USDJPY,B_london,B_london_rev|ref00-05o1|act06-10|rev|b0.25|a10|m1.5|tpopp|x10,491,-61.28,41.14,0.72,60.43,-31.6 / +13.9 / -43.0,False,148,-11.94,0.79
USDJPY,B_london,B_london_rev|ref00-05o1|act06-10|rev|b0.25|a10|m1.5|tpopp|x11,491,-63.77,41.14,0.72,63.15,-34.0 / +15.9 / -45.4,False,148,-8.09,0.87
USDJPY,B_london,B_london_rev|ref00-05o1|act06-10|rev|b0.5|a10|m1.0|tp0.5|x10,474,-39.31,68.57,0.76,39.98,-18.2 / +2.1 / -23.5,False,142,-7.34,0.83
USDJPY,B_london,B_london_rev|ref00-05o1|act06-10|rev|b0.5|a10|m1.0|tp0.5|x11,474,-39.65,68.78,0.76,40.31,-18.7 / +2.3 / -23.5,False,142,-8.52,0.8
USDJPY,B_london,B_london_rev|ref00-05o1|act06-10|rev|b0.5|a10|m1.0|tp0.75|x10,474,-18.82,60.76,0.91,20.72,-13.8 / +12.6 / -18.2,False,142,0.82,1.02
USDJPY,B_london,B_london_rev|ref00-05o1|act06-10|rev|b0.5|a10|m1.0|tp0.75|x11,474,-19.75,60.97,0.9,21.44,-14.2 / +13.0 / -19.0,False,142,0.68,1.01
USDJPY,B_london,B_london_rev|ref00-05o1|act06-10|rev|b0.5|a10|m1.0|tpopp|x10,474,-82.47,36.92,0.72,81.28,-40.5 / +9.5 / -50.7,False,142,-8.72,0.89
USDJPY,B_london,B_london_rev|ref00-05o1|act06-10|rev|b0.5|a10|m1.0|tpopp|x11,474,-86.61,35.02,0.71,85.41,-42.8 / +10.3 / -53.8,False,142,-8.22,0.9
USDJPY,B_london,B_london_rev|ref00-05o1|act06-10|rev|b0.5|a10|m1.5|tp0.5|x10,474,-8.49,67.09,0.94,14.34,-8.2 / +10.9 / -11.5,False,142,0.53,1.01
USDJPY,B_london,B_london_rev|ref00-05o1|act06-10|rev|b0.5|a10|m1.5|tp0.5|x11,474,-7.89,68.57,0.94,15.26,-7.8 / +11.7 / -12.1,False,142,1.82,1.05
USDJPY,B_london,B_london_rev|ref00-05o1|act06-10|rev|b0.5|a10|m1.5|tp0.75|x10,474,-24.66,54.22,0.86,26.39,-8.8 / +8.4 / -23.7,False,142,-4.46,0.9
USDJPY,B_london,B_london_rev|ref00-05o1|act06-10|rev|b0.5|a10|m1.5|tp0.75|x11,474,-27.5,55.06,0.85,29.69,-8.2 / +8.3 / -27.3,False,142,-4.16,0.92
USDJPY,B_london,B_london_rev|ref00-05o1|act06-10|rev|b0.5|a10|m1.5|tpopp|x10,474,-57.39,41.98,0.73,56.55,-31.5 / +13.9 / -39.3,False,142,-8.99,0.84
USDJPY,B_london,B_london_rev|ref00-05o1|act06-10|rev|b0.5|a10|m1.5|tpopp|x11,474,-59.79,41.35,0.73,59.17,-34.1 / +16.2 / -41.7,False,142,-6.68,0.89
USDJPY,B_london,B_london_rev|ref00-05o1|act06-10|rev|b0.75|a10|m1.0|tp0.5|x10,454,-42.36,68.06,0.74,43.04,-19.4 / +2.2 / -25.5,False,135,-4.65,0.88
USDJPY,B_london,B_london_rev|ref00-05o1|act06-10|rev|b0.75|a10|m1.0|tp0.5|x11,454,-41.98,68.28,0.74,42.65,-18.9 / +2.2 / -25.5,False,135,-5.01,0.87
USDJPY,B_london,B_london_rev|ref00-05o1|act06-10|rev|b0.75|a10|m1.0|tp0.75|x10,454,-28.93,59.03,0.85,29.82,-13.6 / +8.7 / -24.6,False,135,0.98,1.02
USDJPY,B_london,B_london_rev|ref00-05o1|act06-10|rev|b0.75|a10|m1.0|tp0.75|x11,454,-28.08,59.25,0.86,28.97,-13.1 / +10.3 / -25.7,False,135,0.91,1.02
USDJPY,B_london,B_london_rev|ref00-05o1|act06-10|rev|b0.75|a10|m1.0|tpopp|x10,454,-89.16,36.12,0.68,87.96,-35.1 / +4.4 / -57.7,False,135,-9.23,0.87
USDJPY,B_london,B_london_rev|ref00-05o1|act06-10|rev|b0.75|a10|m1.0|tpopp|x11,454,-92.36,33.92,0.68,91.17,-36.9 / +6.2 / -61.4,False,135,-6.08,0.92
USDJPY,B_london,B_london_rev|ref00-05o1|act06-10|rev|b0.75|a10|m1.5|tp0.5|x10,454,-9.23,66.52,0.93,11.93,-6.5 / +8.7 / -11.9,False,135,1.38,1.04
USDJPY,B_london,B_london_rev|ref00-05o1|act06-10|rev|b0.75|a10|m1.5|tp0.5|x11,454,-7.68,67.84,0.94,12.86,-5.6 / +10.3 / -12.7,False,135,1.87,1.06
USDJPY,B_london,B_london_rev|ref00-05o1|act06-10|rev|b0.75|a10|m1.5|tp0.75|x10,454,-22.42,53.74,0.87,27.82,-2.2 / +6.5 / -26.2,False,135,-6.69,0.85
USDJPY,B_london,B_london_rev|ref00-05o1|act06-10|rev|b0.75|a10|m1.5|tp0.75|x11,454,-27.32,53.96,0.85,32.83,-2.1 / +6.6 / -31.5,False,135,-6.91,0.85
USDJPY,B_london,B_london_rev|ref00-05o1|act06-10|rev|b0.75|a10|m1.5|tpopp|x10,454,-61.96,41.19,0.7,61.11,-26.7 / +9.2 / -43.9,False,135,-8.96,0.83
USDJPY,B_london,B_london_rev|ref00-05o1|act06-10|rev|b0.75|a10|m1.5|tpopp|x11,454,-63.81,40.09,0.7,63.19,-28.4 / +11.8 / -47.1,False,135,-6.1,0.89
USDJPY,B_london,B_london_rev|ref00-05o1|act06-10|rev_cf|b0.25|a10|m1.0|tp0.5|x10,99,-12.82,62.63,0.65,14.68,-4.9 / +0.2 / -6.9,False,35,-13.51,0.29
USDJPY,B_london,B_london_rev|ref00-05o1|act06-10|rev_cf|b0.25|a10|m1.0|tp0.5|x11,99,-10.71,65.66,0.69,12.57,-4.2 / -0.9 / -4.5,False,35,-11.14,0.37
USDJPY,B_london,B_london_rev|ref00-05o1|act06-10|rev_cf|b0.25|a10|m1.0|tp0.75|x10,99,-11.97,52.53,0.73,13.09,-6.5 / +3.5 / -7.9,False,35,-13.33,0.38
USDJPY,B_london,B_london_rev|ref00-05o1|act06-10|rev_cf|b0.25|a10|m1.0|tp0.75|x11,99,-8.68,55.56,0.79,9.47,-5.1 / +2.0 / -4.4,False,35,-11.93,0.41
USDJPY,B_london,B_london_rev|ref00-05o1|act06-10|rev_cf|b0.25|a10|m1.0|tpopp|x10,99,-0.37,45.45,0.99,11.21,-4.5 / +11.0 / -5.7,False,35,-15.11,0.4
USDJPY,B_london,B_london_rev|ref00-05o1|act06-10|rev_cf|b0.25|a10|m1.0|tpopp|x11,99,-2.74,49.49,0.94,12.14,-9.0 / +8.8 / -1.3,False,35,-11.1,0.49
USDJPY,B_london,B_london_rev|ref00-05o1|act06-10|rev_cf|b0.25|a10|m1.5|tp0.5|x10,99,-1.0,60.61,0.96,6.29,-5.1 / +4.0 / +1.2,False,35,-5.68,0.51
USDJPY,B_london,B_london_rev|ref00-05o1|act06-10|rev_cf|b0.25|a10|m1.5|tp0.5|x11,99,-2.16,58.59,0.91,4.47,-2.8 / +2.0 / -0.2,False,35,-4.64,0.57
USDJPY,B_london,B_london_rev|ref00-05o1|act06-10|rev_cf|b0.25|a10|m1.5|tp0.75|x10,99,1.95,54.55,1.07,6.9,-5.2 / +6.4 / +1.9,False,35,-8.15,0.44
USDJPY,B_london,B_london_rev|ref00-05o1|act06-10|rev_cf|b0.25|a10|m1.5|tp0.75|x11,99,2.81,54.55,1.11,5.35,-3.3 / +4.3 / +2.9,False,35,-4.62,0.6
USDJPY,B_london,B_london_rev|ref00-05o1|act06-10|rev_cf|b0.25|a10|m1.5|tpopp|x10,99,7.16,52.53,1.23,7.0,-3.2 / +9.9 / +1.5,False,35,-8.92,0.43
USDJPY,B_london,B_london_rev|ref00-05o1|act06-10|rev_cf|b0.25|a10|m1.5|tpopp|x11,99,2.29,51.52,1.08,6.74,-4.7 / +6.3 / +1.8,False,35,-2.83,0.75
USDJPY,B_london,B_london_rev|ref00-05o1|act06-10|rev_cf|b0.5|a10|m1.0|tp0.5|x10,70,-7.38,65.71,0.71,8.72,-4.3 / +2.9 / -4.8,False,25,-11.51,0.24
USDJPY,B_london,B_london_rev|ref00-05o1|act06-10|rev_cf|b0.5|a10|m1.0|tp0.5|x11,70,-6.17,65.71,0.74,7.02,-3.9 / +2.2 / -4.6,False,25,-11.36,0.26
USDJPY,B_london,B_london_rev|ref00-05o1|act06-10|rev_cf|b0.5|a10|m1.0|tp0.75|x10,70,-4.46,57.14,0.85,7.97,-3.0 / +5.4 / -5.7,False,25,-9.34,0.38
USDJPY,B_london,B_london_rev|ref00-05o1|act06-10|rev_cf|b0.5|a10|m1.0|tp0.75|x11,70,-1.87,58.57,0.93,5.13,-2.4 / +4.7 / -4.2,False,25,-9.77,0.37
USDJPY,B_london,B_london_rev|ref00-05o1|act06-10|rev_cf|b0.5|a10|m1.0|tpopp|x10,70,4.08,50.0,1.12,7.83,+1.8 / +9.0 / -5.6,False,25,-7.76,0.5
USDJPY,B_london,B_london_rev|ref00-05o1|act06-10|rev_cf|b0.5|a10|m1.0|tpopp|x11,70,2.56,51.43,1.09,6.73,-4.0 / +9.7 / -3.3,False,25,-9.93,0.39
USDJPY,B_london,B_london_rev|ref00-05o1|act06-10|rev_cf|b0.5|a10|m1.5|tp0.5|x10,70,4.4,67.14,1.3,1.98,+0.8 / +3.2 / +0.0,True,25,-4.19,0.48
USDJPY,B_london,B_london_rev|ref00-05o1|act06-10|rev_cf|b0.5|a10|m1.5|tp0.5|x11,70,2.49,61.43,1.18,2.14,+0.9 / +3.4 / -1.8,False,25,-3.9,0.51
USDJPY,B_london,B_london_rev|ref00-05o1|act06-10|rev_cf|b0.5|a10|m1.5|tp0.75|x10,70,6.61,60.0,1.36,2.25,+2.3 / +2.9 / +0.7,True,25,-6.15,0.38
USDJPY,B_london,B_london_rev|ref00-05o1|act06-10|rev_cf|b0.5|a10|m1.5|tp0.75|x11,70,7.18,57.14,1.46,1.89,+1.9 / +5.1 / +0.1,True,25,-5.12,0.41
USDJPY,B_london,B_london_rev|ref00-05o1|act06-10|rev_cf|b0.5|a10|m1.5|tpopp|x10,70,8.96,57.14,1.44,3.5,+4.8 / +4.9 / -2.4,False,25,-2.69,0.66
USDJPY,B_london,B_london_rev|ref00-05o1|act06-10|rev_cf|b0.5|a10|m1.5|tpopp|x11,70,5.84,52.86,1.37,2.56,+0.5 / +6.5 / -1.2,False,25,-3.51,0.55
USDJPY,B_london,B_london_rev|ref00-05o1|act07-10|rev|b0.25|a10|m1.0|tp0.5|x10,478,-32.97,68.2,0.79,35.39,-18.5 / +1.4 / -16.1,False,147,-5.8,0.86
USDJPY,B_london,B_london_rev|ref00-05o1|act07-10|rev|b0.25|a10|m1.0|tp0.5|x11,478,-33.45,68.83,0.79,35.87,-18.0 / +2.7 / -18.4,False,147,-6.47,0.85
USDJPY,B_london,B_london_rev|ref00-05o1|act07-10|rev|b0.25|a10|m1.0|tp0.75|x10,478,-28.14,57.95,0.86,29.21,-18.5 / +8.9 / -19.1,False,147,-16.71,0.73
USDJPY,B_london,B_london_rev|ref00-05o1|act07-10|rev|b0.25|a10|m1.0|tp0.75|x11,478,-28.49,58.58,0.86,29.55,-16.6 / +9.0 / -21.4,False,147,-15.08,0.77
USDJPY,B_london,B_london_rev|ref00-05o1|act07-10|rev|b0.25|a10|m1.0|tpopp|x10,478,-87.26,39.12,0.67,86.31,-43.4 / -4.5 / -38.7,False,147,-21.04,0.73
USDJPY,B_london,B_london_rev|ref00-05o1|act07-10|rev|b0.25|a10|m1.0|tpopp|x11,478,-94.26,38.08,0.67,93.66,-46.8 / -7.3 / -40.0,False,147,-13.29,0.84
USDJPY,B_london,B_london_rev|ref00-05o1|act07-10|rev|b0.25|a10|m1.5|tp0.5|x10,478,-14.63,62.34,0.89,16.18,-14.2 / +14.5 / -15.3,False,147,-9.49,0.77
USDJPY,B_london,B_london_rev|ref00-05o1|act07-10|rev|b0.25|a10|m1.5|tp0.5|x11,478,-16.95,64.23,0.88,20.47,-14.2 / +16.5 / -19.6,False,147,-7.1,0.83
USDJPY,B_london,B_london_rev|ref00-05o1|act07-10|rev|b0.25|a10|m1.5|tp0.75|x10,478,-20.67,52.3,0.87,20.45,-20.1 / +12.8 / -12.9,False,147,-9.85,0.79
USDJPY,B_london,B_london_rev|ref00-05o1|act07-10|rev|b0.25|a10|m1.5|tp0.75|x11,478,-24.61,52.93,0.86,24.21,-20.0 / +14.4 / -18.9,False,147,-8.22,0.83
USDJPY,B_london,B_london_rev|ref00-05o1|act07-10|rev|b0.25|a10|m1.5|tpopp|x10,478,-51.58,42.89,0.72,50.95,-30.3 / +9.0 / -29.8,False,147,-11.41,0.77
USDJPY,B_london,B_london_rev|ref00-05o1|act07-10|rev|b0.25|a10|m1.5|tpopp|x11,478,-56.37,44.14,0.71,55.97,-34.4 / +14.0 / -35.8,False,147,-4.44,0.92
USDJPY,B_london,B_london_rev|ref00-05o1|act07-10|rev|b0.5|a10|m1.0|tp0.5|x10,455,-32.29,67.91,0.79,34.7,-19.4 / +2.7 / -15.9,False,139,-4.59,0.88
USDJPY,B_london,B_london_rev|ref00-05o1|act07-10|rev|b0.5|a10|m1.0|tp0.5|x11,455,-32.2,68.79,0.79,34.62,-19.0 / +4.0 / -17.4,False,139,-6.27,0.85
USDJPY,B_london,B_london_rev|ref00-05o1|act07-10|rev|b0.5|a10|m1.0|tp0.75|x10,455,-19.99,59.12,0.89,21.78,-18.9 / +13.2 / -14.8,False,139,-12.71,0.78
USDJPY,B_london,B_london_rev|ref00-05o1|act07-10|rev|b0.5|a10|m1.0|tp0.75|x11,455,-21.15,59.78,0.89,22.95,-17.5 / +13.8 / -18.0,False,139,-11.42,0.81
USDJPY,B_london,B_london_rev|ref00-05o1|act07-10|rev|b0.5|a10|m1.0|tpopp|x10,455,-81.86,39.12,0.68,80.91,-41.0 / -1.2 / -39.0,False,139,-14.34,0.8
USDJPY,B_london,B_london_rev|ref00-05o1|act07-10|rev|b0.5|a10|m1.0|tpopp|x11,455,-90.38,38.46,0.66,89.78,-45.3 / -3.6 / -41.2,False,139,-8.12,0.89
USDJPY,B_london,B_london_rev|ref00-05o1|act07-10|rev|b0.5|a10|m1.5|tp0.5|x10,455,-8.41,63.3,0.93,16.42,-14.9 / +17.2 / -11.1,False,139,-6.37,0.84
USDJPY,B_london,B_london_rev|ref00-05o1|act07-10|rev|b0.5|a10|m1.5|tp0.5|x11,455,-10.72,65.71,0.92,17.38,-15.3 / +20.1 / -15.8,False,139,-2.91,0.92
USDJPY,B_london,B_london_rev|ref00-05o1|act07-10|rev|b0.5|a10|m1.5|tp0.75|x10,455,-24.68,51.65,0.84,24.04,-22.1 / +10.6 / -12.8,False,139,-7.52,0.83
USDJPY,B_london,B_london_rev|ref00-05o1|act07-10|rev|b0.5|a10|m1.5|tp0.75|x11,455,-28.58,52.53,0.83,28.18,-22.7 / +11.8 / -17.6,False,139,-3.42,0.93
USDJPY,B_london,B_london_rev|ref00-05o1|act07-10|rev|b0.5|a10|m1.5|tpopp|x10,455,-51.94,42.42,0.7,51.3,-31.3 / +9.6 / -29.8,False,139,-8.78,0.82
USDJPY,B_london,B_london_rev|ref00-05o1|act07-10|rev|b0.5|a10|m1.5|tpopp|x11,455,-56.97,43.96,0.7,56.56,-35.2 / +14.0 / -35.6,False,139,-3.05,0.94
USDJPY,B_london,B_london_rev|ref00-05o1|act07-10|rev|b0.75|a10|m1.0|tp0.5|x10,435,-33.44,67.36,0.77,35.86,-17.4 / +0.7 / -17.0,False,130,-4.72,0.87
USDJPY,B_london,B_london_rev|ref00-05o1|act07-10|rev|b0.75|a10|m1.0|tp0.5|x11,435,-33.61,68.28,0.77,36.02,-17.6 / +2.2 / -18.6,False,130,-5.34,0.86
USDJPY,B_london,B_london_rev|ref00-05o1|act07-10|rev|b0.75|a10|m1.0|tp0.75|x10,435,-23.64,57.93,0.87,24.7,-15.3 / +9.7 / -18.6,False,130,-12.2,0.78
USDJPY,B_london,B_london_rev|ref00-05o1|act07-10|rev|b0.75|a10|m1.0|tp0.75|x11,435,-23.24,58.62,0.87,24.31,-14.8 / +11.9 / -20.9,False,130,-10.49,0.81
USDJPY,B_london,B_london_rev|ref00-05o1|act07-10|rev|b0.75|a10|m1.0|tpopp|x10,435,-86.69,38.16,0.64,85.74,-33.3 / -9.4 / -43.3,False,130,-14.43,0.79
USDJPY,B_london,B_london_rev|ref00-05o1|act07-10|rev|b0.75|a10|m1.0|tpopp|x11,435,-94.7,36.55,0.63,94.1,-36.9 / -10.1 / -47.6,False,130,-4.49,0.94
USDJPY,B_london,B_london_rev|ref00-05o1|act07-10|rev|b0.75|a10|m1.5|tp0.5|x10,435,-9.67,62.53,0.92,14.16,-12.1 / +15.8 / -13.7,False,130,-4.34,0.88
USDJPY,B_london,B_london_rev|ref00-05o1|act07-10|rev|b0.75|a10|m1.5|tp0.5|x11,435,-10.82,64.83,0.92,18.34,-12.6 / +19.2 / -17.7,False,130,-2.24,0.94
USDJPY,B_london,B_london_rev|ref00-05o1|act07-10|rev|b0.75|a10|m1.5|tp0.75|x10,435,-21.27,51.26,0.86,20.64,-15.4 / +9.4 / -14.8,False,130,-10.99,0.75
USDJPY,B_london,B_london_rev|ref00-05o1|act07-10|rev|b0.75|a10|m1.5|tp0.75|x11,435,-28.21,51.49,0.82,27.8,-15.6 / +8.9 / -21.4,False,130,-7.38,0.83
USDJPY,B_london,B_london_rev|ref00-05o1|act07-10|rev|b0.75|a10|m1.5|tpopp|x10,435,-56.24,41.61,0.66,55.6,-26.1 / +3.8 / -33.4,False,130,-6.95,0.85
USDJPY,B_london,B_london_rev|ref00-05o1|act07-10|rev|b0.75|a10|m1.5|tpopp|x11,435,-61.59,42.07,0.66,61.19,-28.9 / +7.6 / -40.2,False,130,-0.15,1.0
USDJPY,B_london,B_london_rev|ref00-05o1|act07-10|rev_cf|b0.25|a10|m1.0|tp0.5|x10,78,-6.92,64.1,0.74,8.78,-1.9 / +0.0 / -3.9,False,27,-8.77,0.34
USDJPY,B_london,B_london_rev|ref00-05o1|act07-10|rev_cf|b0.25|a10|m1.0|tp0.5|x11,78,-4.84,66.67,0.8,7.77,-1.5 / -0.8 / -2.6,False,27,-7.72,0.41
USDJPY,B_london,B_london_rev|ref00-05o1|act07-10|rev_cf|b0.25|a10|m1.0|tp0.75|x10,78,-9.11,51.28,0.72,9.9,-4.5 / +2.1 / -5.6,False,27,-6.58,0.5
USDJPY,B_london,B_london_rev|ref00-05o1|act07-10|rev_cf|b0.25|a10|m1.0|tp0.75|x11,78,-6.06,53.85,0.8,8.68,-3.5 / +0.5 / -3.2,False,27,-7.23,0.48
USDJPY,B_london,B_london_rev|ref00-05o1|act07-10|rev_cf|b0.25|a10|m1.0|tpopp|x10,78,-6.37,44.87,0.83,12.21,-0.7 / +4.3 / -8.9,False,27,-11.36,0.32
USDJPY,B_london,B_london_rev|ref00-05o1|act07-10|rev_cf|b0.25|a10|m1.0|tpopp|x11,78,-7.47,48.72,0.76,10.9,-5.5 / +1.4 / -3.5,False,27,-8.67,0.42
USDJPY,B_london,B_london_rev|ref00-05o1|act07-10|rev_cf|b0.25|a10|m1.5|tp0.5|x10,78,-1.51,57.69,0.92,6.72,-5.1 / +1.9 / +1.3,False,27,-1.01,0.83
USDJPY,B_london,B_london_rev|ref00-05o1|act07-10|rev_cf|b0.25|a10|m1.5|tp0.5|x11,78,-3.31,53.85,0.83,7.22,-3.7 / +0.2 / +0.2,False,27,-0.04,0.99
USDJPY,B_london,B_london_rev|ref00-05o1|act07-10|rev_cf|b0.25|a10|m1.5|tp0.75|x10,78,-1.64,50.0,0.93,6.88,-5.1 / +2.6 / +0.2,False,27,-3.82,0.56
USDJPY,B_london,B_london_rev|ref00-05o1|act07-10|rev_cf|b0.25|a10|m1.5|tp0.75|x11,78,-1.61,50.0,0.92,8.82,-3.9 / +0.4 / +1.8,False,27,0.13,1.02
USDJPY,B_london,B_london_rev|ref00-05o1|act07-10|rev_cf|b0.25|a10|m1.5|tpopp|x10,78,0.42,50.0,1.02,5.62,-2.2 / +4.7 / -3.8,False,27,-6.25,0.36
USDJPY,B_london,B_london_rev|ref00-05o1|act07-10|rev_cf|b0.25|a10|m1.5|tpopp|x11,78,-3.31,48.72,0.83,7.8,-4.6 / +1.3 / -0.0,False,27,0.25,1.05
USDJPY,B_london,B_london_rev|ref22-04o0|act06-09|rev|b0.25|a10|m1.0|tp0.5|x10,399,32.07,79.7,1.36,6.58,+5.1 / +19.5 / +7.2,True,119,3.85,1.14
USDJPY,B_london,B_london_rev|ref22-04o0|act06-09|rev|b0.25|a10|m1.0|tp0.5|x11,399,32.42,79.7,1.37,6.58,+5.0 / +19.5 / +7.6,True,119,4.41,1.16
USDJPY,B_london,B_london_rev|ref22-04o0|act06-09|rev|b0.25|a10|m1.0|tp0.75|x10,399,53.63,70.93,1.44,7.76,+10.1 / +32.1 / +10.9,True,119,6.45,1.16
USDJPY,B_london,B_london_rev|ref22-04o0|act06-09|rev|b0.25|a10|m1.0|tp0.75|x11,399,54.45,71.43,1.44,7.49,+10.2 / +31.8 / +11.9,True,119,8.29,1.21
USDJPY,B_london,B_london_rev|ref22-04o0|act06-09|rev|b0.25|a10|m1.0|tpopp|x10,399,-73.74,38.6,0.69,79.44,-23.2 / +1.3 / -51.1,False,119,-11.38,0.83
USDJPY,B_london,B_london_rev|ref22-04o0|act06-09|rev|b0.25|a10|m1.0|tpopp|x11,399,-82.51,36.84,0.67,86.57,-26.5 / -3.8 / -51.8,False,119,-11.02,0.84
USDJPY,B_london,B_london_rev|ref22-04o0|act06-09|rev|b0.25|a10|m1.5|tp0.5|x10,399,46.96,76.94,1.58,6.06,+9.4 / +26.3 / +11.0,True,119,9.36,1.37
USDJPY,B_london,B_london_rev|ref22-04o0|act06-09|rev|b0.25|a10|m1.5|tp0.5|x11,399,46.34,77.69,1.56,6.06,+9.8 / +26.1 / +10.1,True,119,10.38,1.42
USDJPY,B_london,B_london_rev|ref22-04o0|act06-09|rev|b0.25|a10|m1.5|tp0.75|x10,399,11.5,59.15,1.09,11.21,-5.3 / +19.7 / -2.4,False,119,1.76,1.05
USDJPY,B_london,B_london_rev|ref22-04o0|act06-09|rev|b0.25|a10|m1.5|tp0.75|x11,399,10.07,59.4,1.07,12.74,-5.0 / +19.7 / -4.4,False,119,3.22,1.08
USDJPY,B_london,B_london_rev|ref22-04o0|act06-09|rev|b0.25|a10|m1.5|tpopp|x10,399,-52.81,43.11,0.7,57.88,-17.4 / +2.5 / -37.4,False,119,1.51,1.04
USDJPY,B_london,B_london_rev|ref22-04o0|act06-09|rev|b0.25|a10|m1.5|tpopp|x11,399,-61.24,42.36,0.67,65.43,-21.2 / -0.3 / -39.5,False,119,3.09,1.07
USDJPY,B_london,B_london_rev|ref22-04o0|act06-09|rev|b0.5|a10|m1.0|tp0.5|x10,334,39.88,82.34,1.61,6.46,+2.0 / +23.1 / +14.5,True,94,5.05,1.24
USDJPY,B_london,B_london_rev|ref22-04o0|act06-09|rev|b0.5|a10|m1.0|tp0.5|x11,334,40.06,82.34,1.62,6.49,+1.9 / +23.1 / +14.8,True,94,5.05,1.24
USDJPY,B_london,B_london_rev|ref22-04o0|act06-09|rev|b0.5|a10|m1.0|tp0.75|x10,334,72.68,75.75,1.85,6.78,+17.4 / +31.5 / +23.3,True,94,10.97,1.39
USDJPY,B_london,B_london_rev|ref22-04o0|act06-09|rev|b0.5|a10|m1.0|tp0.75|x11,334,71.77,76.05,1.82,6.78,+17.1 / +30.8 / +23.3,True,94,11.74,1.42
USDJPY,B_london,B_london_rev|ref22-04o0|act06-09|rev|b0.5|a10|m1.0|tpopp|x10,334,-35.81,39.22,0.81,45.01,-16.6 / +18.3 / -36.7,False,94,-11.88,0.77
USDJPY,B_london,B_london_rev|ref22-04o0|act06-09|rev|b0.5|a10|m1.0|tpopp|x11,334,-45.27,37.43,0.78,52.61,-20.1 / +15.0 / -39.9,False,94,-12.67,0.77
USDJPY,B_london,B_london_rev|ref22-04o0|act06-09|rev|b0.5|a10|m1.5|tp0.5|x10,334,57.31,81.44,2.02,5.4,+15.8 / +23.9 / +17.2,True,94,8.94,1.46
USDJPY,B_london,B_london_rev|ref22-04o0|act06-09|rev|b0.5|a10|m1.5|tp0.5|x11,334,58.14,82.04,2.04,5.4,+15.8 / +25.1 / +16.9,True,94,10.37,1.57
USDJPY,B_london,B_london_rev|ref22-04o0|act06-09|rev|b0.5|a10|m1.5|tp0.75|x10,334,34.1,63.17,1.36,10.27,+8.0 / +29.2 / -2.5,False,94,7.77,1.28
USDJPY,B_london,B_london_rev|ref22-04o0|act06-09|rev|b0.5|a10|m1.5|tp0.75|x11,334,31.2,62.57,1.31,11.76,+6.4 / +28.8 / -3.8,False,94,10.04,1.37
USDJPY,B_london,B_london_rev|ref22-04o0|act06-09|rev|b0.5|a10|m1.5|tpopp|x10,334,-28.45,43.11,0.8,35.15,-8.8 / +9.2 / -28.3,False,94,-2.17,0.94
USDJPY,B_london,B_london_rev|ref22-04o0|act06-09|rev|b0.5|a10|m1.5|tpopp|x11,334,-35.59,42.22,0.77,40.8,-13.7 / +8.8 / -30.5,False,94,-0.52,0.99
USDJPY,B_london,B_london_rev|ref22-04o0|act06-09|rev|b0.75|a10|m1.0|tp0.5|x10,264,35.01,83.33,1.72,3.23,+1.6 / +19.0 / +14.1,True,75,7.44,1.54
USDJPY,B_london,B_london_rev|ref22-04o0|act06-09|rev|b0.75|a10|m1.0|tp0.5|x11,264,35.21,82.95,1.73,3.23,+1.9 / +19.0 / +14.0,True,75,7.44,1.54
USDJPY,B_london,B_london_rev|ref22-04o0|act06-09|rev|b0.75|a10|m1.0|tp0.75|x10,264,60.53,76.14,1.94,3.77,+7.7 / +29.1 / +23.2,True,75,16.83,1.95
USDJPY,B_london,B_london_rev|ref22-04o0|act06-09|rev|b0.75|a10|m1.0|tp0.75|x11,264,61.68,76.14,1.96,3.76,+8.1 / +29.2 / +23.8,True,75,17.09,1.97
USDJPY,B_london,B_london_rev|ref22-04o0|act06-09|rev|b0.75|a10|m1.0|tpopp|x10,264,-34.34,37.88,0.77,37.3,-10.1 / +10.9 / -34.3,False,75,2.73,1.07
USDJPY,B_london,B_london_rev|ref22-04o0|act06-09|rev|b0.75|a10|m1.0|tpopp|x11,264,-38.75,35.98,0.76,40.98,-14.2 / +10.6 / -34.8,False,75,6.65,1.17
USDJPY,B_london,B_london_rev|ref22-04o0|act06-09|rev|b0.75|a10|m1.5|tp0.5|x10,264,38.98,79.92,1.81,3.84,+6.2 / +18.1 / +14.3,True,75,9.93,1.71
USDJPY,B_london,B_london_rev|ref22-04o0|act06-09|rev|b0.75|a10|m1.5|tp0.5|x11,264,39.63,80.3,1.81,3.84,+6.2 / +18.3 / +14.7,True,75,11.28,1.88
USDJPY,B_london,B_london_rev|ref22-04o0|act06-09|rev|b0.75|a10|m1.5|tp0.75|x10,264,31.04,65.91,1.4,5.59,+11.4 / +11.5 / +8.6,True,75,11.03,1.57
USDJPY,B_london,B_london_rev|ref22-04o0|act06-09|rev|b0.75|a10|m1.5|tp0.75|x11,264,31.18,64.39,1.4,6.14,+11.4 / +11.8 / +8.2,True,75,13.96,1.79
USDJPY,B_london,B_london_rev|ref22-04o0|act06-09|rev|b0.75|a10|m1.5|tpopp|x10,264,-33.21,42.05,0.72,34.11,-10.5 / +2.3 / -24.5,False,75,-2.18,0.93
USDJPY,B_london,B_london_rev|ref22-04o0|act06-09|rev|b0.75|a10|m1.5|tpopp|x11,264,-35.94,40.53,0.71,36.43,-13.9 / +1.9 / -23.8,False,75,2.3,1.08
USDJPY,B_london,B_london_rev|ref22-04o0|act06-09|rev_cf|b0.25|a10|m1.0|tp0.5|x10,182,-35.58,57.69,0.52,38.56,-12.7 / -8.8 / -13.0,False,61,-18.45,0.34
USDJPY,B_london,B_london_rev|ref22-04o0|act06-09|rev_cf|b0.25|a10|m1.0|tp0.5|x11,182,-36.4,58.24,0.52,39.38,-10.8 / -9.6 / -14.9,False,61,-18.02,0.37
USDJPY,B_london,B_london_rev|ref22-04o0|act06-09|rev_cf|b0.25|a10|m1.0|tp0.75|x10,182,-37.16,48.35,0.57,39.98,-11.2 / -5.8 / -19.0,False,61,-18.71,0.4
USDJPY,B_london,B_london_rev|ref22-04o0|act06-09|rev_cf|b0.25|a10|m1.0|tp0.75|x11,182,-36.87,48.35,0.59,39.69,-9.3 / -6.9 / -19.6,False,61,-19.88,0.41
USDJPY,B_london,B_london_rev|ref22-04o0|act06-09|rev_cf|b0.25|a10|m1.0|tpopp|x10,182,-41.52,39.56,0.58,44.45,-12.4 / -5.6 / -22.4,False,61,-15.42,0.53
USDJPY,B_london,B_london_rev|ref22-04o0|act06-09|rev_cf|b0.25|a10|m1.0|tpopp|x11,182,-46.8,36.26,0.56,50.35,-14.6 / -8.0 / -23.1,False,61,-17.08,0.53
USDJPY,B_london,B_london_rev|ref22-04o0|act06-09|rev_cf|b0.25|a10|m1.5|tp0.5|x10,182,-29.81,50.55,0.54,32.13,-8.0 / -5.4 / -15.9,False,61,-12.71,0.42
USDJPY,B_london,B_london_rev|ref22-04o0|act06-09|rev_cf|b0.25|a10|m1.5|tp0.5|x11,182,-32.15,50.0,0.53,33.97,-8.5 / -6.2 / -17.0,False,61,-14.82,0.4
USDJPY,B_london,B_london_rev|ref22-04o0|act06-09|rev_cf|b0.25|a10|m1.5|tp0.75|x10,182,-29.38,45.6,0.57,33.1,-7.1 / -5.0 / -16.7,False,61,-12.61,0.46
USDJPY,B_london,B_london_rev|ref22-04o0|act06-09|rev_cf|b0.25|a10|m1.5|tp0.75|x11,182,-33.54,42.86,0.55,37.12,-9.4 / -5.4 / -18.3,False,61,-16.61,0.4
USDJPY,B_london,B_london_rev|ref22-04o0|act06-09|rev_cf|b0.25|a10|m1.5|tpopp|x10,182,-31.61,41.76,0.56,34.21,-6.6 / -5.8 / -18.7,False,61,-10.5,0.55
USDJPY,B_london,B_london_rev|ref22-04o0|act06-09|rev_cf|b0.25|a10|m1.5|tpopp|x11,182,-36.72,38.46,0.53,39.34,-9.3 / -7.2 / -19.8,False,61,-13.18,0.52
USDJPY,B_london,B_london_rev|ref22-04o0|act06-09|rev_cf|b0.5|a10|m1.0|tp0.5|x10,102,-18.92,56.86,0.54,22.08,-4.4 / -5.6 / -9.3,False,31,-12.16,0.24
USDJPY,B_london,B_london_rev|ref22-04o0|act06-09|rev_cf|b0.5|a10|m1.0|tp0.5|x11,102,-20.1,57.84,0.53,23.26,-3.4 / -6.3 / -10.8,False,31,-12.17,0.28
USDJPY,B_london,B_london_rev|ref22-04o0|act06-09|rev_cf|b0.5|a10|m1.0|tp0.75|x10,102,-15.89,50.98,0.65,18.21,-3.4 / -3.4 / -9.8,False,31,-12.45,0.28
USDJPY,B_london,B_london_rev|ref22-04o0|act06-09|rev_cf|b0.5|a10|m1.0|tp0.75|x11,102,-16.22,50.98,0.66,18.39,-2.9 / -3.9 / -10.1,False,31,-12.95,0.32
USDJPY,B_london,B_london_rev|ref22-04o0|act06-09|rev_cf|b0.5|a10|m1.0|tpopp|x10,102,-14.49,44.12,0.71,18.74,-2.5 / -2.5 / -11.0,False,31,-9.9,0.42
USDJPY,B_london,B_london_rev|ref22-04o0|act06-09|rev_cf|b0.5|a10|m1.0|tpopp|x11,102,-17.03,41.18,0.67,20.41,-2.9 / -4.4 / -11.1,False,31,-9.77,0.49
USDJPY,B_london,B_london_rev|ref22-04o0|act06-09|rev_cf|b0.5|a10|m1.5|tp0.5|x10,102,-12.29,53.92,0.63,15.21,-1.4 / -2.0 / -9.3,False,31,-7.62,0.32
USDJPY,B_london,B_london_rev|ref22-04o0|act06-09|rev_cf|b0.5|a10|m1.5|tp0.5|x11,102,-14.73,53.92,0.6,16.99,-2.4 / -2.7 / -10.1,False,31,-9.22,0.33
USDJPY,B_london,B_london_rev|ref22-04o0|act06-09|rev_cf|b0.5|a10|m1.5|tp0.75|x10,102,-10.38,50.0,0.7,15.42,-1.0 / -1.7 / -8.4,False,31,-7.14,0.36
USDJPY,B_london,B_london_rev|ref22-04o0|act06-09|rev_cf|b0.5|a10|m1.5|tp0.75|x11,102,-12.48,50.0,0.67,17.02,-1.8 / -2.3 / -9.1,False,31,-9.57,0.34
USDJPY,B_london,B_london_rev|ref22-04o0|act06-09|rev_cf|b0.5|a10|m1.5|tpopp|x10,102,-9.36,47.06,0.73,16.67,+1.6 / -1.7 / -10.1,False,31,-5.74,0.49
USDJPY,B_london,B_london_rev|ref22-04o0|act06-09|rev_cf|b0.5|a10|m1.5|tpopp|x11,102,-12.93,45.1,0.67,18.62,+0.6 / -3.4 / -11.1,False,31,-6.93,0.49
USDJPY,B_london,B_london_rev|ref22-04o0|act06-10|rev|b0.25|a10|m1.0|tp0.5|x10,420,32.36,79.29,1.35,7.77,+3.2 / +20.9 / +8.0,True,128,3.79,1.13
USDJPY,B_london,B_london_rev|ref22-04o0|act06-10|rev|b0.25|a10|m1.0|tp0.5|x11,420,33.08,79.52,1.35,7.77,+3.0 / +20.9 / +8.9,True,128,4.35,1.15
USDJPY,B_london,B_london_rev|ref22-04o0|act06-10|rev|b0.25|a10|m1.0|tp0.75|x10,420,53.12,70.0,1.41,7.76,+9.2 / +30.5 / +13.0,True,128,5.52,1.12
USDJPY,B_london,B_london_rev|ref22-04o0|act06-10|rev|b0.25|a10|m1.0|tp0.75|x11,420,54.04,70.95,1.41,7.49,+9.2 / +29.9 / +14.4,True,128,8.06,1.19
USDJPY,B_london,B_london_rev|ref22-04o0|act06-10|rev|b0.25|a10|m1.0|tpopp|x10,420,-75.71,38.81,0.7,79.94,-27.2 / -0.1 / -47.6,False,128,-15.13,0.79
USDJPY,B_london,B_london_rev|ref22-04o0|act06-10|rev|b0.25|a10|m1.0|tpopp|x11,420,-83.77,37.62,0.68,87.11,-29.1 / -4.9 / -49.4,False,128,-15.27,0.8
USDJPY,B_london,B_london_rev|ref22-04o0|act06-10|rev|b0.25|a10|m1.5|tp0.5|x10,420,49.43,76.19,1.59,6.06,+10.7 / +25.2 / +13.2,True,128,9.0,1.33
USDJPY,B_london,B_london_rev|ref22-04o0|act06-10|rev|b0.25|a10|m1.5|tp0.5|x11,420,48.75,77.62,1.56,5.69,+11.2 / +24.3 / +12.9,True,128,11.15,1.42
USDJPY,B_london,B_london_rev|ref22-04o0|act06-10|rev|b0.25|a10|m1.5|tp0.75|x10,420,14.25,59.05,1.11,11.21,-3.9 / +18.7 / +0.0,False,128,0.44,1.01
USDJPY,B_london,B_london_rev|ref22-04o0|act06-10|rev|b0.25|a10|m1.5|tp0.75|x11,420,12.28,60.0,1.09,12.74,-3.9 / +17.6 / -1.2,False,128,3.3,1.08
USDJPY,B_london,B_london_rev|ref22-04o0|act06-10|rev|b0.25|a10|m1.5|tpopp|x10,420,-52.01,43.33,0.71,55.87,-18.8 / +1.6 / -34.3,False,128,-0.73,0.98
USDJPY,B_london,B_london_rev|ref22-04o0|act06-10|rev|b0.25|a10|m1.5|tpopp|x11,420,-60.75,43.33,0.69,63.81,-22.0 / -1.5 / -37.0,False,128,2.08,1.04
USDJPY,B_london,B_london_rev|ref22-04o0|act06-10|rev|b0.5|a10|m1.0|tp0.5|x10,362,46.12,82.87,1.68,5.65,+2.8 / +26.8 / +16.3,True,108,4.99,1.21
USDJPY,B_london,B_london_rev|ref22-04o0|act06-10|rev|b0.5|a10|m1.0|tp0.5|x11,362,46.51,82.87,1.68,5.68,+2.8 / +26.8 / +16.7,True,108,5.31,1.22
USDJPY,B_london,B_london_rev|ref22-04o0|act06-10|rev|b0.5|a10|m1.0|tp0.75|x10,362,77.53,75.69,1.84,5.94,+19.6 / +32.0 / +25.4,True,108,12.61,1.4
USDJPY,B_london,B_london_rev|ref22-04o0|act06-10|rev|b0.5|a10|m1.0|tp0.75|x11,362,78.19,75.97,1.84,6.2,+19.6 / +32.0 / +26.1,True,108,14.75,1.47
USDJPY,B_london,B_london_rev|ref22-04o0|act06-10|rev|b0.5|a10|m1.0|tpopp|x10,362,-39.36,40.06,0.81,47.46,-18.4 / +17.4 / -37.6,False,108,-17.05,0.71
USDJPY,B_london,B_london_rev|ref22-04o0|act06-10|rev|b0.5|a10|m1.0|tpopp|x11,362,-46.91,38.95,0.78,53.15,-21.5 / +15.0 / -40.1,False,108,-15.49,0.75
USDJPY,B_london,B_london_rev|ref22-04o0|act06-10|rev|b0.5|a10|m1.5|tp0.5|x10,362,59.92,80.94,1.98,4.84,+16.7 / +24.4 / +18.5,True,108,9.03,1.4
USDJPY,B_london,B_london_rev|ref22-04o0|act06-10|rev|b0.5|a10|m1.5|tp0.5|x11,362,61.59,81.49,2.01,4.63,+16.7 / +25.4 / +19.1,True,108,11.38,1.53
USDJPY,B_london,B_london_rev|ref22-04o0|act06-10|rev|b0.5|a10|m1.5|tp0.75|x10,362,35.26,62.98,1.35,11.11,+10.2 / +28.1 / -2.5,False,108,5.99,1.18
USDJPY,B_london,B_london_rev|ref22-04o0|act06-10|rev|b0.5|a10|m1.5|tp0.75|x11,362,34.18,62.98,1.32,12.11,+8.6 / +28.3 / -2.5,False,108,9.62,1.3
USDJPY,B_london,B_london_rev|ref22-04o0|act06-10|rev|b0.5|a10|m1.5|tpopp|x10,362,-30.71,43.65,0.79,36.77,-10.2 / +9.4 / -29.4,False,108,-5.73,0.86
USDJPY,B_london,B_london_rev|ref22-04o0|act06-10|rev|b0.5|a10|m1.5|tpopp|x11,362,-37.74,43.37,0.77,41.88,-15.2 / +8.2 / -30.6,False,108,-2.75,0.93
USDJPY,B_london,B_london_rev|ref22-04o0|act06-10|rev|b0.75|a10|m1.0|tp0.5|x10,295,39.83,83.05,1.75,3.9,+1.0 / +24.7 / +13.8,True,86,7.03,1.41
USDJPY,B_london,B_london_rev|ref22-04o0|act06-10|rev|b0.75|a10|m1.0|tp0.5|x11,295,38.95,82.37,1.72,3.9,+1.3 / +24.0 / +13.4,True,86,7.03,1.41
USDJPY,B_london,B_london_rev|ref22-04o0|act06-10|rev|b0.75|a10|m1.0|tp0.75|x10,295,64.28,74.92,1.9,3.77,+8.8 / +32.7 / +22.2,True,86,18.1,1.86
USDJPY,B_london,B_london_rev|ref22-04o0|act06-10|rev|b0.75|a10|m1.0|tp0.75|x11,295,64.01,74.58,1.87,3.76,+9.2 / +31.5 / +22.8,True,86,18.68,1.89
USDJPY,B_london,B_london_rev|ref22-04o0|act06-10|rev|b0.75|a10|m1.0|tpopp|x10,295,-40.72,37.63,0.75,41.79,-10.1 / +6.5 / -36.3,False,86,-3.07,0.93
USDJPY,B_london,B_london_rev|ref22-04o0|act06-10|rev|b0.75|a10|m1.0|tpopp|x11,295,-46.97,35.59,0.74,47.7,-14.3 / +4.5 / -36.8,False,86,4.06,1.09
USDJPY,B_london,B_london_rev|ref22-04o0|act06-10|rev|b0.75|a10|m1.5|tp0.5|x10,295,44.64,78.98,1.88,3.84,+8.0 / +21.2 / +15.1,True,86,9.77,1.57
USDJPY,B_london,B_london_rev|ref22-04o0|act06-10|rev|b0.75|a10|m1.5|tp0.5|x11,295,44.53,79.32,1.85,3.84,+7.8 / +20.2 / +16.1,True,86,11.34,1.71
USDJPY,B_london,B_london_rev|ref22-04o0|act06-10|rev|b0.75|a10|m1.5|tp0.75|x10,295,32.35,64.41,1.39,5.84,+13.3 / +12.3 / +7.3,True,86,9.24,1.39
USDJPY,B_london,B_london_rev|ref22-04o0|act06-10|rev|b0.75|a10|m1.5|tp0.75|x11,295,32.15,63.05,1.38,6.7,+12.9 / +12.0 / +7.5,True,86,13.45,1.61
USDJPY,B_london,B_london_rev|ref22-04o0|act06-10|rev|b0.75|a10|m1.5|tpopp|x10,295,-37.04,41.36,0.71,36.99,-10.7 / +0.1 / -25.9,False,86,-6.41,0.81
USDJPY,B_london,B_london_rev|ref22-04o0|act06-10|rev|b0.75|a10|m1.5|tpopp|x11,295,-41.35,40.0,0.69,40.3,-14.5 / -2.2 / -24.5,False,86,0.08,1.0
USDJPY,B_london,B_london_rev|ref22-04o0|act06-10|rev_cf|b0.25|a10|m1.0|tp0.5|x10,210,-35.12,60.0,0.57,38.1,-14.4 / -5.5 / -14.1,False,70,-19.57,0.38
USDJPY,B_london,B_london_rev|ref22-04o0|act06-10|rev_cf|b0.25|a10|m1.0|tp0.5|x11,210,-34.37,60.48,0.58,37.36,-12.5 / -6.3 / -14.4,False,70,-18.61,0.39
USDJPY,B_london,B_london_rev|ref22-04o0|act06-10|rev_cf|b0.25|a10|m1.0|tp0.75|x10,210,-36.7,50.48,0.62,39.52,-11.4 / -4.3 / -19.8,False,70,-20.08,0.43
USDJPY,B_london,B_london_rev|ref22-04o0|act06-10|rev_cf|b0.25|a10|m1.0|tp0.75|x11,210,-32.19,51.43,0.66,35.02,-9.5 / -1.3 / -20.2,False,70,-19.71,0.45
USDJPY,B_london,B_london_rev|ref22-04o0|act06-10|rev_cf|b0.25|a10|m1.0|tpopp|x10,210,-35.02,40.48,0.69,37.95,-12.2 / +2.6 / -24.3,False,70,-18.73,0.53
USDJPY,B_london,B_london_rev|ref22-04o0|act06-10|rev_cf|b0.25|a10|m1.0|tpopp|x11,210,-41.31,40.0,0.63,44.86,-15.8 / -0.9 / -23.5,False,70,-17.21,0.55
USDJPY,B_london,B_london_rev|ref22-04o0|act06-10|rev_cf|b0.25|a10|m1.5|tp0.5|x10,210,-28.33,53.81,0.6,30.65,-9.1 / -2.7 / -16.0,False,70,-11.96,0.5
USDJPY,B_london,B_london_rev|ref22-04o0|act06-10|rev_cf|b0.25|a10|m1.5|tp0.5|x11,210,-28.78,52.86,0.6,30.59,-8.8 / -2.1 / -17.5,False,70,-15.04,0.43
USDJPY,B_london,B_london_rev|ref22-04o0|act06-10|rev_cf|b0.25|a10|m1.5|tp0.75|x10,210,-26.16,48.57,0.67,29.87,-7.2 / -3.0 / -15.5,False,70,-11.86,0.55
USDJPY,B_london,B_london_rev|ref22-04o0|act06-10|rev_cf|b0.25|a10|m1.5|tp0.75|x11,210,-29.71,45.71,0.62,33.28,-9.3 / -2.0 / -18.0,False,70,-16.09,0.46
USDJPY,B_london,B_london_rev|ref22-04o0|act06-10|rev_cf|b0.25|a10|m1.5|tpopp|x10,210,-28.2,43.33,0.67,30.8,-7.7 / +0.0 / -19.9,False,70,-11.02,0.6
USDJPY,B_london,B_london_rev|ref22-04o0|act06-10|rev_cf|b0.25|a10|m1.5|tpopp|x11,210,-32.8,41.9,0.6,35.42,-10.3 / -2.1 / -20.0,False,70,-13.6,0.53
USDJPY,B_london,B_london_rev|ref22-04o0|act06-10|rev_cf|b0.5|a10|m1.0|tp0.5|x10,123,-19.86,59.35,0.59,23.02,-5.3 / -5.4 / -9.5,False,38,-11.1,0.35
USDJPY,B_london,B_london_rev|ref22-04o0|act06-10|rev_cf|b0.5|a10|m1.0|tp0.5|x11,123,-19.69,60.16,0.59,22.85,-4.3 / -5.9 / -9.9,False,38,-11.7,0.34
USDJPY,B_london,B_london_rev|ref22-04o0|act06-10|rev_cf|b0.5|a10|m1.0|tp0.75|x10,123,-16.57,52.85,0.7,18.93,-3.0 / -4.0 / -10.2,False,38,-11.65,0.4
USDJPY,B_london,B_london_rev|ref22-04o0|act06-10|rev_cf|b0.5|a10|m1.0|tp0.75|x11,123,-13.88,54.47,0.74,16.09,-2.6 / -2.1 / -9.9,False,38,-11.72,0.41
USDJPY,B_london,B_london_rev|ref22-04o0|act06-10|rev_cf|b0.5|a10|m1.0|tpopp|x10,123,-19.46,42.28,0.7,22.91,-1.5 / -6.3 / -13.0,False,38,-11.03,0.49
USDJPY,B_london,B_london_rev|ref22-04o0|act06-10|rev_cf|b0.5|a10|m1.0|tpopp|x11,123,-15.36,44.72,0.73,18.75,-2.1 / -3.8 / -10.9,False,38,-8.84,0.56
USDJPY,B_london,B_london_rev|ref22-04o0|act06-10|rev_cf|b0.5|a10|m1.5|tp0.5|x10,123,-12.41,56.91,0.69,14.26,-1.9 / -2.2 / -8.7,False,38,-4.75,0.57
USDJPY,B_london,B_london_rev|ref22-04o0|act06-10|rev_cf|b0.5|a10|m1.5|tp0.5|x11,123,-12.58,56.91,0.68,14.9,-1.6 / -1.5 / -10.0,False,38,-8.41,0.41
USDJPY,B_london,B_london_rev|ref22-04o0|act06-10|rev_cf|b0.5|a10|m1.5|tp0.75|x10,123,-12.0,51.22,0.73,15.64,-0.2 / -5.7 / -6.8,False,38,-4.27,0.65
USDJPY,B_london,B_london_rev|ref22-04o0|act06-10|rev_cf|b0.5|a10|m1.5|tp0.75|x11,123,-10.59,52.03,0.74,14.9,-0.3 / -2.4 / -8.5,False,38,-8.0,0.47
USDJPY,B_london,B_london_rev|ref22-04o0|act06-10|rev_cf|b0.5|a10|m1.5|tpopp|x10,123,-12.39,46.34,0.74,17.74,+1.2 / -4.2 / -10.3,False,38,-4.14,0.69
USDJPY,B_london,B_london_rev|ref22-04o0|act06-10|rev_cf|b0.5|a10|m1.5|tpopp|x11,123,-11.23,47.97,0.74,16.21,+1.7 / -3.0 / -10.9,False,38,-6.31,0.56
USDJPY,B_london,B_london_rev|ref22-04o0|act07-10|rev|b0.25|a10|m1.0|tp0.5|x10,398,18.51,76.38,1.19,9.94,-3.1 / +20.4 / +0.9,False,119,-0.19,0.99
USDJPY,B_london,B_london_rev|ref22-04o0|act07-10|rev|b0.25|a10|m1.0|tp0.5|x11,398,17.18,76.38,1.17,10.93,-3.5 / +20.3 / +0.1,False,119,0.37,1.01
USDJPY,B_london,B_london_rev|ref22-04o0|act07-10|rev|b0.25|a10|m1.0|tp0.75|x10,398,31.13,66.58,1.23,13.07,+6.8 / +27.5 / -3.6,False,119,-5.43,0.89
USDJPY,B_london,B_london_rev|ref22-04o0|act07-10|rev|b0.25|a10|m1.0|tp0.75|x11,398,28.47,66.58,1.21,14.51,+6.2 / +25.6 / -3.9,False,119,-3.1,0.93
USDJPY,B_london,B_london_rev|ref22-04o0|act07-10|rev|b0.25|a10|m1.0|tpopp|x10,398,-57.42,41.46,0.73,58.54,-15.7 / -2.7 / -38.4,False,119,-21.49,0.67
USDJPY,B_london,B_london_rev|ref22-04o0|act07-10|rev|b0.25|a10|m1.0|tpopp|x11,398,-68.09,39.2,0.7,68.5,-18.2 / -6.1 / -43.6,False,119,-21.67,0.69
USDJPY,B_london,B_london_rev|ref22-04o0|act07-10|rev|b0.25|a10|m1.5|tp0.5|x10,398,28.59,70.6,1.33,7.62,+9.3 / +18.6 / +0.3,True,119,-2.03,0.94
USDJPY,B_london,B_london_rev|ref22-04o0|act07-10|rev|b0.25|a10|m1.5|tp0.5|x11,398,26.09,72.11,1.28,8.15,+9.0 / +16.8 / -0.1,False,119,0.59,1.02
USDJPY,B_london,B_london_rev|ref22-04o0|act07-10|rev|b0.25|a10|m1.5|tp0.75|x10,398,6.96,56.28,1.06,10.05,+3.4 / +10.8 / -6.8,False,119,-7.77,0.81
USDJPY,B_london,B_london_rev|ref22-04o0|act07-10|rev|b0.25|a10|m1.5|tp0.75|x11,398,4.97,56.28,1.04,11.35,+3.6 / +9.4 / -7.9,False,119,-4.8,0.88
USDJPY,B_london,B_london_rev|ref22-04o0|act07-10|rev|b0.25|a10|m1.5|tpopp|x10,398,-33.23,45.48,0.77,36.87,-5.9 / -0.2 / -26.7,False,119,-11.89,0.73
USDJPY,B_london,B_london_rev|ref22-04o0|act07-10|rev|b0.25|a10|m1.5|tpopp|x11,398,-40.98,44.47,0.74,43.4,-8.5 / -2.4 / -29.9,False,119,-9.28,0.79
USDJPY,B_london,B_london_rev|ref22-04o0|act07-10|rev|b0.5|a10|m1.0|tp0.5|x10,341,23.25,78.01,1.29,10.48,+2.3 / +20.5 / +0.2,True,103,5.14,1.22
USDJPY,B_london,B_london_rev|ref22-04o0|act07-10|rev|b0.5|a10|m1.0|tp0.5|x11,341,22.26,78.01,1.28,11.47,+2.2 / +20.3 / -0.5,False,103,5.46,1.24
USDJPY,B_london,B_london_rev|ref22-04o0|act07-10|rev|b0.5|a10|m1.0|tp0.75|x10,341,50.14,71.26,1.5,7.66,+17.2 / +26.9 / +5.6,True,103,5.86,1.17
USDJPY,B_london,B_london_rev|ref22-04o0|act07-10|rev|b0.5|a10|m1.0|tp0.75|x11,341,49.27,70.97,1.48,8.65,+16.7 / +26.5 / +5.6,True,103,6.71,1.19
USDJPY,B_london,B_london_rev|ref22-04o0|act07-10|rev|b0.5|a10|m1.0|tpopp|x10,341,-33.68,42.52,0.81,37.75,-13.0 / +4.6 / -24.5,False,103,-14.53,0.72
USDJPY,B_london,B_london_rev|ref22-04o0|act07-10|rev|b0.5|a10|m1.0|tpopp|x11,341,-42.28,40.18,0.78,44.23,-17.2 / +3.9 / -28.8,False,103,-11.39,0.8
USDJPY,B_london,B_london_rev|ref22-04o0|act07-10|rev|b0.5|a10|m1.5|tp0.5|x10,341,31.56,73.9,1.44,8.12,+11.0 / +17.3 / +2.8,True,103,4.34,1.18
USDJPY,B_london,B_london_rev|ref22-04o0|act07-10|rev|b0.5|a10|m1.5|tp0.5|x11,341,32.56,74.78,1.45,7.5,+10.7 / +17.7 / +3.8,True,103,6.36,1.27
USDJPY,B_london,B_london_rev|ref22-04o0|act07-10|rev|b0.5|a10|m1.5|tp0.75|x10,341,22.7,59.82,1.23,8.44,+5.7 / +18.0 / -0.5,False,103,0.91,1.03
USDJPY,B_london,B_london_rev|ref22-04o0|act07-10|rev|b0.5|a10|m1.5|tp0.75|x11,341,20.55,60.12,1.2,9.32,+3.5 / +18.1 / -0.8,False,103,4.12,1.13
USDJPY,B_london,B_london_rev|ref22-04o0|act07-10|rev|b0.5|a10|m1.5|tpopp|x10,341,-27.34,44.87,0.78,31.15,-6.5 / +2.5 / -22.9,False,103,-9.6,0.75
USDJPY,B_london,B_london_rev|ref22-04o0|act07-10|rev|b0.5|a10|m1.5|tpopp|x11,341,-31.88,44.28,0.77,34.24,-10.2 / +2.8 / -24.3,False,103,-6.3,0.84
USDJPY,B_london,B_london_rev|ref22-04o0|act07-10|rev|b0.75|a10|m1.0|tp0.5|x10,276,18.35,77.9,1.29,6.82,-2.4 / +18.2 / +2.3,False,82,3.7,1.19
USDJPY,B_london,B_london_rev|ref22-04o0|act07-10|rev|b0.75|a10|m1.0|tp0.5|x11,276,17.34,77.17,1.27,7.06,-2.4 / +17.4 / +2.1,False,82,3.33,1.17
USDJPY,B_london,B_london_rev|ref22-04o0|act07-10|rev|b0.75|a10|m1.0|tp0.75|x10,276,29.89,68.12,1.35,7.79,+3.4 / +21.4 / +4.6,True,82,13.04,1.58
USDJPY,B_london,B_london_rev|ref22-04o0|act07-10|rev|b0.75|a10|m1.0|tp0.75|x11,276,27.3,67.39,1.31,7.82,+2.7 / +20.1 / +4.0,True,82,12.65,1.54
USDJPY,B_london,B_london_rev|ref22-04o0|act07-10|rev|b0.75|a10|m1.0|tpopp|x10,276,-41.48,39.49,0.71,40.26,-20.0 / +3.4 / -24.2,False,82,-9.59,0.77
USDJPY,B_london,B_london_rev|ref22-04o0|act07-10|rev|b0.75|a10|m1.0|tpopp|x11,276,-49.54,36.96,0.68,48.32,-25.7 / +0.4 / -24.0,False,82,-2.69,0.94
USDJPY,B_london,B_london_rev|ref22-04o0|act07-10|rev|b0.75|a10|m1.5|tp0.5|x10,276,22.52,71.74,1.38,7.78,+4.2 / +13.4 / +4.6,True,82,8.53,1.52
USDJPY,B_london,B_london_rev|ref22-04o0|act07-10|rev|b0.75|a10|m1.5|tp0.5|x11,276,20.98,72.46,1.34,7.27,+3.6 / +12.7 / +4.3,True,82,9.62,1.61
USDJPY,B_london,B_london_rev|ref22-04o0|act07-10|rev|b0.75|a10|m1.5|tp0.75|x10,276,19.84,59.78,1.25,7.12,+7.8 / +9.9 / +2.6,True,82,4.46,1.19
USDJPY,B_london,B_london_rev|ref22-04o0|act07-10|rev|b0.75|a10|m1.5|tp0.75|x11,276,17.63,58.7,1.21,8.43,+5.6 / +9.9 / +2.2,True,82,9.14,1.41
USDJPY,B_london,B_london_rev|ref22-04o0|act07-10|rev|b0.75|a10|m1.5|tpopp|x10,276,-33.6,42.03,0.68,33.71,-13.3 / -0.0 / -19.8,False,82,-7.75,0.75
USDJPY,B_london,B_london_rev|ref22-04o0|act07-10|rev|b0.75|a10|m1.5|tpopp|x11,276,-37.61,40.22,0.67,37.33,-16.9 / -0.4 / -20.2,False,82,-1.44,0.95
USDJPY,B_london,B_london_rev|ref22-04o0|act07-10|rev_cf|b0.25|a10|m1.0|tp0.5|x10,160,-24.5,60.62,0.6,27.91,-7.0 / +0.4 / -16.8,False,49,-8.27,0.53
USDJPY,B_london,B_london_rev|ref22-04o0|act07-10|rev_cf|b0.25|a10|m1.0|tp0.5|x11,160,-22.06,61.25,0.62,25.47,-5.5 / +0.7 / -16.2,False,49,-7.09,0.57
USDJPY,B_london,B_london_rev|ref22-04o0|act07-10|rev_cf|b0.25|a10|m1.0|tp0.75|x10,160,-21.42,53.12,0.69,23.93,-5.8 / +2.5 / -17.0,False,49,-10.87,0.5
USDJPY,B_london,B_london_rev|ref22-04o0|act07-10|rev_cf|b0.25|a10|m1.0|tp0.75|x11,160,-15.54,54.38,0.76,19.08,-3.8 / +6.2 / -16.8,False,49,-9.92,0.54
USDJPY,B_london,B_london_rev|ref22-04o0|act07-10|rev_cf|b0.25|a10|m1.0|tpopp|x10,160,-12.38,45.0,0.84,20.38,-6.2 / +12.7 / -17.7,False,49,-11.56,0.52
USDJPY,B_london,B_london_rev|ref22-04o0|act07-10|rev_cf|b0.25|a10|m1.0|tpopp|x11,160,-18.22,45.62,0.75,21.52,-9.3 / +7.9 / -15.7,False,49,-9.54,0.56
USDJPY,B_london,B_london_rev|ref22-04o0|act07-10|rev_cf|b0.25|a10|m1.5|tp0.5|x10,160,-14.01,56.25,0.71,16.34,-4.0 / +2.6 / -12.0,False,49,-5.33,0.61
USDJPY,B_london,B_london_rev|ref22-04o0|act07-10|rev_cf|b0.25|a10|m1.5|tp0.5|x11,160,-13.5,55.0,0.72,16.42,-3.0 / +4.2 / -14.2,False,49,-6.95,0.53
USDJPY,B_london,B_london_rev|ref22-04o0|act07-10|rev_cf|b0.25|a10|m1.5|tp0.75|x10,160,-8.99,51.88,0.83,13.06,-2.2 / +4.0 / -10.3,False,49,-6.01,0.63
USDJPY,B_london,B_london_rev|ref22-04o0|act07-10|rev_cf|b0.25|a10|m1.5|tp0.75|x11,160,-11.62,49.38,0.77,15.26,-2.9 / +5.0 / -13.3,False,49,-7.25,0.55
USDJPY,B_london,B_london_rev|ref22-04o0|act07-10|rev_cf|b0.25|a10|m1.5|tpopp|x10,160,-8.72,47.5,0.84,14.94,-4.0 / +8.4 / -12.6,False,49,-7.27,0.58
USDJPY,B_london,B_london_rev|ref22-04o0|act07-10|rev_cf|b0.25|a10|m1.5|tpopp|x11,160,-13.54,46.88,0.73,16.0,-5.5 / +5.7 / -13.4,False,49,-8.2,0.49
USDJPY,B_london,B_london_rev|ref22-04o0|act07-10|rev_cf|b0.5|a10|m1.0|tp0.5|x10,99,-13.98,60.61,0.62,17.23,-4.9 / -2.0 / -7.5,False,29,-4.39,0.55
USDJPY,B_london,B_london_rev|ref22-04o0|act07-10|rev_cf|b0.5|a10|m1.0|tp0.5|x11,99,-13.09,61.62,0.64,16.34,-3.9 / -1.9 / -7.6,False,29,-5.39,0.49
USDJPY,B_london,B_london_rev|ref22-04o0|act07-10|rev_cf|b0.5|a10|m1.0|tp0.75|x10,99,-8.08,56.57,0.81,12.14,-2.0 / -0.4 / -6.3,False,29,-3.69,0.66
USDJPY,B_london,B_london_rev|ref22-04o0|act07-10|rev_cf|b0.5|a10|m1.0|tp0.75|x11,99,-5.05,58.59,0.87,9.13,-1.1 / +1.6 / -6.2,False,29,-4.42,0.62
USDJPY,B_london,B_london_rev|ref22-04o0|act07-10|rev_cf|b0.5|a10|m1.0|tpopp|x10,99,-11.06,45.45,0.78,14.58,-5.7 / +2.3 / -9.1,False,29,-3.73,0.72
USDJPY,B_london,B_london_rev|ref22-04o0|act07-10|rev_cf|b0.5|a10|m1.0|tpopp|x11,99,-7.29,49.49,0.83,9.67,-5.8 / +3.0 / -5.9,False,29,-2.51,0.78
USDJPY,B_london,B_london_rev|ref22-04o0|act07-10|rev_cf|b0.5|a10|m1.5|tp0.5|x10,99,-5.32,59.6,0.82,8.83,-0.8 / -0.0 / -5.0,False,29,-0.29,0.95
USDJPY,B_london,B_london_rev|ref22-04o0|act07-10|rev_cf|b0.5|a10|m1.5|tp0.5|x11,99,-5.66,59.6,0.8,9.82,-0.1 / +1.0 / -7.0,False,29,-3.56,0.57
USDJPY,B_london,B_london_rev|ref22-04o0|act07-10|rev_cf|b0.5|a10|m1.5|tp0.75|x10,99,-3.66,53.54,0.89,8.14,-0.3 / -0.1 / -4.0,False,29,0.11,1.02
USDJPY,B_london,B_london_rev|ref22-04o0|act07-10|rev_cf|b0.5|a10|m1.5|tp0.75|x11,99,-2.98,55.56,0.9,8.4,-0.1 / +2.6 / -6.1,False,29,-2.47,0.7
USDJPY,B_london,B_london_rev|ref22-04o0|act07-10|rev_cf|b0.5|a10|m1.5|tpopp|x10,99,-6.85,48.48,0.81,10.62,-2.9 / +1.9 / -6.8,False,29,-0.3,0.96
USDJPY,B_london,B_london_rev|ref22-04o0|act07-10|rev_cf|b0.5|a10|m1.5|tpopp|x11,99,-6.03,51.52,0.8,8.89,-2.1 / +1.9 / -6.8,False,29,-2.28,0.73
USDJPY,C_ny,C_ny_rev|ref07-12o0|act12-15|rev|b0.25|a10|m1.0|tp0.5|x17,432,14.29,75.93,1.13,24.43,-21.4 / +21.5 / +15.4,False,106,2.63,1.1
USDJPY,C_ny,C_ny_rev|ref07-12o0|act12-15|rev|b0.25|a10|m1.0|tp0.5|x19,432,15.56,75.93,1.14,23.79,-20.7 / +21.8 / +15.7,False,106,2.37,1.09
USDJPY,C_ny,C_ny_rev|ref07-12o0|act12-15|rev|b0.25|a10|m1.0|tp0.75|x17,432,49.03,69.44,1.35,19.67,-2.0 / +36.7 / +15.5,False,106,5.6,1.15
USDJPY,C_ny,C_ny_rev|ref07-12o0|act12-15|rev|b0.25|a10|m1.0|tp0.75|x19,432,48.15,69.44,1.34,20.43,-2.2 / +37.8 / +13.8,False,106,4.84,1.13
USDJPY,C_ny,C_ny_rev|ref07-12o0|act12-15|rev|b0.25|a10|m1.0|tp1.0|x17,432,22.81,57.18,1.12,20.65,-8.1 / +22.2 / +9.9,False,106,6.6,1.14
USDJPY,C_ny,C_ny_rev|ref07-12o0|act12-15|rev|b0.25|a10|m1.0|tp1.0|x19,432,23.81,57.18,1.12,21.35,-8.5 / +24.5 / +9.0,False,106,5.01,1.11
USDJPY,C_ny,C_ny_rev|ref07-12o0|act12-15|rev|b0.25|a10|m1.5|tp0.5|x17,432,55.59,78.7,1.63,8.68,+7.9 / +33.9 / +13.5,True,106,6.23,1.25
USDJPY,C_ny,C_ny_rev|ref07-12o0|act12-15|rev|b0.25|a10|m1.5|tp0.5|x19,432,55.74,78.94,1.63,8.68,+7.8 / +34.6 / +13.0,True,106,6.92,1.28
USDJPY,C_ny,C_ny_rev|ref07-12o0|act12-15|rev|b0.25|a10|m1.5|tp0.75|x17,432,10.44,59.72,1.07,15.86,-8.0 / +14.4 / +5.2,False,106,5.09,1.15
USDJPY,C_ny,C_ny_rev|ref07-12o0|act12-15|rev|b0.25|a10|m1.5|tp0.75|x19,432,11.48,59.95,1.07,16.41,-6.8 / +14.1 / +5.3,False,106,4.71,1.13
USDJPY,C_ny,C_ny_rev|ref07-12o0|act12-15|rev|b0.25|a10|m1.5|tp1.0|x17,432,-27.41,48.38,0.86,32.7,-14.3 / -2.1 / -9.8,False,106,-8.91,0.81
USDJPY,C_ny,C_ny_rev|ref07-12o0|act12-15|rev|b0.25|a10|m1.5|tp1.0|x19,432,-26.61,48.38,0.86,35.04,-13.1 / -3.7 / -8.6,False,106,-7.14,0.86
USDJPY,C_ny,C_ny_rev|ref07-12o0|act12-15|rev|b0.5|a10|m1.0|tp0.5|x17,353,23.39,78.19,1.28,15.99,-13.8 / +23.3 / +13.6,False,88,2.69,1.13
USDJPY,C_ny,C_ny_rev|ref07-12o0|act12-15|rev|b0.5|a10|m1.0|tp0.5|x19,353,23.73,78.47,1.28,15.99,-13.5 / +23.3 / +13.6,False,88,2.43,1.11
USDJPY,C_ny,C_ny_rev|ref07-12o0|act12-15|rev|b0.5|a10|m1.0|tp0.75|x17,353,63.02,73.37,1.62,11.93,+2.0 / +36.4 / +24.0,True,88,16.46,1.72
USDJPY,C_ny,C_ny_rev|ref07-12o0|act12-15|rev|b0.5|a10|m1.0|tp0.75|x19,353,64.43,73.94,1.64,11.93,+2.5 / +36.7 / +24.7,True,88,16.18,1.69
USDJPY,C_ny,C_ny_rev|ref07-12o0|act12-15|rev|b0.5|a10|m1.0|tp1.0|x17,353,82.81,67.42,1.67,9.13,+15.9 / +43.3 / +22.8,True,88,12.23,1.36
USDJPY,C_ny,C_ny_rev|ref07-12o0|act12-15|rev|b0.5|a10|m1.0|tp1.0|x19,353,82.81,67.42,1.66,9.13,+16.2 / +44.2 / +21.6,True,88,11.51,1.33
USDJPY,C_ny,C_ny_rev|ref07-12o0|act12-15|rev|b0.5|a10|m1.5|tp0.5|x17,353,63.6,82.44,2.07,7.31,+8.5 / +33.5 / +21.2,True,88,12.14,1.76
USDJPY,C_ny,C_ny_rev|ref07-12o0|act12-15|rev|b0.5|a10|m1.5|tp0.5|x19,353,63.58,83.0,2.05,7.51,+8.2 / +33.7 / +21.3,True,88,11.62,1.69
USDJPY,C_ny,C_ny_rev|ref07-12o0|act12-15|rev|b0.5|a10|m1.5|tp0.75|x17,353,51.19,68.27,1.49,6.52,+11.6 / +31.3 / +7.7,True,88,9.81,1.38
USDJPY,C_ny,C_ny_rev|ref07-12o0|act12-15|rev|b0.5|a10|m1.5|tp0.75|x19,353,50.21,68.27,1.47,7.1,+12.1 / +30.6 / +6.9,True,88,9.45,1.34
USDJPY,C_ny,C_ny_rev|ref07-12o0|act12-15|rev|b0.5|a10|m1.5|tp1.0|x17,353,4.07,53.26,1.03,10.66,-2.2 / +12.0 / -4.7,False,88,-0.07,1.0
USDJPY,C_ny,C_ny_rev|ref07-12o0|act12-15|rev|b0.5|a10|m1.5|tp1.0|x19,353,1.81,52.97,1.01,10.5,-2.0 / +12.1 / -7.2,False,88,-1.25,0.97
USDJPY,C_ny,C_ny_rev|ref07-12o0|act12-15|rev_cf|b0.25|a10|m1.0|tp0.5|x17,209,-36.86,58.85,0.56,39.68,-10.4 / -11.0 / -14.3,False,48,-10.41,0.5
USDJPY,C_ny,C_ny_rev|ref07-12o0|act12-15|rev_cf|b0.25|a10|m1.0|tp0.5|x19,209,-36.07,60.29,0.58,38.89,-10.9 / -11.4 / -12.7,False,48,-10.54,0.5
USDJPY,C_ny,C_ny_rev|ref07-12o0|act12-15|rev_cf|b0.25|a10|m1.0|tp0.75|x17,209,-23.39,54.55,0.75,26.37,-5.0 / -7.2 / -10.0,False,48,-8.98,0.63
USDJPY,C_ny,C_ny_rev|ref07-12o0|act12-15|rev_cf|b0.25|a10|m1.0|tp0.75|x19,209,-21.76,55.02,0.77,24.7,-5.2 / -7.2 / -8.2,False,48,-8.54,0.65
USDJPY,C_ny,C_ny_rev|ref07-12o0|act12-15|rev_cf|b0.25|a10|m1.0|tp1.0|x17,209,-18.78,50.24,0.82,24.59,-0.4 / -8.2 / -9.1,False,48,-7.12,0.72
USDJPY,C_ny,C_ny_rev|ref07-12o0|act12-15|rev_cf|b0.25|a10|m1.0|tp1.0|x19,209,-18.56,49.76,0.82,23.99,-1.3 / -9.0 / -7.2,False,48,-4.63,0.82
USDJPY,C_ny,C_ny_rev|ref07-12o0|act12-15|rev_cf|b0.25|a10|m1.5|tp0.5|x17,209,-12.19,60.29,0.81,13.67,-2.3 / -2.3 / -6.5,False,48,-4.22,0.73
USDJPY,C_ny,C_ny_rev|ref07-12o0|act12-15|rev_cf|b0.25|a10|m1.5|tp0.5|x19,209,-12.64,60.29,0.81,14.16,-2.6 / -3.6 / -5.3,False,48,-3.63,0.77
USDJPY,C_ny,C_ny_rev|ref07-12o0|act12-15|rev_cf|b0.25|a10|m1.5|tp0.75|x17,209,-10.98,53.59,0.85,12.58,-2.0 / +0.8 / -8.6,False,48,-0.91,0.95
USDJPY,C_ny,C_ny_rev|ref07-12o0|act12-15|rev_cf|b0.25|a10|m1.5|tp0.75|x19,209,-11.02,53.11,0.86,14.03,-2.6 / +0.0 / -7.3,False,48,1.41,1.08
USDJPY,C_ny,C_ny_rev|ref07-12o0|act12-15|rev_cf|b0.25|a10|m1.5|tp1.0|x17,209,-9.19,51.67,0.88,12.92,+2.5 / -2.3 / -8.4,False,48,-3.25,0.84
USDJPY,C_ny,C_ny_rev|ref07-12o0|act12-15|rev_cf|b0.25|a10|m1.5|tp1.0|x19,209,-11.03,49.76,0.87,13.14,+1.1 / -3.8 / -7.3,False,48,-0.34,0.98
USDJPY,C_ny,C_ny_rev|ref07-12o0|act12-15|rev_cf|b0.5|a10|m1.0|tp0.5|x17,121,-29.68,53.72,0.46,30.45,-9.7 / -8.8 / -11.5,False,31,-4.47,0.62
USDJPY,C_ny,C_ny_rev|ref07-12o0|act12-15|rev_cf|b0.5|a10|m1.0|tp0.5|x19,121,-30.42,54.55,0.46,31.18,-10.2 / -9.4 / -11.2,False,31,-4.61,0.61
USDJPY,C_ny,C_ny_rev|ref07-12o0|act12-15|rev_cf|b0.5|a10|m1.0|tp0.75|x17,121,-15.56,53.72,0.72,16.83,-4.6 / -4.8 / -6.8,False,31,-2.98,0.79
USDJPY,C_ny,C_ny_rev|ref07-12o0|act12-15|rev_cf|b0.5|a10|m1.0|tp0.75|x19,121,-15.83,53.72,0.72,17.1,-5.0 / -5.3 / -6.2,False,31,-3.11,0.78
USDJPY,C_ny,C_ny_rev|ref07-12o0|act12-15|rev_cf|b0.5|a10|m1.0|tp1.0|x17,121,-19.44,47.11,0.69,21.21,-4.9 / -5.8 / -9.6,False,31,-2.19,0.86
USDJPY,C_ny,C_ny_rev|ref07-12o0|act12-15|rev_cf|b0.5|a10|m1.0|tp1.0|x19,121,-20.86,46.28,0.68,22.62,-5.7 / -6.8 / -9.2,False,31,-1.01,0.93
USDJPY,C_ny,C_ny_rev|ref07-12o0|act12-15|rev_cf|b0.5|a10|m1.5|tp0.5|x17,121,-5.57,59.5,0.84,8.08,-4.1 / +1.3 / -3.1,False,31,-0.52,0.94
USDJPY,C_ny,C_ny_rev|ref07-12o0|act12-15|rev_cf|b0.5|a10|m1.5|tp0.5|x19,121,-7.89,58.68,0.79,10.25,-4.6 / -0.2 / -3.5,False,31,-0.24,0.97
USDJPY,C_ny,C_ny_rev|ref07-12o0|act12-15|rev_cf|b0.5|a10|m1.5|tp0.75|x17,121,-13.84,47.93,0.69,15.18,-7.1 / -0.1 / -7.3,False,31,1.88,1.21
USDJPY,C_ny,C_ny_rev|ref07-12o0|act12-15|rev_cf|b0.5|a10|m1.5|tp0.75|x19,121,-17.71,46.28,0.65,19.05,-8.0 / -3.3 / -7.1,False,31,3.51,1.4
USDJPY,C_ny,C_ny_rev|ref07-12o0|act12-15|rev_cf|b0.5|a10|m1.5|tp1.0|x17,121,-15.66,45.45,0.66,16.78,-6.5 / -2.3 / -7.2,False,31,1.45,1.14
USDJPY,C_ny,C_ny_rev|ref07-12o0|act12-15|rev_cf|b0.5|a10|m1.5|tp1.0|x19,121,-22.08,41.32,0.59,21.47,-8.6 / -7.4 / -6.1,False,31,3.84,1.38
USDJPY,C_ny,C_ny_rev|ref07-12o0|act13-16|rev|b0.25|a10|m1.0|tp0.5|x17,454,5.55,73.79,1.04,15.18,-10.4 / +18.4 / -1.3,False,121,4.85,1.17
USDJPY,C_ny,C_ny_rev|ref07-12o0|act13-16|rev|b0.25|a10|m1.0|tp0.5|x19,454,4.59,73.35,1.04,15.42,-11.1 / +19.2 / -2.3,False,121,3.02,1.1
USDJPY,C_ny,C_ny_rev|ref07-12o0|act13-16|rev|b0.25|a10|m1.0|tp0.75|x17,454,36.63,66.52,1.24,11.1,+1.6 / +30.6 / +5.6,True,121,13.21,1.36
USDJPY,C_ny,C_ny_rev|ref07-12o0|act13-16|rev|b0.25|a10|m1.0|tp0.75|x19,454,34.38,66.08,1.22,14.41,+2.4 / +31.0 / +2.1,True,121,12.41,1.32
USDJPY,C_ny,C_ny_rev|ref07-12o0|act13-16|rev|b0.25|a10|m1.0|tp1.0|x17,454,28.19,56.83,1.15,15.1,+5.8 / +27.4 / -3.9,False,121,7.66,1.16
USDJPY,C_ny,C_ny_rev|ref07-12o0|act13-16|rev|b0.25|a10|m1.0|tp1.0|x19,454,26.6,56.61,1.14,17.91,+4.8 / +30.4 / -7.4,False,121,7.67,1.15
USDJPY,C_ny,C_ny_rev|ref07-12o0|act13-16|rev|b0.25|a10|m1.5|tp0.5|x17,454,41.86,73.57,1.43,5.43,+6.6 / +26.6 / +8.3,True,121,10.95,1.45
USDJPY,C_ny,C_ny_rev|ref07-12o0|act13-16|rev|b0.25|a10|m1.5|tp0.5|x19,454,42.8,73.79,1.43,6.95,+8.1 / +27.4 / +6.9,True,121,12.83,1.52
USDJPY,C_ny,C_ny_rev|ref07-12o0|act13-16|rev|b0.25|a10|m1.5|tp0.75|x17,454,18.43,59.25,1.13,11.74,+1.1 / +19.5 / -1.0,False,121,6.64,1.19
USDJPY,C_ny,C_ny_rev|ref07-12o0|act13-16|rev|b0.25|a10|m1.5|tp0.75|x19,454,20.51,59.47,1.14,12.46,+1.6 / +21.1 / -1.0,False,121,5.99,1.15
USDJPY,C_ny,C_ny_rev|ref07-12o0|act13-16|rev|b0.25|a10|m1.5|tp1.0|x17,454,-17.4,49.12,0.9,19.97,-5.5 / +2.9 / -13.7,False,121,-4.16,0.91
USDJPY,C_ny,C_ny_rev|ref07-12o0|act13-16|rev|b0.25|a10|m1.5|tp1.0|x19,454,-14.93,49.34,0.92,19.63,-6.1 / +4.7 / -12.4,False,121,-3.45,0.93
USDJPY,C_ny,C_ny_rev|ref07-12o0|act13-16|rev|b0.5|a10|m1.0|tp0.5|x17,406,26.42,77.09,1.27,8.39,-2.7 / +20.2 / +8.7,False,105,10.36,1.53
USDJPY,C_ny,C_ny_rev|ref07-12o0|act13-16|rev|b0.5|a10|m1.0|tp0.5|x19,406,26.12,76.85,1.27,8.4,-2.2 / +21.3 / +6.8,False,105,9.16,1.43
USDJPY,C_ny,C_ny_rev|ref07-12o0|act13-16|rev|b0.5|a10|m1.0|tp0.75|x17,406,48.42,68.47,1.38,8.91,+4.2 / +27.3 / +16.3,True,105,24.0,1.99
USDJPY,C_ny,C_ny_rev|ref07-12o0|act13-16|rev|b0.5|a10|m1.0|tp0.75|x19,406,52.27,68.97,1.42,8.91,+5.6 / +29.4 / +16.8,True,105,22.39,1.84
USDJPY,C_ny,C_ny_rev|ref07-12o0|act13-16|rev|b0.5|a10|m1.0|tp1.0|x17,406,58.89,61.58,1.39,9.71,+9.2 / +34.0 / +14.9,True,105,23.32,1.68
USDJPY,C_ny,C_ny_rev|ref07-12o0|act13-16|rev|b0.5|a10|m1.0|tp1.0|x19,406,60.06,61.82,1.39,10.22,+10.2 / +36.5 / +12.6,True,105,20.57,1.55
USDJPY,C_ny,C_ny_rev|ref07-12o0|act13-16|rev|b0.5|a10|m1.5|tp0.5|x17,406,47.48,75.62,1.58,4.28,+10.4 / +24.4 / +12.3,True,105,14.82,1.82
USDJPY,C_ny,C_ny_rev|ref07-12o0|act13-16|rev|b0.5|a10|m1.5|tp0.5|x19,406,48.54,76.11,1.59,5.16,+11.0 / +25.1 / +12.1,True,105,15.34,1.81
USDJPY,C_ny,C_ny_rev|ref07-12o0|act13-16|rev|b0.5|a10|m1.5|tp0.75|x17,406,48.7,64.29,1.43,5.8,+16.5 / +26.2 / +5.3,True,105,13.84,1.5
USDJPY,C_ny,C_ny_rev|ref07-12o0|act13-16|rev|b0.5|a10|m1.5|tp0.75|x19,406,48.43,65.27,1.41,6.08,+16.2 / +26.6 / +5.0,True,105,14.56,1.5
USDJPY,C_ny,C_ny_rev|ref07-12o0|act13-16|rev|b0.5|a10|m1.5|tp1.0|x17,406,3.73,52.22,1.03,16.65,+6.3 / +9.0 / -10.3,False,105,6.0,1.17
USDJPY,C_ny,C_ny_rev|ref07-12o0|act13-16|rev|b0.5|a10|m1.5|tp1.0|x19,406,0.39,51.48,1.0,18.66,+3.9 / +9.5 / -11.9,False,105,3.98,1.1
USDJPY,C_ny,C_ny_rev|ref07-12o0|act13-16|rev_cf|b0.25|a10|m1.0|tp0.5|x17,215,-31.6,58.14,0.61,31.41,-8.7 / -7.0 / -14.8,False,56,-7.87,0.6
USDJPY,C_ny,C_ny_rev|ref07-12o0|act13-16|rev_cf|b0.25|a10|m1.0|tp0.5|x19,215,-30.48,60.93,0.63,30.91,-8.9 / -8.1 / -12.3,False,56,-6.28,0.68
USDJPY,C_ny,C_ny_rev|ref07-12o0|act13-16|rev_cf|b0.25|a10|m1.0|tp0.75|x17,215,-19.57,54.42,0.77,23.37,-2.0 / -2.7 / -13.7,False,56,-9.11,0.63
USDJPY,C_ny,C_ny_rev|ref07-12o0|act13-16|rev_cf|b0.25|a10|m1.0|tp0.75|x19,215,-17.24,54.88,0.81,21.68,-2.3 / -3.8 / -10.0,False,56,-7.42,0.7
USDJPY,C_ny,C_ny_rev|ref07-12o0|act13-16|rev_cf|b0.25|a10|m1.0|tp1.0|x17,215,-13.89,51.63,0.85,19.95,+1.6 / -1.9 / -12.4,False,56,-10.02,0.63
USDJPY,C_ny,C_ny_rev|ref07-12o0|act13-16|rev_cf|b0.25|a10|m1.0|tp1.0|x19,215,-10.54,50.23,0.89,15.59,+0.9 / -2.9 / -7.4,False,56,-6.18,0.77
USDJPY,C_ny,C_ny_rev|ref07-12o0|act13-16|rev_cf|b0.25|a10|m1.5|tp0.5|x17,215,-9.38,57.67,0.83,11.13,-3.2 / +2.9 / -7.9,False,56,-5.36,0.68
USDJPY,C_ny,C_ny_rev|ref07-12o0|act13-16|rev_cf|b0.25|a10|m1.5|tp0.5|x19,215,-8.26,58.6,0.86,9.88,-3.2 / +1.3 / -5.3,False,56,-4.21,0.75
USDJPY,C_ny,C_ny_rev|ref07-12o0|act13-16|rev_cf|b0.25|a10|m1.5|tp0.75|x17,215,-7.21,53.02,0.89,12.74,-1.7 / +6.0 / -10.5,False,56,-4.87,0.74
USDJPY,C_ny,C_ny_rev|ref07-12o0|act13-16|rev_cf|b0.25|a10|m1.5|tp0.75|x19,215,-5.2,52.09,0.92,9.47,-2.9 / +5.9 / -7.1,False,56,-2.74,0.85
USDJPY,C_ny,C_ny_rev|ref07-12o0|act13-16|rev_cf|b0.25|a10|m1.5|tp1.0|x17,215,-7.0,51.16,0.89,13.11,+1.5 / +2.8 / -10.1,False,56,-7.97,0.62
USDJPY,C_ny,C_ny_rev|ref07-12o0|act13-16|rev_cf|b0.25|a10|m1.5|tp1.0|x19,215,-7.95,48.84,0.89,10.76,-0.5 / +1.3 / -7.6,False,56,-4.98,0.77
USDJPY,C_ny,C_ny_rev|ref07-12o0|act13-16|rev_cf|b0.5|a10|m1.0|tp0.5|x17,134,-25.54,54.48,0.52,25.09,-9.5 / -6.9 / -9.6,False,35,-3.36,0.71
USDJPY,C_ny,C_ny_rev|ref07-12o0|act13-16|rev_cf|b0.5|a10|m1.0|tp0.5|x19,134,-24.17,58.21,0.56,23.71,-8.8 / -8.5 / -7.3,False,35,-2.84,0.76
USDJPY,C_ny,C_ny_rev|ref07-12o0|act13-16|rev_cf|b0.5|a10|m1.0|tp0.75|x17,134,-13.87,53.73,0.74,13.96,-4.0 / -3.2 / -6.2,False,35,-3.31,0.77
USDJPY,C_ny,C_ny_rev|ref07-12o0|act13-16|rev_cf|b0.5|a10|m1.0|tp0.75|x19,134,-12.03,54.48,0.79,13.63,-3.7 / -5.2 / -2.6,False,35,-2.24,0.84
USDJPY,C_ny,C_ny_rev|ref07-12o0|act13-16|rev_cf|b0.5|a10|m1.0|tp1.0|x17,134,-12.18,50.0,0.79,13.93,-4.6 / -2.5 / -4.6,False,35,-3.02,0.81
USDJPY,C_ny,C_ny_rev|ref07-12o0|act13-16|rev_cf|b0.5|a10|m1.0|tp1.0|x19,134,-11.92,48.51,0.81,13.89,-6.0 / -3.8 / -1.6,False,35,-1.31,0.91
USDJPY,C_ny,C_ny_rev|ref07-12o0|act13-16|rev_cf|b0.5|a10|m1.5|tp0.5|x17,134,-2.48,57.46,0.92,5.47,-3.0 / +1.0 / -0.2,False,35,-2.41,0.76
USDJPY,C_ny,C_ny_rev|ref07-12o0|act13-16|rev_cf|b0.5|a10|m1.5|tp0.5|x19,134,-3.54,58.21,0.9,5.87,-3.2 / -1.0 / +1.0,False,35,-1.34,0.86
USDJPY,C_ny,C_ny_rev|ref07-12o0|act13-16|rev_cf|b0.5|a10|m1.5|tp0.75|x17,134,-4.8,50.0,0.87,6.56,-3.4 / +2.1 / -3.2,False,35,-1.62,0.85
USDJPY,C_ny,C_ny_rev|ref07-12o0|act13-16|rev_cf|b0.5|a10|m1.5|tp0.75|x19,134,-8.13,48.51,0.81,9.43,-4.7 / -0.3 / -2.7,False,35,-0.74,0.93
USDJPY,C_ny,C_ny_rev|ref07-12o0|act13-16|rev_cf|b0.5|a10|m1.5|tp1.0|x17,134,-6.09,47.76,0.85,7.74,-2.9 / +0.6 / -3.5,False,35,-0.21,0.98
USDJPY,C_ny,C_ny_rev|ref07-12o0|act13-16|rev_cf|b0.5|a10|m1.5|tp1.0|x19,134,-12.3,44.03,0.74,12.71,-5.4 / -3.3 / -3.2,False,35,1.63,1.16
USDJPY,C_ny,C_ny_rev|ref07-12o0|act13-17|rev|b0.25|a10|m1.0|tp0.5|x17,478,8.37,73.85,1.06,15.69,-12.0 / +23.1 / -1.6,False,129,5.16,1.17
USDJPY,C_ny,C_ny_rev|ref07-12o0|act13-17|rev|b0.25|a10|m1.0|tp0.5|x19,478,7.18,73.43,1.05,15.66,-13.1 / +24.2 / -2.7,False,129,3.06,1.09
USDJPY,C_ny,C_ny_rev|ref07-12o0|act13-17|rev|b0.25|a10|m1.0|tp0.75|x17,478,36.73,65.69,1.23,12.33,-1.8 / +33.8 / +5.9,False,129,13.57,1.35
USDJPY,C_ny,C_ny_rev|ref07-12o0|act13-17|rev|b0.25|a10|m1.0|tp0.75|x19,478,35.54,65.69,1.22,15.76,-1.2 / +35.5 / +2.4,False,129,11.31,1.27
USDJPY,C_ny,C_ny_rev|ref07-12o0|act13-17|rev|b0.25|a10|m1.0|tp1.0|x17,478,27.81,56.07,1.14,16.33,+0.6 / +31.0 / -2.6,False,129,6.22,1.12
USDJPY,C_ny,C_ny_rev|ref07-12o0|act13-17|rev|b0.25|a10|m1.0|tp1.0|x19,478,27.02,56.28,1.13,19.26,-1.5 / +35.9 / -6.1,False,129,5.12,1.09
USDJPY,C_ny,C_ny_rev|ref07-12o0|act13-17|rev|b0.25|a10|m1.5|tp0.5|x17,478,41.36,72.38,1.4,6.59,+3.7 / +29.5 / +7.8,True,129,10.86,1.42
USDJPY,C_ny,C_ny_rev|ref07-12o0|act13-17|rev|b0.25|a10|m1.5|tp0.5|x19,478,42.47,73.01,1.41,8.18,+4.7 / +31.0 / +6.4,True,129,11.89,1.44
USDJPY,C_ny,C_ny_rev|ref07-12o0|act13-17|rev|b0.25|a10|m1.5|tp0.75|x17,478,15.13,57.95,1.1,12.9,-1.4 / +20.3 / -2.6,False,129,4.41,1.12
USDJPY,C_ny,C_ny_rev|ref07-12o0|act13-17|rev|b0.25|a10|m1.5|tp0.75|x19,478,18.41,58.58,1.12,13.69,-1.8 / +22.7 / -1.4,False,129,2.42,1.06
USDJPY,C_ny,C_ny_rev|ref07-12o0|act13-17|rev|b0.25|a10|m1.5|tp1.0|x17,478,-21.68,48.12,0.88,22.16,-7.7 / +3.7 / -16.5,False,129,-6.38,0.87
USDJPY,C_ny,C_ny_rev|ref07-12o0|act13-17|rev|b0.25|a10|m1.5|tp1.0|x19,478,-17.41,48.74,0.91,20.98,-9.1 / +6.2 / -13.4,False,129,-7.01,0.87
USDJPY,C_ny,C_ny_rev|ref07-12o0|act13-17|rev|b0.5|a10|m1.0|tp0.5|x17,427,29.39,77.28,1.29,8.97,-1.8 / +20.9 / +10.0,False,116,14.26,1.72
USDJPY,C_ny,C_ny_rev|ref07-12o0|act13-17|rev|b0.5|a10|m1.0|tp0.5|x19,427,28.76,77.05,1.28,9.51,-1.3 / +21.6 / +8.2,False,116,13.22,1.63
USDJPY,C_ny,C_ny_rev|ref07-12o0|act13-17|rev|b0.5|a10|m1.0|tp0.75|x17,427,51.71,68.38,1.39,9.63,+3.5 / +28.4 / +19.2,True,116,27.31,2.07
USDJPY,C_ny,C_ny_rev|ref07-12o0|act13-17|rev|b0.5|a10|m1.0|tp0.75|x19,427,55.46,68.85,1.42,9.63,+5.3 / +30.0 / +19.7,True,116,26.35,1.94
USDJPY,C_ny,C_ny_rev|ref07-12o0|act13-17|rev|b0.5|a10|m1.0|tp1.0|x17,427,57.94,60.89,1.37,11.1,+7.9 / +31.5 / +17.8,True,116,25.55,1.71
USDJPY,C_ny,C_ny_rev|ref07-12o0|act13-17|rev|b0.5|a10|m1.0|tp1.0|x19,427,57.84,61.12,1.36,11.87,+9.1 / +33.1 / +14.8,True,116,23.45,1.58
USDJPY,C_ny,C_ny_rev|ref07-12o0|act13-17|rev|b0.5|a10|m1.5|tp0.5|x17,427,50.38,75.41,1.6,4.64,+11.1 / +24.8 / +14.1,True,116,16.7,1.86
USDJPY,C_ny,C_ny_rev|ref07-12o0|act13-17|rev|b0.5|a10|m1.5|tp0.5|x19,427,51.75,75.88,1.61,5.38,+11.9 / +25.1 / +14.4,True,116,17.65,1.87
USDJPY,C_ny,C_ny_rev|ref07-12o0|act13-17|rev|b0.5|a10|m1.5|tp0.75|x17,427,49.09,63.47,1.42,6.46,+15.9 / +25.7 / +6.8,True,116,14.39,1.5
USDJPY,C_ny,C_ny_rev|ref07-12o0|act13-17|rev|b0.5|a10|m1.5|tp0.75|x19,427,48.41,64.64,1.39,6.2,+15.9 / +25.3 / +6.6,True,116,16.16,1.51
USDJPY,C_ny,C_ny_rev|ref07-12o0|act13-17|rev|b0.5|a10|m1.5|tp1.0|x17,427,3.9,51.99,1.03,16.79,+5.9 / +8.4 / -9.3,False,116,5.98,1.16
USDJPY,C_ny,C_ny_rev|ref07-12o0|act13-17|rev|b0.5|a10|m1.5|tp1.0|x19,427,-0.54,51.29,1.0,18.99,+3.8 / +7.6 / -10.8,False,116,6.16,1.15
USDJPY,C_ny,C_ny_rev|ref07-12o0|act13-17|rev_cf|b0.25|a10|m1.0|tp0.5|x17,237,-28.81,60.34,0.66,29.0,-7.5 / -7.4 / -14.3,False,64,-6.75,0.68
USDJPY,C_ny,C_ny_rev|ref07-12o0|act13-17|rev_cf|b0.25|a10|m1.0|tp0.5|x19,237,-29.53,61.6,0.66,30.34,-7.9 / -9.1 / -12.9,False,64,-6.28,0.71
USDJPY,C_ny,C_ny_rev|ref07-12o0|act13-17|rev_cf|b0.25|a10|m1.0|tp0.75|x17,237,-17.53,55.7,0.81,20.96,-1.0 / -3.7 / -13.5,False,64,-7.99,0.7
USDJPY,C_ny,C_ny_rev|ref07-12o0|act13-17|rev_cf|b0.25|a10|m1.0|tp0.75|x19,237,-21.51,53.59,0.78,24.68,-2.0 / -5.6 / -13.5,False,64,-6.53,0.75
USDJPY,C_ny,C_ny_rev|ref07-12o0|act13-17|rev_cf|b0.25|a10|m1.0|tp1.0|x17,237,-12.1,52.32,0.88,18.54,+3.8 / -3.9 / -12.9,False,64,-9.4,0.69
USDJPY,C_ny,C_ny_rev|ref07-12o0|act13-17|rev_cf|b0.25|a10|m1.0|tp1.0|x19,237,-15.65,48.95,0.85,19.37,+1.5 / -4.7 / -12.0,False,64,-5.16,0.82
USDJPY,C_ny,C_ny_rev|ref07-12o0|act13-17|rev_cf|b0.25|a10|m1.5|tp0.5|x17,237,-7.36,59.49,0.88,10.65,-1.7 / +2.7 / -8.8,False,64,-5.28,0.72
USDJPY,C_ny,C_ny_rev|ref07-12o0|act13-17|rev_cf|b0.25|a10|m1.5|tp0.5|x19,237,-11.49,56.96,0.82,11.93,-3.4 / +0.4 / -8.2,False,64,-3.47,0.81
USDJPY,C_ny,C_ny_rev|ref07-12o0|act13-17|rev_cf|b0.25|a10|m1.5|tp0.75|x17,237,-7.37,53.59,0.9,12.47,+0.3 / +4.8 / -11.4,False,64,-5.04,0.77
USDJPY,C_ny,C_ny_rev|ref07-12o0|act13-17|rev_cf|b0.25|a10|m1.5|tp0.75|x19,237,-8.82,50.63,0.88,11.41,-2.6 / +5.1 / -10.9,False,64,-1.74,0.91
USDJPY,C_ny,C_ny_rev|ref07-12o0|act13-17|rev_cf|b0.25|a10|m1.5|tp1.0|x17,237,-8.16,51.05,0.89,13.34,+2.6 / +2.4 / -12.1,False,64,-6.89,0.71
USDJPY,C_ny,C_ny_rev|ref07-12o0|act13-17|rev_cf|b0.25|a10|m1.5|tp1.0|x19,237,-12.08,47.26,0.85,12.45,-0.5 / +0.4 / -11.7,False,64,-4.14,0.82
USDJPY,C_ny,C_ny_rev|ref07-12o0|act13-17|rev_cf|b0.5|a10|m1.0|tp0.5|x17,150,-25.25,56.67,0.57,25.21,-10.7 / -5.9 / -9.1,False,41,-2.95,0.77
USDJPY,C_ny,C_ny_rev|ref07-12o0|act13-17|rev_cf|b0.5|a10|m1.0|tp0.5|x19,150,-23.46,60.0,0.6,23.42,-10.3 / -7.3 / -6.3,False,41,-2.55,0.8
USDJPY,C_ny,C_ny_rev|ref07-12o0|act13-17|rev_cf|b0.5|a10|m1.0|tp0.75|x17,150,-17.58,53.33,0.72,17.62,-6.2 / -4.4 / -7.6,False,41,-5.16,0.71
USDJPY,C_ny,C_ny_rev|ref07-12o0|act13-17|rev_cf|b0.5|a10|m1.0|tp0.75|x19,150,-16.44,52.67,0.74,15.94,-6.6 / -5.5 / -3.9,False,41,-1.92,0.88
USDJPY,C_ny,C_ny_rev|ref07-12o0|act13-17|rev_cf|b0.5|a10|m1.0|tp1.0|x17,150,-17.88,48.67,0.74,19.99,-6.3 / -5.0 / -7.5,False,41,-6.12,0.7
USDJPY,C_ny,C_ny_rev|ref07-12o0|act13-17|rev_cf|b0.5|a10|m1.0|tp1.0|x19,150,-17.36,46.67,0.75,18.61,-8.9 / -4.2 / -3.8,False,41,-1.08,0.93
USDJPY,C_ny,C_ny_rev|ref07-12o0|act13-17|rev_cf|b0.5|a10|m1.5|tp0.5|x17,150,-4.62,58.0,0.88,7.43,-3.9 / +0.7 / -1.8,False,41,-4.64,0.66
USDJPY,C_ny,C_ny_rev|ref07-12o0|act13-17|rev_cf|b0.5|a10|m1.5|tp0.5|x19,150,-6.86,56.0,0.83,7.36,-5.8 / -0.6 / -0.2,False,41,-0.98,0.9
USDJPY,C_ny,C_ny_rev|ref07-12o0|act13-17|rev_cf|b0.5|a10|m1.5|tp0.75|x17,150,-10.87,48.67,0.77,11.57,-4.7 / +0.5 / -5.6,False,41,-3.1,0.78
USDJPY,C_ny,C_ny_rev|ref07-12o0|act13-17|rev_cf|b0.5|a10|m1.5|tp0.75|x19,150,-12.05,46.67,0.75,11.98,-7.3 / +0.2 / -4.5,False,41,-0.36,0.97
USDJPY,C_ny,C_ny_rev|ref07-12o0|act13-17|rev_cf|b0.5|a10|m1.5|tp1.0|x17,150,-14.91,45.33,0.71,13.96,-5.6 / -1.0 / -7.2,False,41,-0.94,0.93
USDJPY,C_ny,C_ny_rev|ref07-12o0|act13-17|rev_cf|b0.5|a10|m1.5|tp1.0|x19,150,-15.97,42.67,0.7,15.55,-8.1 / -3.4 / -4.2,False,41,2.07,1.19
USDJPY,C_ny,C_ny_rev|ref07-13o0|act12-15|rev|b0.25|a10|m1.0|tp0.5|x17,474,-53.13,66.24,0.7,53.8,-32.1 / -13.3 / -7.9,False,141,-15.83,0.68
USDJPY,C_ny,C_ny_rev|ref07-13o0|act12-15|rev|b0.25|a10|m1.0|tp0.5|x19,474,-54.03,66.46,0.69,54.69,-32.1 / -13.2 / -8.9,False,141,-15.58,0.68
USDJPY,C_ny,C_ny_rev|ref07-13o0|act12-15|rev|b0.25|a10|m1.0|tp0.75|x17,474,-45.48,57.38,0.79,48.53,-33.0 / -12.0 / +0.8,False,141,-21.8,0.68
USDJPY,C_ny,C_ny_rev|ref07-13o0|act12-15|rev|b0.25|a10|m1.0|tp0.75|x19,474,-45.44,57.81,0.79,47.72,-33.1 / -11.1 / +0.0,False,141,-20.17,0.7
USDJPY,C_ny,C_ny_rev|ref07-13o0|act12-15|rev|b0.25|a10|m1.0|tp1.0|x17,474,-43.63,50.84,0.83,47.39,-31.0 / -8.2 / -3.2,False,141,-23.48,0.7
USDJPY,C_ny,C_ny_rev|ref07-13o0|act12-15|rev|b0.25|a10|m1.0|tp1.0|x19,474,-42.02,51.48,0.83,45.79,-31.2 / -6.0 / -3.5,False,141,-20.93,0.73
USDJPY,C_ny,C_ny_rev|ref07-13o0|act12-15|rev|b0.25|a10|m1.5|tp0.5|x17,474,-28.04,66.24,0.82,31.84,-19.8 / -7.9 / +0.8,False,141,-14.66,0.7
USDJPY,C_ny,C_ny_rev|ref07-13o0|act12-15|rev|b0.25|a10|m1.5|tp0.5|x19,474,-26.67,66.67,0.83,30.05,-18.9 / -6.6 / -0.0,False,141,-12.28,0.75
USDJPY,C_ny,C_ny_rev|ref07-13o0|act12-15|rev|b0.25|a10|m1.5|tp0.75|x17,474,-37.87,55.06,0.81,38.73,-21.1 / -9.7 / -5.9,False,141,-14.53,0.76
USDJPY,C_ny,C_ny_rev|ref07-13o0|act12-15|rev|b0.25|a10|m1.5|tp0.75|x19,474,-39.59,55.27,0.81,40.7,-19.9 / -9.1 / -9.4,False,141,-12.24,0.8
USDJPY,C_ny,C_ny_rev|ref07-13o0|act12-15|rev|b0.25|a10|m1.5|tp1.0|x17,474,-53.41,46.62,0.77,57.06,-20.3 / -18.1 / -13.9,False,141,-17.79,0.73
USDJPY,C_ny,C_ny_rev|ref07-13o0|act12-15|rev|b0.25|a10|m1.5|tp1.0|x19,474,-53.3,46.62,0.77,57.21,-17.9 / -15.6 / -18.6,False,141,-14.6,0.78
USDJPY,C_ny,C_ny_rev|ref07-13o0|act12-15|rev|b0.5|a10|m1.0|tp0.5|x17,441,-43.62,67.12,0.72,47.67,-25.8 / -16.4 / -1.6,False,131,-13.37,0.7
USDJPY,C_ny,C_ny_rev|ref07-13o0|act12-15|rev|b0.5|a10|m1.0|tp0.5|x19,441,-43.31,67.57,0.73,47.58,-25.8 / -16.3 / -1.4,False,131,-13.12,0.7
USDJPY,C_ny,C_ny_rev|ref07-13o0|act12-15|rev|b0.5|a10|m1.0|tp0.75|x17,441,-43.97,56.92,0.78,48.49,-24.8 / -15.2 / -2.6,False,131,-17.54,0.71
USDJPY,C_ny,C_ny_rev|ref07-13o0|act12-15|rev|b0.5|a10|m1.0|tp0.75|x19,441,-45.79,57.37,0.78,47.54,-24.8 / -14.3 / -5.4,False,131,-15.41,0.74
USDJPY,C_ny,C_ny_rev|ref07-13o0|act12-15|rev|b0.5|a10|m1.0|tp1.0|x17,441,-36.87,50.79,0.84,47.85,-23.9 / -12.5 / +0.8,False,131,-18.39,0.74
USDJPY,C_ny,C_ny_rev|ref07-13o0|act12-15|rev|b0.5|a10|m1.0|tp1.0|x19,441,-37.34,51.47,0.84,46.02,-24.0 / -10.6 / -1.5,False,131,-16.03,0.77
USDJPY,C_ny,C_ny_rev|ref07-13o0|act12-15|rev|b0.5|a10|m1.5|tp0.5|x17,441,-22.76,66.44,0.84,28.98,-14.9 / -6.6 / -0.1,False,131,-11.55,0.74
USDJPY,C_ny,C_ny_rev|ref07-13o0|act12-15|rev|b0.5|a10|m1.5|tp0.5|x19,441,-21.01,67.35,0.86,26.92,-13.7 / -5.3 / -0.8,False,131,-8.75,0.8
USDJPY,C_ny,C_ny_rev|ref07-13o0|act12-15|rev|b0.5|a10|m1.5|tp0.75|x17,441,-32.22,55.1,0.83,37.48,-19.8 / -6.9 / -4.4,False,131,-14.02,0.74
USDJPY,C_ny,C_ny_rev|ref07-13o0|act12-15|rev|b0.5|a10|m1.5|tp0.75|x19,441,-31.12,55.78,0.84,35.54,-18.2 / -6.0 / -5.7,False,131,-11.98,0.78
USDJPY,C_ny,C_ny_rev|ref07-13o0|act12-15|rev|b0.5|a10|m1.5|tp1.0|x17,441,-45.08,47.17,0.79,47.64,-19.0 / -14.5 / -10.5,False,131,-20.49,0.67
USDJPY,C_ny,C_ny_rev|ref07-13o0|act12-15|rev|b0.5|a10|m1.5|tp1.0|x19,441,-47.93,46.71,0.78,51.48,-16.6 / -14.1 / -16.0,False,131,-18.98,0.71
USDJPY,C_ny,C_ny_rev|ref07-13o0|act12-15|rev_cf|b0.25|a10|m1.0|tp0.5|x17,128,-10.3,64.84,0.76,10.24,-7.0 / -0.9 / -2.8,False,27,-5.77,0.5
USDJPY,C_ny,C_ny_rev|ref07-13o0|act12-15|rev_cf|b0.25|a10|m1.0|tp0.5|x19,128,-9.82,67.97,0.78,10.29,-7.0 / -0.1 / -3.1,False,27,-5.77,0.5
USDJPY,C_ny,C_ny_rev|ref07-13o0|act12-15|rev_cf|b0.25|a10|m1.0|tp0.75|x17,128,-0.27,59.38,0.99,5.55,-2.5 / +2.4 / -0.9,False,27,-7.09,0.5
USDJPY,C_ny,C_ny_rev|ref07-13o0|act12-15|rev_cf|b0.25|a10|m1.0|tp0.75|x19,128,0.99,62.5,1.02,5.55,-2.5 / +3.6 / -0.8,False,27,-8.06,0.47
USDJPY,C_ny,C_ny_rev|ref07-13o0|act12-15|rev_cf|b0.25|a10|m1.0|tp1.0|x17,128,-4.38,50.78,0.93,8.3,-5.7 / +1.8 / -1.4,False,27,-8.94,0.46
USDJPY,C_ny,C_ny_rev|ref07-13o0|act12-15|rev_cf|b0.25|a10|m1.0|tp1.0|x19,128,-1.17,54.69,0.98,7.34,-4.2 / +3.2 / -1.0,False,27,-9.07,0.48
USDJPY,C_ny,C_ny_rev|ref07-13o0|act12-15|rev_cf|b0.25|a10|m1.5|tp0.5|x17,128,-2.53,60.94,0.93,6.27,-0.8 / -0.6 / -1.5,False,27,-4.81,0.54
USDJPY,C_ny,C_ny_rev|ref07-13o0|act12-15|rev_cf|b0.25|a10|m1.5|tp0.5|x19,128,-5.18,64.06,0.87,8.51,-1.7 / -0.5 / -3.4,False,27,-5.85,0.49
USDJPY,C_ny,C_ny_rev|ref07-13o0|act12-15|rev_cf|b0.25|a10|m1.5|tp0.75|x17,128,-2.46,51.56,0.94,7.11,-3.4 / +0.6 / -0.3,False,27,-4.73,0.59
USDJPY,C_ny,C_ny_rev|ref07-13o0|act12-15|rev_cf|b0.25|a10|m1.5|tp0.75|x19,128,-4.03,55.47,0.92,8.82,-3.1 / +1.7 / -3.3,False,27,-4.1,0.67
USDJPY,C_ny,C_ny_rev|ref07-13o0|act12-15|rev_cf|b0.25|a10|m1.5|tp1.0|x17,128,-3.56,47.66,0.92,10.73,-5.3 / -0.4 / +1.2,False,27,-4.99,0.59
USDJPY,C_ny,C_ny_rev|ref07-13o0|act12-15|rev_cf|b0.25|a10|m1.5|tp1.0|x19,128,0.53,53.91,1.01,8.12,-2.3 / +3.3 / -1.4,False,27,-5.5,0.59
USDJPY,C_ny,C_ny_rev|ref07-13o0|act12-15|rev_cf|b0.5|a10|m1.0|tp0.5|x17,83,-13.72,59.04,0.58,14.56,-8.1 / -2.3 / -3.7,False,14,-3.1,0.48
USDJPY,C_ny,C_ny_rev|ref07-13o0|act12-15|rev_cf|b0.5|a10|m1.0|tp0.5|x19,83,-13.34,62.65,0.61,14.92,-8.1 / -1.8 / -3.8,False,14,-3.1,0.48
USDJPY,C_ny,C_ny_rev|ref07-13o0|act12-15|rev_cf|b0.5|a10|m1.0|tp0.75|x17,83,-8.04,54.22,0.78,10.71,-6.8 / -1.6 / -0.3,False,14,-3.01,0.57
USDJPY,C_ny,C_ny_rev|ref07-13o0|act12-15|rev_cf|b0.5|a10|m1.0|tp0.75|x19,83,-7.55,57.83,0.8,11.44,-7.4 / -0.8 / -0.0,False,14,-3.44,0.53
USDJPY,C_ny,C_ny_rev|ref07-13o0|act12-15|rev_cf|b0.5|a10|m1.0|tp1.0|x17,83,-9.69,46.99,0.77,12.72,-7.5 / -4.3 / +1.2,False,14,-1.93,0.73
USDJPY,C_ny,C_ny_rev|ref07-13o0|act12-15|rev_cf|b0.5|a10|m1.0|tp1.0|x19,83,-7.96,50.6,0.82,12.09,-7.4 / -3.1 / +1.7,False,14,-1.69,0.77
USDJPY,C_ny,C_ny_rev|ref07-13o0|act12-15|rev_cf|b0.5|a10|m1.5|tp0.5|x17,83,-7.72,56.63,0.72,9.93,-3.2 / -3.7 / -1.2,False,14,-2.13,0.59
USDJPY,C_ny,C_ny_rev|ref07-13o0|act12-15|rev_cf|b0.5|a10|m1.5|tp0.5|x19,83,-9.29,60.24,0.69,11.76,-4.0 / -3.8 / -1.9,False,14,-2.6,0.53
USDJPY,C_ny,C_ny_rev|ref07-13o0|act12-15|rev_cf|b0.5|a10|m1.5|tp0.75|x17,83,-6.19,49.4,0.8,9.82,-1.9 / -5.1 / +0.1,False,14,-0.66,0.87
USDJPY,C_ny,C_ny_rev|ref07-13o0|act12-15|rev_cf|b0.5|a10|m1.5|tp0.75|x19,83,-6.63,53.01,0.8,10.38,-2.2 / -4.4 / -0.7,False,14,-0.6,0.89
USDJPY,C_ny,C_ny_rev|ref07-13o0|act12-15|rev_cf|b0.5|a10|m1.5|tp1.0|x17,83,-5.78,46.99,0.82,10.59,-1.6 / -6.0 / +0.9,False,14,-1.67,0.72
USDJPY,C_ny,C_ny_rev|ref07-13o0|act12-15|rev_cf|b0.5|a10|m1.5|tp1.0|x19,83,-4.03,51.81,0.88,9.36,-0.2 / -4.1 / -0.7,False,14,-1.84,0.72
USDJPY,C_ny,C_ny_rev|ref07-13o0|act13-16|rev|b0.25|a10|m1.0|tp0.5|x17,386,48.64,81.61,1.65,8.23,+1.3 / +27.6 / +21.0,True,110,11.91,1.59
USDJPY,C_ny,C_ny_rev|ref07-13o0|act13-16|rev|b0.25|a10|m1.0|tp0.5|x19,386,50.45,81.61,1.68,7.74,+2.3 / +27.8 / +21.6,True,110,11.02,1.52
USDJPY,C_ny,C_ny_rev|ref07-13o0|act13-16|rev|b0.25|a10|m1.0|tp0.75|x17,386,75.71,73.83,1.74,9.73,+9.7 / +41.0 / +26.2,True,110,20.61,1.75
USDJPY,C_ny,C_ny_rev|ref07-13o0|act13-16|rev|b0.25|a10|m1.0|tp0.75|x19,386,73.91,73.06,1.7,9.24,+10.9 / +41.1 / +23.1,True,110,20.37,1.7
USDJPY,C_ny,C_ny_rev|ref07-13o0|act13-16|rev|b0.25|a10|m1.0|tp1.0|x17,386,58.11,62.18,1.42,8.95,+11.3 / +38.1 / +9.9,True,110,13.74,1.35
USDJPY,C_ny,C_ny_rev|ref07-13o0|act13-16|rev|b0.25|a10|m1.0|tp1.0|x19,386,57.35,61.66,1.4,8.46,+12.1 / +39.9 / +6.6,True,110,13.08,1.3
USDJPY,C_ny,C_ny_rev|ref07-13o0|act13-16|rev|b0.25|a10|m1.5|tp0.5|x17,386,63.91,79.27,2.0,6.11,+7.6 / +34.3 / +21.6,True,110,16.41,1.92
USDJPY,C_ny,C_ny_rev|ref07-13o0|act13-16|rev|b0.25|a10|m1.5|tp0.5|x19,386,65.18,79.79,2.0,5.46,+9.5 / +34.4 / +20.9,True,110,16.13,1.84
USDJPY,C_ny,C_ny_rev|ref07-13o0|act13-16|rev|b0.25|a10|m1.5|tp0.75|x17,386,33.08,61.4,1.3,5.55,+0.7 / +23.2 / +10.3,True,110,10.35,1.37
USDJPY,C_ny,C_ny_rev|ref07-13o0|act13-16|rev|b0.25|a10|m1.5|tp0.75|x19,386,32.16,62.18,1.28,5.42,+2.5 / +21.8 / +8.9,True,110,7.91,1.24
USDJPY,C_ny,C_ny_rev|ref07-13o0|act13-16|rev|b0.25|a10|m1.5|tp1.0|x17,386,-8.72,50.0,0.94,12.59,-7.0 / +5.3 / -5.8,False,110,3.24,1.09
USDJPY,C_ny,C_ny_rev|ref07-13o0|act13-16|rev|b0.25|a10|m1.5|tp1.0|x19,386,-7.76,50.78,0.95,14.38,-6.1 / +5.5 / -6.1,False,110,0.84,1.02
USDJPY,C_ny,C_ny_rev|ref07-13o0|act13-16|rev|b0.5|a10|m1.0|tp0.5|x17,316,41.13,81.96,1.67,9.2,-3.6 / +21.8 / +22.6,False,91,17.2,2.59
USDJPY,C_ny,C_ny_rev|ref07-13o0|act13-16|rev|b0.5|a10|m1.0|tp0.5|x19,316,42.25,81.96,1.7,8.56,-2.9 / +22.3 / +22.6,False,91,16.56,2.44
USDJPY,C_ny,C_ny_rev|ref07-13o0|act13-16|rev|b0.5|a10|m1.0|tp0.75|x17,316,70.98,74.68,1.89,4.99,+7.2 / +35.4 / +27.8,True,91,32.75,3.45
USDJPY,C_ny,C_ny_rev|ref07-13o0|act13-16|rev|b0.5|a10|m1.0|tp0.75|x19,316,74.13,75.0,1.96,4.81,+8.4 / +36.7 / +28.5,True,91,31.79,3.17
USDJPY,C_ny,C_ny_rev|ref07-13o0|act13-16|rev|b0.5|a10|m1.0|tp1.0|x17,316,72.67,66.46,1.7,7.15,+5.1 / +40.2 / +26.6,True,91,30.05,2.28
USDJPY,C_ny,C_ny_rev|ref07-13o0|act13-16|rev|b0.5|a10|m1.0|tp1.0|x19,316,71.43,65.51,1.67,6.99,+7.9 / +41.3 / +21.5,True,91,27.28,2.03
USDJPY,C_ny,C_ny_rev|ref07-13o0|act13-16|rev|b0.5|a10|m1.5|tp0.5|x17,316,62.33,81.96,2.32,4.32,+11.0 / +30.5 / +20.5,True,91,19.67,2.72
USDJPY,C_ny,C_ny_rev|ref07-13o0|act13-16|rev|b0.5|a10|m1.5|tp0.5|x19,316,63.8,81.96,2.38,3.96,+11.5 / +31.2 / +20.7,True,91,19.03,2.55
USDJPY,C_ny,C_ny_rev|ref07-13o0|act13-16|rev|b0.5|a10|m1.5|tp0.75|x17,316,53.37,67.72,1.68,5.33,+9.1 / +32.6 / +11.1,True,91,13.26,1.58
USDJPY,C_ny,C_ny_rev|ref07-13o0|act13-16|rev|b0.5|a10|m1.5|tp0.75|x19,316,51.6,67.41,1.62,5.1,+10.8 / +31.1 / +9.1,True,91,12.73,1.51
USDJPY,C_ny,C_ny_rev|ref07-13o0|act13-16|rev|b0.5|a10|m1.5|tp1.0|x17,316,8.57,52.85,1.08,7.12,+4.7 / +9.9 / -4.9,False,91,8.94,1.32
USDJPY,C_ny,C_ny_rev|ref07-13o0|act13-16|rev|b0.5|a10|m1.5|tp1.0|x19,316,4.94,52.53,1.04,8.84,+4.5 / +8.2 / -6.6,False,91,6.89,1.21
USDJPY,C_ny,C_ny_rev|ref07-13o0|act13-16|rev_cf|b0.25|a10|m1.0|tp0.5|x17,182,-19.57,60.44,0.69,21.01,-3.5 / -3.0 / -11.8,False,48,-6.44,0.61
USDJPY,C_ny,C_ny_rev|ref07-13o0|act13-16|rev_cf|b0.25|a10|m1.0|tp0.5|x19,182,-18.23,63.19,0.72,20.24,-4.6 / -3.5 / -9.0,False,48,-6.44,0.63
USDJPY,C_ny,C_ny_rev|ref07-13o0|act13-16|rev_cf|b0.25|a10|m1.0|tp0.75|x17,182,-13.82,54.95,0.81,19.52,+1.6 / -3.6 / -10.6,False,48,-5.97,0.7
USDJPY,C_ny,C_ny_rev|ref07-13o0|act13-16|rev_cf|b0.25|a10|m1.0|tp0.75|x19,182,-12.45,56.59,0.83,18.83,+0.6 / -4.3 / -7.7,False,48,-6.58,0.69
USDJPY,C_ny,C_ny_rev|ref07-13o0|act13-16|rev_cf|b0.25|a10|m1.0|tp1.0|x17,182,-4.44,53.3,0.94,11.34,+4.4 / -2.1 / -5.6,False,48,-4.55,0.79
USDJPY,C_ny,C_ny_rev|ref07-13o0|act13-16|rev_cf|b0.25|a10|m1.0|tp1.0|x19,182,-0.33,54.4,1.0,12.64,+3.0 / -1.6 / -0.7,False,48,-4.99,0.78
USDJPY,C_ny,C_ny_rev|ref07-13o0|act13-16|rev_cf|b0.25|a10|m1.5|tp0.5|x17,182,-2.89,58.24,0.93,9.12,+2.8 / +2.1 / -6.7,False,48,-1.93,0.85
USDJPY,C_ny,C_ny_rev|ref07-13o0|act13-16|rev_cf|b0.25|a10|m1.5|tp0.5|x19,182,-2.27,60.44,0.95,7.7,+2.5 / +1.6 / -5.2,False,48,-1.04,0.92
USDJPY,C_ny,C_ny_rev|ref07-13o0|act13-16|rev_cf|b0.25|a10|m1.5|tp0.75|x17,182,-0.58,52.75,0.99,7.57,+1.8 / +2.9 / -4.2,False,48,-1.22,0.91
USDJPY,C_ny,C_ny_rev|ref07-13o0|act13-16|rev_cf|b0.25|a10|m1.5|tp0.75|x19,182,1.35,54.4,1.03,6.18,+0.4 / +3.6 / -1.6,False,48,-2.26,0.86
USDJPY,C_ny,C_ny_rev|ref07-13o0|act13-16|rev_cf|b0.25|a10|m1.5|tp1.0|x17,182,0.18,51.1,1.0,6.63,+3.0 / -0.1 / -1.7,False,48,-5.24,0.7
USDJPY,C_ny,C_ny_rev|ref07-13o0|act13-16|rev_cf|b0.25|a10|m1.5|tp1.0|x19,182,-0.8,51.65,0.99,6.65,+0.2 / +0.5 / -0.3,False,48,-5.66,0.71
USDJPY,C_ny,C_ny_rev|ref07-13o0|act13-16|rev_cf|b0.5|a10|m1.0|tp0.5|x17,90,-14.22,54.44,0.57,13.37,-5.5 / -1.3 / -7.8,False,29,-2.64,0.72
USDJPY,C_ny,C_ny_rev|ref07-13o0|act13-16|rev_cf|b0.5|a10|m1.0|tp0.5|x19,90,-12.94,60.0,0.62,12.08,-5.5 / -0.9 / -6.9,False,29,-2.38,0.75
USDJPY,C_ny,C_ny_rev|ref07-13o0|act13-16|rev_cf|b0.5|a10|m1.0|tp0.75|x17,90,-9.54,52.22,0.73,11.17,-1.5 / -2.7 / -5.9,False,29,-1.2,0.89
USDJPY,C_ny,C_ny_rev|ref07-13o0|act13-16|rev_cf|b0.5|a10|m1.0|tp0.75|x19,90,-8.15,54.44,0.78,10.44,-1.6 / -3.2 / -3.9,False,29,-0.61,0.94
USDJPY,C_ny,C_ny_rev|ref07-13o0|act13-16|rev_cf|b0.5|a10|m1.0|tp1.0|x17,90,-4.38,51.11,0.88,6.6,-1.1 / -0.5 / -3.7,False,29,0.55,1.04
USDJPY,C_ny,C_ny_rev|ref07-13o0|act13-16|rev_cf|b0.5|a10|m1.0|tp1.0|x19,90,-3.91,51.11,0.9,6.59,-3.2 / -0.9 / -0.7,False,29,0.62,1.05
USDJPY,C_ny,C_ny_rev|ref07-13o0|act13-16|rev_cf|b0.5|a10|m1.5|tp0.5|x17,90,0.14,56.67,1.01,4.35,+1.3 / +2.0 / -3.6,False,29,-0.04,0.99
USDJPY,C_ny,C_ny_rev|ref07-13o0|act13-16|rev_cf|b0.5|a10|m1.5|tp0.5|x19,90,1.27,58.89,1.06,3.05,+0.7 / +2.2 / -2.0,False,29,0.85,1.14
USDJPY,C_ny,C_ny_rev|ref07-13o0|act13-16|rev_cf|b0.5|a10|m1.5|tp0.75|x17,90,1.37,51.11,1.06,3.8,+1.1 / +2.9 / -3.3,False,29,1.9,1.26
USDJPY,C_ny,C_ny_rev|ref07-13o0|act13-16|rev_cf|b0.5|a10|m1.5|tp0.75|x19,90,1.64,51.11,1.07,2.83,-1.5 / +3.4 / -1.0,False,29,1.65,1.23
USDJPY,C_ny,C_ny_rev|ref07-13o0|act13-16|rev_cf|b0.5|a10|m1.5|tp1.0|x17,90,0.86,48.89,1.04,4.45,+0.6 / +1.6 / -2.3,False,29,0.94,1.11
USDJPY,C_ny,C_ny_rev|ref07-13o0|act13-16|rev_cf|b0.5|a10|m1.5|tp1.0|x19,90,-1.0,46.67,0.96,3.66,-2.9 / +0.9 / +0.1,False,29,0.38,1.04
USDJPY,C_ny,C_ny_rev|ref07-13o0|act13-17|rev|b0.25|a10|m1.0|tp0.5|x17,413,50.38,80.87,1.62,9.31,-2.3 / +32.8 / +21.1,False,120,13.01,1.6
USDJPY,C_ny,C_ny_rev|ref07-13o0|act13-17|rev|b0.25|a10|m1.0|tp0.5|x19,413,52.35,81.11,1.65,8.82,-1.3 / +33.3 / +21.6,False,120,11.84,1.52
USDJPY,C_ny,C_ny_rev|ref07-13o0|act13-17|rev|b0.25|a10|m1.0|tp0.75|x17,413,75.7,72.64,1.69,10.81,+4.1 / +45.2 / +27.6,True,120,22.27,1.76
USDJPY,C_ny,C_ny_rev|ref07-13o0|act13-17|rev|b0.25|a10|m1.0|tp0.75|x19,413,75.34,72.4,1.66,10.32,+5.5 / +46.5 / +24.5,True,120,20.55,1.63
USDJPY,C_ny,C_ny_rev|ref07-13o0|act13-17|rev|b0.25|a10|m1.0|tp1.0|x17,413,57.59,61.26,1.39,10.03,+5.8 / +40.5 / +12.5,True,120,11.84,1.28
USDJPY,C_ny,C_ny_rev|ref07-13o0|act13-17|rev|b0.25|a10|m1.0|tp1.0|x19,413,57.89,61.26,1.38,9.54,+5.7 / +43.9 / +9.5,True,120,9.36,1.19
USDJPY,C_ny,C_ny_rev|ref07-13o0|act13-17|rev|b0.25|a10|m1.5|tp0.5|x17,413,64.59,77.97,1.94,6.98,+4.6 / +37.8 / +21.9,True,120,17.18,1.88
USDJPY,C_ny,C_ny_rev|ref07-13o0|act13-17|rev|b0.25|a10|m1.5|tp0.5|x19,413,66.39,78.93,1.94,6.33,+6.2 / +38.6 / +21.2,True,120,16.05,1.74
USDJPY,C_ny,C_ny_rev|ref07-13o0|act13-17|rev|b0.25|a10|m1.5|tp0.75|x17,413,31.27,60.29,1.27,6.52,-0.5 / +23.2 / +9.6,False,120,7.82,1.25
USDJPY,C_ny,C_ny_rev|ref07-13o0|act13-17|rev|b0.25|a10|m1.5|tp0.75|x19,413,32.12,61.5,1.26,6.41,+0.4 / +23.1 / +9.8,True,120,3.8,1.1
USDJPY,C_ny,C_ny_rev|ref07-13o0|act13-17|rev|b0.25|a10|m1.5|tp1.0|x17,413,-13.21,49.15,0.91,16.35,-9.9 / +5.3 / -7.5,False,120,0.7,1.02
USDJPY,C_ny,C_ny_rev|ref07-13o0|act13-17|rev|b0.25|a10|m1.5|tp1.0|x19,413,-10.97,50.12,0.93,17.88,-10.0 / +5.9 / -5.8,False,120,-3.28,0.93
USDJPY,C_ny,C_ny_rev|ref07-13o0|act13-17|rev|b0.5|a10|m1.0|tp0.5|x17,342,46.13,82.16,1.71,9.11,-1.9 / +23.4 / +24.3,False,102,21.15,2.95
USDJPY,C_ny,C_ny_rev|ref07-13o0|act13-17|rev|b0.5|a10|m1.0|tp0.5|x19,342,47.39,82.16,1.74,8.47,-1.2 / +24.1 / +24.3,False,102,20.66,2.8
USDJPY,C_ny,C_ny_rev|ref07-13o0|act13-17|rev|b0.5|a10|m1.0|tp0.75|x17,342,78.27,74.85,1.94,5.08,+9.5 / +37.5 / +30.6,True,102,35.99,3.44
USDJPY,C_ny,C_ny_rev|ref07-13o0|act13-17|rev|b0.5|a10|m1.0|tp0.75|x19,342,82.27,75.15,2.01,4.98,+11.2 / +38.8 / +31.8,True,102,35.79,3.2
USDJPY,C_ny,C_ny_rev|ref07-13o0|act13-17|rev|b0.5|a10|m1.0|tp1.0|x17,342,74.64,65.79,1.67,8.46,+5.5 / +39.2 / +29.2,True,102,33.25,2.33
USDJPY,C_ny,C_ny_rev|ref07-13o0|act13-17|rev|b0.5|a10|m1.0|tp1.0|x19,342,73.25,64.91,1.63,7.63,+8.5 / +40.0 / +24.0,True,102,32.2,2.13
USDJPY,C_ny,C_ny_rev|ref07-13o0|act13-17|rev|b0.5|a10|m1.5|tp0.5|x17,342,67.96,81.87,2.38,4.32,+13.7 / +31.6 / +22.3,True,102,21.5,2.69
USDJPY,C_ny,C_ny_rev|ref07-13o0|act13-17|rev|b0.5|a10|m1.5|tp0.5|x19,342,70.37,81.87,2.46,3.96,+14.5 / +32.3 / +23.2,True,102,21.37,2.56
USDJPY,C_ny,C_ny_rev|ref07-13o0|act13-17|rev|b0.5|a10|m1.5|tp0.75|x17,342,56.72,67.25,1.69,5.72,+11.1 / +32.0 / +13.0,True,102,13.69,1.56
USDJPY,C_ny,C_ny_rev|ref07-13o0|act13-17|rev|b0.5|a10|m1.5|tp0.75|x19,342,55.1,66.96,1.63,5.78,+12.9 / +30.2 / +11.4,True,102,14.29,1.52
USDJPY,C_ny,C_ny_rev|ref07-13o0|act13-17|rev|b0.5|a10|m1.5|tp1.0|x17,342,10.65,52.92,1.09,6.35,+6.6 / +8.8 / -3.6,False,102,9.62,1.33
USDJPY,C_ny,C_ny_rev|ref07-13o0|act13-17|rev|b0.5|a10|m1.5|tp1.0|x19,342,7.94,53.22,1.06,6.94,+6.7 / +6.3 / -3.9,False,102,9.28,1.27
USDJPY,C_ny,C_ny_rev|ref07-13o0|act13-17|rev_cf|b0.25|a10|m1.0|tp0.5|x17,205,-16.4,62.93,0.75,19.85,-3.1 / -0.4 / -13.3,False,56,-3.7,0.78
USDJPY,C_ny,C_ny_rev|ref07-13o0|act13-17|rev_cf|b0.25|a10|m1.0|tp0.5|x19,205,-15.22,64.39,0.77,19.23,-4.0 / -1.4 / -10.3,False,56,-4.82,0.73
USDJPY,C_ny,C_ny_rev|ref07-13o0|act13-17|rev_cf|b0.25|a10|m1.0|tp0.75|x17,205,-12.9,56.1,0.84,20.1,+1.5 / -2.5 / -12.6,False,56,-4.73,0.79
USDJPY,C_ny,C_ny_rev|ref07-13o0|act13-17|rev_cf|b0.25|a10|m1.0|tp0.75|x19,205,-16.17,55.12,0.8,23.17,+0.2 / -3.7 / -12.2,False,56,-5.57,0.76
USDJPY,C_ny,C_ny_rev|ref07-13o0|act13-17|rev_cf|b0.25|a10|m1.0|tp1.0|x17,205,-1.77,54.15,0.98,11.18,+5.4 / -1.4 / -6.6,False,56,-3.81,0.85
USDJPY,C_ny,C_ny_rev|ref07-13o0|act13-17|rev_cf|b0.25|a10|m1.0|tp1.0|x19,205,-3.99,53.17,0.95,13.23,+2.5 / -0.5 / -5.4,False,56,-3.85,0.84
USDJPY,C_ny,C_ny_rev|ref07-13o0|act13-17|rev_cf|b0.25|a10|m1.5|tp0.5|x17,205,-1.94,60.0,0.96,9.52,+3.6 / +3.4 / -9.3,False,56,-1.78,0.88
USDJPY,C_ny,C_ny_rev|ref07-13o0|act13-17|rev_cf|b0.25|a10|m1.5|tp0.5|x19,205,-4.82,58.54,0.91,9.68,+2.2 / +2.2 / -8.9,False,56,-0.71,0.95
USDJPY,C_ny,C_ny_rev|ref07-13o0|act13-17|rev_cf|b0.25|a10|m1.5|tp0.75|x17,205,0.09,53.66,1.0,7.77,+2.8 / +4.2 / -5.9,False,56,-1.31,0.92
USDJPY,C_ny,C_ny_rev|ref07-13o0|act13-17|rev_cf|b0.25|a10|m1.5|tp0.75|x19,205,-0.98,53.17,0.98,7.79,+0.0 / +4.8 / -5.5,False,56,-1.66,0.9
USDJPY,C_ny,C_ny_rev|ref07-13o0|act13-17|rev_cf|b0.25|a10|m1.5|tp1.0|x17,205,-3.65,50.24,0.94,9.21,+3.0 / +0.7 / -6.3,False,56,-4.08,0.8
USDJPY,C_ny,C_ny_rev|ref07-13o0|act13-17|rev_cf|b0.25|a10|m1.5|tp1.0|x19,205,-3.65,50.24,0.94,7.43,-0.2 / +2.4 / -5.5,False,56,-5.23,0.75
USDJPY,C_ny,C_ny_rev|ref07-13o0|act13-17|rev_cf|b0.5|a10|m1.0|tp0.5|x17,103,-12.03,58.25,0.66,11.89,-4.6 / -0.5 / -7.3,False,34,-1.0,0.89
USDJPY,C_ny,C_ny_rev|ref07-13o0|act13-17|rev_cf|b0.5|a10|m1.0|tp0.5|x19,103,-9.89,63.11,0.72,9.76,-4.7 / -0.2 / -5.3,False,34,-0.86,0.91
USDJPY,C_ny,C_ny_rev|ref07-13o0|act13-17|rev_cf|b0.5|a10|m1.0|tp0.75|x17,103,-9.85,53.4,0.76,13.4,+0.2 / -4.4 / -6.2,False,34,-1.82,0.86
USDJPY,C_ny,C_ny_rev|ref07-13o0|act13-17|rev_cf|b0.5|a10|m1.0|tp0.75|x19,103,-9.15,53.4,0.78,11.68,-1.0 / -4.3 / -3.3,False,34,0.94,1.09
USDJPY,C_ny,C_ny_rev|ref07-13o0|act13-17|rev_cf|b0.5|a10|m1.0|tp1.0|x17,103,-4.69,51.46,0.89,11.28,+1.4 / -3.7 / -3.2,False,34,-1.32,0.92
USDJPY,C_ny,C_ny_rev|ref07-13o0|act13-17|rev_cf|b0.5|a10|m1.0|tp1.0|x19,103,-5.03,50.49,0.88,7.63,-2.7 / -2.3 / +0.4,False,34,2.09,1.18
USDJPY,C_ny,C_ny_rev|ref07-13o0|act13-17|rev_cf|b0.5|a10|m1.5|tp0.5|x17,103,-1.74,57.28,0.93,8.39,+2.5 / -0.2 / -4.4,False,34,-1.11,0.88
USDJPY,C_ny,C_ny_rev|ref07-13o0|act13-17|rev_cf|b0.5|a10|m1.5|tp0.5|x19,103,0.53,57.28,1.02,4.71,+1.1 / +1.4 / -1.6,False,34,1.88,1.3
USDJPY,C_ny,C_ny_rev|ref07-13o0|act13-17|rev_cf|b0.5|a10|m1.5|tp0.75|x17,103,-2.0,50.49,0.93,7.98,+2.9 / -0.5 / -3.4,False,34,1.57,1.17
USDJPY,C_ny,C_ny_rev|ref07-13o0|act13-17|rev_cf|b0.5|a10|m1.5|tp0.75|x19,103,0.9,50.49,1.03,3.41,-1.1 / +2.4 / -0.1,False,34,2.71,1.38
USDJPY,C_ny,C_ny_rev|ref07-13o0|act13-17|rev_cf|b0.5|a10|m1.5|tp1.0|x17,103,-5.01,46.6,0.84,9.73,+1.2 / -1.5 / -3.6,False,34,1.36,1.13
USDJPY,C_ny,C_ny_rev|ref07-13o0|act13-17|rev_cf|b0.5|a10|m1.5|tp1.0|x19,103,-1.77,46.6,0.94,4.02,-2.6 / -0.1 / +1.2,False,34,1.49,1.17
USDJPY,C_ny,C_ny_rev|ref06-11o0|act12-15|rev|b0.25|a10|m1.0|tp0.5|x17,435,-13.91,71.49,0.9,32.46,-24.3 / +8.4 / +3.2,False,112,3.32,1.12
USDJPY,C_ny,C_ny_rev|ref06-11o0|act12-15|rev|b0.25|a10|m1.0|tp0.5|x19,435,-13.28,71.72,0.9,32.31,-24.1 / +8.5 / +3.6,False,112,3.06,1.11
USDJPY,C_ny,C_ny_rev|ref06-11o0|act12-15|rev|b0.25|a10|m1.0|tp0.75|x17,435,2.42,63.22,1.01,19.69,-10.2 / +16.2 / -2.3,False,112,11.86,1.33
USDJPY,C_ny,C_ny_rev|ref06-11o0|act12-15|rev|b0.25|a10|m1.0|tp0.75|x19,435,3.37,63.68,1.02,19.78,-10.3 / +16.2 / -1.3,False,112,11.28,1.31
USDJPY,C_ny,C_ny_rev|ref06-11o0|act12-15|rev|b0.25|a10|m1.0|tp1.0|x17,435,-19.67,52.87,0.91,23.47,-14.3 / +12.5 / -16.7,False,112,8.49,1.18
USDJPY,C_ny,C_ny_rev|ref06-11o0|act12-15|rev|b0.25|a10|m1.0|tp1.0|x19,435,-16.42,53.1,0.92,23.28,-14.7 / +13.5 / -14.0,False,112,7.32,1.15
USDJPY,C_ny,C_ny_rev|ref06-11o0|act12-15|rev|b0.25|a10|m1.5|tp0.5|x17,435,17.88,72.41,1.16,8.55,+0.4 / +14.1 / +3.1,True,112,5.69,1.2
USDJPY,C_ny,C_ny_rev|ref06-11o0|act12-15|rev|b0.25|a10|m1.5|tp0.5|x19,435,18.71,72.87,1.16,8.97,+0.6 / +14.0 / +3.7,True,112,6.44,1.23
USDJPY,C_ny,C_ny_rev|ref06-11o0|act12-15|rev|b0.25|a10|m1.5|tp0.75|x17,435,-19.19,56.55,0.89,26.09,-15.9 / +5.5 / -7.7,False,112,-0.24,0.99
USDJPY,C_ny,C_ny_rev|ref06-11o0|act12-15|rev|b0.25|a10|m1.5|tp0.75|x19,435,-17.18,56.78,0.9,26.81,-14.4 / +4.7 / -6.4,False,112,1.56,1.04
USDJPY,C_ny,C_ny_rev|ref06-11o0|act12-15|rev|b0.25|a10|m1.5|tp1.0|x17,435,-40.14,48.05,0.8,41.02,-18.2 / -5.1 / -15.7,False,112,-14.01,0.74
USDJPY,C_ny,C_ny_rev|ref06-11o0|act12-15|rev|b0.25|a10|m1.5|tp1.0|x19,435,-40.51,47.13,0.81,42.53,-17.4 / -7.5 / -14.5,False,112,-10.22,0.81
USDJPY,C_ny,C_ny_rev|ref06-11o0|act12-15|rev|b0.5|a10|m1.0|tp0.5|x17,358,-1.53,73.74,0.99,22.55,-15.6 / +5.9 / +7.8,False,91,-0.62,0.97
USDJPY,C_ny,C_ny_rev|ref06-11o0|act12-15|rev|b0.5|a10|m1.0|tp0.5|x19,358,-1.46,73.74,0.99,22.55,-15.6 / +5.9 / +7.9,False,91,-0.87,0.96
USDJPY,C_ny,C_ny_rev|ref06-11o0|act12-15|rev|b0.5|a10|m1.0|tp0.75|x17,358,14.41,65.64,1.11,18.79,-5.2 / +9.7 / +9.3,False,91,9.66,1.34
USDJPY,C_ny,C_ny_rev|ref06-11o0|act12-15|rev|b0.5|a10|m1.0|tp0.75|x19,358,15.11,65.92,1.11,18.61,-4.8 / +9.8 / +9.6,False,91,9.37,1.32
USDJPY,C_ny,C_ny_rev|ref06-11o0|act12-15|rev|b0.5|a10|m1.0|tp1.0|x17,358,24.77,59.22,1.16,11.62,+4.4 / +9.6 / +10.0,True,91,8.62,1.23
USDJPY,C_ny,C_ny_rev|ref06-11o0|act12-15|rev|b0.5|a10|m1.0|tp1.0|x19,358,25.8,59.22,1.16,11.58,+4.5 / +9.5 / +11.1,True,91,8.86,1.23
USDJPY,C_ny,C_ny_rev|ref06-11o0|act12-15|rev|b0.5|a10|m1.5|tp0.5|x17,358,36.2,77.09,1.45,6.07,+7.9 / +20.4 / +7.5,True,91,9.23,1.49
USDJPY,C_ny,C_ny_rev|ref06-11o0|act12-15|rev|b0.5|a10|m1.5|tp0.5|x19,358,35.01,77.37,1.43,6.02,+7.6 / +19.9 / +7.1,True,91,9.29,1.48
USDJPY,C_ny,C_ny_rev|ref06-11o0|act12-15|rev|b0.5|a10|m1.5|tp0.75|x17,358,28.81,63.97,1.24,8.83,+10.6 / +15.7 / +1.9,True,91,4.8,1.16
USDJPY,C_ny,C_ny_rev|ref06-11o0|act12-15|rev|b0.5|a10|m1.5|tp0.75|x19,358,25.48,63.97,1.21,8.83,+11.0 / +12.4 / +1.5,True,91,5.26,1.17
USDJPY,C_ny,C_ny_rev|ref06-11o0|act12-15|rev|b0.5|a10|m1.5|tp1.0|x17,358,-22.61,49.16,0.86,25.17,-6.8 / +2.3 / -17.0,False,91,-2.89,0.93
USDJPY,C_ny,C_ny_rev|ref06-11o0|act12-15|rev|b0.5|a10|m1.5|tp1.0|x19,358,-25.3,48.32,0.85,29.4,-5.0 / -0.5 / -18.6,False,91,-0.9,0.98
USDJPY,C_ny,C_ny_rev|ref06-11o0|act12-15|rev_cf|b0.25|a10|m1.0|tp0.5|x17,198,-33.34,58.59,0.57,34.06,-9.4 / -10.5 / -12.3,False,52,-14.13,0.41
USDJPY,C_ny,C_ny_rev|ref06-11o0|act12-15|rev_cf|b0.25|a10|m1.0|tp0.5|x19,198,-32.95,60.61,0.59,33.67,-9.9 / -10.3 / -11.7,False,52,-12.94,0.45
USDJPY,C_ny,C_ny_rev|ref06-11o0|act12-15|rev_cf|b0.25|a10|m1.0|tp0.75|x17,198,-24.79,52.53,0.72,29.12,-4.8 / -10.0 / -8.8,False,52,-14.48,0.48
USDJPY,C_ny,C_ny_rev|ref06-11o0|act12-15|rev_cf|b0.25|a10|m1.0|tp0.75|x19,198,-23.02,54.55,0.75,27.3,-5.1 / -8.7 / -8.1,False,52,-12.2,0.56
USDJPY,C_ny,C_ny_rev|ref06-11o0|act12-15|rev_cf|b0.25|a10|m1.0|tp1.0|x17,198,-29.14,45.96,0.71,34.93,-4.0 / -11.2 / -12.7,False,52,-12.1,0.59
USDJPY,C_ny,C_ny_rev|ref06-11o0|act12-15|rev_cf|b0.25|a10|m1.0|tp1.0|x19,198,-28.39,46.97,0.73,33.79,-4.2 / -11.2 / -11.9,False,52,-8.73,0.7
USDJPY,C_ny,C_ny_rev|ref06-11o0|act12-15|rev_cf|b0.25|a10|m1.5|tp0.5|x17,198,-15.68,58.08,0.75,18.09,-4.5 / -4.9 / -5.2,False,52,-7.82,0.57
USDJPY,C_ny,C_ny_rev|ref06-11o0|act12-15|rev_cf|b0.25|a10|m1.5|tp0.5|x19,198,-15.34,60.1,0.76,17.79,-4.6 / -5.0 / -4.6,False,52,-5.61,0.68
USDJPY,C_ny,C_ny_rev|ref06-11o0|act12-15|rev_cf|b0.25|a10|m1.5|tp0.75|x17,198,-22.49,49.49,0.71,25.06,-5.5 / -4.0 / -11.9,False,52,-4.24,0.78
USDJPY,C_ny,C_ny_rev|ref06-11o0|act12-15|rev_cf|b0.25|a10|m1.5|tp0.75|x19,198,-22.36,50.0,0.72,24.69,-5.6 / -3.9 / -11.8,False,52,-1.28,0.93
USDJPY,C_ny,C_ny_rev|ref06-11o0|act12-15|rev_cf|b0.25|a10|m1.5|tp1.0|x17,198,-23.41,46.97,0.71,27.58,-1.5 / -7.8 / -13.1,False,52,-8.11,0.65
USDJPY,C_ny,C_ny_rev|ref06-11o0|act12-15|rev_cf|b0.25|a10|m1.5|tp1.0|x19,198,-26.17,45.96,0.7,28.9,-2.5 / -9.4 / -13.2,False,52,-4.47,0.81
USDJPY,C_ny,C_ny_rev|ref06-11o0|act12-15|rev_cf|b0.5|a10|m1.0|tp0.5|x17,109,-20.79,56.88,0.54,22.39,-11.4 / -5.3 / -4.5,False,27,-9.33,0.34
USDJPY,C_ny,C_ny_rev|ref06-11o0|act12-15|rev_cf|b0.5|a10|m1.0|tp0.5|x19,109,-22.07,56.88,0.53,23.67,-11.9 / -5.9 / -4.6,False,27,-8.88,0.37
USDJPY,C_ny,C_ny_rev|ref06-11o0|act12-15|rev_cf|b0.5|a10|m1.0|tp0.75|x17,109,-15.23,52.29,0.7,17.67,-9.2 / -4.0 / -2.6,False,27,-10.16,0.38
USDJPY,C_ny,C_ny_rev|ref06-11o0|act12-15|rev_cf|b0.5|a10|m1.0|tp0.75|x19,109,-15.9,52.29,0.7,18.5,-9.8 / -4.2 / -2.6,False,27,-8.88,0.46
USDJPY,C_ny,C_ny_rev|ref06-11o0|act12-15|rev_cf|b0.5|a10|m1.0|tp1.0|x17,109,-21.4,44.04,0.64,24.62,-9.0 / -7.8 / -5.5,False,27,-10.11,0.42
USDJPY,C_ny,C_ny_rev|ref06-11o0|act12-15|rev_cf|b0.5|a10|m1.0|tp1.0|x19,109,-22.78,43.12,0.63,26.38,-9.4 / -8.5 / -5.7,False,27,-8.06,0.54
USDJPY,C_ny,C_ny_rev|ref06-11o0|act12-15|rev_cf|b0.5|a10|m1.5|tp0.5|x17,109,-3.76,59.63,0.88,8.01,-5.0 / +1.4 / -0.6,False,27,-4.89,0.5
USDJPY,C_ny,C_ny_rev|ref06-11o0|act12-15|rev_cf|b0.5|a10|m1.5|tp0.5|x19,109,-5.42,59.63,0.84,8.78,-5.2 / +0.5 / -1.2,False,27,-3.0,0.67
USDJPY,C_ny,C_ny_rev|ref06-11o0|act12-15|rev_cf|b0.5|a10|m1.5|tp0.75|x17,109,-12.37,47.71,0.69,15.43,-5.7 / -1.2 / -6.1,False,27,-3.22,0.68
USDJPY,C_ny,C_ny_rev|ref06-11o0|act12-15|rev_cf|b0.5|a10|m1.5|tp0.75|x19,109,-15.32,46.79,0.66,18.58,-6.0 / -3.3 / -6.7,False,27,-0.77,0.92
USDJPY,C_ny,C_ny_rev|ref06-11o0|act12-15|rev_cf|b0.5|a10|m1.5|tp1.0|x17,109,-12.19,45.87,0.71,15.12,-3.6 / -1.4 / -7.6,False,27,-4.51,0.61
USDJPY,C_ny,C_ny_rev|ref06-11o0|act12-15|rev_cf|b0.5|a10|m1.5|tp1.0|x19,109,-16.48,43.12,0.65,18.16,-4.8 / -3.2 / -8.4,False,27,-1.35,0.87
USDJPY,C_ny,C_ny_rev|ref06-11o0|act13-16|rev|b0.25|a10|m1.0|tp0.5|x17,457,-5.48,72.21,0.96,19.32,-11.9 / +11.6 / -4.0,False,126,-0.44,0.99
USDJPY,C_ny,C_ny_rev|ref06-11o0|act13-16|rev|b0.25|a10|m1.0|tp0.5|x19,457,-7.14,71.77,0.95,20.06,-13.1 / +12.2 / -5.0,False,126,-2.16,0.94
USDJPY,C_ny,C_ny_rev|ref06-11o0|act13-16|rev|b0.25|a10|m1.0|tp0.75|x17,457,21.34,64.77,1.13,15.1,-2.6 / +26.8 / -1.7,False,126,11.38,1.28
USDJPY,C_ny,C_ny_rev|ref06-11o0|act13-16|rev|b0.25|a10|m1.0|tp0.75|x19,457,20.73,64.55,1.12,16.12,-1.9 / +26.8 / -3.0,False,126,10.02,1.23
USDJPY,C_ny,C_ny_rev|ref06-11o0|act13-16|rev|b0.25|a10|m1.0|tp1.0|x17,457,17.74,56.24,1.09,19.47,+7.9 / +21.6 / -10.6,False,126,10.16,1.2
USDJPY,C_ny,C_ny_rev|ref06-11o0|act13-16|rev|b0.25|a10|m1.0|tp1.0|x19,457,15.42,55.36,1.08,19.16,+5.5 / +22.9 / -11.8,False,126,7.99,1.15
USDJPY,C_ny,C_ny_rev|ref06-11o0|act13-16|rev|b0.25|a10|m1.5|tp0.5|x17,457,35.56,72.65,1.34,6.51,+7.5 / +22.4 / +5.3,True,126,8.63,1.31
USDJPY,C_ny,C_ny_rev|ref06-11o0|act13-16|rev|b0.25|a10|m1.5|tp0.5|x19,457,36.14,73.09,1.34,6.78,+8.8 / +21.7 / +5.3,True,126,9.94,1.35
USDJPY,C_ny,C_ny_rev|ref06-11o0|act13-16|rev|b0.25|a10|m1.5|tp0.75|x17,457,10.36,58.21,1.07,11.75,+5.2 / +9.4 / -3.1,False,126,1.04,1.03
USDJPY,C_ny,C_ny_rev|ref06-11o0|act13-16|rev|b0.25|a10|m1.5|tp0.75|x19,457,9.52,58.21,1.06,10.49,+4.8 / +7.9 / -2.0,False,126,-1.31,0.97
USDJPY,C_ny,C_ny_rev|ref06-11o0|act13-16|rev|b0.25|a10|m1.5|tp1.0|x17,457,-18.9,49.23,0.9,22.23,-5.3 / -0.2 / -12.3,False,126,-12.45,0.76
USDJPY,C_ny,C_ny_rev|ref06-11o0|act13-16|rev|b0.25|a10|m1.5|tp1.0|x19,457,-22.39,48.8,0.88,25.51,-6.7 / -2.6 / -12.0,False,126,-14.34,0.75
USDJPY,C_ny,C_ny_rev|ref06-11o0|act13-16|rev|b0.5|a10|m1.0|tp0.5|x17,400,3.12,73.25,1.03,11.81,-4.0 / +6.5 / +0.3,False,104,6.35,1.29
USDJPY,C_ny,C_ny_rev|ref06-11o0|act13-16|rev|b0.5|a10|m1.0|tp0.5|x19,400,1.82,72.75,1.02,11.19,-3.9 / +6.9 / -1.5,False,104,5.26,1.22
USDJPY,C_ny,C_ny_rev|ref06-11o0|act13-16|rev|b0.5|a10|m1.0|tp0.75|x17,400,24.2,64.75,1.17,10.92,+2.0 / +10.3 / +11.4,True,104,12.62,1.41
USDJPY,C_ny,C_ny_rev|ref06-11o0|act13-16|rev|b0.5|a10|m1.0|tp0.75|x19,400,25.68,65.25,1.18,10.73,+3.0 / +11.5 / +10.7,True,104,10.87,1.33
USDJPY,C_ny,C_ny_rev|ref06-11o0|act13-16|rev|b0.5|a10|m1.0|tp1.0|x17,400,28.83,57.0,1.17,12.84,+9.5 / +14.8 / +3.7,True,104,14.48,1.39
USDJPY,C_ny,C_ny_rev|ref06-11o0|act13-16|rev|b0.5|a10|m1.0|tp1.0|x19,400,29.88,57.75,1.18,13.71,+10.2 / +16.1 / +2.7,True,104,11.49,1.28
USDJPY,C_ny,C_ny_rev|ref06-11o0|act13-16|rev|b0.5|a10|m1.5|tp0.5|x17,400,36.19,72.75,1.42,5.41,+7.3 / +17.3 / +11.3,True,104,8.31,1.38
USDJPY,C_ny,C_ny_rev|ref06-11o0|act13-16|rev|b0.5|a10|m1.5|tp0.5|x19,400,36.37,74.0,1.41,6.54,+8.0 / +17.0 / +11.1,True,104,8.99,1.4
USDJPY,C_ny,C_ny_rev|ref06-11o0|act13-16|rev|b0.5|a10|m1.5|tp0.75|x17,400,34.26,60.75,1.29,9.64,+14.5 / +16.9 / +2.2,True,104,7.48,1.25
USDJPY,C_ny,C_ny_rev|ref06-11o0|act13-16|rev|b0.5|a10|m1.5|tp0.75|x19,400,33.69,62.75,1.27,9.43,+15.5 / +14.5 / +3.0,True,104,7.96,1.25
USDJPY,C_ny,C_ny_rev|ref06-11o0|act13-16|rev|b0.5|a10|m1.5|tp1.0|x17,400,-2.56,49.75,0.98,17.11,+7.2 / +4.8 / -13.5,False,104,-0.94,0.97
USDJPY,C_ny,C_ny_rev|ref06-11o0|act13-16|rev|b0.5|a10|m1.5|tp1.0|x19,400,-5.19,50.0,0.97,18.26,+7.6 / +2.1 / -13.7,False,104,-0.9,0.98
USDJPY,C_ny,C_ny_rev|ref06-11o0|act13-16|rev_cf|b0.25|a10|m1.0|tp0.5|x17,206,-32.31,55.34,0.58,33.17,-11.0 / -9.3 / -10.9,False,59,-15.11,0.42
USDJPY,C_ny,C_ny_rev|ref06-11o0|act13-16|rev_cf|b0.25|a10|m1.0|tp0.5|x19,206,-30.44,59.71,0.62,31.92,-12.3 / -8.8 / -8.2,False,59,-14.23,0.47
USDJPY,C_ny,C_ny_rev|ref06-11o0|act13-16|rev_cf|b0.25|a10|m1.0|tp0.75|x17,206,-22.84,50.49,0.73,28.39,-5.2 / -7.2 / -9.3,False,59,-18.63,0.4
USDJPY,C_ny,C_ny_rev|ref06-11o0|act13-16|rev_cf|b0.25|a10|m1.0|tp0.75|x19,206,-17.17,54.37,0.8,23.0,-6.7 / -5.0 / -4.4,False,59,-16.32,0.49
USDJPY,C_ny,C_ny_rev|ref06-11o0|act13-16|rev_cf|b0.25|a10|m1.0|tp1.0|x17,206,-18.06,48.06,0.79,25.62,-1.9 / -4.2 / -10.8,False,59,-20.13,0.4
USDJPY,C_ny,C_ny_rev|ref06-11o0|act13-16|rev_cf|b0.25|a10|m1.0|tp1.0|x19,206,-13.47,49.51,0.85,19.66,-4.7 / -0.9 / -6.7,False,59,-16.57,0.52
USDJPY,C_ny,C_ny_rev|ref06-11o0|act13-16|rev_cf|b0.25|a10|m1.5|tp0.5|x17,206,-14.66,53.4,0.74,18.0,-5.9 / -1.9 / -5.9,False,59,-11.96,0.44
USDJPY,C_ny,C_ny_rev|ref06-11o0|act13-16|rev_cf|b0.25|a10|m1.5|tp0.5|x19,206,-11.05,57.77,0.82,16.11,-7.6 / -0.4 / -2.0,False,59,-10.03,0.54
USDJPY,C_ny,C_ny_rev|ref06-11o0|act13-16|rev_cf|b0.25|a10|m1.5|tp0.75|x17,206,-15.64,48.54,0.76,19.09,-4.7 / +0.8 / -10.6,False,59,-12.13,0.48
USDJPY,C_ny,C_ny_rev|ref06-11o0|act13-16|rev_cf|b0.25|a10|m1.5|tp0.75|x19,206,-12.82,50.49,0.81,15.0,-7.1 / +3.0 / -7.6,False,59,-9.98,0.59
USDJPY,C_ny,C_ny_rev|ref06-11o0|act13-16|rev_cf|b0.25|a10|m1.5|tp1.0|x17,206,-17.99,46.6,0.73,22.37,-2.2 / -1.8 / -12.8,False,59,-13.78,0.44
USDJPY,C_ny,C_ny_rev|ref06-11o0|act13-16|rev_cf|b0.25|a10|m1.5|tp1.0|x19,206,-19.25,47.09,0.74,21.46,-5.7 / -2.2 / -10.3,False,59,-10.19,0.61
USDJPY,C_ny,C_ny_rev|ref06-11o0|act13-16|rev_cf|b0.5|a10|m1.0|tp0.5|x17,119,-22.54,52.94,0.52,22.5,-10.8 / -4.5 / -7.7,False,36,-10.59,0.37
USDJPY,C_ny,C_ny_rev|ref06-11o0|act13-16|rev_cf|b0.5|a10|m1.0|tp0.5|x19,119,-20.92,57.98,0.57,20.88,-10.5 / -5.7 / -5.1,False,36,-11.11,0.39
USDJPY,C_ny,C_ny_rev|ref06-11o0|act13-16|rev_cf|b0.5|a10|m1.0|tp0.75|x17,119,-13.5,50.42,0.72,12.91,-6.5 / -2.2 / -4.3,False,36,-12.72,0.35
USDJPY,C_ny,C_ny_rev|ref06-11o0|act13-16|rev_cf|b0.5|a10|m1.0|tp0.75|x19,119,-10.59,53.78,0.79,10.1,-6.6 / -2.8 / -0.6,False,36,-11.93,0.42
USDJPY,C_ny,C_ny_rev|ref06-11o0|act13-16|rev_cf|b0.5|a10|m1.0|tp1.0|x17,119,-9.07,48.74,0.82,8.92,-4.7 / -0.7 / -3.2,False,36,-13.8,0.34
USDJPY,C_ny,C_ny_rev|ref06-11o0|act13-16|rev_cf|b0.5|a10|m1.0|tp1.0|x19,119,-7.86,48.74,0.85,8.52,-5.9 / -1.2 / -0.2,False,36,-12.85,0.41
USDJPY,C_ny,C_ny_rev|ref06-11o0|act13-16|rev_cf|b0.5|a10|m1.5|tp0.5|x17,119,-3.72,53.78,0.87,5.09,-4.3 / +1.1 / -0.2,False,36,-7.43,0.42
USDJPY,C_ny,C_ny_rev|ref06-11o0|act13-16|rev_cf|b0.5|a10|m1.5|tp0.5|x19,119,-3.57,57.14,0.89,5.94,-5.0 / +0.1 / +1.7,False,36,-6.21,0.51
USDJPY,C_ny,C_ny_rev|ref06-11o0|act13-16|rev_cf|b0.5|a10|m1.5|tp0.75|x17,119,-5.14,47.9,0.84,6.31,-3.3 / +1.4 / -2.9,False,36,-7.56,0.42
USDJPY,C_ny,C_ny_rev|ref06-11o0|act13-16|rev_cf|b0.5|a10|m1.5|tp0.75|x19,119,-7.35,47.9,0.81,8.2,-4.8 / -0.9 / -1.3,False,36,-6.71,0.51
USDJPY,C_ny,C_ny_rev|ref06-11o0|act13-16|rev_cf|b0.5|a10|m1.5|tp1.0|x17,119,-5.84,46.22,0.83,7.1,-1.5 / +0.7 / -4.8,False,36,-7.22,0.45
USDJPY,C_ny,C_ny_rev|ref06-11o0|act13-16|rev_cf|b0.5|a10|m1.5|tp1.0|x19,119,-10.69,44.54,0.74,10.1,-4.1 / -2.1 / -4.2,False,36,-5.44,0.6
USDJPY,C_ny,C_ny_rev|ref06-11o0|act13-17|rev|b0.25|a10|m1.0|tp0.5|x17,479,-4.66,72.03,0.97,18.22,-11.7 / +13.0 / -4.7,False,131,1.38,1.04
USDJPY,C_ny,C_ny_rev|ref06-11o0|act13-17|rev|b0.25|a10|m1.0|tp0.5|x19,479,-5.11,72.03,0.96,18.5,-12.9 / +14.9 / -5.9,False,131,-0.34,0.99
USDJPY,C_ny,C_ny_rev|ref06-11o0|act13-17|rev|b0.25|a10|m1.0|tp0.75|x17,479,19.94,63.88,1.12,15.35,-5.6 / +29.2 / -2.4,False,131,13.01,1.32
USDJPY,C_ny,C_ny_rev|ref06-11o0|act13-17|rev|b0.25|a10|m1.0|tp0.75|x19,479,20.85,64.51,1.12,15.94,-5.2 / +30.6 / -3.3,False,131,10.44,1.24
USDJPY,C_ny,C_ny_rev|ref06-11o0|act13-17|rev|b0.25|a10|m1.0|tp1.0|x17,479,14.09,55.32,1.07,19.22,+4.2 / +23.5 / -12.4,False,131,9.43,1.18
USDJPY,C_ny,C_ny_rev|ref06-11o0|act13-17|rev|b0.25|a10|m1.0|tp1.0|x19,479,13.37,55.32,1.06,18.77,+1.4 / +26.5 / -13.3,False,131,7.41,1.13
USDJPY,C_ny,C_ny_rev|ref06-11o0|act13-17|rev|b0.25|a10|m1.5|tp0.5|x17,479,34.2,71.4,1.31,7.66,+4.9 / +24.5 / +4.4,True,131,9.71,1.35
USDJPY,C_ny,C_ny_rev|ref06-11o0|act13-17|rev|b0.25|a10|m1.5|tp0.5|x19,479,35.63,72.65,1.32,7.26,+5.5 / +24.7 / +5.1,True,131,10.35,1.35
USDJPY,C_ny,C_ny_rev|ref06-11o0|act13-17|rev|b0.25|a10|m1.5|tp0.75|x17,479,6.66,56.99,1.04,12.41,+2.1 / +10.5 / -4.8,False,131,0.55,1.01
USDJPY,C_ny,C_ny_rev|ref06-11o0|act13-17|rev|b0.25|a10|m1.5|tp0.75|x19,479,7.56,57.83,1.05,11.22,+1.0 / +9.9 / -2.3,False,131,-1.56,0.97
USDJPY,C_ny,C_ny_rev|ref06-11o0|act13-17|rev|b0.25|a10|m1.5|tp1.0|x17,479,-23.58,48.23,0.88,24.93,-8.6 / +1.4 / -15.2,False,131,-12.94,0.75
USDJPY,C_ny,C_ny_rev|ref06-11o0|act13-17|rev|b0.25|a10|m1.5|tp1.0|x19,479,-24.73,48.64,0.88,27.68,-10.7 / +0.0 / -12.9,False,131,-14.59,0.75
USDJPY,C_ny,C_ny_rev|ref06-11o0|act13-17|rev|b0.5|a10|m1.0|tp0.5|x17,424,10.41,74.29,1.09,11.86,-4.0 / +12.1 / +2.1,False,114,8.26,1.35
USDJPY,C_ny,C_ny_rev|ref06-11o0|act13-17|rev|b0.5|a10|m1.0|tp0.5|x19,424,8.77,73.82,1.08,11.78,-3.9 / +12.1 / +0.3,False,114,7.32,1.3
USDJPY,C_ny,C_ny_rev|ref06-11o0|act13-17|rev|b0.5|a10|m1.0|tp0.75|x17,424,30.61,65.33,1.21,11.6,+0.6 / +14.6 / +14.8,True,114,15.21,1.47
USDJPY,C_ny,C_ny_rev|ref06-11o0|act13-17|rev|b0.5|a10|m1.0|tp0.75|x19,424,32.8,66.04,1.23,11.82,+1.9 / +16.2 / +14.2,True,114,13.44,1.38
USDJPY,C_ny,C_ny_rev|ref06-11o0|act13-17|rev|b0.5|a10|m1.0|tp1.0|x17,424,30.44,57.08,1.18,13.95,+6.6 / +17.8 / +5.2,True,114,15.27,1.38
USDJPY,C_ny,C_ny_rev|ref06-11o0|act13-17|rev|b0.5|a10|m1.0|tp1.0|x19,424,31.43,58.02,1.18,14.81,+7.6 / +19.4 / +3.6,True,114,13.05,1.29
USDJPY,C_ny,C_ny_rev|ref06-11o0|act13-17|rev|b0.5|a10|m1.5|tp0.5|x17,424,40.43,72.88,1.45,5.46,+5.6 / +19.7 / +14.8,True,114,9.7,1.41
USDJPY,C_ny,C_ny_rev|ref06-11o0|act13-17|rev|b0.5|a10|m1.5|tp0.5|x19,424,40.99,74.29,1.45,6.54,+6.5 / +19.6 / +14.5,True,114,10.49,1.43
USDJPY,C_ny,C_ny_rev|ref06-11o0|act13-17|rev|b0.5|a10|m1.5|tp0.75|x17,424,33.42,60.14,1.27,10.27,+11.9 / +18.6 / +2.3,True,114,7.58,1.24
USDJPY,C_ny,C_ny_rev|ref06-11o0|act13-17|rev|b0.5|a10|m1.5|tp0.75|x19,424,33.24,62.5,1.26,9.69,+13.0 / +17.2 / +2.4,True,114,8.72,1.25
USDJPY,C_ny,C_ny_rev|ref06-11o0|act13-17|rev|b0.5|a10|m1.5|tp1.0|x17,424,-3.3,49.76,0.98,17.16,+4.6 / +6.6 / -13.3,False,114,-1.41,0.96
USDJPY,C_ny,C_ny_rev|ref06-11o0|act13-17|rev|b0.5|a10|m1.5|tp1.0|x19,424,-5.65,50.47,0.97,18.41,+5.1 / +4.2 / -13.8,False,114,0.38,1.01
USDJPY,C_ny,C_ny_rev|ref06-11o0|act13-17|rev_cf|b0.25|a10|m1.0|tp0.5|x17,230,-28.58,58.26,0.65,30.22,-11.0 / -9.5 / -8.4,False,67,-13.61,0.5
USDJPY,C_ny,C_ny_rev|ref06-11o0|act13-17|rev_cf|b0.25|a10|m1.0|tp0.5|x19,230,-28.75,60.87,0.66,30.37,-13.2 / -8.3 / -7.7,False,67,-13.85,0.51
USDJPY,C_ny,C_ny_rev|ref06-11o0|act13-17|rev_cf|b0.25|a10|m1.0|tp0.75|x17,230,-17.61,53.04,0.8,25.19,-3.7 / -8.0 / -6.6,False,67,-18.88,0.45
USDJPY,C_ny,C_ny_rev|ref06-11o0|act13-17|rev_cf|b0.25|a10|m1.0|tp0.75|x19,230,-18.94,53.48,0.8,24.6,-7.3 / -5.1 / -6.1,False,67,-15.65,0.54
USDJPY,C_ny,C_ny_rev|ref06-11o0|act13-17|rev_cf|b0.25|a10|m1.0|tp1.0|x17,230,-10.33,50.43,0.89,21.17,+0.6 / -5.5 / -6.3,False,67,-21.13,0.45
USDJPY,C_ny,C_ny_rev|ref06-11o0|act13-17|rev_cf|b0.25|a10|m1.0|tp1.0|x19,230,-15.49,49.13,0.85,21.05,-5.7 / -1.5 / -7.9,False,67,-16.74,0.54
USDJPY,C_ny,C_ny_rev|ref06-11o0|act13-17|rev_cf|b0.25|a10|m1.5|tp0.5|x17,230,-11.68,56.09,0.81,16.03,-5.5 / -1.9 / -4.7,False,67,-11.62,0.51
USDJPY,C_ny,C_ny_rev|ref06-11o0|act13-17|rev_cf|b0.25|a10|m1.5|tp0.5|x19,230,-12.87,56.52,0.8,16.84,-8.6 / -0.1 / -3.8,False,67,-8.92,0.6
USDJPY,C_ny,C_ny_rev|ref06-11o0|act13-17|rev_cf|b0.25|a10|m1.5|tp0.75|x17,230,-11.98,50.87,0.83,17.02,-3.3 / +0.1 / -7.7,False,67,-10.29,0.6
USDJPY,C_ny,C_ny_rev|ref06-11o0|act13-17|rev_cf|b0.25|a10|m1.5|tp0.75|x19,230,-14.56,50.0,0.81,15.97,-8.4 / +3.1 / -8.9,False,67,-9.44,0.62
USDJPY,C_ny,C_ny_rev|ref06-11o0|act13-17|rev_cf|b0.25|a10|m1.5|tp1.0|x17,230,-16.33,47.83,0.79,21.3,-1.6 / -3.5 / -10.2,False,67,-12.44,0.56
USDJPY,C_ny,C_ny_rev|ref06-11o0|act13-17|rev_cf|b0.25|a10|m1.5|tp1.0|x19,230,-21.47,46.52,0.73,22.92,-7.0 / -2.0 / -12.1,False,67,-9.65,0.64
USDJPY,C_ny,C_ny_rev|ref06-11o0|act13-17|rev_cf|b0.5|a10|m1.0|tp0.5|x17,137,-21.38,56.2,0.58,21.76,-11.5 / -4.9 / -5.4,False,41,-8.76,0.48
USDJPY,C_ny,C_ny_rev|ref06-11o0|act13-17|rev_cf|b0.5|a10|m1.0|tp0.5|x19,137,-19.53,60.58,0.62,19.91,-11.5 / -5.5 / -2.9,False,41,-9.39,0.49
USDJPY,C_ny,C_ny_rev|ref06-11o0|act13-17|rev_cf|b0.5|a10|m1.0|tp0.75|x17,137,-14.1,51.82,0.75,14.17,-6.7 / -4.7 / -3.3,False,41,-13.13,0.4
USDJPY,C_ny,C_ny_rev|ref06-11o0|act13-17|rev_cf|b0.5|a10|m1.0|tp0.75|x19,137,-13.68,52.55,0.76,14.02,-7.5 / -5.5 / -0.2,False,41,-10.18,0.51
USDJPY,C_ny,C_ny_rev|ref06-11o0|act13-17|rev_cf|b0.5|a10|m1.0|tp1.0|x17,137,-8.92,49.64,0.85,10.27,-4.3 / -4.2 / -1.2,False,41,-15.47,0.36
USDJPY,C_ny,C_ny_rev|ref06-11o0|act13-17|rev_cf|b0.5|a10|m1.0|tp1.0|x19,137,-10.52,48.18,0.83,12.5,-6.3 / -4.8 / +1.0,False,41,-12.19,0.44
USDJPY,C_ny,C_ny_rev|ref06-11o0|act13-17|rev_cf|b0.5|a10|m1.5|tp0.5|x17,137,-4.95,55.47,0.86,5.72,-5.1 / -0.4 / +0.1,False,41,-8.38,0.44
USDJPY,C_ny,C_ny_rev|ref06-11o0|act13-17|rev_cf|b0.5|a10|m1.5|tp0.5|x19,137,-6.02,55.47,0.84,7.83,-6.3 / -1.1 / +1.7,False,41,-5.04,0.61
USDJPY,C_ny,C_ny_rev|ref06-11o0|act13-17|rev_cf|b0.5|a10|m1.5|tp0.75|x17,137,-7.44,48.91,0.82,7.45,-3.6 / -1.2 / -1.6,False,41,-7.75,0.49
USDJPY,C_ny,C_ny_rev|ref06-11o0|act13-17|rev_cf|b0.5|a10|m1.5|tp0.75|x19,137,-9.25,47.45,0.79,9.02,-6.9 / -1.5 / -0.6,False,41,-6.27,0.54
USDJPY,C_ny,C_ny_rev|ref06-11o0|act13-17|rev_cf|b0.5|a10|m1.5|tp1.0|x17,137,-9.89,45.99,0.78,8.76,-3.2 / -1.1 / -4.5,False,41,-8.66,0.47
USDJPY,C_ny,C_ny_rev|ref06-11o0|act13-17|rev_cf|b0.5|a10|m1.5|tp1.0|x19,137,-12.35,44.53,0.74,11.22,-6.2 / -2.9 / -3.0,False,41,-5.0,0.63
USDJPY,D,D_asia_breakout|ref22-03o0|act03-08|con|b0.25|a10|m1.0|tp1.0|x08,413,-148.68,37.53,0.46,150.56,-52.4 / -53.1 / -43.9,False,121,-70.75,0.26
USDJPY,D,D_asia_breakout|ref22-03o0|act03-08|con|b0.25|a10|m1.0|tp1.0|x10,413,-147.45,37.53,0.47,149.84,-51.1 / -53.1 / -44.1,False,121,-69.46,0.28
USDJPY,D,D_asia_breakout|ref22-03o0|act03-08|con|b0.25|a10|m1.0|tp1.5|x08,413,-159.82,30.75,0.46,162.47,-61.9 / -55.1 / -43.2,False,121,-72.98,0.26
USDJPY,D,D_asia_breakout|ref22-03o0|act03-08|con|b0.25|a10|m1.0|tp1.5|x10,413,-161.56,30.75,0.47,165.25,-63.1 / -57.0 / -42.4,False,121,-74.38,0.27
USDJPY,D,D_asia_breakout|ref22-03o0|act03-08|con|b0.25|a10|m1.0|tp2.0|x08,413,-152.9,29.3,0.49,156.92,-57.8 / -58.7 / -36.8,False,121,-72.98,0.26
USDJPY,D,D_asia_breakout|ref22-03o0|act03-08|con|b0.25|a10|m1.0|tp2.0|x10,413,-162.07,27.85,0.49,167.76,-62.8 / -62.9 / -37.3,False,121,-76.45,0.26
USDJPY,D,D_asia_breakout|ref22-03o0|act03-08|con|b0.25|a10|m1.5|tp1.0|x08,413,-38.65,46.97,0.78,39.97,-17.1 / -13.8 / -8.0,False,121,-33.64,0.45
USDJPY,D,D_asia_breakout|ref22-03o0|act03-08|con|b0.25|a10|m1.5|tp1.0|x10,413,-38.12,48.18,0.8,43.3,-21.3 / -15.4 / -2.0,False,121,-32.66,0.5
USDJPY,D,D_asia_breakout|ref22-03o0|act03-08|con|b0.25|a10|m1.5|tp1.5|x08,413,-27.45,45.28,0.85,30.92,-10.7 / -14.5 / -2.6,False,121,-30.17,0.51
USDJPY,D,D_asia_breakout|ref22-03o0|act03-08|con|b0.25|a10|m1.5|tp1.5|x10,413,-30.43,43.58,0.85,38.04,-15.3 / -16.6 / +0.8,False,121,-31.98,0.52
USDJPY,D,D_asia_breakout|ref22-03o0|act03-08|con|b0.25|a10|m1.5|tp2.0|x08,413,-27.34,44.07,0.85,28.53,-6.4 / -19.3 / -1.9,False,121,-30.43,0.51
USDJPY,D,D_asia_breakout|ref22-03o0|act03-08|con|b0.25|a10|m1.5|tp2.0|x10,413,-34.72,41.65,0.83,37.84,-11.0 / -24.8 / +0.5,False,121,-33.55,0.5
USDJPY,D,D_asia_breakout|ref22-03o0|act03-08|con|b0.25|a10|m2.0|tp1.0|x08,413,1.38,50.36,1.01,16.6,-7.3 / -4.6 / +13.1,False,121,-21.6,0.53
USDJPY,D,D_asia_breakout|ref22-03o0|act03-08|con|b0.25|a10|m2.0|tp1.0|x10,413,3.46,50.61,1.02,23.19,-12.5 / -3.7 / +19.2,False,121,-23.26,0.54
USDJPY,D,D_asia_breakout|ref22-03o0|act03-08|con|b0.25|a10|m2.0|tp1.5|x08,413,5.27,48.67,1.04,11.59,-1.9 / -8.4 / +15.4,False,121,-20.51,0.55
USDJPY,D,D_asia_breakout|ref22-03o0|act03-08|con|b0.25|a10|m2.0|tp1.5|x10,413,2.81,47.46,1.02,18.66,-6.1 / -10.0 / +18.4,False,121,-23.42,0.54
USDJPY,D,D_asia_breakout|ref22-03o0|act03-08|con|b0.25|a10|m2.0|tp2.0|x08,413,9.11,48.18,1.07,8.84,-0.2 / -6.2 / +15.3,False,121,-22.21,0.52
USDJPY,D,D_asia_breakout|ref22-03o0|act03-08|con|b0.25|a10|m2.0|tp2.0|x10,413,8.75,46.73,1.06,15.02,-3.3 / -8.5 / +20.2,False,121,-25.98,0.49
USDJPY,D,D_asia_breakout|ref22-03o0|act03-08|con|b0.5|a10|m1.0|tp1.0|x08,349,-193.72,27.79,0.28,192.71,-68.9 / -68.0 / -56.9,False,99,-57.12,0.25
USDJPY,D,D_asia_breakout|ref22-03o0|act03-08|con|b0.5|a10|m1.0|tp1.0|x10,349,-195.65,27.79,0.29,195.8,-70.5 / -70.0 / -56.0,False,99,-55.91,0.28
USDJPY,D,D_asia_breakout|ref22-03o0|act03-08|con|b0.5|a10|m1.0|tp1.5|x08,349,-196.52,24.93,0.3,195.51,-76.6 / -67.2 / -52.9,False,99,-59.08,0.25
USDJPY,D,D_asia_breakout|ref22-03o0|act03-08|con|b0.5|a10|m1.0|tp1.5|x10,349,-193.38,22.92,0.33,193.66,-77.0 / -68.0 / -49.1,False,99,-60.54,0.26
USDJPY,D,D_asia_breakout|ref22-03o0|act03-08|con|b0.5|a10|m1.0|tp2.0|x08,349,-197.17,23.5,0.3,196.16,-75.1 / -69.3 / -52.9,False,99,-56.37,0.28
USDJPY,D,D_asia_breakout|ref22-03o0|act03-08|con|b0.5|a10|m1.0|tp2.0|x10,349,-195.86,20.92,0.33,196.64,-74.8 / -71.3 / -50.4,False,99,-57.62,0.3
USDJPY,D,D_asia_breakout|ref22-03o0|act03-08|con|b0.5|a10|m1.5|tp1.0|x08,349,-46.55,46.7,0.7,47.62,-15.6 / -21.5 / -9.5,False,99,-29.4,0.41
USDJPY,D,D_asia_breakout|ref22-03o0|act03-08|con|b0.5|a10|m1.5|tp1.0|x10,349,-49.67,43.84,0.71,51.72,-20.8 / -22.3 / -7.0,False,99,-27.65,0.47
USDJPY,D,D_asia_breakout|ref22-03o0|act03-08|con|b0.5|a10|m1.5|tp1.5|x08,349,-37.32,45.27,0.76,38.81,-12.3 / -20.3 / -4.8,False,99,-26.52,0.47
USDJPY,D,D_asia_breakout|ref22-03o0|act03-08|con|b0.5|a10|m1.5|tp1.5|x10,349,-44.21,40.11,0.75,46.86,-20.3 / -20.3 / -4.1,False,99,-25.55,0.51
USDJPY,D,D_asia_breakout|ref22-03o0|act03-08|con|b0.5|a10|m1.5|tp2.0|x08,349,-35.39,44.41,0.78,36.08,-10.8 / -22.5 / -2.2,False,99,-27.29,0.46
USDJPY,D,D_asia_breakout|ref22-03o0|act03-08|con|b0.5|a10|m1.5|tp2.0|x10,349,-45.24,38.11,0.75,46.74,-19.3 / -25.4 / -1.0,False,99,-28.91,0.45
USDJPY,D,D_asia_breakout|ref22-03o0|act03-08|con|b0.5|a10|m2.0|tp1.0|x08,349,-8.42,51.0,0.92,14.95,-7.2 / -5.0 / +3.7,False,99,-21.54,0.46
USDJPY,D,D_asia_breakout|ref22-03o0|act03-08|con|b0.5|a10|m2.0|tp1.0|x10,349,-11.85,46.99,0.9,21.34,-12.0 / -5.1 / +4.8,False,99,-23.28,0.47
USDJPY,D,D_asia_breakout|ref22-03o0|act03-08|con|b0.5|a10|m2.0|tp1.5|x08,349,-1.39,49.86,0.99,10.8,-3.9 / -6.1 / +8.5,False,99,-22.66,0.43
USDJPY,D,D_asia_breakout|ref22-03o0|act03-08|con|b0.5|a10|m2.0|tp1.5|x10,349,-7.34,44.41,0.94,19.44,-9.0 / -8.9 / +10.3,False,99,-25.91,0.42
USDJPY,D,D_asia_breakout|ref22-03o0|act03-08|con|b0.5|a10|m2.0|tp2.0|x08,349,-0.05,49.28,1.0,10.1,-2.6 / -5.1 / +7.6,False,99,-21.96,0.45
USDJPY,D,D_asia_breakout|ref22-03o0|act03-08|con|b0.5|a10|m2.0|tp2.0|x10,349,-5.35,43.84,0.96,16.78,-8.0 / -7.4 / +9.6,False,99,-25.19,0.43
USDJPY,D,D_asia_breakout|ref22-03o0|act04-09|con|b0.25|a10|m1.0|tp1.0|x08,442,-138.75,40.05,0.51,140.93,-57.9 / -44.6 / -37.1,False,131,-68.56,0.31
USDJPY,D,D_asia_breakout|ref22-03o0|act04-09|con|b0.25|a10|m1.0|tp1.0|x10,442,-136.08,40.05,0.52,139.86,-60.4 / -41.8 / -34.8,False,131,-66.96,0.32
USDJPY,D,D_asia_breakout|ref22-03o0|act04-09|con|b0.25|a10|m1.0|tp1.5|x08,442,-144.92,33.48,0.53,148.63,-60.2 / -49.6 / -35.5,False,131,-71.87,0.31
USDJPY,D,D_asia_breakout|ref22-03o0|act04-09|con|b0.25|a10|m1.0|tp1.5|x10,442,-142.4,33.48,0.54,148.58,-63.9 / -46.7 / -32.7,False,131,-74.92,0.29
USDJPY,D,D_asia_breakout|ref22-03o0|act04-09|con|b0.25|a10|m1.0|tp2.0|x08,442,-138.24,31.67,0.56,143.2,-57.4 / -50.9 / -30.4,False,131,-71.84,0.32
USDJPY,D,D_asia_breakout|ref22-03o0|act04-09|con|b0.25|a10|m1.0|tp2.0|x10,442,-143.13,30.32,0.55,151.05,-63.6 / -51.5 / -28.9,False,131,-75.09,0.3
USDJPY,D,D_asia_breakout|ref22-03o0|act04-09|con|b0.25|a10|m1.5|tp1.0|x08,442,-39.14,47.51,0.79,43.96,-16.1 / -20.1 / -3.2,False,131,-29.15,0.54
USDJPY,D,D_asia_breakout|ref22-03o0|act04-09|con|b0.25|a10|m1.5|tp1.0|x10,442,-37.29,47.51,0.81,41.32,-21.2 / -17.1 / +0.3,False,131,-31.3,0.52
USDJPY,D,D_asia_breakout|ref22-03o0|act04-09|con|b0.25|a10|m1.5|tp1.5|x08,442,-29.07,45.25,0.85,38.03,-8.0 / -20.6 / -0.7,False,131,-27.96,0.58
USDJPY,D,D_asia_breakout|ref22-03o0|act04-09|con|b0.25|a10|m1.5|tp1.5|x10,442,-31.02,42.99,0.85,36.4,-12.5 / -20.1 / +0.9,False,131,-29.36,0.56
USDJPY,D,D_asia_breakout|ref22-03o0|act04-09|con|b0.25|a10|m1.5|tp2.0|x08,442,-25.18,44.34,0.87,34.21,-6.9 / -21.7 / +3.2,False,131,-28.37,0.57
USDJPY,D,D_asia_breakout|ref22-03o0|act04-09|con|b0.25|a10|m1.5|tp2.0|x10,442,-32.08,41.18,0.85,38.94,-9.3 / -26.5 / +3.1,False,131,-31.95,0.52
USDJPY,D,D_asia_breakout|ref22-03o0|act04-09|con|b0.25|a10|m2.0|tp1.0|x08,442,-3.87,49.55,0.97,20.08,-4.3 / -11.3 / +11.5,False,131,-21.48,0.58
USDJPY,D,D_asia_breakout|ref22-03o0|act04-09|con|b0.25|a10|m2.0|tp1.0|x10,442,-1.79,49.32,0.99,19.57,-10.3 / -7.4 / +15.4,False,131,-21.22,0.58
USDJPY,D,D_asia_breakout|ref22-03o0|act04-09|con|b0.25|a10|m2.0|tp1.5|x08,442,0.69,47.96,1.0,17.68,-2.0 / -11.9 / +14.4,False,131,-20.72,0.59
USDJPY,D,D_asia_breakout|ref22-03o0|act04-09|con|b0.25|a10|m2.0|tp1.5|x10,442,-2.93,46.38,0.98,19.63,-5.4 / -12.1 / +14.1,False,131,-21.9,0.57
USDJPY,D,D_asia_breakout|ref22-03o0|act04-09|con|b0.25|a10|m2.0|tp2.0|x08,442,8.68,47.51,1.06,16.81,+1.9 / -11.8 / +18.4,False,131,-19.77,0.61
USDJPY,D,D_asia_breakout|ref22-03o0|act04-09|con|b0.25|a10|m2.0|tp2.0|x10,442,5.59,46.15,1.04,15.42,-1.5 / -10.6 / +17.3,False,131,-23.69,0.53
USDJPY,D,D_asia_breakout|ref22-03o0|act04-09|con|b0.5|a10|m1.0|tp1.0|x08,381,-173.58,32.81,0.37,174.56,-66.9 / -62.4 / -44.4,False,110,-55.21,0.31
USDJPY,D,D_asia_breakout|ref22-03o0|act04-09|con|b0.5|a10|m1.0|tp1.0|x10,381,-177.32,32.28,0.37,179.47,-70.0 / -62.8 / -45.3,False,110,-53.33,0.33
USDJPY,D,D_asia_breakout|ref22-03o0|act04-09|con|b0.5|a10|m1.0|tp1.5|x08,381,-170.48,29.4,0.41,172.21,-71.1 / -62.6 / -36.9,False,110,-58.8,0.31
USDJPY,D,D_asia_breakout|ref22-03o0|act04-09|con|b0.5|a10|m1.0|tp1.5|x10,381,-170.69,27.03,0.42,173.46,-73.5 / -61.8 / -36.0,False,110,-58.04,0.32
USDJPY,D,D_asia_breakout|ref22-03o0|act04-09|con|b0.5|a10|m1.0|tp2.0|x08,381,-159.45,28.61,0.45,161.43,-66.2 / -59.9 / -33.5,False,110,-56.59,0.34
USDJPY,D,D_asia_breakout|ref22-03o0|act04-09|con|b0.5|a10|m1.0|tp2.0|x10,381,-168.55,24.67,0.44,172.32,-68.3 / -62.8 / -38.1,False,110,-54.26,0.36
USDJPY,D,D_asia_breakout|ref22-03o0|act04-09|con|b0.5|a10|m1.5|tp1.0|x08,381,-35.43,48.56,0.78,45.64,-16.1 / -24.6 / +5.2,False,110,-27.8,0.49
USDJPY,D,D_asia_breakout|ref22-03o0|act04-09|con|b0.5|a10|m1.5|tp1.0|x10,381,-40.28,46.19,0.77,46.22,-20.4 / -24.3 / +4.0,False,110,-26.37,0.51
USDJPY,D,D_asia_breakout|ref22-03o0|act04-09|con|b0.5|a10|m1.5|tp1.5|x08,381,-28.87,45.93,0.83,41.16,-10.0 / -27.6 / +8.6,False,110,-27.05,0.52
USDJPY,D,D_asia_breakout|ref22-03o0|act04-09|con|b0.5|a10|m1.5|tp1.5|x10,381,-38.58,41.99,0.79,47.58,-20.3 / -25.3 / +6.5,False,110,-25.92,0.52
USDJPY,D,D_asia_breakout|ref22-03o0|act04-09|con|b0.5|a10|m1.5|tp2.0|x08,381,-27.23,44.88,0.84,37.28,-9.2 / -27.3 / +9.2,False,110,-25.57,0.54
USDJPY,D,D_asia_breakout|ref22-03o0|act04-09|con|b0.5|a10|m1.5|tp2.0|x10,381,-34.71,40.16,0.81,46.12,-16.3 / -28.5 / +9.6,False,110,-27.34,0.5
USDJPY,D,D_asia_breakout|ref22-03o0|act04-09|con|b0.5|a10|m2.0|tp1.0|x08,381,0.73,51.71,1.01,15.81,-2.7 / -11.3 / +14.7,False,110,-20.5,0.54
USDJPY,D,D_asia_breakout|ref22-03o0|act04-09|con|b0.5|a10|m2.0|tp1.0|x10,381,-2.9,48.82,0.98,18.31,-7.1 / -9.4 / +13.3,False,110,-20.83,0.52
USDJPY,D,D_asia_breakout|ref22-03o0|act04-09|con|b0.5|a10|m2.0|tp1.5|x08,381,1.36,49.34,1.01,16.88,-0.5 / -13.6 / +15.4,False,110,-19.93,0.55
USDJPY,D,D_asia_breakout|ref22-03o0|act04-09|con|b0.5|a10|m2.0|tp1.5|x10,381,-1.61,45.67,0.99,20.4,-4.4 / -14.5 / +17.0,False,110,-23.39,0.47
USDJPY,D,D_asia_breakout|ref22-03o0|act04-09|con|b0.5|a10|m2.0|tp2.0|x08,381,6.51,49.08,1.05,18.09,+2.3 / -14.3 / +18.4,False,110,-17.68,0.6
USDJPY,D,D_asia_breakout|ref22-03o0|act04-09|con|b0.5|a10|m2.0|tp2.0|x10,381,2.3,45.41,1.02,17.92,-2.7 / -13.8 / +18.5,False,110,-22.67,0.49
USDJPY,D,D_asia_breakout|ref00-04o0|act03-08|con|b0.25|a10|m1.0|tp1.0|x08,498,-101.7,45.38,0.65,106.29,-34.9 / -40.4 / -27.2,False,150,-25.35,0.69
USDJPY,D,D_asia_breakout|ref00-04o0|act03-08|con|b0.25|a10|m1.0|tp1.0|x10,498,-101.75,45.78,0.66,107.32,-38.7 / -39.2 / -24.7,False,150,-26.97,0.68
USDJPY,D,D_asia_breakout|ref00-04o0|act03-08|con|b0.25|a10|m1.0|tp1.5|x08,498,-76.4,40.16,0.75,84.72,-33.4 / -35.5 / -8.7,False,150,-36.05,0.63
USDJPY,D,D_asia_breakout|ref00-04o0|act03-08|con|b0.25|a10|m1.0|tp1.5|x10,498,-75.34,39.76,0.77,87.57,-40.0 / -38.8 / +2.1,False,150,-34.27,0.65
USDJPY,D,D_asia_breakout|ref00-04o0|act03-08|con|b0.25|a10|m1.0|tp2.0|x08,498,-64.97,37.15,0.8,76.38,-28.3 / -34.2 / -3.3,False,150,-31.92,0.67
USDJPY,D,D_asia_breakout|ref00-04o0|act03-08|con|b0.25|a10|m1.0|tp2.0|x10,498,-65.85,36.55,0.8,81.06,-31.9 / -39.3 / +4.0,False,150,-27.44,0.72
USDJPY,D,D_asia_breakout|ref00-04o0|act03-08|con|b0.25|a10|m1.5|tp1.0|x08,498,-42.79,47.79,0.81,51.61,-21.8 / -21.9 / +0.1,False,150,-17.03,0.74
USDJPY,D,D_asia_breakout|ref00-04o0|act03-08|con|b0.25|a10|m1.5|tp1.0|x10,498,-49.0,47.39,0.8,64.92,-27.2 / -32.5 / +9.9,False,150,-15.56,0.77
USDJPY,D,D_asia_breakout|ref00-04o0|act03-08|con|b0.25|a10|m1.5|tp1.5|x08,498,-32.18,44.18,0.86,48.1,-15.7 / -24.6 / +7.6,False,150,-22.79,0.67
USDJPY,D,D_asia_breakout|ref00-04o0|act03-08|con|b0.25|a10|m1.5|tp1.5|x10,498,-37.23,43.37,0.85,62.16,-18.0 / -37.2 / +17.1,False,150,-14.44,0.8
USDJPY,D,D_asia_breakout|ref00-04o0|act03-08|con|b0.25|a10|m1.5|tp2.0|x08,498,-22.06,43.17,0.91,42.17,-12.5 / -23.6 / +13.5,False,150,-20.36,0.71
USDJPY,D,D_asia_breakout|ref00-04o0|act03-08|con|b0.25|a10|m1.5|tp2.0|x10,498,-23.95,42.17,0.91,57.84,-10.9 / -38.0 / +24.1,False,150,-14.02,0.81
USDJPY,D,D_asia_breakout|ref00-04o0|act03-08|con|b0.25|a10|m2.0|tp1.0|x08,498,-8.58,47.59,0.95,27.67,-5.1 / -13.7 / +9.8,False,150,-13.82,0.73
USDJPY,D,D_asia_breakout|ref00-04o0|act03-08|con|b0.25|a10|m2.0|tp1.0|x10,498,-15.13,48.59,0.92,38.74,-5.1 / -24.2 / +13.5,False,150,-9.78,0.82
USDJPY,D,D_asia_breakout|ref00-04o0|act03-08|con|b0.25|a10|m2.0|tp1.5|x08,498,0.81,45.98,1.0,23.9,-0.2 / -15.1 / +15.8,False,150,-16.65,0.69
USDJPY,D,D_asia_breakout|ref00-04o0|act03-08|con|b0.25|a10|m2.0|tp1.5|x10,498,-4.45,46.18,0.98,35.83,+2.1 / -26.9 / +19.7,False,150,-12.36,0.78
USDJPY,D,D_asia_breakout|ref00-04o0|act03-08|con|b0.25|a10|m2.0|tp2.0|x08,498,11.3,45.98,1.07,20.32,+5.3 / -12.6 / +18.2,False,150,-18.92,0.66
USDJPY,D,D_asia_breakout|ref00-04o0|act03-08|con|b0.25|a10|m2.0|tp2.0|x10,498,5.54,45.78,1.03,33.27,+8.8 / -26.4 / +22.5,False,150,-15.25,0.74
USDJPY,D,D_asia_breakout|ref00-04o0|act03-08|con|b0.5|a10|m1.0|tp1.0|x08,483,-90.48,46.17,0.67,94.41,-22.6 / -42.0 / -26.7,False,139,-21.45,0.72
USDJPY,D,D_asia_breakout|ref00-04o0|act03-08|con|b0.5|a10|m1.0|tp1.0|x10,483,-92.32,46.17,0.67,97.91,-27.1 / -41.7 / -24.3,False,139,-22.01,0.71
USDJPY,D,D_asia_breakout|ref00-04o0|act03-08|con|b0.5|a10|m1.0|tp1.5|x08,483,-67.81,40.37,0.77,74.89,-20.8 / -33.1 / -15.2,False,139,-32.92,0.64
USDJPY,D,D_asia_breakout|ref00-04o0|act03-08|con|b0.5|a10|m1.0|tp1.5|x10,483,-67.86,39.96,0.78,79.09,-27.5 / -38.4 / -3.3,False,139,-28.68,0.69
USDJPY,D,D_asia_breakout|ref00-04o0|act03-08|con|b0.5|a10|m1.0|tp2.0|x08,483,-56.62,37.68,0.81,65.47,-15.4 / -31.9 / -10.1,False,139,-32.22,0.65
USDJPY,D,D_asia_breakout|ref00-04o0|act03-08|con|b0.5|a10|m1.0|tp2.0|x10,483,-58.3,37.06,0.82,70.41,-18.8 / -38.1 / -2.7,False,139,-25.31,0.73
USDJPY,D,D_asia_breakout|ref00-04o0|act03-08|con|b0.5|a10|m1.5|tp1.0|x08,483,-40.42,46.58,0.81,46.6,-14.8 / -20.5 / -5.9,False,139,-12.6,0.78
USDJPY,D,D_asia_breakout|ref00-04o0|act03-08|con|b0.5|a10|m1.5|tp1.0|x10,483,-48.17,47.0,0.8,57.24,-20.8 / -32.4 / +4.2,False,139,-11.59,0.81
USDJPY,D,D_asia_breakout|ref00-04o0|act03-08|con|b0.5|a10|m1.5|tp1.5|x08,483,-28.28,43.27,0.87,37.91,-8.8 / -23.4 / +3.3,False,139,-18.79,0.7
USDJPY,D,D_asia_breakout|ref00-04o0|act03-08|con|b0.5|a10|m1.5|tp1.5|x10,483,-32.87,43.48,0.87,51.47,-10.4 / -36.6 / +13.2,False,139,-12.6,0.81
USDJPY,D,D_asia_breakout|ref00-04o0|act03-08|con|b0.5|a10|m1.5|tp2.0|x08,483,-24.46,42.03,0.89,34.77,-8.1 / -23.0 / +6.1,False,139,-18.33,0.71
USDJPY,D,D_asia_breakout|ref00-04o0|act03-08|con|b0.5|a10|m1.5|tp2.0|x10,483,-27.18,42.24,0.89,51.49,-6.7 / -37.9 / +16.5,False,139,-14.54,0.78
USDJPY,D,D_asia_breakout|ref00-04o0|act03-08|con|b0.5|a10|m2.0|tp1.0|x08,483,-10.54,46.79,0.93,26.81,-4.7 / -13.7 / +7.5,False,139,-11.41,0.74
USDJPY,D,D_asia_breakout|ref00-04o0|act03-08|con|b0.5|a10|m2.0|tp1.0|x10,483,-17.66,48.24,0.91,37.73,-6.0 / -24.1 / +11.8,False,139,-6.09,0.87
USDJPY,D,D_asia_breakout|ref00-04o0|act03-08|con|b0.5|a10|m2.0|tp1.5|x08,483,-5.4,44.93,0.97,24.29,-3.2 / -15.5 / +12.9,False,139,-11.95,0.74
USDJPY,D,D_asia_breakout|ref00-04o0|act03-08|con|b0.5|a10|m2.0|tp1.5|x10,483,-11.08,45.96,0.94,37.73,-1.5 / -27.4 / +17.2,False,139,-7.31,0.85
USDJPY,D,D_asia_breakout|ref00-04o0|act03-08|con|b0.5|a10|m2.0|tp2.0|x08,483,4.93,44.93,1.03,20.37,+2.7 / -13.1 / +14.9,False,139,-13.1,0.72
USDJPY,D,D_asia_breakout|ref00-04o0|act03-08|con|b0.5|a10|m2.0|tp2.0|x10,483,-0.62,45.55,1.0,33.38,+5.3 / -27.0 / +20.5,False,139,-8.77,0.82
USDJPY,D,D_asia_breakout|ref00-04o0|act04-09|con|b0.25|a10|m1.0|tp1.0|x08,444,-147.98,38.29,0.48,149.85,-47.0 / -46.9 / -54.8,False,135,-69.28,0.31
USDJPY,D,D_asia_breakout|ref00-04o0|act04-09|con|b0.25|a10|m1.0|tp1.0|x10,444,-149.5,38.74,0.49,151.87,-52.1 / -45.5 / -52.7,False,135,-66.44,0.33
USDJPY,D,D_asia_breakout|ref00-04o0|act04-09|con|b0.25|a10|m1.0|tp1.5|x08,444,-152.17,32.88,0.51,154.09,-51.8 / -52.7 / -48.0,False,135,-76.59,0.27
USDJPY,D,D_asia_breakout|ref00-04o0|act04-09|con|b0.25|a10|m1.0|tp1.5|x10,444,-159.26,32.88,0.49,162.92,-56.4 / -52.4 / -51.3,False,135,-82.04,0.24
USDJPY,D,D_asia_breakout|ref00-04o0|act04-09|con|b0.25|a10|m1.0|tp2.0|x08,444,-145.71,31.08,0.54,148.13,-46.3 / -52.1 / -47.6,False,135,-78.95,0.27
USDJPY,D,D_asia_breakout|ref00-04o0|act04-09|con|b0.25|a10|m1.0|tp2.0|x10,444,-159.84,30.18,0.5,164.42,-55.6 / -52.0 / -53.1,False,135,-81.12,0.26
USDJPY,D,D_asia_breakout|ref00-04o0|act04-09|con|b0.25|a10|m1.5|tp1.0|x08,444,-30.77,48.65,0.83,43.17,-2.2 / -20.6 / -8.2,False,135,-23.88,0.58
USDJPY,D,D_asia_breakout|ref00-04o0|act04-09|con|b0.25|a10|m1.5|tp1.0|x10,444,-33.14,48.87,0.83,42.08,-4.4 / -19.6 / -9.7,False,135,-25.49,0.58
USDJPY,D,D_asia_breakout|ref00-04o0|act04-09|con|b0.25|a10|m1.5|tp1.5|x08,444,-18.17,46.4,0.9,34.86,+4.9 / -17.7 / -5.5,False,135,-25.76,0.58
USDJPY,D,D_asia_breakout|ref00-04o0|act04-09|con|b0.25|a10|m1.5|tp1.5|x10,444,-29.79,44.37,0.85,40.67,-1.5 / -18.8 / -10.0,False,135,-25.1,0.6
USDJPY,D,D_asia_breakout|ref00-04o0|act04-09|con|b0.25|a10|m1.5|tp2.0|x08,444,-12.07,45.72,0.94,31.03,+6.7 / -19.6 / +0.6,False,135,-22.82,0.63
USDJPY,D,D_asia_breakout|ref00-04o0|act04-09|con|b0.25|a10|m1.5|tp2.0|x10,444,-27.15,43.02,0.87,39.22,+2.5 / -24.6 / -5.7,False,135,-25.7,0.59
USDJPY,D,D_asia_breakout|ref00-04o0|act04-09|con|b0.25|a10|m2.0|tp1.0|x08,444,2.5,50.68,1.02,13.33,+4.1 / -8.7 / +6.9,False,135,-20.68,0.57
USDJPY,D,D_asia_breakout|ref00-04o0|act04-09|con|b0.25|a10|m2.0|tp1.0|x10,444,0.75,50.68,1.01,13.44,+0.8 / -7.8 / +7.3,False,135,-20.22,0.59
USDJPY,D,D_asia_breakout|ref00-04o0|act04-09|con|b0.25|a10|m2.0|tp1.5|x08,444,12.18,49.77,1.09,11.72,+7.3 / -8.3 / +13.0,False,135,-18.19,0.63
USDJPY,D,D_asia_breakout|ref00-04o0|act04-09|con|b0.25|a10|m2.0|tp1.5|x10,444,4.32,48.2,1.03,15.79,+4.8 / -11.1 / +10.2,False,135,-19.56,0.61
USDJPY,D,D_asia_breakout|ref00-04o0|act04-09|con|b0.25|a10|m2.0|tp2.0|x08,444,10.0,49.1,1.07,15.95,+6.4 / -12.8 / +16.2,False,135,-18.97,0.61
USDJPY,D,D_asia_breakout|ref00-04o0|act04-09|con|b0.25|a10|m2.0|tp2.0|x10,444,8.71,47.75,1.06,13.92,+3.7 / -9.1 / +13.7,False,135,-23.78,0.52
USDJPY,D,D_asia_breakout|ref00-04o0|act04-09|con|b0.5|a10|m1.0|tp1.0|x08,375,-204.4,28.8,0.29,205.32,-62.9 / -75.5 / -66.0,False,117,-63.87,0.28
USDJPY,D,D_asia_breakout|ref00-04o0|act04-09|con|b0.5|a10|m1.0|tp1.0|x10,375,-210.9,27.47,0.28,213.05,-65.5 / -79.6 / -66.6,False,117,-62.08,0.3
USDJPY,D,D_asia_breakout|ref00-04o0|act04-09|con|b0.5|a10|m1.0|tp1.5|x08,375,-213.82,24.8,0.3,215.24,-66.9 / -82.3 / -64.7,False,117,-68.41,0.27
USDJPY,D,D_asia_breakout|ref00-04o0|act04-09|con|b0.5|a10|m1.0|tp1.5|x10,375,-226.4,21.6,0.27,229.13,-70.2 / -89.8 / -67.0,False,117,-69.25,0.27
USDJPY,D,D_asia_breakout|ref00-04o0|act04-09|con|b0.5|a10|m1.0|tp2.0|x08,375,-205.56,23.73,0.33,207.47,-64.0 / -78.8 / -62.9,False,117,-70.92,0.26
USDJPY,D,D_asia_breakout|ref00-04o0|act04-09|con|b0.5|a10|m1.0|tp2.0|x10,375,-223.09,20.53,0.29,226.82,-69.4 / -85.8 / -68.5,False,117,-67.78,0.29
USDJPY,D,D_asia_breakout|ref00-04o0|act04-09|con|b0.5|a10|m1.5|tp1.0|x08,375,-50.61,47.47,0.7,56.87,-11.1 / -32.4 / -7.2,False,117,-27.04,0.52
USDJPY,D,D_asia_breakout|ref00-04o0|act04-09|con|b0.5|a10|m1.5|tp1.0|x10,375,-66.59,43.2,0.63,68.81,-14.9 / -41.3 / -10.8,False,117,-30.67,0.48
USDJPY,D,D_asia_breakout|ref00-04o0|act04-09|con|b0.5|a10|m1.5|tp1.5|x08,375,-50.73,43.47,0.71,54.74,-5.3 / -38.1 / -7.3,False,117,-32.98,0.47
USDJPY,D,D_asia_breakout|ref00-04o0|act04-09|con|b0.5|a10|m1.5|tp1.5|x10,375,-66.7,39.73,0.65,67.75,-16.0 / -39.6 / -11.6,False,117,-32.19,0.47
USDJPY,D,D_asia_breakout|ref00-04o0|act04-09|con|b0.5|a10|m1.5|tp2.0|x08,375,-44.17,42.93,0.75,48.89,-1.0 / -41.2 / -2.1,False,117,-29.48,0.52
USDJPY,D,D_asia_breakout|ref00-04o0|act04-09|con|b0.5|a10|m1.5|tp2.0|x10,375,-59.19,39.2,0.69,60.51,-11.7 / -42.5 / -5.3,False,117,-32.7,0.46
USDJPY,D,D_asia_breakout|ref00-04o0|act04-09|con|b0.5|a10|m2.0|tp1.0|x08,375,-2.65,51.2,0.98,18.58,+4.8 / -13.5 / +6.0,False,117,-20.3,0.54
USDJPY,D,D_asia_breakout|ref00-04o0|act04-09|con|b0.5|a10|m2.0|tp1.0|x10,375,-15.27,47.47,0.88,21.44,-0.6 / -18.1 / +3.1,False,117,-21.63,0.51
USDJPY,D,D_asia_breakout|ref00-04o0|act04-09|con|b0.5|a10|m2.0|tp1.5|x08,375,-4.2,48.8,0.97,22.5,+6.4 / -20.4 / +9.7,False,117,-18.14,0.6
USDJPY,D,D_asia_breakout|ref00-04o0|act04-09|con|b0.5|a10|m2.0|tp1.5|x10,375,-12.15,45.6,0.91,24.84,+1.2 / -23.5 / +9.9,False,117,-21.88,0.51
USDJPY,D,D_asia_breakout|ref00-04o0|act04-09|con|b0.5|a10|m2.0|tp2.0|x08,375,-6.56,48.27,0.95,27.07,+7.9 / -24.4 / +9.9,False,117,-16.65,0.64
USDJPY,D,D_asia_breakout|ref00-04o0|act04-09|con|b0.5|a10|m2.0|tp2.0|x10,375,-8.3,45.33,0.94,22.71,+1.6 / -21.2 / +11.0,False,117,-24.06,0.46
USDJPY,E_pd_extreme,E_pd_extreme_rev|ref00-23o1|act22-09|rev|b0.5|a10|m1.0|tp0.75|x08,356,-14.08,60.96,0.91,30.35,-24.8 / +5.3 / +5.8,False,100,-9.15,0.8
USDJPY,E_pd_extreme,E_pd_extreme_rev|ref00-23o1|act22-09|rev|b0.5|a10|m1.0|tp1.0|x08,356,-11.07,53.65,0.94,33.86,-30.6 / +14.3 / +5.5,False,100,-7.76,0.85
USDJPY,E_pd_extreme,E_pd_extreme_rev|ref00-23o1|act22-09|rev|b0.5|a10|m1.0|tpopp|x08,356,-58.0,31.18,0.78,63.95,-47.0 / +10.9 / -21.5,False,100,-3.65,0.95
USDJPY,E_pd_extreme,E_pd_extreme_rev|ref00-23o1|act22-09|rev|b0.5|a10|m1.5|tp0.75|x08,356,-8.05,58.15,0.94,26.47,-21.1 / +7.7 / +5.6,False,100,-0.58,0.99
USDJPY,E_pd_extreme,E_pd_extreme_rev|ref00-23o1|act22-09|rev|b0.5|a10|m1.5|tp1.0|x08,356,-13.49,51.12,0.92,32.09,-21.9 / +3.4 / +5.2,False,100,3.93,1.1
USDJPY,E_pd_extreme,E_pd_extreme_rev|ref00-23o1|act22-09|rev|b0.5|a10|m1.5|tpopp|x08,356,-47.68,37.92,0.77,49.95,-32.9 / +6.3 / -20.8,False,100,-3.09,0.95
USDJPY,E_pd_extreme,E_pd_extreme_rev|ref00-23o1|act22-09|rev|b1.0|a10|m1.0|tp0.75|x08,311,-21.57,59.49,0.84,28.14,-21.6 / +4.8 / -5.4,False,87,7.39,1.26
USDJPY,E_pd_extreme,E_pd_extreme_rev|ref00-23o1|act22-09|rev|b1.0|a10|m1.0|tp1.0|x08,311,-16.55,52.73,0.9,29.28,-20.2 / +4.4 / -1.6,False,87,0.6,1.01
USDJPY,E_pd_extreme,E_pd_extreme_rev|ref00-23o1|act22-09|rev|b1.0|a10|m1.0|tpopp|x08,311,-81.16,27.33,0.66,83.26,-38.4 / +2.5 / -45.3,False,87,-16.69,0.73
USDJPY,E_pd_extreme,E_pd_extreme_rev|ref00-23o1|act22-09|rev|b1.0|a10|m1.5|tp0.75|x08,311,12.8,62.38,1.11,13.12,-2.3 / +10.2 / +4.3,False,87,5.3,1.18
USDJPY,E_pd_extreme,E_pd_extreme_rev|ref00-23o1|act22-09|rev|b1.0|a10|m1.5|tp1.0|x08,311,10.39,54.34,1.08,18.24,-9.5 / +13.2 / +6.6,False,87,1.56,1.04
USDJPY,E_pd_extreme,E_pd_extreme_rev|ref00-23o1|act22-09|rev|b1.0|a10|m1.5|tpopp|x08,311,-32.72,37.94,0.81,33.21,-15.5 / +5.3 / -22.6,False,87,-7.96,0.83
USDJPY,E_pd_extreme,E_pd_extreme_rev|ref00-23o1|act22-09|rev|b1.5|a10|m1.0|tp0.75|x08,279,9.99,65.95,1.09,13.03,-6.1 / +11.9 / +5.3,False,81,0.32,1.01
USDJPY,E_pd_extreme,E_pd_extreme_rev|ref00-23o1|act22-09|rev|b1.5|a10|m1.0|tp1.0|x08,279,1.65,55.91,1.01,22.52,-2.2 / +10.2 / -5.2,False,81,2.68,1.07
USDJPY,E_pd_extreme,E_pd_extreme_rev|ref00-23o1|act22-09|rev|b1.5|a10|m1.0|tpopp|x08,279,-31.79,31.9,0.84,47.79,-12.8 / +8.4 / -26.2,False,81,-14.41,0.75
USDJPY,E_pd_extreme,E_pd_extreme_rev|ref00-23o1|act22-09|rev|b1.5|a10|m1.5|tp0.75|x08,279,5.8,61.29,1.05,13.67,+0.0 / +9.1 / -2.2,False,81,6.45,1.24
USDJPY,E_pd_extreme,E_pd_extreme_rev|ref00-23o1|act22-09|rev|b1.5|a10|m1.5|tp1.0|x08,279,1.0,53.41,1.01,13.37,-2.1 / +1.4 / +2.8,False,81,2.61,1.08
USDJPY,E_pd_extreme,E_pd_extreme_rev|ref00-23o1|act22-09|rev|b1.5|a10|m1.5|tpopp|x08,279,-34.8,38.35,0.78,35.59,-15.6 / -0.1 / -18.0,False,81,-6.22,0.86
USDJPY,E_pd_extreme,E_pd_extreme_rev|ref00-23o1|act22-09|rev_cf|b0.5|a10|m1.0|tp0.75|x08,86,-17.0,51.16,0.61,19.31,-9.0 / -8.1 / -0.6,False,25,0.8,1.09
USDJPY,E_pd_extreme,E_pd_extreme_rev|ref00-23o1|act22-09|rev_cf|b0.5|a10|m1.0|tp1.0|x08,86,-17.81,45.35,0.64,21.37,-8.8 / -9.6 / -0.3,False,25,5.05,1.55
USDJPY,E_pd_extreme,E_pd_extreme_rev|ref00-23o1|act22-09|rev_cf|b0.5|a10|m1.0|tpopp|x08,86,-4.9,33.72,0.92,22.61,-12.0 / -9.1 / +16.4,False,25,17.5,2.23
USDJPY,E_pd_extreme,E_pd_extreme_rev|ref00-23o1|act22-09|rev_cf|b0.5|a10|m1.5|tp0.75|x08,86,-11.56,51.16,0.69,14.69,-6.5 / -4.1 / -1.6,False,25,5.14,1.78
USDJPY,E_pd_extreme,E_pd_extreme_rev|ref00-23o1|act22-09|rev_cf|b0.5|a10|m1.5|tp1.0|x08,86,-12.16,45.35,0.7,13.41,-8.6 / -2.1 / -1.4,False,25,5.99,1.76
USDJPY,E_pd_extreme,E_pd_extreme_rev|ref00-23o1|act22-09|rev_cf|b0.5|a10|m1.5|tpopp|x08,86,-0.73,41.86,0.98,10.81,-6.6 / -1.4 / +7.5,False,25,14.23,2.53
USDJPY,E_pd_extreme,E_pd_extreme_rev|ref00-23o1|act06-10|rev|b0.5|a10|m1.0|tp0.75|x11,256,12.78,66.02,1.14,9.46,+0.5 / +13.6 / -1.8,False,79,12.39,1.56
USDJPY,E_pd_extreme,E_pd_extreme_rev|ref00-23o1|act06-10|rev|b0.5|a10|m1.0|tp1.0|x11,256,5.63,56.25,1.05,11.65,+1.4 / +10.4 / -7.0,False,79,5.74,1.18
USDJPY,E_pd_extreme,E_pd_extreme_rev|ref00-23o1|act06-10|rev|b0.5|a10|m1.0|tpopp|x11,256,-54.94,33.59,0.66,54.9,-15.3 / +1.4 / -41.1,False,79,7.18,1.18
USDJPY,E_pd_extreme,E_pd_extreme_rev|ref00-23o1|act06-10|rev|b0.5|a10|m1.5|tp0.75|x11,256,4.89,60.16,1.05,8.69,-0.8 / +9.5 / -4.5,False,79,-0.78,0.97
USDJPY,E_pd_extreme,E_pd_extreme_rev|ref00-23o1|act06-10|rev|b0.5|a10|m1.5|tp1.0|x11,256,-14.38,48.44,0.87,18.82,-1.4 / +3.0 / -15.9,False,79,-6.68,0.78
USDJPY,E_pd_extreme,E_pd_extreme_rev|ref00-23o1|act06-10|rev|b0.5|a10|m1.5|tpopp|x11,256,-37.97,40.23,0.68,37.95,-12.1 / +5.1 / -31.0,False,79,1.17,1.04
USDJPY,E_pd_extreme,E_pd_extreme_rev|ref00-23o1|act06-10|rev|b1.0|a10|m1.0|tp0.75|x11,211,17.28,66.82,1.24,8.24,-2.3 / +11.6 / +8.2,False,58,3.64,1.18
USDJPY,E_pd_extreme,E_pd_extreme_rev|ref00-23o1|act06-10|rev|b1.0|a10|m1.0|tp1.0|x11,211,23.77,59.72,1.28,7.42,+5.1 / +11.9 / +6.9,True,58,-0.65,0.97
USDJPY,E_pd_extreme,E_pd_extreme_rev|ref00-23o1|act06-10|rev|b1.0|a10|m1.0|tpopp|x11,211,-36.93,35.07,0.72,37.13,-9.7 / +2.7 / -29.8,False,58,0.09,1.0
USDJPY,E_pd_extreme,E_pd_extreme_rev|ref00-23o1|act06-10|rev|b1.0|a10|m1.5|tp0.75|x11,211,16.54,62.56,1.25,5.7,+4.5 / +11.1 / +1.0,True,58,0.07,1.0
USDJPY,E_pd_extreme,E_pd_extreme_rev|ref00-23o1|act06-10|rev|b1.0|a10|m1.5|tp1.0|x11,211,12.39,54.5,1.16,8.2,+4.3 / +12.3 / -4.1,False,58,-1.0,0.95
USDJPY,E_pd_extreme,E_pd_extreme_rev|ref00-23o1|act06-10|rev|b1.0|a10|m1.5|tpopp|x11,211,-27.06,40.76,0.72,27.19,-9.3 / +7.4 / -25.1,False,58,5.55,1.26
USDJPY,E_pd_extreme,E_pd_extreme_rev|ref00-23o1|act06-10|rev|b1.5|a10|m1.0|tp0.75|x11,165,10.33,66.06,1.18,6.74,+1.7 / +10.1 / -1.7,False,38,2.3,1.17
USDJPY,E_pd_extreme,E_pd_extreme_rev|ref00-23o1|act06-10|rev|b1.5|a10|m1.0|tp1.0|x11,165,1.8,55.15,1.02,10.97,+1.5 / +7.8 / -7.7,False,38,-1.18,0.94
USDJPY,E_pd_extreme,E_pd_extreme_rev|ref00-23o1|act06-10|rev|b1.5|a10|m1.0|tpopp|x11,165,-32.5,32.73,0.69,32.9,-9.9 / +1.0 / -23.8,False,38,2.6,1.12
USDJPY,E_pd_extreme,E_pd_extreme_rev|ref00-23o1|act06-10|rev|b1.5|a10|m1.5|tp0.75|x11,165,5.37,58.18,1.1,9.2,+1.6 / +9.5 / -5.9,False,38,-0.25,0.98
USDJPY,E_pd_extreme,E_pd_extreme_rev|ref00-23o1|act06-10|rev|b1.5|a10|m1.5|tp1.0|x11,165,-1.56,49.09,0.98,9.19,-1.6 / +4.9 / -5.1,False,38,0.5,1.04
USDJPY,E_pd_extreme,E_pd_extreme_rev|ref00-23o1|act06-10|rev|b1.5|a10|m1.5|tpopp|x11,165,-20.62,38.18,0.72,21.23,-8.9 / +7.7 / -19.5,False,38,2.43,1.16
USDJPY,E_pd_extreme,E_pd_extreme_rev|ref00-23o1|act06-10|rev_cf|b0.5|a10|m1.0|tp0.75|x11,61,-9.82,50.82,0.64,10.02,-5.8 / +2.8 / -5.6,False,28,-3.18,0.75
USDJPY,E_pd_extreme,E_pd_extreme_rev|ref00-23o1|act06-10|rev_cf|b0.5|a10|m1.0|tp1.0|x11,61,-9.82,45.9,0.66,11.88,-4.4 / +2.3 / -6.5,False,28,-2.88,0.78
USDJPY,E_pd_extreme,E_pd_extreme_rev|ref00-23o1|act06-10|rev_cf|b0.5|a10|m1.0|tpopp|x11,61,-9.3,42.62,0.69,11.82,-6.3 / +6.6 / -8.3,False,28,-1.39,0.89
USDJPY,E_pd_extreme,E_pd_extreme_rev|ref00-23o1|act06-10|rev_cf|b0.5|a10|m1.5|tp0.75|x11,61,-4.53,47.54,0.77,7.45,-1.4 / +2.0 / -4.7,False,28,-3.52,0.65
USDJPY,E_pd_extreme,E_pd_extreme_rev|ref00-23o1|act06-10|rev_cf|b0.5|a10|m1.5|tp1.0|x11,61,-6.86,44.26,0.67,7.96,-3.3 / +2.8 / -6.0,False,28,-2.14,0.79
USDJPY,E_pd_extreme,E_pd_extreme_rev|ref00-23o1|act06-10|rev_cf|b0.5|a10|m1.5|tpopp|x11,61,-6.03,44.26,0.71,8.27,-3.8 / +4.1 / -5.9,False,28,-2.28,0.77
USDJPY,E_pd_extreme,E_pd_extreme_rev|ref00-23o1|act13-16|rev|b0.5|a10|m1.0|tp0.75|x17,323,-5.34,60.37,0.96,18.15,-10.2 / +18.6 / -12.6,False,89,-2.63,0.93
USDJPY,E_pd_extreme,E_pd_extreme_rev|ref00-23o1|act13-16|rev|b0.5|a10|m1.0|tp1.0|x17,323,-0.68,53.87,1.0,23.52,-3.4 / +21.8 / -17.9,False,89,-1.38,0.97
USDJPY,E_pd_extreme,E_pd_extreme_rev|ref00-23o1|act13-16|rev|b0.5|a10|m1.0|tpopp|x17,323,-22.43,41.49,0.88,25.34,-14.4 / +7.9 / -14.7,False,89,-25.41,0.55
USDJPY,E_pd_extreme,E_pd_extreme_rev|ref00-23o1|act13-16|rev|b0.5|a10|m1.5|tp0.75|x17,323,11.13,59.44,1.1,12.54,+2.5 / +16.2 / -6.4,False,89,-4.0,0.88
USDJPY,E_pd_extreme,E_pd_extreme_rev|ref00-23o1|act13-16|rev|b0.5|a10|m1.5|tp1.0|x17,323,11.6,53.56,1.1,11.46,+4.5 / +14.0 / -5.8,False,89,-7.17,0.8
USDJPY,E_pd_extreme,E_pd_extreme_rev|ref00-23o1|act13-16|rev|b0.5|a10|m1.5|tpopp|x17,323,-11.83,47.68,0.91,17.55,-12.3 / +9.2 / -7.6,False,89,-18.95,0.55
USDJPY,E_pd_extreme,E_pd_extreme_rev|ref00-23o1|act13-16|rev|b1.0|a10|m1.0|tp0.75|x17,253,1.8,62.06,1.02,13.56,-1.1 / +11.0 / -6.9,False,70,-14.33,0.59
USDJPY,E_pd_extreme,E_pd_extreme_rev|ref00-23o1|act13-16|rev|b1.0|a10|m1.0|tp1.0|x17,253,0.07,53.75,1.0,15.13,+2.5 / +11.0 / -12.3,False,70,-9.38,0.74
USDJPY,E_pd_extreme,E_pd_extreme_rev|ref00-23o1|act13-16|rev|b1.0|a10|m1.0|tpopp|x17,253,-37.13,37.55,0.76,36.76,-28.8 / +9.3 / -16.4,False,70,-22.12,0.52
USDJPY,E_pd_extreme,E_pd_extreme_rev|ref00-23o1|act13-16|rev|b1.0|a10|m1.5|tp0.75|x17,253,-1.5,56.13,0.98,12.12,+1.9 / +6.4 / -8.7,False,70,-3.51,0.87
USDJPY,E_pd_extreme,E_pd_extreme_rev|ref00-23o1|act13-16|rev|b1.0|a10|m1.5|tp1.0|x17,253,-6.42,49.8,0.94,13.68,-0.8 / +2.7 / -7.2,False,70,-3.29,0.88
USDJPY,E_pd_extreme,E_pd_extreme_rev|ref00-23o1|act13-16|rev|b1.0|a10|m1.5|tpopp|x17,253,-23.56,43.48,0.79,28.05,-21.6 / +7.0 / -7.8,False,70,-16.66,0.51
USDJPY,E_pd_extreme,E_pd_extreme_rev|ref00-23o1|act13-16|rev|b1.5|a10|m1.0|tp0.75|x17,214,11.85,64.02,1.15,9.68,-1.8 / +8.1 / +5.1,False,54,-6.0,0.75
USDJPY,E_pd_extreme,E_pd_extreme_rev|ref00-23o1|act13-16|rev|b1.5|a10|m1.0|tp1.0|x17,214,11.82,56.54,1.13,9.65,+5.2 / +11.5 / -5.6,False,54,-2.06,0.92
USDJPY,E_pd_extreme,E_pd_extreme_rev|ref00-23o1|act13-16|rev|b1.5|a10|m1.0|tpopp|x17,214,-8.69,41.12,0.93,24.28,-21.9 / +23.8 / -9.3,False,54,-15.84,0.55
USDJPY,E_pd_extreme,E_pd_extreme_rev|ref00-23o1|act13-16|rev|b1.5|a10|m1.5|tp0.75|x17,214,2.04,57.94,1.03,10.5,+2.3 / +4.4 / -5.2,False,54,-0.23,0.99
USDJPY,E_pd_extreme,E_pd_extreme_rev|ref00-23o1|act13-16|rev|b1.5|a10|m1.5|tp1.0|x17,214,8.44,54.21,1.11,9.65,+2.4 / +9.4 / -2.2,False,54,-0.13,0.99
USDJPY,E_pd_extreme,E_pd_extreme_rev|ref00-23o1|act13-16|rev|b1.5|a10|m1.5|tpopp|x17,214,-6.39,46.26,0.93,22.62,-17.0 / +15.7 / -3.9,False,54,-11.39,0.56
USDJPY,E_pd_extreme,E_pd_extreme_rev|ref00-23o1|act13-16|rev_cf|b0.5|a10|m1.0|tp0.75|x17,78,-6.13,53.85,0.79,9.96,+2.5 / +1.0 / -8.5,False,24,-7.37,0.42
USDJPY,E_pd_extreme,E_pd_extreme_rev|ref00-23o1|act13-16|rev_cf|b0.5|a10|m1.0|tp1.0|x17,78,-6.97,48.72,0.79,10.05,+0.6 / +2.5 / -8.8,False,24,-7.94,0.42
USDJPY,E_pd_extreme,E_pd_extreme_rev|ref00-23o1|act13-16|rev_cf|b0.5|a10|m1.0|tpopp|x17,78,-0.08,46.15,1.0,8.33,+3.9 / +3.0 / -5.9,False,24,-7.66,0.46
USDJPY,E_pd_extreme,E_pd_extreme_rev|ref00-23o1|act13-16|rev_cf|b0.5|a10|m1.5|tp0.75|x17,78,-2.04,52.56,0.91,5.61,+1.8 / +0.7 / -3.5,False,24,-4.56,0.51
USDJPY,E_pd_extreme,E_pd_extreme_rev|ref00-23o1|act13-16|rev_cf|b0.5|a10|m1.5|tp1.0|x17,78,-0.22,51.28,0.99,5.55,+2.6 / +1.3 / -2.9,False,24,-4.87,0.49
USDJPY,E_pd_extreme,E_pd_extreme_rev|ref00-23o1|act13-16|rev_cf|b0.5|a10|m1.5|tpopp|x17,78,1.06,50.0,1.05,5.9,+4.0 / +0.8 / -2.6,False,24,-3.75,0.57
USDJPY,F_ny_trend_cont,F_ny_trend_cont|ref07-13o0|act14-17|con_cb|b0.0|a10|m1.5|tp1.0|x20,325,64.58,59.38,1.88,4.62,+21.2 / +19.2 / +23.3,True,103,5.03,1.15
USDJPY,F_ny_trend_cont,F_ny_trend_cont|ref07-13o0|act14-17|con_cb|b0.0|a10|m1.5|tp1.0|x21,325,55.78,59.08,1.68,4.27,+19.6 / +17.5 / +17.8,True,103,2.97,1.08
USDJPY,F_ny_trend_cont,F_ny_trend_cont|ref07-13o0|act14-17|con_cb|b0.0|a10|m1.5|tp1.5|x20,325,69.38,56.62,1.9,5.71,+24.1 / +20.7 / +25.7,True,103,1.56,1.04
USDJPY,F_ny_trend_cont,F_ny_trend_cont|ref07-13o0|act14-17|con_cb|b0.0|a10|m1.5|tp1.5|x21,325,60.99,56.62,1.7,5.35,+21.6 / +19.8 / +20.7,True,103,0.64,1.02
USDJPY,F_ny_trend_cont,F_ny_trend_cont|ref07-13o0|act14-17|con_cb|b0.0|a10|m1.5|tp2.0|x20,325,75.51,56.62,1.98,5.71,+26.2 / +23.3 / +27.1,True,103,-0.8,0.98
USDJPY,F_ny_trend_cont,F_ny_trend_cont|ref07-13o0|act14-17|con_cb|b0.0|a10|m1.5|tp2.0|x21,325,66.78,56.62,1.76,5.35,+19.9 / +23.7 / +24.3,True,103,-4.73,0.88
USDJPY,F_ny_trend_cont,F_ny_trend_cont|ref07-13o0|act14-17|con_cb|b0.0|a10|m2.0|tp1.0|x20,325,64.78,60.0,2.28,3.42,+25.7 / +16.1 / +23.9,True,103,12.3,1.61
USDJPY,F_ny_trend_cont,F_ny_trend_cont|ref07-13o0|act14-17|con_cb|b0.0|a10|m2.0|tp1.0|x21,325,59.45,60.31,2.0,3.18,+24.0 / +14.4 / +22.2,True,103,10.49,1.46
USDJPY,F_ny_trend_cont,F_ny_trend_cont|ref07-13o0|act14-17|con_cb|b0.0|a10|m2.0|tp1.5|x20,325,64.96,58.77,2.23,3.78,+23.6 / +18.2 / +24.0,True,103,6.9,1.33
USDJPY,F_ny_trend_cont,F_ny_trend_cont|ref07-13o0|act14-17|con_cb|b0.0|a10|m2.0|tp1.5|x21,325,58.83,59.08,1.94,3.63,+18.2 / +17.6 / +24.1,True,103,2.59,1.1
USDJPY,F_ny_trend_cont,F_ny_trend_cont|ref07-13o0|act14-17|con_cb|b0.0|a10|m2.0|tp2.0|x20,325,66.87,58.77,2.27,3.78,+24.2 / +18.6 / +25.0,True,103,6.08,1.29
USDJPY,F_ny_trend_cont,F_ny_trend_cont|ref07-13o0|act14-17|con_cb|b0.0|a10|m2.0|tp2.0|x21,325,64.25,59.08,2.03,3.63,+18.1 / +19.4 / +27.9,True,103,2.28,1.09
USDJPY,F_ny_trend_cont,F_ny_trend_cont|ref07-13o0|act14-17|con_cb|b0.0|a10|m2.5|tp1.0|x20,325,51.57,59.69,2.25,2.68,+19.0 / +13.6 / +19.7,True,103,6.44,1.39
USDJPY,F_ny_trend_cont,F_ny_trend_cont|ref07-13o0|act14-17|con_cb|b0.0|a10|m2.5|tp1.0|x21,325,46.05,60.31,1.93,2.46,+15.3 / +12.3 / +19.0,True,103,3.23,1.16
USDJPY,F_ny_trend_cont,F_ny_trend_cont|ref07-13o0|act14-17|con_cb|b0.0|a10|m2.5|tp1.5|x20,325,57.36,59.69,2.39,2.68,+20.9 / +15.7 / +21.5,True,103,5.77,1.35
USDJPY,F_ny_trend_cont,F_ny_trend_cont|ref07-13o0|act14-17|con_cb|b0.0|a10|m2.5|tp1.5|x21,325,54.4,60.31,2.1,2.46,+15.8 / +15.7 / +23.5,True,103,2.51,1.13
USDJPY,F_ny_trend_cont,F_ny_trend_cont|ref07-13o0|act14-17|con_cb|b0.0|a10|m2.5|tp2.0|x20,325,57.5,59.69,2.4,2.68,+19.6 / +16.0 / +22.7,True,103,4.05,1.25
USDJPY,F_ny_trend_cont,F_ny_trend_cont|ref07-13o0|act14-17|con_cb|b0.0|a10|m2.5|tp2.0|x21,325,56.66,60.31,2.15,2.46,+14.7 / +17.1 / +25.5,True,103,1.35,1.07
USDJPY,F_ny_trend_cont,F_ny_trend_cont|ref07-13o0|act15-18|con_cb|b0.0|a10|m1.5|tp1.0|x20,322,47.15,58.07,1.71,3.19,+18.5 / +15.7 / +14.1,True,109,6.18,1.22
USDJPY,F_ny_trend_cont,F_ny_trend_cont|ref07-13o0|act15-18|con_cb|b0.0|a10|m1.5|tp1.0|x21,322,36.89,56.83,1.48,3.7,+15.4 / +14.0 / +8.6,True,109,3.1,1.1
USDJPY,F_ny_trend_cont,F_ny_trend_cont|ref07-13o0|act15-18|con_cb|b0.0|a10|m1.5|tp1.5|x20,322,44.05,56.21,1.63,3.56,+16.0 / +16.0 / +13.2,True,109,1.64,1.05
USDJPY,F_ny_trend_cont,F_ny_trend_cont|ref07-13o0|act15-18|con_cb|b0.0|a10|m1.5|tp1.5|x21,322,34.17,54.35,1.41,5.93,+11.8 / +13.2 / +10.3,True,109,0.32,1.01
USDJPY,F_ny_trend_cont,F_ny_trend_cont|ref07-13o0|act15-18|con_cb|b0.0|a10|m1.5|tp2.0|x20,322,43.66,56.21,1.62,3.75,+16.0 / +14.7 / +14.1,True,109,1.72,1.06
USDJPY,F_ny_trend_cont,F_ny_trend_cont|ref07-13o0|act15-18|con_cb|b0.0|a10|m1.5|tp2.0|x21,322,33.66,54.35,1.4,6.26,+9.3 / +12.8 / +12.6,True,109,-3.08,0.91
USDJPY,F_ny_trend_cont,F_ny_trend_cont|ref07-13o0|act15-18|con_cb|b0.0|a10|m2.0|tp1.0|x20,322,40.17,58.39,1.85,3.49,+15.7 / +13.2 / +12.4,True,109,3.78,1.18
USDJPY,F_ny_trend_cont,F_ny_trend_cont|ref07-13o0|act15-18|con_cb|b0.0|a10|m2.0|tp1.0|x21,322,30.55,56.83,1.51,4.94,+12.0 / +10.5 / +9.1,True,109,1.95,1.08
USDJPY,F_ny_trend_cont,F_ny_trend_cont|ref07-13o0|act15-18|con_cb|b0.0|a10|m2.0|tp1.5|x20,322,39.32,57.76,1.8,3.4,+14.7 / +13.3 / +12.4,True,109,3.35,1.16
USDJPY,F_ny_trend_cont,F_ny_trend_cont|ref07-13o0|act15-18|con_cb|b0.0|a10|m2.0|tp1.5|x21,322,30.33,56.21,1.5,5.06,+9.2 / +11.8 / +10.4,True,109,-0.99,0.96
USDJPY,F_ny_trend_cont,F_ny_trend_cont|ref07-13o0|act15-18|con_cb|b0.0|a10|m2.0|tp2.0|x20,322,41.64,57.76,1.85,3.4,+16.0 / +13.8 / +12.9,True,109,3.8,1.18
USDJPY,F_ny_trend_cont,F_ny_trend_cont|ref07-13o0|act15-18|con_cb|b0.0|a10|m2.0|tp2.0|x21,322,33.87,56.21,1.55,5.06,+10.3 / +13.7 / +11.0,True,109,0.12,1.0
USDJPY,F_ny_trend_cont,F_ny_trend_cont|ref07-13o0|act15-18|con_cb|b0.0|a10|m2.5|tp1.0|x20,322,32.33,58.07,1.84,2.47,+11.3 / +11.7 / +10.3,True,109,2.88,1.18
USDJPY,F_ny_trend_cont,F_ny_trend_cont|ref07-13o0|act15-18|con_cb|b0.0|a10|m2.5|tp1.0|x21,322,26.37,57.14,1.55,3.94,+7.6 / +9.5 / +10.3,True,109,-0.83,0.96
USDJPY,F_ny_trend_cont,F_ny_trend_cont|ref07-13o0|act15-18|con_cb|b0.0|a10|m2.5|tp1.5|x20,322,34.71,58.07,1.9,2.47,+12.4 / +11.1 / +12.1,True,109,3.97,1.25
USDJPY,F_ny_trend_cont,F_ny_trend_cont|ref07-13o0|act15-18|con_cb|b0.0|a10|m2.5|tp1.5|x21,322,31.01,57.14,1.64,3.94,+7.8 / +10.2 / +14.1,True,109,0.09,1.0
USDJPY,F_ny_trend_cont,F_ny_trend_cont|ref07-13o0|act15-18|con_cb|b0.0|a10|m2.5|tp2.0|x20,322,35.54,58.07,1.93,2.47,+13.7 / +11.6 / +11.2,True,109,3.7,1.24
USDJPY,F_ny_trend_cont,F_ny_trend_cont|ref07-13o0|act15-18|con_cb|b0.0|a10|m2.5|tp2.0|x21,322,34.28,57.14,1.71,3.94,+9.0 / +12.1 / +14.2,True,109,0.33,1.02
USDJPY,F_ny_trend_cont,F_ny_trend_cont|ref06-12o0|act14-17|con_cb|b0.0|a10|m1.5|tp1.0|x20,372,63.15,59.41,1.67,4.22,+14.2 / +21.8 / +26.2,True,101,4.61,1.14
USDJPY,F_ny_trend_cont,F_ny_trend_cont|ref06-12o0|act14-17|con_cb|b0.0|a10|m1.5|tp1.0|x21,372,54.74,58.6,1.53,4.25,+13.1 / +19.4 / +21.4,True,101,2.75,1.07
USDJPY,F_ny_trend_cont,F_ny_trend_cont|ref06-12o0|act14-17|con_cb|b0.0|a10|m1.5|tp1.5|x20,372,67.07,56.45,1.69,5.69,+18.0 / +20.8 / +29.4,True,101,0.32,1.01
USDJPY,F_ny_trend_cont,F_ny_trend_cont|ref06-12o0|act14-17|con_cb|b0.0|a10|m1.5|tp1.5|x21,372,57.13,56.18,1.53,6.21,+15.0 / +17.9 / +25.4,True,101,-3.61,0.91
USDJPY,F_ny_trend_cont,F_ny_trend_cont|ref06-12o0|act14-17|con_cb|b0.0|a10|m1.5|tp2.0|x20,372,69.6,56.18,1.71,5.84,+20.3 / +23.2 / +27.3,True,101,-2.04,0.94
USDJPY,F_ny_trend_cont,F_ny_trend_cont|ref06-12o0|act14-17|con_cb|b0.0|a10|m1.5|tp2.0|x21,372,57.21,55.91,1.52,6.96,+13.3 / +20.6 / +24.5,True,101,-8.01,0.81
USDJPY,F_ny_trend_cont,F_ny_trend_cont|ref06-12o0|act14-17|con_cb|b0.0|a10|m2.0|tp1.0|x20,372,60.53,59.41,1.92,4.42,+19.7 / +19.1 / +22.7,True,101,8.31,1.36
USDJPY,F_ny_trend_cont,F_ny_trend_cont|ref06-12o0|act14-17|con_cb|b0.0|a10|m2.0|tp1.0|x21,372,52.82,59.41,1.7,4.82,+16.8 / +15.9 / +21.2,True,101,4.96,1.18
USDJPY,F_ny_trend_cont,F_ny_trend_cont|ref06-12o0|act14-17|con_cb|b0.0|a10|m2.0|tp1.5|x20,372,61.97,58.6,1.91,4.42,+20.8 / +19.0 / +23.1,True,101,3.47,1.15
USDJPY,F_ny_trend_cont,F_ny_trend_cont|ref06-12o0|act14-17|con_cb|b0.0|a10|m2.0|tp1.5|x21,372,53.42,58.6,1.69,5.03,+15.2 / +16.2 / +23.1,True,101,-2.39,0.92
USDJPY,F_ny_trend_cont,F_ny_trend_cont|ref06-12o0|act14-17|con_cb|b0.0|a10|m2.0|tp2.0|x20,372,64.83,58.6,1.95,4.42,+21.3 / +19.3 / +25.1,True,101,2.56,1.11
USDJPY,F_ny_trend_cont,F_ny_trend_cont|ref06-12o0|act14-17|con_cb|b0.0|a10|m2.0|tp2.0|x21,372,58.22,58.6,1.75,5.03,+15.0 / +18.0 / +26.3,True,101,-2.79,0.9
USDJPY,F_ny_trend_cont,F_ny_trend_cont|ref06-12o0|act14-17|con_cb|b0.0|a10|m2.5|tp1.0|x20,372,50.03,59.14,1.94,4.01,+17.0 / +14.5 / +19.2,True,101,4.38,1.26
USDJPY,F_ny_trend_cont,F_ny_trend_cont|ref06-12o0|act14-17|con_cb|b0.0|a10|m2.5|tp1.0|x21,372,42.76,59.41,1.69,3.95,+12.7 / +11.5 / +19.2,True,101,-1.4,0.94
USDJPY,F_ny_trend_cont,F_ny_trend_cont|ref06-12o0|act14-17|con_cb|b0.0|a10|m2.5|tp1.5|x20,372,54.97,59.14,2.04,4.01,+18.8 / +16.0 / +20.9,True,101,4.56,1.27
USDJPY,F_ny_trend_cont,F_ny_trend_cont|ref06-12o0|act14-17|con_cb|b0.0|a10|m2.5|tp1.5|x21,372,48.12,59.41,1.78,3.95,+12.7 / +14.3 / +21.7,True,101,-0.62,0.97
USDJPY,F_ny_trend_cont,F_ny_trend_cont|ref06-12o0|act14-17|con_cb|b0.0|a10|m2.5|tp2.0|x20,372,56.28,59.14,2.06,4.01,+17.5 / +16.5 / +23.0,True,101,2.84,1.17
USDJPY,F_ny_trend_cont,F_ny_trend_cont|ref06-12o0|act14-17|con_cb|b0.0|a10|m2.5|tp2.0|x21,372,53.26,59.41,1.86,3.95,+11.6 / +16.1 / +26.2,True,101,-1.78,0.92
USDJPY,F_ny_trend_cont,F_ny_trend_cont|ref06-12o0|act15-18|con_cb|b0.0|a10|m1.5|tp1.0|x20,352,52.02,59.94,1.72,3.93,+15.5 / +20.0 / +17.7,True,107,4.25,1.15
USDJPY,F_ny_trend_cont,F_ny_trend_cont|ref06-12o0|act15-18|con_cb|b0.0|a10|m1.5|tp1.0|x21,352,41.66,58.52,1.49,4.94,+13.9 / +14.4 / +14.5,True,107,1.86,1.06
USDJPY,F_ny_trend_cont,F_ny_trend_cont|ref06-12o0|act15-18|con_cb|b0.0|a10|m1.5|tp1.5|x20,352,52.42,58.24,1.7,4.12,+15.7 / +19.0 / +18.8,True,107,0.94,1.03
USDJPY,F_ny_trend_cont,F_ny_trend_cont|ref06-12o0|act15-18|con_cb|b0.0|a10|m1.5|tp1.5|x21,352,44.6,57.1,1.5,6.51,+12.4 / +14.2 / +19.1,True,107,-1.91,0.95
USDJPY,F_ny_trend_cont,F_ny_trend_cont|ref06-12o0|act15-18|con_cb|b0.0|a10|m1.5|tp2.0|x20,352,49.35,57.95,1.65,4.12,+15.7 / +17.6 / +17.2,True,107,0.75,1.02
USDJPY,F_ny_trend_cont,F_ny_trend_cont|ref06-12o0|act15-18|con_cb|b0.0|a10|m1.5|tp2.0|x21,352,40.35,56.82,1.45,7.03,+8.5 / +14.3 / +18.6,True,107,-4.93,0.86
USDJPY,F_ny_trend_cont,F_ny_trend_cont|ref06-12o0|act15-18|con_cb|b0.0|a10|m2.0|tp1.0|x20,352,45.81,59.94,1.91,3.07,+14.0 / +17.6 / +15.3,True,107,1.22,1.05
USDJPY,F_ny_trend_cont,F_ny_trend_cont|ref06-12o0|act15-18|con_cb|b0.0|a10|m2.0|tp1.0|x21,352,38.27,59.09,1.61,4.18,+10.3 / +14.4 / +14.6,True,107,-1.62,0.94
USDJPY,F_ny_trend_cont,F_ny_trend_cont|ref06-12o0|act15-18|con_cb|b0.0|a10|m2.0|tp1.5|x20,352,44.76,59.38,1.86,3.07,+14.8 / +16.1 / +14.9,True,107,0.75,1.03
USDJPY,F_ny_trend_cont,F_ny_trend_cont|ref06-12o0|act15-18|con_cb|b0.0|a10|m2.0|tp1.5|x21,352,37.45,58.52,1.58,4.73,+8.3 / +14.5 / +15.7,True,107,-4.93,0.83
USDJPY,F_ny_trend_cont,F_ny_trend_cont|ref06-12o0|act15-18|con_cb|b0.0|a10|m2.0|tp2.0|x20,352,47.22,59.38,1.91,3.07,+16.3 / +16.6 / +15.3,True,107,1.2,1.05
USDJPY,F_ny_trend_cont,F_ny_trend_cont|ref06-12o0|act15-18|con_cb|b0.0|a10|m2.0|tp2.0|x21,352,41.33,58.52,1.64,4.73,+9.7 / +16.8 / +15.9,True,107,-3.83,0.87
USDJPY,F_ny_trend_cont,F_ny_trend_cont|ref06-12o0|act15-18|con_cb|b0.0|a10|m2.5|tp1.0|x20,352,37.0,59.66,1.91,2.45,+11.6 / +13.8 / +12.5,True,107,1.31,1.08
USDJPY,F_ny_trend_cont,F_ny_trend_cont|ref06-12o0|act15-18|con_cb|b0.0|a10|m2.5|tp1.0|x21,352,33.02,59.38,1.66,4.23,+7.3 / +11.6 / +15.2,True,107,-4.27,0.81
USDJPY,F_ny_trend_cont,F_ny_trend_cont|ref06-12o0|act15-18|con_cb|b0.0|a10|m2.5|tp1.5|x20,352,39.38,59.66,1.97,2.45,+12.7 / +13.4 / +14.2,True,107,2.39,1.14
USDJPY,F_ny_trend_cont,F_ny_trend_cont|ref06-12o0|act15-18|con_cb|b0.0|a10|m2.5|tp1.5|x21,352,35.88,59.38,1.71,4.23,+7.1 / +12.8 / +17.1,True,107,-2.67,0.88
USDJPY,F_ny_trend_cont,F_ny_trend_cont|ref06-12o0|act15-18|con_cb|b0.0|a10|m2.5|tp2.0|x20,352,40.48,59.66,1.99,2.45,+14.0 / +14.2 / +13.3,True,107,2.12,1.12
USDJPY,F_ny_trend_cont,F_ny_trend_cont|ref06-12o0|act15-18|con_cb|b0.0|a10|m2.5|tp2.0|x21,352,41.31,59.38,1.82,4.23,+8.3 / +15.6 / +18.5,True,107,-2.43,0.89
USDJPY,G_asia_cont,G_asia_cont|ref19-21o1|act22-09|con|b0.5|a10|m1.0|tp1.0|x09,497,-191.33,37.02,0.45,190.94,-71.3 / -59.7 / -60.5,False,137,-78.01,0.3
USDJPY,G_asia_cont,G_asia_cont|ref19-21o1|act22-09|con|b0.5|a10|m1.0|tp1.0|x10,497,-190.16,36.62,0.46,190.04,-71.6 / -58.4 / -60.6,False,137,-76.64,0.31
USDJPY,G_asia_cont,G_asia_cont|ref19-21o1|act22-09|con|b0.5|a10|m1.0|tp1.5|x09,497,-176.24,31.79,0.53,175.34,-72.2 / -66.0 / -38.2,False,137,-81.59,0.32
USDJPY,G_asia_cont,G_asia_cont|ref19-21o1|act22-09|con|b0.5|a10|m1.0|tp1.5|x10,497,-172.85,31.19,0.54,172.24,-71.7 / -65.0 / -36.5,False,137,-82.01,0.33
USDJPY,G_asia_cont,G_asia_cont|ref19-21o1|act22-09|con|b0.5|a10|m1.5|tp1.0|x09,497,-44.43,49.5,0.82,48.82,-32.8 / -14.7 / +3.0,False,137,-28.4,0.62
USDJPY,G_asia_cont,G_asia_cont|ref19-21o1|act22-09|con|b0.5|a10|m1.5|tp1.0|x10,497,-38.38,49.3,0.84,45.18,-32.1 / -11.5 / +4.9,False,137,-27.9,0.63
USDJPY,G_asia_cont,G_asia_cont|ref19-21o1|act22-09|con|b0.5|a10|m1.5|tp1.5|x09,497,-45.48,42.86,0.84,52.91,-32.8 / -18.6 / +5.8,False,137,-36.8,0.56
USDJPY,G_asia_cont,G_asia_cont|ref19-21o1|act22-09|con|b0.5|a10|m1.5|tp1.5|x10,497,-39.64,42.45,0.86,48.36,-32.3 / -14.1 / +6.5,False,137,-37.46,0.56
USDJPY,G_asia_cont,G_asia_cont|ref19-21o1|act22-09|con|b1.0|a10|m1.0|tp1.0|x09,472,-298.31,24.36,0.24,299.11,-97.6 / -99.0 / -100.5,False,122,-88.95,0.2
USDJPY,G_asia_cont,G_asia_cont|ref19-21o1|act22-09|con|b1.0|a10|m1.0|tp1.0|x10,472,-293.72,25.21,0.26,294.53,-97.2 / -96.2 / -99.1,False,122,-89.3,0.2
USDJPY,G_asia_cont,G_asia_cont|ref19-21o1|act22-09|con|b1.0|a10|m1.0|tp1.5|x09,472,-290.54,20.55,0.29,291.56,-99.1 / -94.2 / -96.0,False,122,-98.19,0.18
USDJPY,G_asia_cont,G_asia_cont|ref19-21o1|act22-09|con|b1.0|a10|m1.0|tp1.5|x10,472,-285.17,21.19,0.3,286.48,-99.2 / -90.0 / -94.8,False,122,-99.0,0.18
USDJPY,G_asia_cont,G_asia_cont|ref19-21o1|act22-09|con|b1.0|a10|m1.5|tp1.0|x09,472,-114.73,41.53,0.58,115.72,-51.7 / -46.5 / -16.3,False,122,-65.28,0.28
USDJPY,G_asia_cont,G_asia_cont|ref19-21o1|act22-09|con|b1.0|a10|m1.5|tp1.0|x10,472,-108.42,41.95,0.6,109.8,-51.6 / -42.0 / -14.8,False,122,-65.46,0.28
USDJPY,G_asia_cont,G_asia_cont|ref19-21o1|act22-09|con|b1.0|a10|m1.5|tp1.5|x09,472,-131.17,35.17,0.56,132.47,-54.1 / -51.9 / -25.0,False,122,-69.63,0.27
USDJPY,G_asia_cont,G_asia_cont|ref19-21o1|act22-09|con|b1.0|a10|m1.5|tp1.5|x10,472,-127.44,35.81,0.57,128.88,-55.0 / -48.3 / -24.1,False,122,-69.41,0.28
USDJPY,G_asia_cont,G_asia_cont|ref19-21o1|act22-10|con|b0.5|a10|m1.0|tp1.0|x09,497,-191.33,37.02,0.45,190.94,-71.3 / -59.7 / -60.5,False,139,-78.24,0.3
USDJPY,G_asia_cont,G_asia_cont|ref19-21o1|act22-10|con|b0.5|a10|m1.0|tp1.0|x10,497,-190.16,36.62,0.46,190.04,-71.6 / -58.4 / -60.6,False,139,-77.13,0.31
USDJPY,G_asia_cont,G_asia_cont|ref19-21o1|act22-10|con|b0.5|a10|m1.0|tp1.5|x09,497,-176.24,31.79,0.53,175.34,-72.2 / -66.0 / -38.2,False,139,-83.82,0.32
USDJPY,G_asia_cont,G_asia_cont|ref19-21o1|act22-10|con|b0.5|a10|m1.0|tp1.5|x10,497,-172.85,31.19,0.54,172.24,-71.7 / -65.0 / -36.5,False,139,-82.5,0.33
USDJPY,G_asia_cont,G_asia_cont|ref19-21o1|act22-10|con|b0.5|a10|m1.5|tp1.0|x09,497,-44.43,49.5,0.82,48.82,-32.8 / -14.7 / +3.0,False,139,-30.56,0.61
USDJPY,G_asia_cont,G_asia_cont|ref19-21o1|act22-10|con|b0.5|a10|m1.5|tp1.0|x10,497,-38.38,49.3,0.84,45.18,-32.1 / -11.5 / +4.9,False,139,-28.57,0.63
USDJPY,G_asia_cont,G_asia_cont|ref19-21o1|act22-10|con|b0.5|a10|m1.5|tp1.5|x09,497,-45.48,42.86,0.84,52.91,-32.8 / -18.6 / +5.8,False,139,-38.95,0.55
USDJPY,G_asia_cont,G_asia_cont|ref19-21o1|act22-10|con|b0.5|a10|m1.5|tp1.5|x10,497,-39.64,42.45,0.86,48.36,-32.3 / -14.1 / +6.5,False,139,-38.12,0.56
USDJPY,G_asia_cont,G_asia_cont|ref19-21o1|act22-10|con|b1.0|a10|m1.0|tp1.0|x09,475,-299.76,24.42,0.25,300.56,-96.9 / -100.0 / -101.6,False,125,-90.47,0.2
USDJPY,G_asia_cont,G_asia_cont|ref19-21o1|act22-10|con|b1.0|a10|m1.0|tp1.0|x10,475,-296.19,25.05,0.25,297.0,-97.5 / -97.3 / -100.2,False,125,-90.82,0.2
USDJPY,G_asia_cont,G_asia_cont|ref19-21o1|act22-10|con|b1.0|a10|m1.0|tp1.5|x09,475,-291.49,20.63,0.29,292.51,-97.8 / -95.3 / -97.2,False,125,-101.71,0.18
USDJPY,G_asia_cont,G_asia_cont|ref19-21o1|act22-10|con|b1.0|a10|m1.0|tp1.5|x10,475,-287.64,21.05,0.3,288.94,-99.5 / -91.0 / -95.9,False,125,-100.67,0.18
USDJPY,G_asia_cont,G_asia_cont|ref19-21o1|act22-10|con|b1.0|a10|m1.5|tp1.0|x09,475,-114.03,41.68,0.58,115.03,-52.9 / -45.6 / -15.4,False,125,-68.62,0.27
USDJPY,G_asia_cont,G_asia_cont|ref19-21o1|act22-10|con|b1.0|a10|m1.5|tp1.0|x10,475,-108.27,41.89,0.6,109.65,-53.1 / -41.0 / -14.1,False,125,-66.08,0.28
USDJPY,G_asia_cont,G_asia_cont|ref19-21o1|act22-10|con|b1.0|a10|m1.5|tp1.5|x09,475,-131.97,35.16,0.56,133.27,-57.8 / -50.4 / -23.6,False,125,-72.97,0.26
USDJPY,G_asia_cont,G_asia_cont|ref19-21o1|act22-10|con|b1.0|a10|m1.5|tp1.5|x10,475,-127.28,35.79,0.57,128.73,-57.0 / -46.8 / -23.5,False,125,-70.03,0.28
USDJPY,G_asia_cont,G_asia_cont|ref19-22o1|act22-09|con|b0.5|a10|m1.0|tp1.0|x09,493,-215.95,34.48,0.4,215.56,-71.5 / -72.4 / -72.2,False,132,-75.33,0.3
USDJPY,G_asia_cont,G_asia_cont|ref19-22o1|act22-09|con|b0.5|a10|m1.0|tp1.0|x10,493,-215.44,34.08,0.4,215.32,-72.5 / -71.5 / -71.8,False,132,-73.28,0.31
USDJPY,G_asia_cont,G_asia_cont|ref19-22o1|act22-09|con|b0.5|a10|m1.0|tp1.5|x09,493,-202.41,29.61,0.48,201.52,-72.7 / -74.1 / -55.8,False,132,-79.91,0.31
USDJPY,G_asia_cont,G_asia_cont|ref19-22o1|act22-09|con|b0.5|a10|m1.0|tp1.5|x10,493,-199.98,28.8,0.48,199.36,-73.2 / -72.8 / -54.3,False,132,-79.65,0.32
USDJPY,G_asia_cont,G_asia_cont|ref19-22o1|act22-09|con|b0.5|a10|m1.5|tp1.0|x09,493,-40.68,49.9,0.83,46.26,-23.4 / -14.6 / -2.8,False,132,-29.23,0.6
USDJPY,G_asia_cont,G_asia_cont|ref19-22o1|act22-09|con|b0.5|a10|m1.5|tp1.0|x10,493,-33.78,49.29,0.86,40.34,-23.0 / -11.1 / +0.0,False,132,-29.69,0.6
USDJPY,G_asia_cont,G_asia_cont|ref19-22o1|act22-09|con|b0.5|a10|m1.5|tp1.5|x09,493,-43.26,43.41,0.84,53.41,-23.6 / -16.6 / -3.1,False,132,-36.46,0.55
USDJPY,G_asia_cont,G_asia_cont|ref19-22o1|act22-09|con|b0.5|a10|m1.5|tp1.5|x10,493,-36.89,42.8,0.86,48.73,-23.2 / -12.6 / -1.4,False,132,-38.48,0.54
USDJPY,G_asia_cont,G_asia_cont|ref19-22o1|act22-09|con|b1.0|a10|m1.0|tp1.0|x09,455,-281.92,25.27,0.25,282.73,-99.6 / -91.5 / -89.6,False,117,-92.76,0.16
USDJPY,G_asia_cont,G_asia_cont|ref19-22o1|act22-09|con|b1.0|a10|m1.0|tp1.0|x10,455,-278.85,25.49,0.26,279.65,-99.2 / -89.0 / -89.4,False,117,-93.11,0.16
USDJPY,G_asia_cont,G_asia_cont|ref19-22o1|act22-09|con|b1.0|a10|m1.0|tp1.5|x09,455,-281.58,20.88,0.29,282.6,-107.1 / -88.7 / -84.5,False,117,-99.54,0.15
USDJPY,G_asia_cont,G_asia_cont|ref19-22o1|act22-09|con|b1.0|a10|m1.0|tp1.5|x10,455,-279.92,20.44,0.29,281.23,-108.9 / -84.9 / -84.8,False,117,-100.34,0.15
USDJPY,G_asia_cont,G_asia_cont|ref19-22o1|act22-09|con|b1.0|a10|m1.5|tp1.0|x09,455,-124.44,39.56,0.54,125.43,-51.5 / -47.1 / -25.6,False,117,-58.83,0.3
USDJPY,G_asia_cont,G_asia_cont|ref19-22o1|act22-09|con|b1.0|a10|m1.5|tp1.0|x10,455,-119.4,40.0,0.56,120.78,-51.6 / -42.3 / -25.5,False,117,-58.47,0.31
USDJPY,G_asia_cont,G_asia_cont|ref19-22o1|act22-09|con|b1.0|a10|m1.5|tp1.5|x09,455,-130.69,34.29,0.55,131.88,-52.1 / -52.6 / -25.8,False,117,-61.86,0.31
USDJPY,G_asia_cont,G_asia_cont|ref19-22o1|act22-09|con|b1.0|a10|m1.5|tp1.5|x10,455,-128.55,34.73,0.56,129.87,-53.3 / -49.1 / -26.1,False,117,-61.68,0.32
USDJPY,G_asia_cont,G_asia_cont|ref19-22o1|act22-10|con|b0.5|a10|m1.0|tp1.0|x09,494,-215.15,34.62,0.4,214.76,-70.7 / -72.4 / -72.2,False,134,-75.56,0.3
USDJPY,G_asia_cont,G_asia_cont|ref19-22o1|act22-10|con|b0.5|a10|m1.0|tp1.0|x10,494,-215.45,34.01,0.4,215.33,-72.5 / -71.5 / -71.8,False,134,-73.78,0.31
USDJPY,G_asia_cont,G_asia_cont|ref19-22o1|act22-10|con|b0.5|a10|m1.0|tp1.5|x09,494,-201.11,29.76,0.48,200.22,-71.4 / -74.1 / -55.8,False,134,-82.14,0.31
USDJPY,G_asia_cont,G_asia_cont|ref19-22o1|act22-10|con|b0.5|a10|m1.0|tp1.5|x10,494,-199.99,28.74,0.48,199.37,-73.3 / -72.8 / -54.3,False,134,-80.15,0.32
USDJPY,G_asia_cont,G_asia_cont|ref19-22o1|act22-10|con|b0.5|a10|m1.5|tp1.0|x09,494,-39.81,50.0,0.84,45.39,-22.5 / -14.6 / -2.8,False,134,-31.38,0.58
USDJPY,G_asia_cont,G_asia_cont|ref19-22o1|act22-10|con|b0.5|a10|m1.5|tp1.0|x10,494,-33.79,49.19,0.86,40.35,-23.0 / -11.1 / +0.0,False,134,-30.35,0.6
USDJPY,G_asia_cont,G_asia_cont|ref19-22o1|act22-10|con|b0.5|a10|m1.5|tp1.5|x09,494,-44.39,43.32,0.84,54.54,-24.7 / -16.6 / -3.1,False,134,-38.61,0.54
USDJPY,G_asia_cont,G_asia_cont|ref19-22o1|act22-10|con|b0.5|a10|m1.5|tp1.5|x10,494,-36.9,42.71,0.86,48.73,-23.2 / -12.6 / -1.4,False,134,-39.15,0.53
USDJPY,G_asia_cont,G_asia_cont|ref19-22o1|act22-10|con|b1.0|a10|m1.0|tp1.0|x09,461,-288.77,24.95,0.25,289.58,-101.9 / -93.7 / -92.0,False,121,-95.44,0.16
USDJPY,G_asia_cont,G_asia_cont|ref19-22o1|act22-10|con|b1.0|a10|m1.0|tp1.0|x10,461,-285.01,25.16,0.26,285.81,-100.8 / -91.2 / -91.7,False,121,-94.84,0.17
USDJPY,G_asia_cont,G_asia_cont|ref19-22o1|act22-10|con|b1.0|a10|m1.0|tp1.5|x09,461,-288.43,20.61,0.28,289.45,-109.4 / -90.9 / -86.9,False,121,-104.22,0.15
USDJPY,G_asia_cont,G_asia_cont|ref19-22o1|act22-10|con|b1.0|a10|m1.0|tp1.5|x10,461,-286.08,20.17,0.29,287.39,-110.5 / -87.1 / -87.2,False,121,-102.23,0.15
USDJPY,G_asia_cont,G_asia_cont|ref19-22o1|act22-10|con|b1.0|a10|m1.5|tp1.0|x09,461,-129.0,39.26,0.53,129.99,-53.7 / -47.3 / -27.9,False,121,-63.28,0.29
USDJPY,G_asia_cont,G_asia_cont|ref19-22o1|act22-10|con|b1.0|a10|m1.5|tp1.0|x10,461,-122.53,39.7,0.55,123.91,-52.3 / -42.4 / -27.8,False,121,-59.24,0.31
USDJPY,G_asia_cont,G_asia_cont|ref19-22o1|act22-10|con|b1.0|a10|m1.5|tp1.5|x09,461,-134.76,34.06,0.54,135.95,-54.3 / -52.3 / -28.0,False,121,-66.31,0.29
USDJPY,G_asia_cont,G_asia_cont|ref19-22o1|act22-10|con|b1.0|a10|m1.5|tp1.5|x10,461,-131.68,34.49,0.55,133.01,-54.0 / -48.8 / -28.9,False,121,-62.45,0.32
