inst,family,spec,n_tr,tr_r,tr_pf,tr_dd,seg_ok,te_n,te_r,te_pf
USDJPY,A_asia_ny_rev,A_asia_ny_rev|ref19-21o1|act22-09|rev|b0.75|a10|m1.0|tp0.75|x08,487,-153.79,0.45,155.46,False,131,-39.02,0.44
USDJPY,A_asia_ny_rev,A_asia_ny_rev|ref19-21o1|act22-09|rev|b0.75|a10|m1.0|tpopp|x08,487,-106.76,0.68,107.14,False,131,-31.41,0.66
USDJPY,A_asia_ny_rev,A_asia_ny_rev|ref19-21o1|act22-09|rev|b1.0|a10|m1.0|tp0.75|x08,472,-149.82,0.44,151.57,False,122,-31.3,0.5
USDJPY,A_asia_ny_rev,A_asia_ny_rev|ref19-21o1|act22-09|rev|b1.0|a10|m1.0|tpopp|x08,472,-115.96,0.65,118.75,False,122,-17.66,0.78
USDJPY,A_asia_ny_rev,A_asia_ny_rev|ref19-21o1|act22-09|rev|b1.25|a10|m1.0|tp0.75|x08,428,-125.85,0.47,126.49,False,109,-27.66,0.51
USDJPY,A_asia_ny_rev,A_asia_ny_rev|ref19-21o1|act22-09|rev|b1.25|a10|m1.0|tpopp|x08,428,-94.58,0.69,95.79,False,109,-10.97,0.85
USDJPY,A_asia_ny_rev,A_asia_ny_rev|ref19-21o1|act22-10|rev|b0.75|a10|m1.0|tp0.75|x08,491,-155.74,0.45,157.61,False,134,-41.16,0.43
USDJPY,A_asia_ny_rev,A_asia_ny_rev|ref19-21o1|act22-10|rev|b0.75|a10|m1.0|tpopp|x08,491,-112.2,0.67,111.86,False,134,-31.12,0.67
USDJPY,A_asia_ny_rev,A_asia_ny_rev|ref19-21o1|act22-10|rev|b1.0|a10|m1.0|tp0.75|x08,475,-150.22,0.44,151.97,False,125,-33.59,0.49
USDJPY,A_asia_ny_rev,A_asia_ny_rev|ref19-21o1|act22-10|rev|b1.0|a10|m1.0|tpopp|x08,475,-116.15,0.65,118.97,False,125,-18.52,0.78
USDJPY,A_asia_ny_rev,A_asia_ny_rev|ref19-21o1|act22-10|rev|b1.25|a10|m1.0|tp0.75|x08,439,-124.08,0.48,125.0,False,115,-30.76,0.49
USDJPY,A_asia_ny_rev,A_asia_ny_rev|ref19-21o1|act22-10|rev|b1.25|a10|m1.0|tpopp|x08,439,-87.62,0.72,90.92,False,115,-16.13,0.8
USDJPY,B_london_rev,B_london_rev|ref19-21o1|act06-09|rev|b0.25|a10|m1.0|tp0.5|x10,549,-192.91,0.29,193.23,False,155,-58.93,0.23
USDJPY,B_london_rev,B_london_rev|ref19-21o1|act06-09|rev|b0.25|a10|m1.0|tp0.5|x11,549,-192.91,0.3,193.23,False,155,-58.82,0.24
USDJPY,B_london_rev,B_london_rev|ref19-21o1|act06-09|rev|b0.25|a10|m1.0|tp0.75|x10,549,-161.46,0.46,161.05,False,155,-47.66,0.42
USDJPY,B_london_rev,B_london_rev|ref19-21o1|act06-09|rev|b0.25|a10|m1.0|tp0.75|x11,549,-159.89,0.47,159.82,False,155,-48.35,0.43
USDJPY,B_london_rev,B_london_rev|ref19-21o1|act06-09|rev|b0.25|a10|m1.0|tpopp|x10,549,-159.6,0.52,159.16,False,155,-39.57,0.57
USDJPY,B_london_rev,B_london_rev|ref19-21o1|act06-09|rev|b0.25|a10|m1.0|tpopp|x11,549,-150.84,0.56,150.74,False,155,-34.97,0.63
USDJPY,B_london_rev,B_london_rev|ref19-21o1|act06-09|rev|b0.25|a10|m1.5|tp0.5|x10,549,-119.44,0.44,119.17,False,155,-32.13,0.43
USDJPY,B_london_rev,B_london_rev|ref19-21o1|act06-09|rev|b0.25|a10|m1.5|tp0.5|x11,549,-120.09,0.45,120.04,False,155,-33.69,0.44
USDJPY,B_london_rev,B_london_rev|ref19-21o1|act06-09|rev|b0.25|a10|m1.5|tp0.75|x10,549,-102.57,0.56,102.67,False,155,-27.86,0.55
USDJPY,B_london_rev,B_london_rev|ref19-21o1|act06-09|rev|b0.25|a10|m1.5|tp0.75|x11,549,-102.63,0.57,102.63,False,155,-27.36,0.58
USDJPY,B_london_rev,B_london_rev|ref19-21o1|act06-09|rev|b0.25|a10|m1.5|tpopp|x10,549,-115.83,0.51,115.53,False,155,-24.76,0.6
USDJPY,B_london_rev,B_london_rev|ref19-21o1|act06-09|rev|b0.25|a10|m1.5|tpopp|x11,549,-114.98,0.54,114.91,False,155,-22.68,0.66
USDJPY,B_london_rev,B_london_rev|ref19-21o1|act06-09|rev|b0.5|a10|m1.0|tp0.5|x10,524,-187.48,0.29,187.78,False,147,-58.78,0.22
USDJPY,B_london_rev,B_london_rev|ref19-21o1|act06-09|rev|b0.5|a10|m1.0|tp0.5|x11,524,-185.12,0.3,185.42,False,147,-57.91,0.23
USDJPY,B_london_rev,B_london_rev|ref19-21o1|act06-09|rev|b0.5|a10|m1.0|tp0.75|x10,524,-153.54,0.46,153.11,False,147,-48.59,0.4
USDJPY,B_london_rev,B_london_rev|ref19-21o1|act06-09|rev|b0.5|a10|m1.0|tp0.75|x11,524,-150.33,0.47,150.24,False,147,-49.52,0.41
USDJPY,B_london_rev,B_london_rev|ref19-21o1|act06-09|rev|b0.5|a10|m1.0|tpopp|x10,524,-150.16,0.53,150.3,False,147,-39.99,0.56
USDJPY,B_london_rev,B_london_rev|ref19-21o1|act06-09|rev|b0.5|a10|m1.0|tpopp|x11,524,-138.49,0.57,138.97,False,147,-35.01,0.62
USDJPY,B_london_rev,B_london_rev|ref19-21o1|act06-09|rev|b0.5|a10|m1.5|tp0.5|x10,524,-114.86,0.44,114.58,False,147,-32.81,0.41
USDJPY,B_london_rev,B_london_rev|ref19-21o1|act06-09|rev|b0.5|a10|m1.5|tp0.5|x11,524,-115.33,0.45,115.39,False,147,-34.95,0.41
USDJPY,B_london_rev,B_london_rev|ref19-21o1|act06-09|rev|b0.5|a10|m1.5|tp0.75|x10,524,-97.47,0.56,97.56,False,147,-30.04,0.5
USDJPY,B_london_rev,B_london_rev|ref19-21o1|act06-09|rev|b0.5|a10|m1.5|tp0.75|x11,524,-97.36,0.57,97.75,False,147,-30.4,0.53
USDJPY,B_london_rev,B_london_rev|ref19-21o1|act06-09|rev|b0.5|a10|m1.5|tpopp|x10,524,-109.44,0.52,109.6,False,147,-26.07,0.58
USDJPY,B_london_rev,B_london_rev|ref19-21o1|act06-09|rev|b0.5|a10|m1.5|tpopp|x11,524,-107.22,0.55,107.86,False,147,-23.94,0.63
USDJPY,B_london_rev,B_london_rev|ref19-21o1|act06-09|rev|b0.75|a10|m1.0|tp0.5|x10,488,-176.51,0.29,177.07,False,133,-51.62,0.23
USDJPY,B_london_rev,B_london_rev|ref19-21o1|act06-09|rev|b0.75|a10|m1.0|tp0.5|x11,488,-172.47,0.3,173.02,False,133,-54.16,0.23
USDJPY,B_london_rev,B_london_rev|ref19-21o1|act06-09|rev|b0.75|a10|m1.0|tp0.75|x10,488,-150.61,0.44,150.68,False,133,-43.92,0.39
USDJPY,B_london_rev,B_london_rev|ref19-21o1|act06-09|rev|b0.75|a10|m1.0|tp0.75|x11,488,-148.43,0.45,148.84,False,133,-49.1,0.38
USDJPY,B_london_rev,B_london_rev|ref19-21o1|act06-09|rev|b0.75|a10|m1.0|tpopp|x10,488,-146.24,0.51,147.93,False,133,-35.16,0.56
USDJPY,B_london_rev,B_london_rev|ref19-21o1|act06-09|rev|b0.75|a10|m1.0|tpopp|x11,488,-137.44,0.56,141.67,False,133,-35.91,0.59
USDJPY,B_london_rev,B_london_rev|ref19-21o1|act06-09|rev|b0.75|a10|m1.5|tp0.5|x10,488,-112.19,0.43,112.24,False,133,-30.57,0.39
USDJPY,B_london_rev,B_london_rev|ref19-21o1|act06-09|rev|b0.75|a10|m1.5|tp0.5|x11,488,-112.25,0.44,112.53,False,133,-32.2,0.4
USDJPY,B_london_rev,B_london_rev|ref19-21o1|act06-09|rev|b0.75|a10|m1.5|tp0.75|x10,488,-94.97,0.54,95.25,False,133,-29.39,0.47
USDJPY,B_london_rev,B_london_rev|ref19-21o1|act06-09|rev|b0.75|a10|m1.5|tp0.75|x11,488,-95.03,0.56,95.99,False,133,-29.69,0.5
USDJPY,B_london_rev,B_london_rev|ref19-21o1|act06-09|rev|b0.75|a10|m1.5|tpopp|x10,488,-106.21,0.51,108.07,False,133,-23.95,0.57
USDJPY,B_london_rev,B_london_rev|ref19-21o1|act06-09|rev|b0.75|a10|m1.5|tpopp|x11,488,-104.71,0.54,107.99,False,133,-23.19,0.61
USDJPY,B_london_rev,B_london_rev|ref19-21o1|act06-09|rev_cf|b0.25|a10|m1.0|tp0.5|x10,143,-49.33,0.27,49.48,False,52,-16.88,0.25
USDJPY,B_london_rev,B_london_rev|ref19-21o1|act06-09|rev_cf|b0.25|a10|m1.0|tp0.5|x11,143,-46.32,0.3,46.48,False,52,-12.98,0.33
USDJPY,B_london_rev,B_london_rev|ref19-21o1|act06-09|rev_cf|b0.25|a10|m1.0|tp0.75|x10,143,-41.41,0.42,41.82,False,52,-17.84,0.31
USDJPY,B_london_rev,B_london_rev|ref19-21o1|act06-09|rev_cf|b0.25|a10|m1.0|tp0.75|x11,143,-36.57,0.48,36.97,False,52,-14.76,0.41
USDJPY,B_london_rev,B_london_rev|ref19-21o1|act06-09|rev_cf|b0.25|a10|m1.0|tpopp|x10,143,-41.66,0.39,41.65,False,52,-19.46,0.29
USDJPY,B_london_rev,B_london_rev|ref19-21o1|act06-09|rev_cf|b0.25|a10|m1.0|tpopp|x11,143,-38.03,0.43,38.02,False,52,-16.87,0.36
USDJPY,B_london_rev,B_london_rev|ref19-21o1|act06-09|rev_cf|b0.25|a10|m1.5|tp0.5|x10,143,-27.17,0.44,27.44,False,52,-11.54,0.31
USDJPY,B_london_rev,B_london_rev|ref19-21o1|act06-09|rev_cf|b0.25|a10|m1.5|tp0.5|x11,143,-22.58,0.51,22.85,False,52,-9.63,0.41
USDJPY,B_london_rev,B_london_rev|ref19-21o1|act06-09|rev_cf|b0.25|a10|m1.5|tp0.75|x10,143,-20.1,0.6,21.16,False,52,-10.58,0.4
USDJPY,B_london_rev,B_london_rev|ref19-21o1|act06-09|rev_cf|b0.25|a10|m1.5|tp0.75|x11,143,-14.26,0.71,16.81,False,52,-9.52,0.49
USDJPY,B_london_rev,B_london_rev|ref19-21o1|act06-09|rev_cf|b0.25|a10|m1.5|tpopp|x10,143,-28.27,0.39,28.26,False,52,-11.6,0.31
USDJPY,B_london_rev,B_london_rev|ref19-21o1|act06-09|rev_cf|b0.25|a10|m1.5|tpopp|x11,143,-24.25,0.45,24.24,False,52,-9.0,0.42
USDJPY,B_london_rev,B_london_rev|ref19-21o1|act06-09|rev_cf|b0.5|a10|m1.0|tp0.5|x10,96,-30.8,0.29,30.95,False,34,-13.57,0.22
USDJPY,B_london_rev,B_london_rev|ref19-21o1|act06-09|rev_cf|b0.5|a10|m1.0|tp0.5|x11,96,-26.36,0.35,26.52,False,34,-11.32,0.28
USDJPY,B_london_rev,B_london_rev|ref19-21o1|act06-09|rev_cf|b0.5|a10|m1.0|tp0.75|x10,96,-23.91,0.47,24.31,False,34,-12.28,0.34
USDJPY,B_london_rev,B_london_rev|ref19-21o1|act06-09|rev_cf|b0.5|a10|m1.0|tp0.75|x11,96,-18.8,0.56,19.2,False,34,-9.13,0.47
USDJPY,B_london_rev,B_london_rev|ref19-21o1|act06-09|rev_cf|b0.5|a10|m1.0|tpopp|x10,96,-27.04,0.38,27.03,False,34,-14.34,0.28
USDJPY,B_london_rev,B_london_rev|ref19-21o1|act06-09|rev_cf|b0.5|a10|m1.0|tpopp|x11,96,-23.22,0.44,23.55,False,34,-12.47,0.36
USDJPY,B_london_rev,B_london_rev|ref19-21o1|act06-09|rev_cf|b0.5|a10|m1.5|tp0.5|x10,96,-15.57,0.48,15.84,False,34,-7.59,0.35
USDJPY,B_london_rev,B_london_rev|ref19-21o1|act06-09|rev_cf|b0.5|a10|m1.5|tp0.5|x11,96,-12.03,0.58,12.3,False,34,-5.99,0.47
USDJPY,B_london_rev,B_london_rev|ref19-21o1|act06-09|rev_cf|b0.5|a10|m1.5|tp0.75|x10,96,-10.85,0.66,11.52,False,34,-7.88,0.38
USDJPY,B_london_rev,B_london_rev|ref19-21o1|act06-09|rev_cf|b0.5|a10|m1.5|tp0.75|x11,96,-5.03,0.83,6.06,False,34,-6.63,0.5
USDJPY,B_london_rev,B_london_rev|ref19-21o1|act06-09|rev_cf|b0.5|a10|m1.5|tpopp|x10,96,-17.8,0.38,17.79,False,34,-8.92,0.29
USDJPY,B_london_rev,B_london_rev|ref19-21o1|act06-09|rev_cf|b0.5|a10|m1.5|tpopp|x11,96,-14.88,0.45,14.91,False,34,-6.73,0.41
USDJPY,B_london_rev,B_london_rev|ref19-21o1|act06-10|rev|b0.25|a10|m1.0|tp0.5|x10,553,-194.6,0.29,194.92,False,158,-62.07,0.22
USDJPY,B_london_rev,B_london_rev|ref19-21o1|act06-10|rev|b0.25|a10|m1.0|tp0.5|x11,553,-193.87,0.3,194.19,False,158,-61.52,0.23
USDJPY,B_london_rev,B_london_rev|ref19-21o1|act06-10|rev|b0.25|a10|m1.0|tp0.75|x10,553,-162.65,0.46,162.24,False,158,-50.8,0.41
USDJPY,B_london_rev,B_london_rev|ref19-21o1|act06-10|rev|b0.25|a10|m1.0|tp0.75|x11,553,-160.35,0.47,160.28,False,158,-50.8,0.43
USDJPY,B_london_rev,B_london_rev|ref19-21o1|act06-10|rev|b0.25|a10|m1.0|tpopp|x10,553,-160.39,0.52,159.95,False,158,-42.71,0.55
USDJPY,B_london_rev,B_london_rev|ref19-21o1|act06-10|rev|b0.25|a10|m1.0|tpopp|x11,553,-151.31,0.56,151.21,False,158,-37.75,0.62
USDJPY,B_london_rev,B_london_rev|ref19-21o1|act06-10|rev|b0.25|a10|m1.5|tp0.5|x10,553,-120.91,0.44,120.63,False,158,-33.39,0.42
USDJPY,B_london_rev,B_london_rev|ref19-21o1|act06-10|rev|b0.25|a10|m1.5|tp0.5|x11,553,-120.73,0.46,120.68,False,158,-35.56,0.43
USDJPY,B_london_rev,B_london_rev|ref19-21o1|act06-10|rev|b0.25|a10|m1.5|tp0.75|x10,553,-103.53,0.56,103.64,False,158,-28.87,0.54
USDJPY,B_london_rev,B_london_rev|ref19-21o1|act06-10|rev|b0.25|a10|m1.5|tp0.75|x11,553,-103.04,0.57,103.04,False,158,-29.45,0.57
USDJPY,B_london_rev,B_london_rev|ref19-21o1|act06-10|rev|b0.25|a10|m1.5|tpopp|x10,553,-117.02,0.51,116.73,False,158,-25.55,0.6
USDJPY,B_london_rev,B_london_rev|ref19-21o1|act06-10|rev|b0.25|a10|m1.5|tpopp|x11,553,-115.62,0.54,115.56,False,158,-24.78,0.64
USDJPY,B_london_rev,B_london_rev|ref19-21o1|act06-10|rev|b0.5|a10|m1.0|tp0.5|x10,536,-193.1,0.29,193.4,False,151,-63.1,0.21
USDJPY,B_london_rev,B_london_rev|ref19-21o1|act06-10|rev|b0.5|a10|m1.0|tp0.5|x11,536,-190.49,0.29,190.79,False,151,-61.79,0.22
USDJPY,B_london_rev,B_london_rev|ref19-21o1|act06-10|rev|b0.5|a10|m1.0|tp0.75|x10,536,-157.66,0.46,157.23,False,151,-52.91,0.38
USDJPY,B_london_rev,B_london_rev|ref19-21o1|act06-10|rev|b0.5|a10|m1.0|tp0.75|x11,536,-154.94,0.46,154.85,False,151,-53.15,0.4
USDJPY,B_london_rev,B_london_rev|ref19-21o1|act06-10|rev|b0.5|a10|m1.0|tpopp|x10,536,-153.46,0.53,153.61,False,151,-44.3,0.53
USDJPY,B_london_rev,B_london_rev|ref19-21o1|act06-10|rev|b0.5|a10|m1.0|tpopp|x11,536,-142.66,0.57,143.14,False,151,-38.96,0.6
USDJPY,B_london_rev,B_london_rev|ref19-21o1|act06-10|rev|b0.5|a10|m1.5|tp0.5|x10,536,-118.11,0.44,117.82,False,151,-33.69,0.41
USDJPY,B_london_rev,B_london_rev|ref19-21o1|act06-10|rev|b0.5|a10|m1.5|tp0.5|x11,536,-118.22,0.45,118.29,False,151,-36.98,0.4
USDJPY,B_london_rev,B_london_rev|ref19-21o1|act06-10|rev|b0.5|a10|m1.5|tp0.75|x10,536,-98.97,0.56,99.06,False,151,-30.41,0.51
USDJPY,B_london_rev,B_london_rev|ref19-21o1|act06-10|rev|b0.5|a10|m1.5|tp0.75|x11,536,-99.5,0.57,99.89,False,151,-32.65,0.52
USDJPY,B_london_rev,B_london_rev|ref19-21o1|act06-10|rev|b0.5|a10|m1.5|tpopp|x10,536,-111.94,0.52,112.04,False,151,-25.62,0.59
USDJPY,B_london_rev,B_london_rev|ref19-21o1|act06-10|rev|b0.5|a10|m1.5|tpopp|x11,536,-109.82,0.55,110.43,False,151,-26.19,0.61
USDJPY,B_london_rev,B_london_rev|ref19-21o1|act06-10|rev|b0.75|a10|m1.0|tp0.5|x10,500,-180.25,0.29,180.8,False,141,-57.08,0.21
USDJPY,B_london_rev,B_london_rev|ref19-21o1|act06-10|rev|b0.75|a10|m1.0|tp0.5|x11,500,-175.62,0.3,176.17,False,141,-59.36,0.22
USDJPY,B_london_rev,B_london_rev|ref19-21o1|act06-10|rev|b0.75|a10|m1.0|tp0.75|x10,500,-154.09,0.44,154.37,False,141,-50.38,0.37
USDJPY,B_london_rev,B_london_rev|ref19-21o1|act06-10|rev|b0.75|a10|m1.0|tp0.75|x11,500,-151.59,0.45,152.0,False,141,-54.34,0.36
USDJPY,B_london_rev,B_london_rev|ref19-21o1|act06-10|rev|b0.75|a10|m1.0|tpopp|x10,500,-154.11,0.5,154.25,False,141,-38.03,0.56
USDJPY,B_london_rev,B_london_rev|ref19-21o1|act06-10|rev|b0.75|a10|m1.0|tpopp|x11,500,-141.04,0.55,142.92,False,141,-41.47,0.55
USDJPY,B_london_rev,B_london_rev|ref19-21o1|act06-10|rev|b0.75|a10|m1.5|tp0.5|x10,500,-116.18,0.42,116.37,False,141,-33.54,0.38
USDJPY,B_london_rev,B_london_rev|ref19-21o1|act06-10|rev|b0.75|a10|m1.5|tp0.5|x11,500,-114.37,0.44,114.65,False,141,-35.31,0.38
USDJPY,B_london_rev,B_london_rev|ref19-21o1|act06-10|rev|b0.75|a10|m1.5|tp0.75|x10,500,-98.96,0.54,99.27,False,141,-31.36,0.47
USDJPY,B_london_rev,B_london_rev|ref19-21o1|act06-10|rev|b0.75|a10|m1.5|tp0.75|x11,500,-97.08,0.56,97.36,False,141,-33.02,0.47
USDJPY,B_london_rev,B_london_rev|ref19-21o1|act06-10|rev|b0.75|a10|m1.5|tpopp|x10,500,-114.12,0.49,114.21,False,141,-23.21,0.61
USDJPY,B_london_rev,B_london_rev|ref19-21o1|act06-10|rev|b0.75|a10|m1.5|tpopp|x11,500,-107.12,0.53,109.16,False,141,-26.51,0.58
USDJPY,B_london_rev,B_london_rev|ref19-21o1|act06-10|rev_cf|b0.25|a10|m1.0|tp0.5|x10,170,-52.29,0.32,52.45,False,57,-17.09,0.28
USDJPY,B_london_rev,B_london_rev|ref19-21o1|act06-10|rev_cf|b0.25|a10|m1.0|tp0.5|x11,170,-48.29,0.34,48.45,False,57,-13.72,0.34
USDJPY,B_london_rev,B_london_rev|ref19-21o1|act06-10|rev_cf|b0.25|a10|m1.0|tp0.75|x10,170,-39.38,0.51,39.79,False,57,-17.04,0.37
USDJPY,B_london_rev,B_london_rev|ref19-21o1|act06-10|rev_cf|b0.25|a10|m1.0|tp0.75|x11,170,-37.03,0.52,37.44,False,57,-14.74,0.44
USDJPY,B_london_rev,B_london_rev|ref19-21o1|act06-10|rev_cf|b0.25|a10|m1.0|tpopp|x10,170,-40.01,0.48,39.99,False,57,-19.75,0.31
USDJPY,B_london_rev,B_london_rev|ref19-21o1|act06-10|rev_cf|b0.25|a10|m1.0|tpopp|x11,170,-40.66,0.46,40.64,False,57,-17.39,0.37
USDJPY,B_london_rev,B_london_rev|ref19-21o1|act06-10|rev_cf|b0.25|a10|m1.5|tp0.5|x10,170,-26.43,0.52,26.7,False,57,-11.35,0.37
USDJPY,B_london_rev,B_london_rev|ref19-21o1|act06-10|rev_cf|b0.25|a10|m1.5|tp0.5|x11,170,-23.22,0.55,23.49,False,57,-9.96,0.44
USDJPY,B_london_rev,B_london_rev|ref19-21o1|act06-10|rev_cf|b0.25|a10|m1.5|tp0.75|x10,170,-19.37,0.68,21.23,False,57,-9.39,0.5
USDJPY,B_london_rev,B_london_rev|ref19-21o1|act06-10|rev_cf|b0.25|a10|m1.5|tp0.75|x11,170,-13.73,0.75,16.58,False,57,-9.14,0.54
USDJPY,B_london_rev,B_london_rev|ref19-21o1|act06-10|rev_cf|b0.25|a10|m1.5|tpopp|x10,170,-28.1,0.47,28.09,False,57,-12.13,0.33
USDJPY,B_london_rev,B_london_rev|ref19-21o1|act06-10|rev_cf|b0.25|a10|m1.5|tpopp|x11,170,-26.34,0.47,26.33,False,57,-9.68,0.42
USDJPY,B_london_rev,B_london_rev|ref19-21o1|act06-10|rev_cf|b0.5|a10|m1.0|tp0.5|x10,115,-29.56,0.37,29.71,False,37,-14.31,0.23
USDJPY,B_london_rev,B_london_rev|ref19-21o1|act06-10|rev_cf|b0.5|a10|m1.0|tp0.5|x11,115,-24.72,0.43,24.88,False,37,-11.71,0.29
USDJPY,B_london_rev,B_london_rev|ref19-21o1|act06-10|rev_cf|b0.5|a10|m1.0|tp0.75|x10,115,-20.42,0.59,20.82,False,37,-12.52,0.36
USDJPY,B_london_rev,B_london_rev|ref19-21o1|act06-10|rev_cf|b0.5|a10|m1.0|tp0.75|x11,115,-16.56,0.64,16.96,False,37,-9.02,0.5
USDJPY,B_london_rev,B_london_rev|ref19-21o1|act06-10|rev_cf|b0.5|a10|m1.0|tpopp|x10,115,-24.2,0.5,24.48,False,37,-15.01,0.29
USDJPY,B_london_rev,B_london_rev|ref19-21o1|act06-10|rev_cf|b0.5|a10|m1.0|tpopp|x11,115,-22.49,0.49,23.0,False,37,-12.8,0.37
USDJPY,B_london_rev,B_london_rev|ref19-21o1|act06-10|rev_cf|b0.5|a10|m1.5|tp0.5|x10,115,-14.36,0.58,14.65,False,37,-8.08,0.37
USDJPY,B_london_rev,B_london_rev|ref19-21o1|act06-10|rev_cf|b0.5|a10|m1.5|tp0.5|x11,115,-10.54,0.65,10.81,False,37,-5.92,0.5
USDJPY,B_london_rev,B_london_rev|ref19-21o1|act06-10|rev_cf|b0.5|a10|m1.5|tp0.75|x10,115,-9.39,0.75,10.18,False,37,-7.87,0.43
USDJPY,B_london_rev,B_london_rev|ref19-21o1|act06-10|rev_cf|b0.5|a10|m1.5|tp0.75|x11,115,-2.61,0.92,4.69,False,37,-6.06,0.56
USDJPY,B_london_rev,B_london_rev|ref19-21o1|act06-10|rev_cf|b0.5|a10|m1.5|tpopp|x10,115,-15.5,0.52,15.49,False,37,-9.7,0.29
USDJPY,B_london_rev,B_london_rev|ref19-21o1|act06-10|rev_cf|b0.5|a10|m1.5|tpopp|x11,115,-14.4,0.51,14.39,False,37,-6.95,0.42
USDJPY,B_london_rev,B_london_rev|ref19-21o1|act06-10|rev_cf|b0.75|a10|m1.0|tp0.5|x10,57,-13.18,0.4,14.8,False,18,-7.83,0.18
USDJPY,B_london_rev,B_london_rev|ref19-21o1|act06-10|rev_cf|b0.75|a10|m1.0|tp0.5|x11,57,-7.84,0.56,9.62,False,18,-6.66,0.24
USDJPY,B_london_rev,B_london_rev|ref19-21o1|act06-10|rev_cf|b0.75|a10|m1.0|tp0.75|x10,57,-8.46,0.63,10.63,False,18,-7.01,0.3
USDJPY,B_london_rev,B_london_rev|ref19-21o1|act06-10|rev_cf|b0.75|a10|m1.0|tp0.75|x11,57,-3.7,0.8,6.53,False,18,-5.51,0.41
USDJPY,B_london_rev,B_london_rev|ref19-21o1|act06-10|rev_cf|b0.75|a10|m1.0|tpopp|x10,57,-7.93,0.64,11.64,False,18,-9.09,0.14
USDJPY,B_london_rev,B_london_rev|ref19-21o1|act06-10|rev_cf|b0.75|a10|m1.0|tpopp|x11,57,-5.49,0.71,10.22,False,18,-8.68,0.19
USDJPY,B_london_rev,B_london_rev|ref19-21o1|act06-10|rev_cf|b0.75|a10|m1.5|tp0.5|x10,57,-4.8,0.67,6.24,False,18,-4.59,0.31
USDJPY,B_london_rev,B_london_rev|ref19-21o1|act06-10|rev_cf|b0.75|a10|m1.5|tp0.5|x11,57,-0.74,0.93,2.63,False,18,-2.86,0.49
USDJPY,B_london_rev,B_london_rev|ref19-21o1|act06-10|rev_cf|b0.75|a10|m1.5|tp0.75|x10,57,1.43,1.1,2.96,False,18,-5.01,0.3
USDJPY,B_london_rev,B_london_rev|ref19-21o1|act06-10|rev_cf|b0.75|a10|m1.5|tp0.75|x11,57,5.64,1.5,2.43,True,18,-3.47,0.49
USDJPY,B_london_rev,B_london_rev|ref19-21o1|act06-10|rev_cf|b0.75|a10|m1.5|tpopp|x10,57,-4.79,0.67,7.26,False,18,-5.98,0.15
USDJPY,B_london_rev,B_london_rev|ref19-21o1|act06-10|rev_cf|b0.75|a10|m1.5|tpopp|x11,57,-1.84,0.83,5.0,False,18,-5.08,0.27
USDJPY,B_london_rev,B_london_rev|ref19-21o1|act07-10|rev|b0.25|a10|m1.0|tp0.5|x10,552,-193.97,0.28,192.91,False,153,-58.08,0.22
USDJPY,B_london_rev,B_london_rev|ref19-21o1|act07-10|rev|b0.25|a10|m1.0|tp0.5|x11,552,-191.83,0.29,191.11,False,153,-55.87,0.24
USDJPY,B_london_rev,B_london_rev|ref19-21o1|act07-10|rev|b0.25|a10|m1.0|tp0.75|x10,552,-174.96,0.4,174.15,False,153,-57.9,0.29
USDJPY,B_london_rev,B_london_rev|ref19-21o1|act07-10|rev|b0.25|a10|m1.0|tp0.75|x11,552,-168.48,0.43,168.02,False,153,-57.07,0.33
USDJPY,B_london_rev,B_london_rev|ref19-21o1|act07-10|rev|b0.25|a10|m1.0|tpopp|x10,552,-160.69,0.46,160.15,False,153,-44.39,0.47
USDJPY,B_london_rev,B_london_rev|ref19-21o1|act07-10|rev|b0.25|a10|m1.0|tpopp|x11,552,-150.63,0.51,150.44,False,153,-39.13,0.56
USDJPY,B_london_rev,B_london_rev|ref19-21o1|act07-10|rev|b0.25|a10|m1.5|tp0.5|x10,552,-134.73,0.36,134.19,False,153,-38.85,0.29
USDJPY,B_london_rev,B_london_rev|ref19-21o1|act07-10|rev|b0.25|a10|m1.5|tp0.5|x11,552,-131.71,0.39,131.4,False,153,-38.93,0.33
USDJPY,B_london_rev,B_london_rev|ref19-21o1|act07-10|rev|b0.25|a10|m1.5|tp0.75|x10,552,-127.91,0.42,127.62,False,153,-35.37,0.37
USDJPY,B_london_rev,B_london_rev|ref19-21o1|act07-10|rev|b0.25|a10|m1.5|tp0.75|x11,552,-120.83,0.47,120.77,False,153,-32.88,0.46
USDJPY,B_london_rev,B_london_rev|ref19-21o1|act07-10|rev|b0.25|a10|m1.5|tpopp|x10,552,-124.34,0.43,123.98,False,153,-29.52,0.48
USDJPY,B_london_rev,B_london_rev|ref19-21o1|act07-10|rev|b0.25|a10|m1.5|tpopp|x11,552,-118.05,0.48,117.93,False,153,-27.55,0.55
USDJPY,B_london_rev,B_london_rev|ref19-21o1|act07-10|rev|b0.5|a10|m1.0|tp0.5|x10,524,-183.24,0.28,182.17,False,146,-56.86,0.22
USDJPY,B_london_rev,B_london_rev|ref19-21o1|act07-10|rev|b0.5|a10|m1.0|tp0.5|x11,524,-176.94,0.3,176.23,False,146,-54.4,0.24
USDJPY,B_london_rev,B_london_rev|ref19-21o1|act07-10|rev|b0.5|a10|m1.0|tp0.75|x10,524,-160.2,0.41,159.38,False,146,-54.04,0.31
USDJPY,B_london_rev,B_london_rev|ref19-21o1|act07-10|rev|b0.5|a10|m1.0|tp0.75|x11,524,-152.94,0.44,152.48,False,146,-52.66,0.36
USDJPY,B_london_rev,B_london_rev|ref19-21o1|act07-10|rev|b0.5|a10|m1.0|tpopp|x10,524,-148.09,0.48,147.55,False,146,-44.92,0.46
USDJPY,B_london_rev,B_london_rev|ref19-21o1|act07-10|rev|b0.5|a10|m1.0|tpopp|x11,524,-134.73,0.54,134.55,False,146,-38.66,0.56
USDJPY,B_london_rev,B_london_rev|ref19-21o1|act07-10|rev|b0.5|a10|m1.5|tp0.5|x10,524,-120.71,0.38,120.17,False,146,-36.6,0.32
USDJPY,B_london_rev,B_london_rev|ref19-21o1|act07-10|rev|b0.5|a10|m1.5|tp0.5|x11,524,-116.41,0.41,116.1,False,146,-36.14,0.35
USDJPY,B_london_rev,B_london_rev|ref19-21o1|act07-10|rev|b0.5|a10|m1.5|tp0.75|x10,524,-114.95,0.43,114.66,False,146,-35.17,0.37
USDJPY,B_london_rev,B_london_rev|ref19-21o1|act07-10|rev|b0.5|a10|m1.5|tp0.75|x11,524,-106.76,0.49,107.12,False,146,-31.05,0.46
USDJPY,B_london_rev,B_london_rev|ref19-21o1|act07-10|rev|b0.5|a10|m1.5|tpopp|x10,524,-111.91,0.45,111.55,False,146,-28.23,0.5
USDJPY,B_london_rev,B_london_rev|ref19-21o1|act07-10|rev|b0.5|a10|m1.5|tpopp|x11,524,-102.86,0.51,103.45,False,146,-25.03,0.57
USDJPY,B_london_rev,B_london_rev|ref19-21o1|act07-10|rev|b0.75|a10|m1.0|tp0.5|x10,480,-170.73,0.27,169.82,False,133,-51.55,0.21
USDJPY,B_london_rev,B_london_rev|ref19-21o1|act07-10|rev|b0.75|a10|m1.0|tp0.5|x11,480,-166.53,0.29,165.97,False,133,-51.73,0.23
USDJPY,B_london_rev,B_london_rev|ref19-21o1|act07-10|rev|b0.75|a10|m1.0|tp0.75|x10,480,-148.54,0.4,147.94,False,133,-49.0,0.31
USDJPY,B_london_rev,B_london_rev|ref19-21o1|act07-10|rev|b0.75|a10|m1.0|tp0.75|x11,480,-145.35,0.43,144.89,False,133,-49.71,0.33
USDJPY,B_london_rev,B_london_rev|ref19-21o1|act07-10|rev|b0.75|a10|m1.0|tpopp|x10,480,-144.63,0.46,144.09,False,133,-34.79,0.54
USDJPY,B_london_rev,B_london_rev|ref19-21o1|act07-10|rev|b0.75|a10|m1.0|tpopp|x11,480,-131.88,0.52,132.36,False,133,-35.88,0.55
USDJPY,B_london_rev,B_london_rev|ref19-21o1|act07-10|rev|b0.75|a10|m1.5|tp0.5|x10,480,-115.1,0.37,114.69,False,133,-34.24,0.31
USDJPY,B_london_rev,B_london_rev|ref19-21o1|act07-10|rev|b0.75|a10|m1.5|tp0.5|x11,480,-111.15,0.4,110.84,False,133,-35.24,0.32
USDJPY,B_london_rev,B_london_rev|ref19-21o1|act07-10|rev|b0.75|a10|m1.5|tp0.75|x10,480,-114.34,0.4,114.95,False,133,-31.87,0.38
USDJPY,B_london_rev,B_london_rev|ref19-21o1|act07-10|rev|b0.75|a10|m1.5|tp0.75|x11,480,-105.87,0.46,107.14,False,133,-31.56,0.42
USDJPY,B_london_rev,B_london_rev|ref19-21o1|act07-10|rev|b0.75|a10|m1.5|tpopp|x10,480,-111.03,0.43,110.67,False,133,-23.81,0.55
USDJPY,B_london_rev,B_london_rev|ref19-21o1|act07-10|rev|b0.75|a10|m1.5|tpopp|x11,480,-100.67,0.49,102.19,False,133,-26.08,0.53
USDJPY,B_london_rev,B_london_rev|ref19-21o1|act07-10|rev_cf|b0.25|a10|m1.0|tp0.5|x10,141,-39.86,0.34,40.02,False,47,-17.35,0.22
USDJPY,B_london_rev,B_london_rev|ref19-21o1|act07-10|rev_cf|b0.25|a10|m1.0|tp0.5|x11,141,-37.07,0.36,37.22,False,47,-13.11,0.3
USDJPY,B_london_rev,B_london_rev|ref19-21o1|act07-10|rev_cf|b0.25|a10|m1.0|tp0.75|x10,141,-32.41,0.51,32.81,False,47,-18.39,0.25
USDJPY,B_london_rev,B_london_rev|ref19-21o1|act07-10|rev_cf|b0.25|a10|m1.0|tp0.75|x11,141,-31.29,0.5,31.69,False,47,-14.72,0.35
USDJPY,B_london_rev,B_london_rev|ref19-21o1|act07-10|rev_cf|b0.25|a10|m1.0|tpopp|x10,141,-33.01,0.47,33.0,False,47,-18.12,0.23
USDJPY,B_london_rev,B_london_rev|ref19-21o1|act07-10|rev_cf|b0.25|a10|m1.0|tpopp|x11,141,-34.28,0.42,34.27,False,47,-15.0,0.3
USDJPY,B_london_rev,B_london_rev|ref19-21o1|act07-10|rev_cf|b0.25|a10|m1.5|tp0.5|x10,141,-23.98,0.48,24.25,False,47,-11.9,0.26
USDJPY,B_london_rev,B_london_rev|ref19-21o1|act07-10|rev_cf|b0.25|a10|m1.5|tp0.5|x11,141,-22.01,0.49,22.28,False,47,-7.86,0.41
USDJPY,B_london_rev,B_london_rev|ref19-21o1|act07-10|rev_cf|b0.25|a10|m1.5|tp0.75|x10,141,-18.73,0.63,19.26,False,47,-10.83,0.34
USDJPY,B_london_rev,B_london_rev|ref19-21o1|act07-10|rev_cf|b0.25|a10|m1.5|tp0.75|x11,141,-14.9,0.67,16.05,False,47,-6.94,0.51
USDJPY,B_london_rev,B_london_rev|ref19-21o1|act07-10|rev_cf|b0.25|a10|m1.5|tpopp|x10,141,-23.9,0.45,23.89,False,47,-11.73,0.23
USDJPY,B_london_rev,B_london_rev|ref19-21o1|act07-10|rev_cf|b0.25|a10|m1.5|tpopp|x11,141,-23.39,0.42,23.38,False,47,-7.28,0.4
USDJPY,B_london_rev,B_london_rev|ref19-21o1|act07-10|rev_cf|b0.5|a10|m1.0|tp0.5|x10,88,-20.08,0.41,20.23,False,30,-13.69,0.19
USDJPY,B_london_rev,B_london_rev|ref19-21o1|act07-10|rev_cf|b0.5|a10|m1.0|tp0.5|x11,88,-14.73,0.5,14.89,False,30,-10.94,0.26
USDJPY,B_london_rev,B_london_rev|ref19-21o1|act07-10|rev_cf|b0.5|a10|m1.0|tp0.75|x10,88,-13.38,0.63,14.29,False,30,-12.72,0.27
USDJPY,B_london_rev,B_london_rev|ref19-21o1|act07-10|rev_cf|b0.5|a10|m1.0|tp0.75|x11,88,-10.17,0.68,10.58,False,30,-9.33,0.4
USDJPY,B_london_rev,B_london_rev|ref19-21o1|act07-10|rev_cf|b0.5|a10|m1.0|tpopp|x10,88,-16.37,0.53,17.38,False,30,-14.73,0.17
USDJPY,B_london_rev,B_london_rev|ref19-21o1|act07-10|rev_cf|b0.5|a10|m1.0|tpopp|x11,88,-14.48,0.52,15.7,False,30,-11.97,0.27
USDJPY,B_london_rev,B_london_rev|ref19-21o1|act07-10|rev_cf|b0.5|a10|m1.5|tp0.5|x10,88,-8.76,0.64,9.45,False,30,-8.4,0.27
USDJPY,B_london_rev,B_london_rev|ref19-21o1|act07-10|rev_cf|b0.5|a10|m1.5|tp0.5|x11,88,-5.45,0.72,5.72,False,30,-4.73,0.48
USDJPY,B_london_rev,B_london_rev|ref19-21o1|act07-10|rev_cf|b0.5|a10|m1.5|tp0.75|x10,88,-4.29,0.84,6.77,False,30,-8.34,0.3
USDJPY,B_london_rev,B_london_rev|ref19-21o1|act07-10|rev_cf|b0.5|a10|m1.5|tp0.75|x11,88,-0.64,0.97,4.67,False,30,-3.99,0.6
USDJPY,B_london_rev,B_london_rev|ref19-21o1|act07-10|rev_cf|b0.5|a10|m1.5|tpopp|x10,88,-9.11,0.59,9.86,False,30,-8.41,0.21
USDJPY,B_london_rev,B_london_rev|ref19-21o1|act07-10|rev_cf|b0.5|a10|m1.5|tpopp|x11,88,-8.04,0.57,8.09,False,30,-4.43,0.45
USDJPY,B_london_rev,B_london_rev|ref00-05o1|act06-09|rev|b0.25|a10|m1.0|tp0.5|x10,482,-161.73,0.31,161.91,False,141,-66.48,0.17
USDJPY,B_london_rev,B_london_rev|ref00-05o1|act06-09|rev|b0.25|a10|m1.0|tp0.5|x11,482,-161.4,0.32,161.57,False,141,-64.4,0.18
USDJPY,B_london_rev,B_london_rev|ref00-05o1|act06-09|rev|b0.25|a10|m1.0|tp0.75|x10,482,-137.68,0.47,136.87,False,141,-60.08,0.3
USDJPY,B_london_rev,B_london_rev|ref00-05o1|act06-09|rev|b0.25|a10|m1.0|tp0.75|x11,482,-137.93,0.48,137.47,False,141,-57.71,0.33
USDJPY,B_london_rev,B_london_rev|ref00-05o1|act06-09|rev|b0.25|a10|m1.0|tpopp|x10,482,-129.93,0.57,128.82,False,141,-34.34,0.63
USDJPY,B_london_rev,B_london_rev|ref00-05o1|act06-09|rev|b0.25|a10|m1.0|tpopp|x11,482,-132.96,0.58,132.18,False,141,-23.37,0.75
USDJPY,B_london_rev,B_london_rev|ref00-05o1|act06-09|rev|b0.25|a10|m1.5|tp0.5|x10,482,-102.56,0.46,102.02,False,141,-40.3,0.31
USDJPY,B_london_rev,B_london_rev|ref00-05o1|act06-09|rev|b0.25|a10|m1.5|tp0.5|x11,482,-104.41,0.46,104.1,False,141,-39.84,0.34
USDJPY,B_london_rev,B_london_rev|ref00-05o1|act06-09|rev|b0.25|a10|m1.5|tp0.75|x10,482,-88.59,0.56,87.85,False,141,-35.59,0.42
USDJPY,B_london_rev,B_london_rev|ref00-05o1|act06-09|rev|b0.25|a10|m1.5|tp0.75|x11,482,-89.5,0.58,88.98,False,141,-32.72,0.48
USDJPY,B_london_rev,B_london_rev|ref00-05o1|act06-09|rev|b0.25|a10|m1.5|tpopp|x10,482,-92.69,0.57,91.94,False,141,-23.05,0.63
USDJPY,B_london_rev,B_london_rev|ref00-05o1|act06-09|rev|b0.25|a10|m1.5|tpopp|x11,482,-96.72,0.58,96.2,False,141,-18.58,0.72
USDJPY,B_london_rev,B_london_rev|ref00-05o1|act06-09|rev|b0.5|a10|m1.0|tp0.5|x10,465,-154.03,0.31,154.2,False,139,-61.34,0.19
USDJPY,B_london_rev,B_london_rev|ref00-05o1|act06-09|rev|b0.5|a10|m1.0|tp0.5|x11,465,-153.67,0.32,153.84,False,139,-61.59,0.19
USDJPY,B_london_rev,B_london_rev|ref00-05o1|act06-09|rev|b0.5|a10|m1.0|tp0.75|x10,465,-129.75,0.48,128.94,False,139,-55.09,0.32
USDJPY,B_london_rev,B_london_rev|ref00-05o1|act06-09|rev|b0.5|a10|m1.0|tp0.75|x11,465,-130.39,0.49,129.92,False,139,-54.91,0.34
USDJPY,B_london_rev,B_london_rev|ref00-05o1|act06-09|rev|b0.5|a10|m1.0|tpopp|x10,465,-122.26,0.58,121.14,False,139,-28.32,0.67
USDJPY,B_london_rev,B_london_rev|ref00-05o1|act06-09|rev|b0.5|a10|m1.0|tpopp|x11,465,-126.46,0.58,125.68,False,139,-20.11,0.77
USDJPY,B_london_rev,B_london_rev|ref00-05o1|act06-09|rev|b0.5|a10|m1.5|tp0.5|x10,465,-95.93,0.47,95.39,False,139,-36.13,0.34
USDJPY,B_london_rev,B_london_rev|ref00-05o1|act06-09|rev|b0.5|a10|m1.5|tp0.5|x11,465,-98.19,0.47,97.88,False,139,-36.43,0.36
USDJPY,B_london_rev,B_london_rev|ref00-05o1|act06-09|rev|b0.5|a10|m1.5|tp0.75|x10,465,-83.12,0.57,82.38,False,139,-31.25,0.45
USDJPY,B_london_rev,B_london_rev|ref00-05o1|act06-09|rev|b0.5|a10|m1.5|tp0.75|x11,465,-83.93,0.58,83.41,False,139,-28.67,0.52
USDJPY,B_london_rev,B_london_rev|ref00-05o1|act06-09|rev|b0.5|a10|m1.5|tpopp|x10,465,-86.23,0.58,85.48,False,139,-18.2,0.69
USDJPY,B_london_rev,B_london_rev|ref00-05o1|act06-09|rev|b0.5|a10|m1.5|tpopp|x11,465,-91.2,0.58,90.68,False,139,-14.87,0.76
USDJPY,B_london_rev,B_london_rev|ref00-05o1|act06-09|rev|b0.75|a10|m1.0|tp0.5|x10,439,-144.11,0.31,144.28,False,129,-59.09,0.18
USDJPY,B_london_rev,B_london_rev|ref00-05o1|act06-09|rev|b0.75|a10|m1.0|tp0.5|x11,439,-143.68,0.32,143.85,False,129,-60.52,0.18
USDJPY,B_london_rev,B_london_rev|ref00-05o1|act06-09|rev|b0.75|a10|m1.0|tp0.75|x10,439,-121.46,0.48,120.66,False,129,-53.37,0.31
USDJPY,B_london_rev,B_london_rev|ref00-05o1|act06-09|rev|b0.75|a10|m1.0|tp0.75|x11,439,-121.12,0.49,120.66,False,129,-53.99,0.33
USDJPY,B_london_rev,B_london_rev|ref00-05o1|act06-09|rev|b0.75|a10|m1.0|tpopp|x10,439,-116.89,0.58,115.77,False,129,-28.67,0.66
USDJPY,B_london_rev,B_london_rev|ref00-05o1|act06-09|rev|b0.75|a10|m1.0|tpopp|x11,439,-121.73,0.57,120.95,False,129,-21.59,0.75
USDJPY,B_london_rev,B_london_rev|ref00-05o1|act06-09|rev|b0.75|a10|m1.5|tp0.5|x10,439,-88.48,0.47,87.94,False,129,-35.21,0.33
USDJPY,B_london_rev,B_london_rev|ref00-05o1|act06-09|rev|b0.75|a10|m1.5|tp0.5|x11,439,-89.69,0.48,89.38,False,129,-35.27,0.35
USDJPY,B_london_rev,B_london_rev|ref00-05o1|act06-09|rev|b0.75|a10|m1.5|tp0.75|x10,439,-76.85,0.58,76.1,False,129,-31.09,0.43
USDJPY,B_london_rev,B_london_rev|ref00-05o1|act06-09|rev|b0.75|a10|m1.5|tp0.75|x11,439,-78.07,0.59,77.55,False,129,-28.2,0.51
USDJPY,B_london_rev,B_london_rev|ref00-05o1|act06-09|rev|b0.75|a10|m1.5|tpopp|x10,439,-80.72,0.59,79.98,False,129,-18.66,0.67
USDJPY,B_london_rev,B_london_rev|ref00-05o1|act06-09|rev|b0.75|a10|m1.5|tpopp|x11,439,-85.72,0.58,85.2,False,129,-15.08,0.75
USDJPY,B_london_rev,B_london_rev|ref00-05o1|act06-09|rev_cf|b0.25|a10|m1.0|tp0.5|x10,85,-21.0,0.4,21.23,False,29,-20.4,0.08
USDJPY,B_london_rev,B_london_rev|ref00-05o1|act06-09|rev_cf|b0.25|a10|m1.0|tp0.5|x11,85,-21.26,0.41,21.49,False,29,-18.49,0.11
USDJPY,B_london_rev,B_london_rev|ref00-05o1|act06-09|rev_cf|b0.25|a10|m1.0|tp0.75|x10,85,-15.61,0.59,16.1,False,29,-20.23,0.14
USDJPY,B_london_rev,B_london_rev|ref00-05o1|act06-09|rev_cf|b0.25|a10|m1.0|tp0.75|x11,85,-15.22,0.61,15.7,False,29,-19.28,0.15
USDJPY,B_london_rev,B_london_rev|ref00-05o1|act06-09|rev_cf|b0.25|a10|m1.0|tpopp|x10,85,-6.59,0.84,12.54,False,29,-17.33,0.27
USDJPY,B_london_rev,B_london_rev|ref00-05o1|act06-09|rev_cf|b0.25|a10|m1.0|tpopp|x11,85,-6.6,0.84,12.33,False,29,-17.08,0.26
USDJPY,B_london_rev,B_london_rev|ref00-05o1|act06-09|rev_cf|b0.25|a10|m1.5|tp0.5|x10,85,-12.28,0.55,12.6,False,29,-11.0,0.17
USDJPY,B_london_rev,B_london_rev|ref00-05o1|act06-09|rev_cf|b0.25|a10|m1.5|tp0.5|x11,85,-10.68,0.6,11.21,False,29,-10.12,0.2
USDJPY,B_london_rev,B_london_rev|ref00-05o1|act06-09|rev_cf|b0.25|a10|m1.5|tp0.75|x10,85,-6.58,0.77,9.88,False,29,-9.66,0.27
USDJPY,B_london_rev,B_london_rev|ref00-05o1|act06-09|rev_cf|b0.25|a10|m1.5|tp0.75|x11,85,-3.62,0.87,9.28,False,29,-9.02,0.3
USDJPY,B_london_rev,B_london_rev|ref00-05o1|act06-09|rev_cf|b0.25|a10|m1.5|tpopp|x10,85,-6.27,0.78,9.22,False,29,-9.07,0.32
USDJPY,B_london_rev,B_london_rev|ref00-05o1|act06-09|rev_cf|b0.25|a10|m1.5|tpopp|x11,85,-4.88,0.83,8.32,False,29,-7.55,0.41
USDJPY,B_london_rev,B_london_rev|ref00-05o1|act06-09|rev_cf|b0.5|a10|m1.0|tp0.5|x10,58,-12.48,0.44,11.47,False,22,-16.06,0.08
USDJPY,B_london_rev,B_london_rev|ref00-05o1|act06-09|rev_cf|b0.5|a10|m1.0|tp0.5|x11,58,-12.7,0.45,11.7,False,22,-16.36,0.09
USDJPY,B_london_rev,B_london_rev|ref00-05o1|act06-09|rev_cf|b0.5|a10|m1.0|tp0.75|x10,58,-7.81,0.68,7.05,False,22,-14.89,0.15
USDJPY,B_london_rev,B_london_rev|ref00-05o1|act06-09|rev_cf|b0.5|a10|m1.0|tp0.75|x11,58,-7.42,0.7,6.84,False,22,-15.77,0.14
USDJPY,B_london_rev,B_london_rev|ref00-05o1|act06-09|rev_cf|b0.5|a10|m1.0|tpopp|x10,58,1.55,1.06,5.18,False,22,-12.96,0.26
USDJPY,B_london_rev,B_london_rev|ref00-05o1|act06-09|rev_cf|b0.5|a10|m1.0|tpopp|x11,58,-0.42,0.98,5.32,False,22,-14.7,0.21
USDJPY,B_london_rev,B_london_rev|ref00-05o1|act06-09|rev_cf|b0.5|a10|m1.5|tp0.5|x10,58,-5.85,0.65,5.01,False,22,-7.44,0.19
USDJPY,B_london_rev,B_london_rev|ref00-05o1|act06-09|rev_cf|b0.5|a10|m1.5|tp0.5|x11,58,-4.21,0.73,4.39,False,22,-7.74,0.19
USDJPY,B_london_rev,B_london_rev|ref00-05o1|act06-09|rev_cf|b0.5|a10|m1.5|tp0.75|x10,58,-0.63,0.96,3.03,False,22,-6.6,0.28
USDJPY,B_london_rev,B_london_rev|ref00-05o1|act06-09|rev_cf|b0.5|a10|m1.5|tp0.75|x11,58,1.98,1.12,2.63,False,22,-7.39,0.24
USDJPY,B_london_rev,B_london_rev|ref00-05o1|act06-09|rev_cf|b0.5|a10|m1.5|tpopp|x10,58,0.39,1.02,3.06,False,22,-6.15,0.33
USDJPY,B_london_rev,B_london_rev|ref00-05o1|act06-09|rev_cf|b0.5|a10|m1.5|tpopp|x11,58,0.53,1.03,2.67,False,22,-7.03,0.28
USDJPY,B_london_rev,B_london_rev|ref00-05o1|act06-10|rev|b0.25|a10|m1.0|tp0.5|x10,491,-165.52,0.31,165.7,False,148,-67.22,0.18
USDJPY,B_london_rev,B_london_rev|ref00-05o1|act06-10|rev|b0.25|a10|m1.0|tp0.5|x11,491,-163.97,0.32,164.15,False,148,-64.55,0.19
USDJPY,B_london_rev,B_london_rev|ref00-05o1|act06-10|rev|b0.25|a10|m1.0|tp0.75|x10,491,-140.22,0.47,139.41,False,148,-59.58,0.32
USDJPY,B_london_rev,B_london_rev|ref00-05o1|act06-10|rev|b0.25|a10|m1.0|tp0.75|x11,491,-139.53,0.48,139.07,False,148,-57.94,0.34
USDJPY,B_london_rev,B_london_rev|ref00-05o1|act06-10|rev|b0.25|a10|m1.0|tpopp|x10,491,-125.9,0.59,124.79,False,148,-40.63,0.59
USDJPY,B_london_rev,B_london_rev|ref00-05o1|act06-10|rev|b0.25|a10|m1.0|tpopp|x11,491,-133.84,0.58,133.06,False,148,-21.97,0.76
USDJPY,B_london_rev,B_london_rev|ref00-05o1|act06-10|rev|b0.25|a10|m1.5|tp0.5|x10,491,-104.08,0.46,103.55,False,148,-40.29,0.33
USDJPY,B_london_rev,B_london_rev|ref00-05o1|act06-10|rev|b0.25|a10|m1.5|tp0.5|x11,491,-106.07,0.46,105.76,False,148,-39.98,0.35
USDJPY,B_london_rev,B_london_rev|ref00-05o1|act06-10|rev|b0.25|a10|m1.5|tp0.75|x10,491,-88.62,0.57,87.88,False,148,-36.09,0.43
USDJPY,B_london_rev,B_london_rev|ref00-05o1|act06-10|rev|b0.25|a10|m1.5|tp0.75|x11,491,-90.63,0.58,90.11,False,148,-32.12,0.5
USDJPY,B_london_rev,B_london_rev|ref00-05o1|act06-10|rev|b0.25|a10|m1.5|tpopp|x10,491,-88.36,0.6,87.62,False,148,-26.56,0.61
USDJPY,B_london_rev,B_london_rev|ref00-05o1|act06-10|rev|b0.25|a10|m1.5|tpopp|x11,491,-97.9,0.58,97.38,False,148,-17.64,0.73
USDJPY,B_london_rev,B_london_rev|ref00-05o1|act06-10|rev|b0.5|a10|m1.0|tp0.5|x10,474,-157.72,0.31,157.89,False,142,-63.06,0.18
USDJPY,B_london_rev,B_london_rev|ref00-05o1|act06-10|rev|b0.5|a10|m1.0|tp0.5|x11,474,-158.0,0.32,158.18,False,142,-62.71,0.19
USDJPY,B_london_rev,B_london_rev|ref00-05o1|act06-10|rev|b0.5|a10|m1.0|tp0.75|x10,474,-132.19,0.48,131.38,False,142,-56.56,0.32
USDJPY,B_london_rev,B_london_rev|ref00-05o1|act06-10|rev|b0.5|a10|m1.0|tp0.75|x11,474,-133.97,0.48,133.51,False,142,-55.79,0.34
USDJPY,B_london_rev,B_london_rev|ref00-05o1|act06-10|rev|b0.5|a10|m1.0|tpopp|x10,474,-126.35,0.58,125.24,False,142,-31.54,0.65
USDJPY,B_london_rev,B_london_rev|ref00-05o1|act06-10|rev|b0.5|a10|m1.0|tpopp|x11,474,-129.4,0.58,128.62,False,142,-20.99,0.77
USDJPY,B_london_rev,B_london_rev|ref00-05o1|act06-10|rev|b0.5|a10|m1.5|tp0.5|x10,474,-97.39,0.47,96.85,False,142,-37.44,0.33
USDJPY,B_london_rev,B_london_rev|ref00-05o1|act06-10|rev|b0.5|a10|m1.5|tp0.5|x11,474,-101.18,0.47,100.87,False,142,-37.01,0.36
USDJPY,B_london_rev,B_london_rev|ref00-05o1|act06-10|rev|b0.5|a10|m1.5|tp0.75|x10,474,-84.83,0.57,84.08,False,142,-32.31,0.44
USDJPY,B_london_rev,B_london_rev|ref00-05o1|act06-10|rev|b0.5|a10|m1.5|tp0.75|x11,474,-86.17,0.58,85.65,False,142,-29.0,0.52
USDJPY,B_london_rev,B_london_rev|ref00-05o1|act06-10|rev|b0.5|a10|m1.5|tpopp|x10,474,-86.91,0.59,86.16,False,142,-21.01,0.66
USDJPY,B_london_rev,B_london_rev|ref00-05o1|act06-10|rev|b0.5|a10|m1.5|tpopp|x11,474,-93.75,0.58,93.24,False,142,-15.45,0.75
USDJPY,B_london_rev,B_london_rev|ref00-05o1|act06-10|rev|b0.75|a10|m1.0|tp0.5|x10,454,-144.38,0.32,144.56,False,135,-60.22,0.18
USDJPY,B_london_rev,B_london_rev|ref00-05o1|act06-10|rev|b0.75|a10|m1.0|tp0.5|x11,454,-146.97,0.32,147.14,False,135,-61.88,0.18
USDJPY,B_london_rev,B_london_rev|ref00-05o1|act06-10|rev|b0.75|a10|m1.0|tp0.75|x10,454,-118.73,0.5,117.93,False,135,-53.5,0.32
USDJPY,B_london_rev,B_london_rev|ref00-05o1|act06-10|rev|b0.75|a10|m1.0|tp0.75|x11,454,-123.39,0.49,122.92,False,135,-55.15,0.33
USDJPY,B_london_rev,B_london_rev|ref00-05o1|act06-10|rev|b0.75|a10|m1.0|tpopp|x10,454,-114.98,0.6,113.87,False,135,-27.6,0.69
USDJPY,B_london_rev,B_london_rev|ref00-05o1|act06-10|rev|b0.75|a10|m1.0|tpopp|x11,454,-124.86,0.57,124.09,False,135,-22.62,0.74
USDJPY,B_london_rev,B_london_rev|ref00-05o1|act06-10|rev|b0.75|a10|m1.5|tp0.5|x10,454,-87.66,0.49,87.12,False,135,-35.63,0.34
USDJPY,B_london_rev,B_london_rev|ref00-05o1|act06-10|rev|b0.75|a10|m1.5|tp0.5|x11,454,-91.56,0.48,91.25,False,135,-36.04,0.35
USDJPY,B_london_rev,B_london_rev|ref00-05o1|act06-10|rev|b0.75|a10|m1.5|tp0.75|x10,454,-78.28,0.58,77.53,False,135,-30.51,0.46
USDJPY,B_london_rev,B_london_rev|ref00-05o1|act06-10|rev|b0.75|a10|m1.5|tp0.75|x11,454,-80.21,0.59,79.69,False,135,-28.63,0.51
USDJPY,B_london_rev,B_london_rev|ref00-05o1|act06-10|rev|b0.75|a10|m1.5|tpopp|x10,454,-80.32,0.61,79.58,False,135,-18.94,0.68
USDJPY,B_london_rev,B_london_rev|ref00-05o1|act06-10|rev|b0.75|a10|m1.5|tpopp|x11,454,-88.17,0.58,87.66,False,135,-15.76,0.74
USDJPY,B_london_rev,B_london_rev|ref00-05o1|act06-10|rev_cf|b0.25|a10|m1.0|tp0.5|x10,99,-24.76,0.4,24.99,False,35,-20.67,0.12
USDJPY,B_london_rev,B_london_rev|ref00-05o1|act06-10|rev_cf|b0.25|a10|m1.0|tp0.5|x11,99,-23.03,0.42,23.26,False,35,-18.09,0.16
USDJPY,B_london_rev,B_london_rev|ref00-05o1|act06-10|rev_cf|b0.25|a10|m1.0|tp0.75|x10,99,-18.88,0.59,19.36,False,35,-19.24,0.23
USDJPY,B_london_rev,B_london_rev|ref00-05o1|act06-10|rev_cf|b0.25|a10|m1.0|tp0.75|x11,99,-16.61,0.62,17.09,False,35,-18.27,0.22
USDJPY,B_london_rev,B_london_rev|ref00-05o1|act06-10|rev_cf|b0.25|a10|m1.0|tpopp|x10,99,-5.04,0.9,11.79,False,35,-20.27,0.29
USDJPY,B_london_rev,B_london_rev|ref00-05o1|act06-10|rev_cf|b0.25|a10|m1.0|tpopp|x11,99,-8.8,0.81,13.52,False,35,-15.16,0.36
USDJPY,B_london_rev,B_london_rev|ref00-05o1|act06-10|rev_cf|b0.25|a10|m1.5|tp0.5|x10,99,-10.45,0.65,11.09,False,35,-10.68,0.26
USDJPY,B_london_rev,B_london_rev|ref00-05o1|act06-10|rev_cf|b0.25|a10|m1.5|tp0.5|x11,99,-11.61,0.61,11.93,False,35,-9.45,0.28
USDJPY,B_london_rev,B_london_rev|ref00-05o1|act06-10|rev_cf|b0.25|a10|m1.5|tp0.75|x10,99,-5.25,0.84,9.28,False,35,-11.59,0.31
USDJPY,B_london_rev,B_london_rev|ref00-05o1|act06-10|rev_cf|b0.25|a10|m1.5|tp0.75|x11,99,-4.4,0.85,8.69,False,35,-8.11,0.39
USDJPY,B_london_rev,B_london_rev|ref00-05o1|act06-10|rev_cf|b0.25|a10|m1.5|tpopp|x10,99,-1.35,0.96,8.72,False,35,-12.36,0.31
USDJPY,B_london_rev,B_london_rev|ref00-05o1|act06-10|rev_cf|b0.25|a10|m1.5|tpopp|x11,99,-6.35,0.8,9.11,False,35,-6.27,0.53
USDJPY,B_london_rev,B_london_rev|ref00-05o1|act06-10|rev_cf|b0.5|a10|m1.0|tp0.5|x10,70,-14.95,0.45,15.19,False,25,-17.04,0.1
USDJPY,B_london_rev,B_london_rev|ref00-05o1|act06-10|rev_cf|b0.5|a10|m1.0|tp0.5|x11,70,-13.9,0.46,14.14,False,25,-16.68,0.11
USDJPY,B_london_rev,B_london_rev|ref00-05o1|act06-10|rev_cf|b0.5|a10|m1.0|tp0.75|x10,70,-10.03,0.67,10.52,False,25,-15.36,0.18
USDJPY,B_london_rev,B_london_rev|ref00-05o1|act06-10|rev_cf|b0.5|a10|m1.0|tp0.75|x11,70,-8.47,0.69,8.96,False,25,-15.59,0.18
USDJPY,B_london_rev,B_london_rev|ref00-05o1|act06-10|rev_cf|b0.5|a10|m1.0|tpopp|x10,70,0.61,1.02,9.56,False,25,-12.11,0.36
USDJPY,B_london_rev,B_london_rev|ref00-05o1|act06-10|rev_cf|b0.5|a10|m1.0|tpopp|x11,70,-2.3,0.92,6.37,False,25,-14.29,0.26
USDJPY,B_london_rev,B_london_rev|ref00-05o1|act06-10|rev_cf|b0.5|a10|m1.5|tp0.5|x10,70,-2.99,0.83,5.1,False,25,-8.09,0.22
USDJPY,B_london_rev,B_london_rev|ref00-05o1|act06-10|rev_cf|b0.5|a10|m1.5|tp0.5|x11,70,-4.9,0.72,5.23,False,25,-7.62,0.23
USDJPY,B_london_rev,B_london_rev|ref00-05o1|act06-10|rev_cf|b0.5|a10|m1.5|tp0.75|x10,70,1.47,1.07,3.01,False,25,-8.5,0.27
USDJPY,B_london_rev,B_london_rev|ref00-05o1|act06-10|rev_cf|b0.5|a10|m1.5|tp0.75|x11,70,2.03,1.11,2.85,False,25,-7.47,0.27
USDJPY,B_london_rev,B_london_rev|ref00-05o1|act06-10|rev_cf|b0.5|a10|m1.5|tpopp|x10,70,2.51,1.11,5.44,False,25,-5.92,0.43
USDJPY,B_london_rev,B_london_rev|ref00-05o1|act06-10|rev_cf|b0.5|a10|m1.5|tpopp|x11,70,-0.73,0.96,3.73,False,25,-6.75,0.34
USDJPY,B_london_rev,B_london_rev|ref00-05o1|act07-10|rev|b0.25|a10|m1.0|tp0.5|x10,478,-160.67,0.3,159.46,False,147,-61.53,0.2
USDJPY,B_london_rev,B_london_rev|ref00-05o1|act07-10|rev|b0.25|a10|m1.0|tp0.5|x11,478,-159.16,0.31,158.3,False,147,-60.88,0.21
USDJPY,B_london_rev,B_london_rev|ref00-05o1|act07-10|rev|b0.25|a10|m1.0|tp0.75|x10,478,-142.03,0.42,140.81,False,147,-55.36,0.31
USDJPY,B_london_rev,B_london_rev|ref00-05o1|act07-10|rev|b0.25|a10|m1.0|tp0.75|x11,478,-139.66,0.44,138.8,False,147,-56.03,0.33
USDJPY,B_london_rev,B_london_rev|ref00-05o1|act07-10|rev|b0.25|a10|m1.0|tpopp|x10,478,-116.14,0.55,114.93,False,147,-49.88,0.44
USDJPY,B_london_rev,B_london_rev|ref00-05o1|act07-10|rev|b0.25|a10|m1.0|tpopp|x11,478,-126.11,0.54,125.25,False,147,-35.56,0.59
USDJPY,B_london_rev,B_london_rev|ref00-05o1|act07-10|rev|b0.25|a10|m1.5|tp0.5|x10,478,-107.26,0.39,106.45,False,147,-35.43,0.32
USDJPY,B_london_rev,B_london_rev|ref00-05o1|act07-10|rev|b0.25|a10|m1.5|tp0.5|x11,478,-107.31,0.41,106.74,False,147,-34.59,0.36
USDJPY,B_london_rev,B_london_rev|ref00-05o1|act07-10|rev|b0.25|a10|m1.5|tp0.75|x10,478,-105.86,0.43,105.05,False,147,-33.73,0.4
USDJPY,B_london_rev,B_london_rev|ref00-05o1|act07-10|rev|b0.25|a10|m1.5|tp0.75|x11,478,-104.39,0.47,103.81,False,147,-29.12,0.48
USDJPY,B_london_rev,B_london_rev|ref00-05o1|act07-10|rev|b0.25|a10|m1.5|tpopp|x10,478,-89.1,0.52,88.29,False,147,-31.2,0.47
USDJPY,B_london_rev,B_london_rev|ref00-05o1|act07-10|rev|b0.25|a10|m1.5|tpopp|x11,478,-96.96,0.51,96.39,False,147,-20.35,0.65
USDJPY,B_london_rev,B_london_rev|ref00-05o1|act07-10|rev|b0.5|a10|m1.0|tp0.5|x10,455,-152.74,0.3,151.52,False,139,-57.74,0.2
USDJPY,B_london_rev,B_london_rev|ref00-05o1|act07-10|rev|b0.5|a10|m1.0|tp0.5|x11,455,-153.5,0.31,152.64,False,139,-58.07,0.21
USDJPY,B_london_rev,B_london_rev|ref00-05o1|act07-10|rev|b0.5|a10|m1.0|tp0.75|x10,455,-134.34,0.42,133.13,False,139,-53.76,0.29
USDJPY,B_london_rev,B_london_rev|ref00-05o1|act07-10|rev|b0.5|a10|m1.0|tp0.75|x11,455,-135.57,0.43,134.71,False,139,-53.68,0.33
USDJPY,B_london_rev,B_london_rev|ref00-05o1|act07-10|rev|b0.5|a10|m1.0|tpopp|x10,455,-121.42,0.52,120.2,False,139,-42.81,0.47
USDJPY,B_london_rev,B_london_rev|ref00-05o1|act07-10|rev|b0.5|a10|m1.0|tpopp|x11,455,-124.14,0.53,123.28,False,139,-32.75,0.61
USDJPY,B_london_rev,B_london_rev|ref00-05o1|act07-10|rev|b0.5|a10|m1.5|tp0.5|x10,455,-101.72,0.39,100.91,False,139,-35.37,0.3
USDJPY,B_london_rev,B_london_rev|ref00-05o1|act07-10|rev|b0.5|a10|m1.5|tp0.5|x11,455,-103.56,0.41,102.99,False,139,-33.67,0.35
USDJPY,B_london_rev,B_london_rev|ref00-05o1|act07-10|rev|b0.5|a10|m1.5|tp0.75|x10,455,-104.74,0.41,103.93,False,139,-33.25,0.37
USDJPY,B_london_rev,B_london_rev|ref00-05o1|act07-10|rev|b0.5|a10|m1.5|tp0.75|x11,455,-101.47,0.46,100.9,False,139,-28.55,0.47
USDJPY,B_london_rev,B_london_rev|ref00-05o1|act07-10|rev|b0.5|a10|m1.5|tpopp|x10,455,-92.12,0.49,91.31,False,139,-28.85,0.47
USDJPY,B_london_rev,B_london_rev|ref00-05o1|act07-10|rev|b0.5|a10|m1.5|tpopp|x11,455,-94.62,0.5,94.05,False,139,-20.22,0.64
USDJPY,B_london_rev,B_london_rev|ref00-05o1|act07-10|rev|b0.75|a10|m1.0|tp0.5|x10,435,-141.21,0.31,140.0,False,130,-53.26,0.2
USDJPY,B_london_rev,B_london_rev|ref00-05o1|act07-10|rev|b0.75|a10|m1.0|tp0.5|x11,435,-143.05,0.31,142.19,False,130,-54.9,0.2
USDJPY,B_london_rev,B_london_rev|ref00-05o1|act07-10|rev|b0.75|a10|m1.0|tp0.75|x10,435,-122.43,0.43,121.21,False,130,-49.15,0.3
USDJPY,B_london_rev,B_london_rev|ref00-05o1|act07-10|rev|b0.75|a10|m1.0|tp0.75|x11,435,-126.78,0.44,125.92,False,130,-50.91,0.32
USDJPY,B_london_rev,B_london_rev|ref00-05o1|act07-10|rev|b0.75|a10|m1.0|tpopp|x10,435,-113.48,0.53,112.27,False,130,-31.34,0.59
USDJPY,B_london_rev,B_london_rev|ref00-05o1|act07-10|rev|b0.75|a10|m1.0|tpopp|x11,435,-121.74,0.51,120.88,False,130,-28.54,0.63
USDJPY,B_london_rev,B_london_rev|ref00-05o1|act07-10|rev|b0.75|a10|m1.5|tp0.5|x10,435,-95.17,0.4,94.36,False,130,-32.59,0.31
USDJPY,B_london_rev,B_london_rev|ref00-05o1|act07-10|rev|b0.75|a10|m1.5|tp0.5|x11,435,-97.54,0.41,96.96,False,130,-32.59,0.34
USDJPY,B_london_rev,B_london_rev|ref00-05o1|act07-10|rev|b0.75|a10|m1.5|tp0.75|x10,435,-99.88,0.41,99.07,False,130,-29.42,0.4
USDJPY,B_london_rev,B_london_rev|ref00-05o1|act07-10|rev|b0.75|a10|m1.5|tp0.75|x11,435,-98.82,0.45,98.25,False,130,-26.35,0.48
USDJPY,B_london_rev,B_london_rev|ref00-05o1|act07-10|rev|b0.75|a10|m1.5|tpopp|x10,435,-89.19,0.49,88.39,False,130,-21.83,0.58
USDJPY,B_london_rev,B_london_rev|ref00-05o1|act07-10|rev|b0.75|a10|m1.5|tpopp|x11,435,-93.09,0.49,92.51,False,130,-18.32,0.65
USDJPY,B_london_rev,B_london_rev|ref00-05o1|act07-10|rev_cf|b0.25|a10|m1.0|tp0.5|x10,78,-22.3,0.35,22.53,False,27,-13.25,0.15
USDJPY,B_london_rev,B_london_rev|ref00-05o1|act07-10|rev_cf|b0.25|a10|m1.0|tp0.5|x11,78,-20.6,0.37,20.83,False,27,-12.65,0.18
USDJPY,B_london_rev,B_london_rev|ref00-05o1|act07-10|rev_cf|b0.25|a10|m1.0|tp0.75|x10,78,-18.71,0.5,19.19,False,27,-11.07,0.29
USDJPY,B_london_rev,B_london_rev|ref00-05o1|act07-10|rev_cf|b0.25|a10|m1.0|tp0.75|x11,78,-16.68,0.52,17.16,False,27,-12.15,0.24
USDJPY,B_london_rev,B_london_rev|ref00-05o1|act07-10|rev_cf|b0.25|a10|m1.0|tpopp|x10,78,-13.54,0.67,16.86,False,27,-15.1,0.22
USDJPY,B_london_rev,B_london_rev|ref00-05o1|act07-10|rev_cf|b0.25|a10|m1.0|tpopp|x11,78,-15.1,0.57,15.79,False,27,-11.3,0.29
USDJPY,B_london_rev,B_london_rev|ref00-05o1|act07-10|rev_cf|b0.25|a10|m1.5|tp0.5|x10,78,-8.05,0.63,10.82,False,27,-4.09,0.42
USDJPY,B_london_rev,B_london_rev|ref00-05o1|act07-10|rev_cf|b0.25|a10|m1.5|tp0.5|x11,78,-9.56,0.57,11.03,False,27,-2.4,0.56
USDJPY,B_london_rev,B_london_rev|ref00-05o1|act07-10|rev_cf|b0.25|a10|m1.5|tp0.75|x10,78,-6.16,0.75,8.96,False,27,-5.35,0.44
USDJPY,B_london_rev,B_london_rev|ref00-05o1|act07-10|rev_cf|b0.25|a10|m1.5|tp0.75|x11,78,-5.46,0.75,10.22,False,27,-0.66,0.88
USDJPY,B_london_rev,B_london_rev|ref00-05o1|act07-10|rev_cf|b0.25|a10|m1.5|tpopp|x10,78,-5.06,0.81,8.19,False,27,-7.78,0.27
USDJPY,B_london_rev,B_london_rev|ref00-05o1|act07-10|rev_cf|b0.25|a10|m1.5|tpopp|x11,78,-8.29,0.63,10.34,False,27,-0.51,0.91
USDJPY,B_london_rev,B_london_rev|ref00-05o1|act07-10|rev_cf|b0.5|a10|m1.0|tp0.5|x10,51,-14.26,0.36,14.5,False,18,-12.01,0.1
USDJPY,B_london_rev,B_london_rev|ref00-05o1|act07-10|rev_cf|b0.5|a10|m1.0|tp0.5|x11,51,-13.08,0.37,13.32,False,18,-12.85,0.09
USDJPY,B_london_rev,B_london_rev|ref00-05o1|act07-10|rev_cf|b0.5|a10|m1.0|tp0.75|x10,51,-11.39,0.53,11.88,False,18,-11.09,0.17
USDJPY,B_london_rev,B_london_rev|ref00-05o1|act07-10|rev_cf|b0.5|a10|m1.0|tp0.75|x11,51,-9.9,0.54,10.39,False,18,-12.45,0.14
USDJPY,B_london_rev,B_london_rev|ref00-05o1|act07-10|rev_cf|b0.5|a10|m1.0|tpopp|x10,51,-10.77,0.61,15.59,False,18,-9.89,0.26
USDJPY,B_london_rev,B_london_rev|ref00-05o1|act07-10|rev_cf|b0.5|a10|m1.0|tpopp|x11,51,-11.82,0.45,12.19,False,18,-12.46,0.13
USDJPY,B_london_rev,B_london_rev|ref00-05o1|act07-10|rev_cf|b0.5|a10|m1.5|tp0.5|x10,51,-1.9,0.84,3.67,False,18,-5.2,0.22
USDJPY,B_london_rev,B_london_rev|ref00-05o1|act07-10|rev_cf|b0.5|a10|m1.5|tp0.5|x11,51,-3.3,0.71,3.63,False,18,-3.92,0.29
USDJPY,B_london_rev,B_london_rev|ref00-05o1|act07-10|rev_cf|b0.5|a10|m1.5|tp0.75|x10,51,-0.68,0.95,3.19,False,18,-5.95,0.25
USDJPY,B_london_rev,B_london_rev|ref00-05o1|act07-10|rev_cf|b0.5|a10|m1.5|tp0.75|x11,51,-0.47,0.96,2.37,False,18,-3.37,0.39
USDJPY,B_london_rev,B_london_rev|ref00-05o1|act07-10|rev_cf|b0.5|a10|m1.5|tpopp|x10,51,-3.42,0.8,8.66,False,18,-4.4,0.34
USDJPY,B_london_rev,B_london_rev|ref00-05o1|act07-10|rev_cf|b0.5|a10|m1.5|tpopp|x11,51,-4.37,0.62,4.61,False,18,-3.7,0.33
USDJPY,B_london_rev,B_london_rev|ref22-04o0|act06-09|rev|b0.25|a10|m1.0|tp0.5|x10,399,-142.99,0.28,141.85,False,119,-56.42,0.16
USDJPY,B_london_rev,B_london_rev|ref22-04o0|act06-09|rev|b0.25|a10|m1.0|tp0.5|x11,399,-145.84,0.28,144.7,False,119,-53.19,0.19
USDJPY,B_london_rev,B_london_rev|ref22-04o0|act06-09|rev|b0.25|a10|m1.0|tp0.75|x10,399,-128.57,0.41,127.41,False,119,-49.5,0.31
USDJPY,B_london_rev,B_london_rev|ref22-04o0|act06-09|rev|b0.25|a10|m1.0|tp0.75|x11,399,-129.94,0.42,128.79,False,119,-45.42,0.36
USDJPY,B_london_rev,B_london_rev|ref22-04o0|act06-09|rev|b0.25|a10|m1.0|tpopp|x10,399,-108.7,0.56,107.23,False,119,-34.31,0.55
USDJPY,B_london_rev,B_london_rev|ref22-04o0|act06-09|rev|b0.25|a10|m1.0|tpopp|x11,399,-111.92,0.57,110.46,False,119,-27.91,0.64
USDJPY,B_london_rev,B_london_rev|ref22-04o0|act06-09|rev|b0.25|a10|m1.5|tp0.5|x10,399,-91.99,0.41,92.38,False,119,-33.27,0.33
USDJPY,B_london_rev,B_london_rev|ref22-04o0|act06-09|rev|b0.25|a10|m1.5|tp0.5|x11,399,-95.07,0.42,95.47,False,119,-32.94,0.36
USDJPY,B_london_rev,B_london_rev|ref22-04o0|act06-09|rev|b0.25|a10|m1.5|tp0.75|x10,399,-76.87,0.53,77.32,False,119,-26.58,0.47
USDJPY,B_london_rev,B_london_rev|ref22-04o0|act06-09|rev|b0.25|a10|m1.5|tp0.75|x11,399,-81.13,0.54,81.57,False,119,-26.06,0.52
USDJPY,B_london_rev,B_london_rev|ref22-04o0|act06-09|rev|b0.25|a10|m1.5|tpopp|x10,399,-76.81,0.56,76.78,False,119,-22.42,0.57
USDJPY,B_london_rev,B_london_rev|ref22-04o0|act06-09|rev|b0.25|a10|m1.5|tpopp|x11,399,-82.88,0.56,82.44,False,119,-20.62,0.63
USDJPY,B_london_rev,B_london_rev|ref22-04o0|act06-09|rev|b0.5|a10|m1.0|tp0.5|x10,334,-121.29,0.28,120.29,False,94,-46.47,0.15
USDJPY,B_london_rev,B_london_rev|ref22-04o0|act06-09|rev|b0.5|a10|m1.0|tp0.5|x11,334,-124.33,0.28,123.33,False,94,-44.68,0.18
USDJPY,B_london_rev,B_london_rev|ref22-04o0|act06-09|rev|b0.5|a10|m1.0|tp0.75|x10,334,-109.14,0.41,108.52,False,94,-39.56,0.31
USDJPY,B_london_rev,B_london_rev|ref22-04o0|act06-09|rev|b0.5|a10|m1.0|tp0.75|x11,334,-111.13,0.42,110.51,False,94,-36.96,0.35
USDJPY,B_london_rev,B_london_rev|ref22-04o0|act06-09|rev|b0.5|a10|m1.0|tpopp|x10,334,-88.67,0.57,87.62,False,94,-26.65,0.56
USDJPY,B_london_rev,B_london_rev|ref22-04o0|act06-09|rev|b0.5|a10|m1.0|tpopp|x11,334,-89.58,0.58,88.99,False,94,-21.52,0.64
USDJPY,B_london_rev,B_london_rev|ref22-04o0|act06-09|rev|b0.5|a10|m1.5|tp0.5|x10,334,-75.1,0.41,75.86,False,94,-23.97,0.35
USDJPY,B_london_rev,B_london_rev|ref22-04o0|act06-09|rev|b0.5|a10|m1.5|tp0.5|x11,334,-76.69,0.42,77.44,False,94,-23.86,0.38
USDJPY,B_london_rev,B_london_rev|ref22-04o0|act06-09|rev|b0.5|a10|m1.5|tp0.75|x10,334,-61.1,0.55,61.56,False,94,-18.35,0.51
USDJPY,B_london_rev,B_london_rev|ref22-04o0|act06-09|rev|b0.5|a10|m1.5|tp0.75|x11,334,-62.42,0.56,63.19,False,94,-17.4,0.56
USDJPY,B_london_rev,B_london_rev|ref22-04o0|act06-09|rev|b0.5|a10|m1.5|tpopp|x10,334,-59.67,0.58,59.92,False,94,-14.81,0.62
USDJPY,B_london_rev,B_london_rev|ref22-04o0|act06-09|rev|b0.5|a10|m1.5|tpopp|x11,334,-63.0,0.59,63.14,False,94,-12.86,0.69
USDJPY,B_london_rev,B_london_rev|ref22-04o0|act06-09|rev|b0.75|a10|m1.0|tp0.5|x10,264,-94.23,0.28,92.94,False,75,-31.58,0.2
USDJPY,B_london_rev,B_london_rev|ref22-04o0|act06-09|rev|b0.75|a10|m1.0|tp0.5|x11,264,-96.41,0.29,95.11,False,75,-30.6,0.22
USDJPY,B_london_rev,B_london_rev|ref22-04o0|act06-09|rev|b0.75|a10|m1.0|tp0.75|x10,264,-87.78,0.4,86.63,False,75,-26.51,0.37
USDJPY,B_london_rev,B_london_rev|ref22-04o0|act06-09|rev|b0.75|a10|m1.0|tp0.75|x11,264,-90.24,0.4,89.08,False,75,-26.02,0.39
USDJPY,B_london_rev,B_london_rev|ref22-04o0|act06-09|rev|b0.75|a10|m1.0|tpopp|x10,264,-66.88,0.58,65.42,False,75,-12.8,0.72
USDJPY,B_london_rev,B_london_rev|ref22-04o0|act06-09|rev|b0.75|a10|m1.0|tpopp|x11,264,-66.61,0.6,65.15,False,75,-8.53,0.82
USDJPY,B_london_rev,B_london_rev|ref22-04o0|act06-09|rev|b0.75|a10|m1.5|tp0.5|x10,264,-61.17,0.41,61.56,False,75,-19.09,0.36
USDJPY,B_london_rev,B_london_rev|ref22-04o0|act06-09|rev|b0.75|a10|m1.5|tp0.5|x11,264,-62.83,0.41,63.22,False,75,-18.89,0.38
USDJPY,B_london_rev,B_london_rev|ref22-04o0|act06-09|rev|b0.75|a10|m1.5|tp0.75|x10,264,-51.1,0.53,51.54,False,75,-13.66,0.55
USDJPY,B_london_rev,B_london_rev|ref22-04o0|act06-09|rev|b0.75|a10|m1.5|tp0.75|x11,264,-51.27,0.55,51.71,False,75,-11.44,0.63
USDJPY,B_london_rev,B_london_rev|ref22-04o0|act06-09|rev|b0.75|a10|m1.5|tpopp|x10,264,-46.3,0.59,46.27,False,75,-10.29,0.68
USDJPY,B_london_rev,B_london_rev|ref22-04o0|act06-09|rev|b0.75|a10|m1.5|tpopp|x11,264,-47.83,0.6,47.38,False,75,-7.42,0.78
USDJPY,B_london_rev,B_london_rev|ref22-04o0|act06-09|rev_cf|b0.25|a10|m1.0|tp0.5|x10,182,-75.92,0.22,76.06,False,61,-33.32,0.12
USDJPY,B_london_rev,B_london_rev|ref22-04o0|act06-09|rev_cf|b0.25|a10|m1.0|tp0.5|x11,182,-76.05,0.23,76.19,False,61,-32.87,0.13
USDJPY,B_london_rev,B_london_rev|ref22-04o0|act06-09|rev_cf|b0.25|a10|m1.0|tp0.75|x10,182,-66.91,0.35,68.32,False,61,-32.03,0.19
USDJPY,B_london_rev,B_london_rev|ref22-04o0|act06-09|rev_cf|b0.25|a10|m1.0|tp0.75|x11,182,-65.98,0.37,67.39,False,61,-33.05,0.21
USDJPY,B_london_rev,B_london_rev|ref22-04o0|act06-09|rev_cf|b0.25|a10|m1.0|tpopp|x10,182,-57.38,0.47,58.76,False,61,-27.18,0.34
USDJPY,B_london_rev,B_london_rev|ref22-04o0|act06-09|rev_cf|b0.25|a10|m1.0|tpopp|x11,182,-62.0,0.47,64.01,False,61,-28.85,0.35
USDJPY,B_london_rev,B_london_rev|ref22-04o0|act06-09|rev_cf|b0.25|a10|m1.5|tp0.5|x10,182,-52.01,0.32,53.38,False,61,-22.26,0.21
USDJPY,B_london_rev,B_london_rev|ref22-04o0|act06-09|rev_cf|b0.25|a10|m1.5|tp0.5|x11,182,-53.06,0.33,53.91,False,61,-24.27,0.21
USDJPY,B_london_rev,B_london_rev|ref22-04o0|act06-09|rev_cf|b0.25|a10|m1.5|tp0.75|x10,182,-45.17,0.42,47.79,False,61,-20.81,0.28
USDJPY,B_london_rev,B_london_rev|ref22-04o0|act06-09|rev_cf|b0.25|a10|m1.5|tp0.75|x11,182,-48.92,0.41,51.4,False,61,-24.82,0.26
USDJPY,B_london_rev,B_london_rev|ref22-04o0|act06-09|rev_cf|b0.25|a10|m1.5|tpopp|x10,182,-45.51,0.43,47.08,False,61,-18.67,0.35
USDJPY,B_london_rev,B_london_rev|ref22-04o0|act06-09|rev_cf|b0.25|a10|m1.5|tpopp|x11,182,-50.12,0.42,51.71,False,61,-21.36,0.35
USDJPY,B_london_rev,B_london_rev|ref22-04o0|act06-09|rev_cf|b0.5|a10|m1.0|tp0.5|x10,102,-35.0,0.29,33.91,False,31,-18.37,0.09
USDJPY,B_london_rev,B_london_rev|ref22-04o0|act06-09|rev_cf|b0.5|a10|m1.0|tp0.5|x11,102,-35.67,0.29,34.58,False,31,-18.38,0.1
USDJPY,B_london_rev,B_london_rev|ref22-04o0|act06-09|rev_cf|b0.5|a10|m1.0|tp0.75|x10,102,-26.99,0.46,26.96,False,31,-17.3,0.15
USDJPY,B_london_rev,B_london_rev|ref22-04o0|act06-09|rev_cf|b0.5|a10|m1.0|tp0.75|x11,102,-27.02,0.48,26.84,False,31,-17.66,0.19
USDJPY,B_london_rev,B_london_rev|ref22-04o0|act06-09|rev_cf|b0.5|a10|m1.0|tpopp|x10,102,-20.91,0.61,23.51,False,31,-14.6,0.28
USDJPY,B_london_rev,B_london_rev|ref22-04o0|act06-09|rev_cf|b0.5|a10|m1.0|tpopp|x11,102,-22.79,0.6,23.62,False,31,-14.48,0.34
USDJPY,B_london_rev,B_london_rev|ref22-04o0|act06-09|rev_cf|b0.5|a10|m1.5|tp0.5|x10,102,-21.64,0.42,21.71,False,31,-10.85,0.17
USDJPY,B_london_rev,B_london_rev|ref22-04o0|act06-09|rev_cf|b0.5|a10|m1.5|tp0.5|x11,102,-23.28,0.43,22.73,False,31,-12.36,0.19
USDJPY,B_london_rev,B_london_rev|ref22-04o0|act06-09|rev_cf|b0.5|a10|m1.5|tp0.75|x10,102,-16.92,0.55,18.0,False,31,-10.28,0.21
USDJPY,B_london_rev,B_london_rev|ref22-04o0|act06-09|rev_cf|b0.5|a10|m1.5|tp0.75|x11,102,-19.03,0.54,19.75,False,31,-12.71,0.22
USDJPY,B_london_rev,B_london_rev|ref22-04o0|act06-09|rev_cf|b0.5|a10|m1.5|tpopp|x10,102,-17.3,0.56,19.13,False,31,-8.88,0.32
USDJPY,B_london_rev,B_london_rev|ref22-04o0|act06-09|rev_cf|b0.5|a10|m1.5|tpopp|x11,102,-20.37,0.53,20.63,False,31,-10.07,0.35
USDJPY,B_london_rev,B_london_rev|ref22-04o0|act06-10|rev|b0.25|a10|m1.0|tp0.5|x10,420,-148.98,0.29,147.83,False,128,-62.55,0.15
USDJPY,B_london_rev,B_london_rev|ref22-04o0|act06-10|rev|b0.25|a10|m1.0|tp0.5|x11,420,-149.95,0.29,148.81,False,128,-58.14,0.18
USDJPY,B_london_rev,B_london_rev|ref22-04o0|act06-10|rev|b0.25|a10|m1.0|tp0.75|x10,420,-133.05,0.42,131.9,False,128,-56.37,0.29
USDJPY,B_london_rev,B_london_rev|ref22-04o0|act06-10|rev|b0.25|a10|m1.0|tp0.75|x11,420,-132.24,0.43,131.08,False,128,-49.75,0.35
USDJPY,B_london_rev,B_london_rev|ref22-04o0|act06-10|rev|b0.25|a10|m1.0|tpopp|x10,420,-117.8,0.56,116.34,False,128,-41.45,0.51
USDJPY,B_london_rev,B_london_rev|ref22-04o0|act06-10|rev|b0.25|a10|m1.0|tpopp|x11,420,-114.56,0.57,113.09,False,128,-31.16,0.62
USDJPY,B_london_rev,B_london_rev|ref22-04o0|act06-10|rev|b0.25|a10|m1.5|tp0.5|x10,420,-93.89,0.42,94.29,False,128,-35.36,0.34
USDJPY,B_london_rev,B_london_rev|ref22-04o0|act06-10|rev|b0.25|a10|m1.5|tp0.5|x11,420,-96.83,0.42,97.23,False,128,-35.12,0.36
USDJPY,B_london_rev,B_london_rev|ref22-04o0|act06-10|rev|b0.25|a10|m1.5|tp0.75|x10,420,-80.52,0.54,80.97,False,128,-27.17,0.5
USDJPY,B_london_rev,B_london_rev|ref22-04o0|act06-10|rev|b0.25|a10|m1.5|tp0.75|x11,420,-82.76,0.54,83.2,False,128,-27.73,0.51
USDJPY,B_london_rev,B_london_rev|ref22-04o0|act06-10|rev|b0.25|a10|m1.5|tpopp|x10,420,-84.54,0.55,84.5,False,128,-26.38,0.55
USDJPY,B_london_rev,B_london_rev|ref22-04o0|act06-10|rev|b0.25|a10|m1.5|tpopp|x11,420,-84.87,0.56,84.43,False,128,-22.07,0.63
USDJPY,B_london_rev,B_london_rev|ref22-04o0|act06-10|rev|b0.5|a10|m1.0|tp0.5|x10,362,-135.88,0.27,134.88,False,108,-51.45,0.17
USDJPY,B_london_rev,B_london_rev|ref22-04o0|act06-10|rev|b0.5|a10|m1.0|tp0.5|x11,362,-133.26,0.28,132.26,False,108,-51.21,0.18
USDJPY,B_london_rev,B_london_rev|ref22-04o0|act06-10|rev|b0.5|a10|m1.0|tp0.75|x10,362,-120.48,0.4,119.86,False,108,-45.79,0.31
USDJPY,B_london_rev,B_london_rev|ref22-04o0|act06-10|rev|b0.5|a10|m1.0|tp0.75|x11,362,-117.75,0.42,117.13,False,108,-42.77,0.34
USDJPY,B_london_rev,B_london_rev|ref22-04o0|act06-10|rev|b0.5|a10|m1.0|tpopp|x10,362,-109.11,0.53,108.07,False,108,-39.73,0.48
USDJPY,B_london_rev,B_london_rev|ref22-04o0|act06-10|rev|b0.5|a10|m1.0|tpopp|x11,362,-97.92,0.57,97.33,False,108,-25.57,0.63
USDJPY,B_london_rev,B_london_rev|ref22-04o0|act06-10|rev|b0.5|a10|m1.5|tp0.5|x10,362,-82.07,0.42,82.83,False,108,-24.46,0.4
USDJPY,B_london_rev,B_london_rev|ref22-04o0|act06-10|rev|b0.5|a10|m1.5|tp0.5|x11,362,-81.33,0.42,82.09,False,108,-27.36,0.37
USDJPY,B_london_rev,B_london_rev|ref22-04o0|act06-10|rev|b0.5|a10|m1.5|tp0.75|x10,362,-72.83,0.53,73.29,False,108,-17.83,0.58
USDJPY,B_london_rev,B_london_rev|ref22-04o0|act06-10|rev|b0.5|a10|m1.5|tp0.75|x11,362,-67.29,0.55,68.06,False,108,-19.89,0.55
USDJPY,B_london_rev,B_london_rev|ref22-04o0|act06-10|rev|b0.5|a10|m1.5|tpopp|x10,362,-71.22,0.57,71.47,False,108,-21.62,0.57
USDJPY,B_london_rev,B_london_rev|ref22-04o0|act06-10|rev|b0.5|a10|m1.5|tpopp|x11,362,-68.79,0.57,68.93,False,108,-15.18,0.67
USDJPY,B_london_rev,B_london_rev|ref22-04o0|act06-10|rev|b0.75|a10|m1.0|tp0.5|x10,295,-107.43,0.28,106.14,False,86,-34.91,0.21
USDJPY,B_london_rev,B_london_rev|ref22-04o0|act06-10|rev|b0.75|a10|m1.0|tp0.5|x11,295,-107.05,0.28,105.76,False,86,-34.19,0.22
USDJPY,B_london_rev,B_london_rev|ref22-04o0|act06-10|rev|b0.75|a10|m1.0|tp0.75|x10,295,-98.73,0.4,97.58,False,86,-29.84,0.38
USDJPY,B_london_rev,B_london_rev|ref22-04o0|act06-10|rev|b0.75|a10|m1.0|tp0.75|x11,295,-100.38,0.39,99.23,False,86,-29.61,0.38
USDJPY,B_london_rev,B_london_rev|ref22-04o0|act06-10|rev|b0.75|a10|m1.0|tpopp|x10,295,-81.94,0.57,80.48,False,86,-20.35,0.64
USDJPY,B_london_rev,B_london_rev|ref22-04o0|act06-10|rev|b0.75|a10|m1.0|tpopp|x11,295,-75.43,0.58,73.97,False,86,-9.85,0.81
USDJPY,B_london_rev,B_london_rev|ref22-04o0|act06-10|rev|b0.75|a10|m1.5|tp0.5|x10,295,-68.21,0.42,68.61,False,86,-18.48,0.43
USDJPY,B_london_rev,B_london_rev|ref22-04o0|act06-10|rev|b0.75|a10|m1.5|tp0.5|x11,295,-70.3,0.4,70.7,False,86,-21.02,0.38
USDJPY,B_london_rev,B_london_rev|ref22-04o0|act06-10|rev|b0.75|a10|m1.5|tp0.75|x10,295,-57.14,0.54,57.58,False,86,-12.54,0.63
USDJPY,B_london_rev,B_london_rev|ref22-04o0|act06-10|rev|b0.75|a10|m1.5|tp0.75|x11,295,-57.1,0.54,57.54,False,86,-12.82,0.62
USDJPY,B_london_rev,B_london_rev|ref22-04o0|act06-10|rev|b0.75|a10|m1.5|tpopp|x10,295,-56.83,0.58,56.8,False,86,-13.56,0.66
USDJPY,B_london_rev,B_london_rev|ref22-04o0|act06-10|rev|b0.75|a10|m1.5|tpopp|x11,295,-54.42,0.58,53.98,False,86,-8.03,0.78
USDJPY,B_london_rev,B_london_rev|ref22-04o0|act06-10|rev_cf|b0.25|a10|m1.0|tp0.5|x10,210,-78.48,0.26,78.63,False,70,-35.57,0.14
USDJPY,B_london_rev,B_london_rev|ref22-04o0|act06-10|rev_cf|b0.25|a10|m1.0|tp0.5|x11,210,-76.2,0.27,76.34,False,70,-34.58,0.14
USDJPY,B_london_rev,B_london_rev|ref22-04o0|act06-10|rev_cf|b0.25|a10|m1.0|tp0.75|x10,210,-69.48,0.4,70.89,False,70,-34.53,0.22
USDJPY,B_london_rev,B_london_rev|ref22-04o0|act06-10|rev_cf|b0.25|a10|m1.0|tp0.75|x11,210,-63.48,0.43,64.88,False,70,-34.01,0.23
USDJPY,B_london_rev,B_london_rev|ref22-04o0|act06-10|rev_cf|b0.25|a10|m1.0|tpopp|x10,210,-53.91,0.57,55.3,False,70,-31.62,0.35
USDJPY,B_london_rev,B_london_rev|ref22-04o0|act06-10|rev_cf|b0.25|a10|m1.0|tpopp|x11,210,-58.69,0.52,60.69,False,70,-30.1,0.36
USDJPY,B_london_rev,B_london_rev|ref22-04o0|act06-10|rev_cf|b0.25|a10|m1.5|tp0.5|x10,210,-52.55,0.38,53.92,False,70,-22.26,0.26
USDJPY,B_london_rev,B_london_rev|ref22-04o0|act06-10|rev_cf|b0.25|a10|m1.5|tp0.5|x11,210,-51.71,0.38,52.56,False,70,-25.24,0.23
USDJPY,B_london_rev,B_london_rev|ref22-04o0|act06-10|rev_cf|b0.25|a10|m1.5|tp0.75|x10,210,-43.96,0.5,46.58,False,70,-20.8,0.35
USDJPY,B_london_rev,B_london_rev|ref22-04o0|act06-10|rev_cf|b0.25|a10|m1.5|tp0.75|x11,210,-47.11,0.46,49.59,False,70,-25.04,0.29
USDJPY,B_london_rev,B_london_rev|ref22-04o0|act06-10|rev_cf|b0.25|a10|m1.5|tpopp|x10,210,-44.12,0.53,45.69,False,70,-19.94,0.41
USDJPY,B_london_rev,B_london_rev|ref22-04o0|act06-10|rev_cf|b0.25|a10|m1.5|tpopp|x11,210,-48.22,0.47,49.81,False,70,-22.53,0.35
USDJPY,B_london_rev,B_london_rev|ref22-04o0|act06-10|rev_cf|b0.5|a10|m1.0|tp0.5|x10,123,-38.37,0.33,37.28,False,38,-18.26,0.15
USDJPY,B_london_rev,B_london_rev|ref22-04o0|act06-10|rev_cf|b0.5|a10|m1.0|tp0.5|x11,123,-36.84,0.34,35.75,False,38,-18.85,0.13
USDJPY,B_london_rev,B_london_rev|ref22-04o0|act06-10|rev_cf|b0.5|a10|m1.0|tp0.75|x10,123,-30.11,0.5,30.08,False,38,-17.45,0.23
USDJPY,B_london_rev,B_london_rev|ref22-04o0|act06-10|rev_cf|b0.5|a10|m1.0|tp0.75|x11,123,-26.26,0.54,26.08,False,38,-17.38,0.24
USDJPY,B_london_rev,B_london_rev|ref22-04o0|act06-10|rev_cf|b0.5|a10|m1.0|tpopp|x10,123,-28.31,0.59,28.78,False,38,-16.69,0.34
USDJPY,B_london_rev,B_london_rev|ref22-04o0|act06-10|rev_cf|b0.5|a10|m1.0|tpopp|x11,123,-22.7,0.63,23.53,False,38,-14.5,0.38
USDJPY,B_london_rev,B_london_rev|ref22-04o0|act06-10|rev_cf|b0.5|a10|m1.5|tp0.5|x10,123,-23.38,0.47,23.46,False,38,-8.62,0.34
USDJPY,B_london_rev,B_london_rev|ref22-04o0|act06-10|rev_cf|b0.5|a10|m1.5|tp0.5|x11,123,-22.75,0.48,22.21,False,38,-12.18,0.25
USDJPY,B_london_rev,B_london_rev|ref22-04o0|act06-10|rev_cf|b0.5|a10|m1.5|tp0.75|x10,123,-20.17,0.58,21.4,False,38,-8.04,0.43
USDJPY,B_london_rev,B_london_rev|ref22-04o0|act06-10|rev_cf|b0.5|a10|m1.5|tp0.75|x11,123,-18.77,0.58,19.68,False,38,-11.78,0.31
USDJPY,B_london_rev,B_london_rev|ref22-04o0|act06-10|rev_cf|b0.5|a10|m1.5|tpopp|x10,123,-21.95,0.58,22.5,False,38,-7.91,0.49
USDJPY,B_london_rev,B_london_rev|ref22-04o0|act06-10|rev_cf|b0.5|a10|m1.5|tpopp|x11,123,-20.29,0.57,20.43,False,38,-10.09,0.38
USDJPY,B_london_rev,B_london_rev|ref22-04o0|act07-10|rev|b0.25|a10|m1.0|tp0.5|x10,398,-131.8,0.3,131.85,False,119,-50.17,0.19
USDJPY,B_london_rev,B_london_rev|ref22-04o0|act07-10|rev|b0.25|a10|m1.0|tp0.5|x11,398,-132.71,0.3,132.76,False,119,-46.57,0.23
USDJPY,B_london_rev,B_london_rev|ref22-04o0|act07-10|rev|b0.25|a10|m1.0|tp0.75|x10,398,-114.72,0.43,115.02,False,119,-45.76,0.31
USDJPY,B_london_rev,B_london_rev|ref22-04o0|act07-10|rev|b0.25|a10|m1.0|tp0.75|x11,398,-114.16,0.45,114.46,False,119,-40.08,0.38
USDJPY,B_london_rev,B_london_rev|ref22-04o0|act07-10|rev|b0.25|a10|m1.0|tpopp|x10,398,-102.25,0.54,103.02,False,119,-38.43,0.47
USDJPY,B_london_rev,B_london_rev|ref22-04o0|act07-10|rev|b0.25|a10|m1.0|tpopp|x11,398,-98.27,0.56,98.92,False,119,-27.58,0.61
USDJPY,B_london_rev,B_london_rev|ref22-04o0|act07-10|rev|b0.25|a10|m1.5|tp0.5|x10,398,-89.0,0.4,89.2,False,119,-29.02,0.34
USDJPY,B_london_rev,B_london_rev|ref22-04o0|act07-10|rev|b0.25|a10|m1.5|tp0.5|x11,398,-90.3,0.41,90.5,False,119,-27.47,0.38
USDJPY,B_london_rev,B_london_rev|ref22-04o0|act07-10|rev|b0.25|a10|m1.5|tp0.75|x10,398,-85.91,0.45,87.66,False,119,-24.74,0.46
USDJPY,B_london_rev,B_london_rev|ref22-04o0|act07-10|rev|b0.25|a10|m1.5|tp0.75|x11,398,-83.77,0.48,84.8,False,119,-22.69,0.51
USDJPY,B_london_rev,B_london_rev|ref22-04o0|act07-10|rev|b0.25|a10|m1.5|tpopp|x10,398,-81.34,0.5,82.76,False,119,-26.39,0.47
USDJPY,B_london_rev,B_london_rev|ref22-04o0|act07-10|rev|b0.25|a10|m1.5|tpopp|x11,398,-79.32,0.52,80.07,False,119,-19.23,0.6
USDJPY,B_london_rev,B_london_rev|ref22-04o0|act07-10|rev|b0.5|a10|m1.0|tp0.5|x10,341,-120.42,0.28,120.47,False,103,-39.66,0.21
USDJPY,B_london_rev,B_london_rev|ref22-04o0|act07-10|rev|b0.5|a10|m1.0|tp0.5|x11,341,-117.04,0.29,117.09,False,103,-40.59,0.22
USDJPY,B_london_rev,B_london_rev|ref22-04o0|act07-10|rev|b0.5|a10|m1.0|tp0.75|x10,341,-102.73,0.42,103.03,False,103,-36.11,0.34
USDJPY,B_london_rev,B_london_rev|ref22-04o0|act07-10|rev|b0.5|a10|m1.0|tp0.75|x11,341,-100.69,0.44,100.99,False,103,-34.48,0.37
USDJPY,B_london_rev,B_london_rev|ref22-04o0|act07-10|rev|b0.5|a10|m1.0|tpopp|x10,341,-105.43,0.48,106.19,False,103,-33.38,0.47
USDJPY,B_london_rev,B_london_rev|ref22-04o0|act07-10|rev|b0.5|a10|m1.0|tpopp|x11,341,-92.34,0.52,92.51,False,103,-19.12,0.67
USDJPY,B_london_rev,B_london_rev|ref22-04o0|act07-10|rev|b0.5|a10|m1.5|tp0.5|x10,341,-79.2,0.39,79.4,False,103,-21.55,0.39
USDJPY,B_london_rev,B_london_rev|ref22-04o0|act07-10|rev|b0.5|a10|m1.5|tp0.5|x11,341,-78.41,0.41,78.61,False,103,-24.09,0.36
USDJPY,B_london_rev,B_london_rev|ref22-04o0|act07-10|rev|b0.5|a10|m1.5|tp0.75|x10,341,-81.41,0.43,81.86,False,103,-16.86,0.54
USDJPY,B_london_rev,B_london_rev|ref22-04o0|act07-10|rev|b0.5|a10|m1.5|tp0.75|x11,341,-72.29,0.48,72.81,False,103,-18.32,0.53
USDJPY,B_london_rev,B_london_rev|ref22-04o0|act07-10|rev|b0.5|a10|m1.5|tpopp|x10,341,-78.86,0.47,79.38,False,103,-21.52,0.51
USDJPY,B_london_rev,B_london_rev|ref22-04o0|act07-10|rev|b0.5|a10|m1.5|tpopp|x11,341,-72.62,0.48,73.06,False,103,-13.89,0.66
USDJPY,B_london_rev,B_london_rev|ref22-04o0|act07-10|rev|b0.75|a10|m1.0|tp0.5|x10,276,-91.92,0.3,91.97,False,82,-32.21,0.21
USDJPY,B_london_rev,B_london_rev|ref22-04o0|act07-10|rev|b0.75|a10|m1.0|tp0.5|x11,276,-89.76,0.31,89.81,False,82,-31.58,0.22
USDJPY,B_london_rev,B_london_rev|ref22-04o0|act07-10|rev|b0.75|a10|m1.0|tp0.75|x10,276,-80.0,0.43,80.3,False,82,-28.4,0.35
USDJPY,B_london_rev,B_london_rev|ref22-04o0|act07-10|rev|b0.75|a10|m1.0|tp0.75|x11,276,-81.29,0.43,81.59,False,82,-27.83,0.36
USDJPY,B_london_rev,B_london_rev|ref22-04o0|act07-10|rev|b0.75|a10|m1.0|tpopp|x10,276,-82.02,0.49,82.78,False,82,-25.54,0.51
USDJPY,B_london_rev,B_london_rev|ref22-04o0|act07-10|rev|b0.75|a10|m1.0|tpopp|x11,276,-73.86,0.52,74.03,False,82,-13.74,0.71
USDJPY,B_london_rev,B_london_rev|ref22-04o0|act07-10|rev|b0.75|a10|m1.5|tp0.5|x10,276,-64.34,0.39,64.54,False,82,-15.94,0.42
USDJPY,B_london_rev,B_london_rev|ref22-04o0|act07-10|rev|b0.75|a10|m1.5|tp0.5|x11,276,-64.6,0.39,64.8,False,82,-19.1,0.36
USDJPY,B_london_rev,B_london_rev|ref22-04o0|act07-10|rev|b0.75|a10|m1.5|tp0.75|x10,276,-65.25,0.42,65.7,False,82,-13.7,0.55
USDJPY,B_london_rev,B_london_rev|ref22-04o0|act07-10|rev|b0.75|a10|m1.5|tp0.75|x11,276,-62.15,0.44,62.6,False,82,-14.28,0.54
USDJPY,B_london_rev,B_london_rev|ref22-04o0|act07-10|rev|b0.75|a10|m1.5|tpopp|x10,276,-65.97,0.46,66.49,False,82,-14.22,0.61
USDJPY,B_london_rev,B_london_rev|ref22-04o0|act07-10|rev|b0.75|a10|m1.5|tpopp|x11,276,-59.56,0.47,59.67,False,82,-9.75,0.7
USDJPY,B_london_rev,B_london_rev|ref22-04o0|act07-10|rev_cf|b0.25|a10|m1.0|tp0.5|x10,160,-52.85,0.3,53.0,False,49,-20.25,0.19
USDJPY,B_london_rev,B_london_rev|ref22-04o0|act07-10|rev_cf|b0.25|a10|m1.0|tp0.5|x11,160,-49.38,0.32,49.52,False,49,-19.04,0.19
USDJPY,B_london_rev,B_london_rev|ref22-04o0|act07-10|rev_cf|b0.25|a10|m1.0|tp0.75|x10,160,-41.86,0.47,42.83,False,49,-19.55,0.27
USDJPY,B_london_rev,B_london_rev|ref22-04o0|act07-10|rev_cf|b0.25|a10|m1.0|tp0.75|x11,160,-35.3,0.52,36.26,False,49,-18.46,0.29
USDJPY,B_london_rev,B_london_rev|ref22-04o0|act07-10|rev_cf|b0.25|a10|m1.0|tpopp|x10,160,-27.98,0.68,29.64,False,49,-19.79,0.33
USDJPY,B_london_rev,B_london_rev|ref22-04o0|act07-10|rev_cf|b0.25|a10|m1.0|tpopp|x11,160,-33.06,0.59,34.87,False,49,-17.78,0.34
USDJPY,B_london_rev,B_london_rev|ref22-04o0|act07-10|rev_cf|b0.25|a10|m1.5|tp0.5|x10,160,-29.32,0.48,30.5,False,49,-11.45,0.33
USDJPY,B_london_rev,B_london_rev|ref22-04o0|act07-10|rev_cf|b0.25|a10|m1.5|tp0.5|x11,160,-27.98,0.48,28.77,False,49,-12.97,0.29
USDJPY,B_london_rev,B_london_rev|ref22-04o0|act07-10|rev_cf|b0.25|a10|m1.5|tp0.75|x10,160,-22.69,0.61,25.48,False,49,-10.54,0.43
USDJPY,B_london_rev,B_london_rev|ref22-04o0|act07-10|rev_cf|b0.25|a10|m1.5|tp0.75|x11,160,-25.4,0.55,27.95,False,49,-11.77,0.37
USDJPY,B_london_rev,B_london_rev|ref22-04o0|act07-10|rev_cf|b0.25|a10|m1.5|tpopp|x10,160,-21.44,0.66,23.2,False,49,-11.79,0.41
USDJPY,B_london_rev,B_london_rev|ref22-04o0|act07-10|rev_cf|b0.25|a10|m1.5|tpopp|x11,160,-26.26,0.55,27.72,False,49,-12.72,0.32
USDJPY,B_london_rev,B_london_rev|ref22-04o0|act07-10|rev_cf|b0.5|a10|m1.0|tp0.5|x10,99,-26.61,0.38,26.61,False,29,-8.25,0.27
USDJPY,B_london_rev,B_london_rev|ref22-04o0|act07-10|rev_cf|b0.5|a10|m1.0|tp0.5|x11,99,-25.01,0.39,25.02,False,29,-9.25,0.23
USDJPY,B_london_rev,B_london_rev|ref22-04o0|act07-10|rev_cf|b0.5|a10|m1.0|tp0.75|x10,99,-18.22,0.6,19.21,False,29,-7.68,0.39
USDJPY,B_london_rev,B_london_rev|ref22-04o0|act07-10|rev_cf|b0.5|a10|m1.0|tp0.75|x11,99,-14.85,0.64,15.6,False,29,-8.27,0.37
USDJPY,B_london_rev,B_london_rev|ref22-04o0|act07-10|rev_cf|b0.5|a10|m1.0|tpopp|x10,99,-19.09,0.64,21.29,False,29,-7.59,0.5
USDJPY,B_london_rev,B_london_rev|ref22-04o0|act07-10|rev_cf|b0.5|a10|m1.0|tpopp|x11,99,-14.56,0.67,15.83,False,29,-6.36,0.53
USDJPY,B_london_rev,B_london_rev|ref22-04o0|act07-10|rev_cf|b0.5|a10|m1.5|tp0.5|x10,99,-13.89,0.58,15.46,False,29,-2.96,0.58
USDJPY,B_london_rev,B_london_rev|ref22-04o0|act07-10|rev_cf|b0.5|a10|m1.5|tp0.5|x11,99,-13.96,0.56,15.11,False,29,-6.12,0.35
USDJPY,B_london_rev,B_london_rev|ref22-04o0|act07-10|rev_cf|b0.5|a10|m1.5|tp0.75|x10,99,-11.4,0.69,14.49,False,29,-2.46,0.7
USDJPY,B_london_rev,B_london_rev|ref22-04o0|act07-10|rev_cf|b0.5|a10|m1.5|tp0.75|x11,99,-11.04,0.66,13.8,False,29,-5.04,0.47
USDJPY,B_london_rev,B_london_rev|ref22-04o0|act07-10|rev_cf|b0.5|a10|m1.5|tpopp|x10,99,-14.53,0.64,16.9,False,29,-2.86,0.7
USDJPY,B_london_rev,B_london_rev|ref22-04o0|act07-10|rev_cf|b0.5|a10|m1.5|tpopp|x11,99,-13.71,0.6,14.86,False,29,-4.85,0.49
USDJPY,C_ny_rev,C_ny_rev|ref07-12o0|act12-15|rev|b0.25|a10|m1.0|tp0.5|x17,432,-156.59,0.29,156.8,False,106,-45.47,0.2
USDJPY,C_ny_rev,C_ny_rev|ref07-12o0|act12-15|rev|b0.25|a10|m1.0|tp0.5|x19,432,-155.13,0.3,155.35,False,106,-47.55,0.19
USDJPY,C_ny_rev,C_ny_rev|ref07-12o0|act12-15|rev|b0.25|a10|m1.0|tp0.75|x17,432,-122.82,0.47,123.06,False,106,-35.19,0.4
USDJPY,C_ny_rev,C_ny_rev|ref07-12o0|act12-15|rev|b0.25|a10|m1.0|tp0.75|x19,432,-118.64,0.49,119.6,False,106,-36.91,0.4
USDJPY,C_ny_rev,C_ny_rev|ref07-12o0|act12-15|rev|b0.25|a10|m1.0|tp1.0|x17,432,-105.15,0.57,105.89,False,106,-26.38,0.56
USDJPY,C_ny_rev,C_ny_rev|ref07-12o0|act12-15|rev|b0.25|a10|m1.0|tp1.0|x19,432,-102.97,0.58,104.68,False,106,-27.12,0.57
USDJPY,C_ny_rev,C_ny_rev|ref07-12o0|act12-15|rev|b0.25|a10|m1.5|tp0.5|x17,432,-86.34,0.48,86.5,False,106,-22.81,0.43
USDJPY,C_ny_rev,C_ny_rev|ref07-12o0|act12-15|rev|b0.25|a10|m1.5|tp0.5|x19,432,-85.25,0.49,85.89,False,106,-22.61,0.46
USDJPY,C_ny_rev,C_ny_rev|ref07-12o0|act12-15|rev|b0.25|a10|m1.5|tp0.75|x17,432,-70.18,0.61,70.84,False,106,-18.2,0.59
USDJPY,C_ny_rev,C_ny_rev|ref07-12o0|act12-15|rev|b0.25|a10|m1.5|tp0.75|x19,432,-69.43,0.63,70.82,False,106,-19.05,0.6
USDJPY,C_ny_rev,C_ny_rev|ref07-12o0|act12-15|rev|b0.25|a10|m1.5|tp1.0|x17,432,-57.84,0.69,58.99,False,106,-19.39,0.6
USDJPY,C_ny_rev,C_ny_rev|ref07-12o0|act12-15|rev|b0.25|a10|m1.5|tp1.0|x19,432,-60.72,0.69,62.86,False,106,-18.86,0.64
USDJPY,C_ny_rev,C_ny_rev|ref07-12o0|act12-15|rev|b0.5|a10|m1.0|tp0.5|x17,353,-120.42,0.31,120.64,False,88,-34.66,0.21
USDJPY,C_ny_rev,C_ny_rev|ref07-12o0|act12-15|rev|b0.5|a10|m1.0|tp0.5|x19,353,-120.2,0.32,120.41,False,88,-36.04,0.21
USDJPY,C_ny_rev,C_ny_rev|ref07-12o0|act12-15|rev|b0.5|a10|m1.0|tp0.75|x17,353,-97.07,0.47,97.31,False,88,-25.65,0.43
USDJPY,C_ny_rev,C_ny_rev|ref07-12o0|act12-15|rev|b0.5|a10|m1.0|tp0.75|x19,353,-95.3,0.49,96.26,False,88,-27.62,0.42
USDJPY,C_ny_rev,C_ny_rev|ref07-12o0|act12-15|rev|b0.5|a10|m1.0|tp1.0|x17,353,-81.89,0.58,82.63,False,88,-21.33,0.55
USDJPY,C_ny_rev,C_ny_rev|ref07-12o0|act12-15|rev|b0.5|a10|m1.0|tp1.0|x19,353,-82.07,0.59,83.78,False,88,-22.85,0.56
USDJPY,C_ny_rev,C_ny_rev|ref07-12o0|act12-15|rev|b0.5|a10|m1.5|tp0.5|x17,353,-74.42,0.45,74.58,False,88,-18.1,0.43
USDJPY,C_ny_rev,C_ny_rev|ref07-12o0|act12-15|rev|b0.5|a10|m1.5|tp0.5|x19,353,-76.19,0.46,76.83,False,88,-17.71,0.46
USDJPY,C_ny_rev,C_ny_rev|ref07-12o0|act12-15|rev|b0.5|a10|m1.5|tp0.75|x17,353,-58.98,0.59,59.64,False,88,-13.99,0.6
USDJPY,C_ny_rev,C_ny_rev|ref07-12o0|act12-15|rev|b0.5|a10|m1.5|tp0.75|x19,353,-63.83,0.59,65.22,False,88,-15.48,0.6
USDJPY,C_ny_rev,C_ny_rev|ref07-12o0|act12-15|rev|b0.5|a10|m1.5|tp1.0|x17,353,-51.32,0.66,52.48,False,88,-15.21,0.61
USDJPY,C_ny_rev,C_ny_rev|ref07-12o0|act12-15|rev|b0.5|a10|m1.5|tp1.0|x19,353,-60.1,0.63,62.24,False,88,-16.41,0.62
USDJPY,C_ny_rev,C_ny_rev|ref07-12o0|act12-15|rev_cf|b0.25|a10|m1.0|tp0.5|x17,209,-74.43,0.3,75.33,False,48,-17.68,0.26
USDJPY,C_ny_rev,C_ny_rev|ref07-12o0|act12-15|rev_cf|b0.25|a10|m1.0|tp0.5|x19,209,-73.45,0.31,74.43,False,48,-17.82,0.26
USDJPY,C_ny_rev,C_ny_rev|ref07-12o0|act12-15|rev_cf|b0.25|a10|m1.0|tp0.75|x17,209,-53.75,0.5,55.14,False,48,-11.01,0.53
USDJPY,C_ny_rev,C_ny_rev|ref07-12o0|act12-15|rev_cf|b0.25|a10|m1.0|tp0.75|x19,209,-52.45,0.52,54.18,False,48,-10.57,0.55
USDJPY,C_ny_rev,C_ny_rev|ref07-12o0|act12-15|rev_cf|b0.25|a10|m1.0|tp1.0|x17,209,-43.44,0.62,45.34,False,48,-6.39,0.73
USDJPY,C_ny_rev,C_ny_rev|ref07-12o0|act12-15|rev_cf|b0.25|a10|m1.0|tp1.0|x19,209,-42.72,0.63,44.69,False,48,-3.9,0.83
USDJPY,C_ny_rev,C_ny_rev|ref07-12o0|act12-15|rev_cf|b0.25|a10|m1.5|tp0.5|x17,209,-36.49,0.52,37.42,False,48,-6.38,0.58
USDJPY,C_ny_rev,C_ny_rev|ref07-12o0|act12-15|rev_cf|b0.25|a10|m1.5|tp0.5|x19,209,-36.99,0.53,38.14,False,48,-5.48,0.64
USDJPY,C_ny_rev,C_ny_rev|ref07-12o0|act12-15|rev_cf|b0.25|a10|m1.5|tp0.75|x17,209,-27.46,0.67,28.89,False,48,-4.57,0.74
USDJPY,C_ny_rev,C_ny_rev|ref07-12o0|act12-15|rev_cf|b0.25|a10|m1.5|tp0.75|x19,209,-27.62,0.68,29.09,False,48,-2.17,0.88
USDJPY,C_ny_rev,C_ny_rev|ref07-12o0|act12-15|rev_cf|b0.25|a10|m1.5|tp1.0|x17,209,-24.24,0.71,26.17,False,48,-6.91,0.67
USDJPY,C_ny_rev,C_ny_rev|ref07-12o0|act12-15|rev_cf|b0.25|a10|m1.5|tp1.0|x19,209,-25.94,0.71,26.83,False,48,-3.93,0.81
USDJPY,C_ny_rev,C_ny_rev|ref07-12o0|act12-15|rev_cf|b0.5|a10|m1.0|tp0.5|x17,121,-47.22,0.27,48.15,False,31,-9.31,0.32
USDJPY,C_ny_rev,C_ny_rev|ref07-12o0|act12-15|rev_cf|b0.5|a10|m1.0|tp0.5|x19,121,-48.38,0.27,49.31,False,31,-9.45,0.32
USDJPY,C_ny_rev,C_ny_rev|ref07-12o0|act12-15|rev_cf|b0.5|a10|m1.0|tp0.75|x17,121,-37.62,0.43,38.65,False,31,-4.31,0.67
USDJPY,C_ny_rev,C_ny_rev|ref07-12o0|act12-15|rev_cf|b0.5|a10|m1.0|tp0.75|x19,121,-38.54,0.44,39.57,False,31,-4.45,0.67
USDJPY,C_ny_rev,C_ny_rev|ref07-12o0|act12-15|rev_cf|b0.5|a10|m1.0|tp1.0|x17,121,-34.85,0.5,36.38,False,31,-1.03,0.92
USDJPY,C_ny_rev,C_ny_rev|ref07-12o0|act12-15|rev_cf|b0.5|a10|m1.0|tp1.0|x19,121,-36.0,0.51,37.53,False,31,0.15,1.01
USDJPY,C_ny_rev,C_ny_rev|ref07-12o0|act12-15|rev_cf|b0.5|a10|m1.5|tp0.5|x17,121,-24.88,0.45,25.57,False,31,-2.94,0.67
USDJPY,C_ny_rev,C_ny_rev|ref07-12o0|act12-15|rev_cf|b0.5|a10|m1.5|tp0.5|x19,121,-27.0,0.45,27.69,False,31,-2.47,0.72
USDJPY,C_ny_rev,C_ny_rev|ref07-12o0|act12-15|rev_cf|b0.5|a10|m1.5|tp0.75|x17,121,-23.33,0.53,24.51,False,31,0.41,1.05
USDJPY,C_ny_rev,C_ny_rev|ref07-12o0|act12-15|rev_cf|b0.5|a10|m1.5|tp0.75|x19,121,-27.49,0.5,28.68,False,31,2.04,1.23
USDJPY,C_ny_rev,C_ny_rev|ref07-12o0|act12-15|rev_cf|b0.5|a10|m1.5|tp1.0|x17,121,-22.43,0.55,22.98,False,31,0.22,1.02
USDJPY,C_ny_rev,C_ny_rev|ref07-12o0|act12-15|rev_cf|b0.5|a10|m1.5|tp1.0|x19,121,-28.9,0.49,28.15,False,31,2.62,1.25
USDJPY,C_ny_rev,C_ny_rev|ref07-12o0|act13-16|rev|b0.25|a10|m1.0|tp0.5|x17,454,-146.79,0.32,147.04,False,121,-37.79,0.29
USDJPY,C_ny_rev,C_ny_rev|ref07-12o0|act13-16|rev|b0.25|a10|m1.0|tp0.5|x19,454,-142.23,0.34,142.49,False,121,-36.44,0.32
USDJPY,C_ny_rev,C_ny_rev|ref07-12o0|act13-16|rev|b0.25|a10|m1.0|tp0.75|x17,454,-116.93,0.48,117.69,False,121,-28.36,0.5
USDJPY,C_ny_rev,C_ny_rev|ref07-12o0|act13-16|rev|b0.25|a10|m1.0|tp0.75|x19,454,-115.28,0.5,116.04,False,121,-28.11,0.53
USDJPY,C_ny_rev,C_ny_rev|ref07-12o0|act13-16|rev|b0.25|a10|m1.0|tp1.0|x17,454,-96.39,0.59,96.84,False,121,-25.03,0.59
USDJPY,C_ny_rev,C_ny_rev|ref07-12o0|act13-16|rev|b0.25|a10|m1.0|tp1.0|x19,454,-91.01,0.62,92.26,False,121,-22.85,0.65
USDJPY,C_ny_rev,C_ny_rev|ref07-12o0|act13-16|rev|b0.25|a10|m1.5|tp0.5|x17,454,-88.47,0.46,88.97,False,121,-18.44,0.52
USDJPY,C_ny_rev,C_ny_rev|ref07-12o0|act13-16|rev|b0.25|a10|m1.5|tp0.5|x19,454,-88.75,0.48,89.26,False,121,-16.62,0.58
USDJPY,C_ny_rev,C_ny_rev|ref07-12o0|act13-16|rev|b0.25|a10|m1.5|tp0.75|x17,454,-71.97,0.59,72.36,False,121,-17.45,0.6
USDJPY,C_ny_rev,C_ny_rev|ref07-12o0|act13-16|rev|b0.25|a10|m1.5|tp0.75|x19,454,-67.36,0.63,68.36,False,121,-16.96,0.65
USDJPY,C_ny_rev,C_ny_rev|ref07-12o0|act13-16|rev|b0.25|a10|m1.5|tp1.0|x17,454,-63.81,0.64,64.44,False,121,-20.07,0.57
USDJPY,C_ny_rev,C_ny_rev|ref07-12o0|act13-16|rev|b0.25|a10|m1.5|tp1.0|x19,454,-63.2,0.67,64.7,False,121,-20.23,0.63
USDJPY,C_ny_rev,C_ny_rev|ref07-12o0|act13-16|rev|b0.5|a10|m1.0|tp0.5|x17,406,-128.83,0.32,129.09,False,105,-29.43,0.32
USDJPY,C_ny_rev,C_ny_rev|ref07-12o0|act13-16|rev|b0.5|a10|m1.0|tp0.5|x19,406,-125.17,0.35,125.43,False,105,-29.54,0.33
USDJPY,C_ny_rev,C_ny_rev|ref07-12o0|act13-16|rev|b0.5|a10|m1.0|tp0.75|x17,406,-104.67,0.48,105.43,False,105,-19.46,0.57
USDJPY,C_ny_rev,C_ny_rev|ref07-12o0|act13-16|rev|b0.5|a10|m1.0|tp0.75|x19,406,-102.06,0.51,102.81,False,105,-23.35,0.53
USDJPY,C_ny_rev,C_ny_rev|ref07-12o0|act13-16|rev|b0.5|a10|m1.0|tp1.0|x17,406,-87.18,0.58,87.64,False,105,-16.44,0.67
USDJPY,C_ny_rev,C_ny_rev|ref07-12o0|act13-16|rev|b0.5|a10|m1.0|tp1.0|x19,406,-84.3,0.61,85.56,False,105,-19.82,0.65
USDJPY,C_ny_rev,C_ny_rev|ref07-12o0|act13-16|rev|b0.5|a10|m1.5|tp0.5|x17,406,-75.77,0.47,76.27,False,105,-13.76,0.56
USDJPY,C_ny_rev,C_ny_rev|ref07-12o0|act13-16|rev|b0.5|a10|m1.5|tp0.5|x19,406,-77.0,0.49,77.51,False,105,-14.56,0.57
USDJPY,C_ny_rev,C_ny_rev|ref07-12o0|act13-16|rev|b0.5|a10|m1.5|tp0.75|x17,406,-62.67,0.58,63.06,False,105,-13.24,0.63
USDJPY,C_ny_rev,C_ny_rev|ref07-12o0|act13-16|rev|b0.5|a10|m1.5|tp0.75|x19,406,-63.97,0.61,64.98,False,105,-16.28,0.62
USDJPY,C_ny_rev,C_ny_rev|ref07-12o0|act13-16|rev|b0.5|a10|m1.5|tp1.0|x17,406,-55.36,0.64,56.0,False,105,-12.27,0.68
USDJPY,C_ny_rev,C_ny_rev|ref07-12o0|act13-16|rev|b0.5|a10|m1.5|tp1.0|x19,406,-61.44,0.64,62.94,False,105,-15.97,0.66
USDJPY,C_ny_rev,C_ny_rev|ref07-12o0|act13-16|rev_cf|b0.25|a10|m1.0|tp0.5|x17,215,-66.38,0.33,64.92,False,56,-19.08,0.26
USDJPY,C_ny_rev,C_ny_rev|ref07-12o0|act13-16|rev_cf|b0.25|a10|m1.0|tp0.5|x19,215,-63.73,0.36,62.28,False,56,-16.69,0.33
USDJPY,C_ny_rev,C_ny_rev|ref07-12o0|act13-16|rev_cf|b0.25|a10|m1.0|tp0.75|x17,215,-51.17,0.49,49.83,False,56,-15.11,0.44
USDJPY,C_ny_rev,C_ny_rev|ref07-12o0|act13-16|rev_cf|b0.25|a10|m1.0|tp0.75|x19,215,-50.38,0.52,49.37,False,56,-13.42,0.5
USDJPY,C_ny_rev,C_ny_rev|ref07-12o0|act13-16|rev_cf|b0.25|a10|m1.0|tp1.0|x17,215,-40.97,0.6,40.32,False,56,-14.32,0.51
USDJPY,C_ny_rev,C_ny_rev|ref07-12o0|act13-16|rev_cf|b0.25|a10|m1.0|tp1.0|x19,215,-36.39,0.66,35.61,False,56,-11.93,0.6
USDJPY,C_ny_rev,C_ny_rev|ref07-12o0|act13-16|rev_cf|b0.25|a10|m1.5|tp0.5|x17,215,-36.01,0.49,35.73,False,56,-10.03,0.45
USDJPY,C_ny_rev,C_ny_rev|ref07-12o0|act13-16|rev_cf|b0.25|a10|m1.5|tp0.5|x19,215,-35.59,0.52,35.16,False,56,-8.37,0.53
USDJPY,C_ny_rev,C_ny_rev|ref07-12o0|act13-16|rev_cf|b0.25|a10|m1.5|tp0.75|x17,215,-26.78,0.63,27.0,False,56,-8.85,0.56
USDJPY,C_ny_rev,C_ny_rev|ref07-12o0|act13-16|rev_cf|b0.25|a10|m1.5|tp0.75|x19,215,-25.17,0.68,25.06,False,56,-6.64,0.67
USDJPY,C_ny_rev,C_ny_rev|ref07-12o0|act13-16|rev_cf|b0.25|a10|m1.5|tp1.0|x17,215,-25.64,0.66,26.65,False,56,-9.94,0.54
USDJPY,C_ny_rev,C_ny_rev|ref07-12o0|act13-16|rev_cf|b0.25|a10|m1.5|tp1.0|x19,215,-26.73,0.67,26.19,False,56,-6.88,0.69
USDJPY,C_ny_rev,C_ny_rev|ref07-12o0|act13-16|rev_cf|b0.5|a10|m1.0|tp0.5|x17,134,-41.21,0.33,39.75,False,35,-10.48,0.32
USDJPY,C_ny_rev,C_ny_rev|ref07-12o0|act13-16|rev_cf|b0.5|a10|m1.0|tp0.5|x19,134,-38.92,0.37,38.0,False,35,-9.12,0.38
USDJPY,C_ny_rev,C_ny_rev|ref07-12o0|act13-16|rev_cf|b0.5|a10|m1.0|tp0.75|x17,134,-33.27,0.47,31.81,False,35,-6.34,0.58
USDJPY,C_ny_rev,C_ny_rev|ref07-12o0|act13-16|rev_cf|b0.5|a10|m1.0|tp0.75|x19,134,-32.7,0.5,31.25,False,35,-5.27,0.65
USDJPY,C_ny_rev,C_ny_rev|ref07-12o0|act13-16|rev_cf|b0.5|a10|m1.0|tp1.0|x17,134,-28.89,0.56,28.04,False,35,-4.36,0.72
USDJPY,C_ny_rev,C_ny_rev|ref07-12o0|act13-16|rev_cf|b0.5|a10|m1.0|tp1.0|x19,134,-28.36,0.59,27.92,False,35,-4.09,0.75
USDJPY,C_ny_rev,C_ny_rev|ref07-12o0|act13-16|rev_cf|b0.5|a10|m1.5|tp0.5|x17,134,-21.02,0.5,20.33,False,35,-4.79,0.55
USDJPY,C_ny_rev,C_ny_rev|ref07-12o0|act13-16|rev_cf|b0.5|a10|m1.5|tp0.5|x19,134,-22.44,0.51,21.98,False,35,-3.52,0.65
USDJPY,C_ny_rev,C_ny_rev|ref07-12o0|act13-16|rev_cf|b0.5|a10|m1.5|tp0.75|x17,134,-18.65,0.58,18.75,False,35,-3.05,0.72
USDJPY,C_ny_rev,C_ny_rev|ref07-12o0|act13-16|rev_cf|b0.5|a10|m1.5|tp0.75|x19,134,-22.38,0.56,21.74,False,35,-2.18,0.8
USDJPY,C_ny_rev,C_ny_rev|ref07-12o0|act13-16|rev_cf|b0.5|a10|m1.5|tp1.0|x17,134,-17.73,0.61,18.18,False,35,-1.39,0.87
USDJPY,C_ny_rev,C_ny_rev|ref07-12o0|act13-16|rev_cf|b0.5|a10|m1.5|tp1.0|x19,134,-24.09,0.55,23.07,False,35,0.45,1.04
USDJPY,C_ny_rev,C_ny_rev|ref07-12o0|act13-17|rev|b0.25|a10|m1.0|tp0.5|x17,478,-148.15,0.34,148.41,False,129,-41.01,0.29
USDJPY,C_ny_rev,C_ny_rev|ref07-12o0|act13-17|rev|b0.25|a10|m1.0|tp0.5|x19,478,-148.55,0.35,148.81,False,129,-42.11,0.29
USDJPY,C_ny_rev,C_ny_rev|ref07-12o0|act13-17|rev|b0.25|a10|m1.0|tp0.75|x17,478,-117.3,0.5,118.05,False,129,-33.83,0.47
USDJPY,C_ny_rev,C_ny_rev|ref07-12o0|act13-17|rev|b0.25|a10|m1.0|tp0.75|x19,478,-121.08,0.5,121.84,False,129,-34.24,0.48
USDJPY,C_ny_rev,C_ny_rev|ref07-12o0|act13-17|rev|b0.25|a10|m1.0|tp1.0|x17,478,-94.76,0.61,95.21,False,129,-31.75,0.54
USDJPY,C_ny_rev,C_ny_rev|ref07-12o0|act13-17|rev|b0.25|a10|m1.0|tp1.0|x19,478,-96.6,0.62,97.86,False,129,-28.98,0.59
USDJPY,C_ny_rev,C_ny_rev|ref07-12o0|act13-17|rev|b0.25|a10|m1.5|tp0.5|x17,478,-88.38,0.48,88.89,False,129,-22.26,0.48
USDJPY,C_ny_rev,C_ny_rev|ref07-12o0|act13-17|rev|b0.25|a10|m1.5|tp0.5|x19,478,-92.03,0.48,92.54,False,129,-21.17,0.52
USDJPY,C_ny_rev,C_ny_rev|ref07-12o0|act13-17|rev|b0.25|a10|m1.5|tp0.75|x17,478,-72.63,0.61,73.02,False,129,-20.27,0.58
USDJPY,C_ny_rev,C_ny_rev|ref07-12o0|act13-17|rev|b0.25|a10|m1.5|tp0.75|x19,478,-70.72,0.63,71.73,False,129,-21.51,0.59
USDJPY,C_ny_rev,C_ny_rev|ref07-12o0|act13-17|rev|b0.25|a10|m1.5|tp1.0|x17,478,-62.61,0.67,63.25,False,129,-23.89,0.55
USDJPY,C_ny_rev,C_ny_rev|ref07-12o0|act13-17|rev|b0.25|a10|m1.5|tp1.0|x19,478,-66.31,0.66,67.82,False,129,-24.77,0.58
USDJPY,C_ny_rev,C_ny_rev|ref07-12o0|act13-17|rev|b0.5|a10|m1.0|tp0.5|x17,427,-131.72,0.33,131.97,False,116,-29.81,0.35
USDJPY,C_ny_rev,C_ny_rev|ref07-12o0|act13-17|rev|b0.5|a10|m1.0|tp0.5|x19,427,-129.54,0.35,129.8,False,116,-32.5,0.33
USDJPY,C_ny_rev,C_ny_rev|ref07-12o0|act13-17|rev|b0.5|a10|m1.0|tp0.75|x17,427,-107.31,0.49,108.06,False,116,-19.34,0.61
USDJPY,C_ny_rev,C_ny_rev|ref07-12o0|act13-17|rev|b0.5|a10|m1.0|tp0.75|x19,427,-105.82,0.51,106.58,False,116,-25.77,0.53
USDJPY,C_ny_rev,C_ny_rev|ref07-12o0|act13-17|rev|b0.5|a10|m1.0|tp1.0|x17,427,-92.56,0.58,93.02,False,116,-16.32,0.7
USDJPY,C_ny_rev,C_ny_rev|ref07-12o0|act13-17|rev|b0.5|a10|m1.0|tp1.0|x19,427,-88.39,0.61,89.65,False,116,-21.24,0.65
USDJPY,C_ny_rev,C_ny_rev|ref07-12o0|act13-17|rev|b0.5|a10|m1.5|tp0.5|x17,427,-78.69,0.48,79.2,False,116,-13.18,0.61
USDJPY,C_ny_rev,C_ny_rev|ref07-12o0|act13-17|rev|b0.5|a10|m1.5|tp0.5|x19,427,-79.37,0.49,79.87,False,116,-16.24,0.56
USDJPY,C_ny_rev,C_ny_rev|ref07-12o0|act13-17|rev|b0.5|a10|m1.5|tp0.75|x17,427,-69.1,0.57,69.48,False,116,-10.41,0.73
USDJPY,C_ny_rev,C_ny_rev|ref07-12o0|act13-17|rev|b0.5|a10|m1.5|tp0.75|x19,427,-66.87,0.6,67.87,False,116,-16.95,0.63
USDJPY,C_ny_rev,C_ny_rev|ref07-12o0|act13-17|rev|b0.5|a10|m1.5|tp1.0|x17,427,-61.29,0.63,61.92,False,116,-10.7,0.75
USDJPY,C_ny_rev,C_ny_rev|ref07-12o0|act13-17|rev|b0.5|a10|m1.5|tp1.0|x19,427,-64.33,0.63,65.84,False,116,-15.94,0.68
USDJPY,C_ny_rev,C_ny_rev|ref07-12o0|act13-17|rev_cf|b0.25|a10|m1.0|tp0.5|x17,237,-67.3,0.36,66.19,False,64,-19.33,0.29
USDJPY,C_ny_rev,C_ny_rev|ref07-12o0|act13-17|rev_cf|b0.25|a10|m1.0|tp0.5|x19,237,-67.72,0.37,66.61,False,64,-18.07,0.33
USDJPY,C_ny_rev,C_ny_rev|ref07-12o0|act13-17|rev_cf|b0.25|a10|m1.0|tp0.75|x17,237,-51.34,0.53,50.48,False,64,-15.37,0.48
USDJPY,C_ny_rev,C_ny_rev|ref07-12o0|act13-17|rev_cf|b0.25|a10|m1.0|tp0.75|x19,237,-56.85,0.51,55.46,False,64,-14.25,0.51
USDJPY,C_ny_rev,C_ny_rev|ref07-12o0|act13-17|rev_cf|b0.25|a10|m1.0|tp1.0|x17,237,-41.39,0.64,41.7,False,64,-15.08,0.54
USDJPY,C_ny_rev,C_ny_rev|ref07-12o0|act13-17|rev_cf|b0.25|a10|m1.0|tp1.0|x19,237,-44.73,0.62,43.34,False,64,-12.28,0.62
USDJPY,C_ny_rev,C_ny_rev|ref07-12o0|act13-17|rev_cf|b0.25|a10|m1.5|tp0.5|x17,237,-35.46,0.54,34.56,False,64,-10.87,0.47
USDJPY,C_ny_rev,C_ny_rev|ref07-12o0|act13-17|rev_cf|b0.25|a10|m1.5|tp0.5|x19,237,-40.3,0.5,39.04,False,64,-8.78,0.54
USDJPY,C_ny_rev,C_ny_rev|ref07-12o0|act13-17|rev_cf|b0.25|a10|m1.5|tp0.75|x17,237,-28.42,0.65,28.1,False,64,-9.94,0.58
USDJPY,C_ny_rev,C_ny_rev|ref07-12o0|act13-17|rev_cf|b0.25|a10|m1.5|tp0.75|x19,237,-31.03,0.64,29.77,False,64,-6.57,0.7
USDJPY,C_ny_rev,C_ny_rev|ref07-12o0|act13-17|rev_cf|b0.25|a10|m1.5|tp1.0|x17,237,-28.28,0.67,27.73,False,64,-9.78,0.61
USDJPY,C_ny_rev,C_ny_rev|ref07-12o0|act13-17|rev_cf|b0.25|a10|m1.5|tp1.0|x19,237,-32.34,0.64,31.08,False,64,-6.97,0.71
USDJPY,C_ny_rev,C_ny_rev|ref07-12o0|act13-17|rev_cf|b0.5|a10|m1.0|tp0.5|x17,150,-44.11,0.34,43.0,False,41,-11.17,0.34
USDJPY,C_ny_rev,C_ny_rev|ref07-12o0|act13-17|rev_cf|b0.5|a10|m1.0|tp0.5|x19,150,-41.41,0.38,40.83,False,41,-9.92,0.38
USDJPY,C_ny_rev,C_ny_rev|ref07-12o0|act13-17|rev_cf|b0.5|a10|m1.0|tp0.75|x17,150,-38.67,0.47,37.81,False,41,-9.28,0.52
USDJPY,C_ny_rev,C_ny_rev|ref07-12o0|act13-17|rev_cf|b0.5|a10|m1.0|tp0.75|x19,150,-38.81,0.48,37.42,False,41,-6.38,0.62
USDJPY,C_ny_rev,C_ny_rev|ref07-12o0|act13-17|rev_cf|b0.5|a10|m1.0|tp1.0|x17,150,-36.3,0.53,36.11,False,41,-8.54,0.59
USDJPY,C_ny_rev,C_ny_rev|ref07-12o0|act13-17|rev_cf|b0.5|a10|m1.0|tp1.0|x19,150,-35.49,0.55,34.63,False,41,-4.95,0.72
USDJPY,C_ny_rev,C_ny_rev|ref07-12o0|act13-17|rev_cf|b0.5|a10|m1.5|tp0.5|x17,150,-24.29,0.5,23.87,False,41,-7.75,0.46
USDJPY,C_ny_rev,C_ny_rev|ref07-12o0|act13-17|rev_cf|b0.5|a10|m1.5|tp0.5|x19,150,-26.9,0.48,25.86,False,41,-4.12,0.63
USDJPY,C_ny_rev,C_ny_rev|ref07-12o0|act13-17|rev_cf|b0.5|a10|m1.5|tp0.75|x17,150,-25.86,0.53,25.06,False,41,-5.26,0.64
USDJPY,C_ny_rev,C_ny_rev|ref07-12o0|act13-17|rev_cf|b0.5|a10|m1.5|tp0.75|x19,150,-27.44,0.52,26.18,False,41,-2.52,0.79
USDJPY,C_ny_rev,C_ny_rev|ref07-12o0|act13-17|rev_cf|b0.5|a10|m1.5|tp1.0|x17,150,-27.69,0.52,26.43,False,41,-2.85,0.8
USDJPY,C_ny_rev,C_ny_rev|ref07-12o0|act13-17|rev_cf|b0.5|a10|m1.5|tp1.0|x19,150,-28.89,0.51,27.63,False,41,0.16,1.01
USDJPY,C_ny_rev,C_ny_rev|ref07-13o0|act12-15|rev|b0.25|a10|m1.0|tp0.5|x17,474,-183.65,0.29,183.82,False,141,-76.16,0.15
USDJPY,C_ny_rev,C_ny_rev|ref07-13o0|act12-15|rev|b0.25|a10|m1.0|tp0.5|x19,474,-185.34,0.29,185.51,False,141,-77.07,0.15
USDJPY,C_ny_rev,C_ny_rev|ref07-13o0|act12-15|rev|b0.25|a10|m1.0|tp0.75|x17,474,-144.86,0.46,146.19,False,141,-67.26,0.29
USDJPY,C_ny_rev,C_ny_rev|ref07-13o0|act12-15|rev|b0.25|a10|m1.0|tp0.75|x19,474,-145.39,0.47,146.72,False,141,-68.0,0.29
USDJPY,C_ny_rev,C_ny_rev|ref07-13o0|act12-15|rev|b0.25|a10|m1.0|tp1.0|x17,474,-131.02,0.55,132.2,False,141,-67.38,0.34
USDJPY,C_ny_rev,C_ny_rev|ref07-13o0|act12-15|rev|b0.25|a10|m1.0|tp1.0|x19,474,-129.67,0.56,132.04,False,141,-67.25,0.35
USDJPY,C_ny_rev,C_ny_rev|ref07-13o0|act12-15|rev|b0.25|a10|m1.5|tp0.5|x17,474,-103.15,0.47,105.19,False,141,-44.42,0.31
USDJPY,C_ny_rev,C_ny_rev|ref07-13o0|act12-15|rev|b0.25|a10|m1.5|tp0.5|x19,474,-104.64,0.47,106.14,False,141,-44.02,0.33
USDJPY,C_ny_rev,C_ny_rev|ref07-13o0|act12-15|rev|b0.25|a10|m1.5|tp0.75|x17,474,-84.17,0.61,85.96,False,141,-47.2,0.37
USDJPY,C_ny_rev,C_ny_rev|ref07-13o0|act12-15|rev|b0.25|a10|m1.5|tp0.75|x19,474,-85.83,0.61,87.57,False,141,-45.06,0.41
USDJPY,C_ny_rev,C_ny_rev|ref07-13o0|act12-15|rev|b0.25|a10|m1.5|tp1.0|x17,474,-65.5,0.7,69.95,False,141,-52.76,0.36
USDJPY,C_ny_rev,C_ny_rev|ref07-13o0|act12-15|rev|b0.25|a10|m1.5|tp1.0|x19,474,-65.89,0.71,69.07,False,141,-52.56,0.39
USDJPY,C_ny_rev,C_ny_rev|ref07-13o0|act12-15|rev|b0.5|a10|m1.0|tp0.5|x17,441,-175.0,0.28,175.18,False,131,-67.75,0.16
USDJPY,C_ny_rev,C_ny_rev|ref07-13o0|act12-15|rev|b0.5|a10|m1.0|tp0.5|x19,441,-175.76,0.28,175.94,False,131,-67.41,0.16
USDJPY,C_ny_rev,C_ny_rev|ref07-13o0|act12-15|rev|b0.5|a10|m1.0|tp0.75|x17,441,-140.03,0.45,142.16,False,131,-59.17,0.31
USDJPY,C_ny_rev,C_ny_rev|ref07-13o0|act12-15|rev|b0.5|a10|m1.0|tp0.75|x19,441,-141.3,0.45,143.43,False,131,-59.31,0.31
USDJPY,C_ny_rev,C_ny_rev|ref07-13o0|act12-15|rev|b0.5|a10|m1.0|tp1.0|x17,441,-127.66,0.53,129.51,False,131,-58.44,0.37
USDJPY,C_ny_rev,C_ny_rev|ref07-13o0|act12-15|rev|b0.5|a10|m1.0|tp1.0|x19,441,-129.21,0.53,132.84,False,131,-57.94,0.38
USDJPY,C_ny_rev,C_ny_rev|ref07-13o0|act12-15|rev|b0.5|a10|m1.5|tp0.5|x17,441,-97.45,0.47,99.22,False,131,-39.86,0.32
USDJPY,C_ny_rev,C_ny_rev|ref07-13o0|act12-15|rev|b0.5|a10|m1.5|tp0.5|x19,441,-99.27,0.47,100.71,False,131,-38.5,0.35
USDJPY,C_ny_rev,C_ny_rev|ref07-13o0|act12-15|rev|b0.5|a10|m1.5|tp0.75|x17,441,-82.77,0.59,84.71,False,131,-43.8,0.37
USDJPY,C_ny_rev,C_ny_rev|ref07-13o0|act12-15|rev|b0.5|a10|m1.5|tp0.75|x19,441,-85.57,0.59,87.88,False,131,-40.11,0.42
USDJPY,C_ny_rev,C_ny_rev|ref07-13o0|act12-15|rev|b0.5|a10|m1.5|tp1.0|x17,441,-64.85,0.68,69.87,False,131,-50.36,0.35
USDJPY,C_ny_rev,C_ny_rev|ref07-13o0|act12-15|rev|b0.5|a10|m1.5|tp1.0|x19,441,-68.61,0.68,73.38,False,131,-49.45,0.38
USDJPY,C_ny_rev,C_ny_rev|ref07-13o0|act12-15|rev_cf|b0.25|a10|m1.0|tp0.5|x17,128,-35.18,0.38,35.03,False,27,-13.21,0.18
USDJPY,C_ny_rev,C_ny_rev|ref07-13o0|act12-15|rev_cf|b0.25|a10|m1.0|tp0.5|x19,128,-35.19,0.39,35.03,False,27,-13.64,0.17
USDJPY,C_ny_rev,C_ny_rev|ref07-13o0|act12-15|rev_cf|b0.25|a10|m1.0|tp0.75|x17,128,-24.55,0.6,26.42,False,27,-12.67,0.28
USDJPY,C_ny_rev,C_ny_rev|ref07-13o0|act12-15|rev_cf|b0.25|a10|m1.0|tp0.75|x19,128,-23.62,0.62,25.9,False,27,-13.98,0.26
USDJPY,C_ny_rev,C_ny_rev|ref07-13o0|act12-15|rev_cf|b0.25|a10|m1.0|tp1.0|x17,128,-16.39,0.75,21.07,False,27,-13.46,0.29
USDJPY,C_ny_rev,C_ny_rev|ref07-13o0|act12-15|rev_cf|b0.25|a10|m1.0|tp1.0|x19,128,-12.98,0.8,19.01,False,27,-13.23,0.35
USDJPY,C_ny_rev,C_ny_rev|ref07-13o0|act12-15|rev_cf|b0.25|a10|m1.5|tp0.5|x17,128,-19.14,0.56,20.34,False,27,-10.04,0.26
USDJPY,C_ny_rev,C_ny_rev|ref07-13o0|act12-15|rev_cf|b0.25|a10|m1.5|tp0.5|x19,128,-21.6,0.55,22.87,False,27,-11.29,0.24
USDJPY,C_ny_rev,C_ny_rev|ref07-13o0|act12-15|rev_cf|b0.25|a10|m1.5|tp0.75|x17,128,-12.44,0.73,16.55,False,27,-9.64,0.31
USDJPY,C_ny_rev,C_ny_rev|ref07-13o0|act12-15|rev_cf|b0.25|a10|m1.5|tp0.75|x19,128,-13.7,0.73,18.06,False,27,-9.3,0.39
USDJPY,C_ny_rev,C_ny_rev|ref07-13o0|act12-15|rev_cf|b0.25|a10|m1.5|tp1.0|x17,128,-11.01,0.77,15.37,False,27,-9.03,0.38
USDJPY,C_ny_rev,C_ny_rev|ref07-13o0|act12-15|rev_cf|b0.25|a10|m1.5|tp1.0|x19,128,-7.55,0.85,13.7,False,27,-9.6,0.39
USDJPY,C_ny_rev,C_ny_rev|ref07-13o0|act12-15|rev_cf|b0.5|a10|m1.0|tp0.5|x17,83,-26.79,0.32,26.4,False,14,-7.36,0.13
USDJPY,C_ny_rev,C_ny_rev|ref07-13o0|act12-15|rev_cf|b0.5|a10|m1.0|tp0.5|x19,83,-27.0,0.34,27.34,False,14,-7.78,0.12
USDJPY,C_ny_rev,C_ny_rev|ref07-13o0|act12-15|rev_cf|b0.5|a10|m1.0|tp0.75|x17,83,-19.46,0.53,21.59,False,14,-6.91,0.25
USDJPY,C_ny_rev,C_ny_rev|ref07-13o0|act12-15|rev_cf|b0.5|a10|m1.0|tp0.75|x19,83,-18.96,0.56,21.87,False,14,-7.68,0.23
USDJPY,C_ny_rev,C_ny_rev|ref07-13o0|act12-15|rev_cf|b0.5|a10|m1.0|tp1.0|x17,83,-14.27,0.68,17.99,False,14,-6.09,0.34
USDJPY,C_ny_rev,C_ny_rev|ref07-13o0|act12-15|rev_cf|b0.5|a10|m1.0|tp1.0|x19,83,-12.32,0.73,17.1,False,14,-6.18,0.37
USDJPY,C_ny_rev,C_ny_rev|ref07-13o0|act12-15|rev_cf|b0.5|a10|m1.5|tp0.5|x17,83,-12.64,0.56,14.07,False,14,-4.73,0.28
USDJPY,C_ny_rev,C_ny_rev|ref07-13o0|act12-15|rev_cf|b0.5|a10|m1.5|tp0.5|x19,83,-13.58,0.56,15.4,False,14,-5.43,0.25
USDJPY,C_ny_rev,C_ny_rev|ref07-13o0|act12-15|rev_cf|b0.5|a10|m1.5|tp0.75|x17,83,-10.03,0.68,13.51,False,14,-4.45,0.37
USDJPY,C_ny_rev,C_ny_rev|ref07-13o0|act12-15|rev_cf|b0.5|a10|m1.5|tp0.75|x19,83,-9.92,0.7,13.57,False,14,-4.69,0.39
USDJPY,C_ny_rev,C_ny_rev|ref07-13o0|act12-15|rev_cf|b0.5|a10|m1.5|tp1.0|x17,83,-8.84,0.72,13.23,False,14,-4.59,0.38
USDJPY,C_ny_rev,C_ny_rev|ref07-13o0|act12-15|rev_cf|b0.5|a10|m1.5|tp1.0|x19,83,-7.23,0.79,11.97,False,14,-4.83,0.4
USDJPY,C_ny_rev,C_ny_rev|ref07-13o0|act13-16|rev|b0.25|a10|m1.0|tp0.5|x17,386,-130.26,0.3,130.51,False,110,-32.99,0.3
USDJPY,C_ny_rev,C_ny_rev|ref07-13o0|act13-16|rev|b0.25|a10|m1.0|tp0.5|x19,386,-125.58,0.33,125.84,False,110,-31.77,0.32
USDJPY,C_ny_rev,C_ny_rev|ref07-13o0|act13-16|rev|b0.25|a10|m1.0|tp0.75|x17,386,-109.34,0.44,110.1,False,110,-22.82,0.53
USDJPY,C_ny_rev,C_ny_rev|ref07-13o0|act13-16|rev|b0.25|a10|m1.0|tp0.75|x19,386,-106.67,0.47,107.42,False,110,-21.36,0.58
USDJPY,C_ny_rev,C_ny_rev|ref07-13o0|act13-16|rev|b0.25|a10|m1.0|tp1.0|x17,386,-92.71,0.53,93.17,False,110,-20.23,0.61
USDJPY,C_ny_rev,C_ny_rev|ref07-13o0|act13-16|rev|b0.25|a10|m1.0|tp1.0|x19,386,-88.91,0.57,90.16,False,110,-19.91,0.65
USDJPY,C_ny_rev,C_ny_rev|ref07-13o0|act13-16|rev|b0.25|a10|m1.5|tp0.5|x17,386,-76.63,0.44,77.13,False,110,-14.49,0.56
USDJPY,C_ny_rev,C_ny_rev|ref07-13o0|act13-16|rev|b0.25|a10|m1.5|tp0.5|x19,386,-76.33,0.46,76.83,False,110,-12.72,0.62
USDJPY,C_ny_rev,C_ny_rev|ref07-13o0|act13-16|rev|b0.25|a10|m1.5|tp0.75|x17,386,-65.69,0.54,66.07,False,110,-14.63,0.61
USDJPY,C_ny_rev,C_ny_rev|ref07-13o0|act13-16|rev|b0.25|a10|m1.5|tp0.75|x19,386,-63.62,0.58,64.62,False,110,-16.97,0.61
USDJPY,C_ny_rev,C_ny_rev|ref07-13o0|act13-16|rev|b0.25|a10|m1.5|tp1.0|x17,386,-62.39,0.57,63.03,False,110,-14.92,0.63
USDJPY,C_ny_rev,C_ny_rev|ref07-13o0|act13-16|rev|b0.25|a10|m1.5|tp1.0|x19,386,-65.45,0.59,66.95,False,110,-17.9,0.63
USDJPY,C_ny_rev,C_ny_rev|ref07-13o0|act13-16|rev|b0.5|a10|m1.0|tp0.5|x17,316,-105.53,0.3,105.8,False,91,-23.71,0.32
USDJPY,C_ny_rev,C_ny_rev|ref07-13o0|act13-16|rev|b0.5|a10|m1.0|tp0.5|x19,316,-101.47,0.32,101.74,False,91,-25.29,0.32
USDJPY,C_ny_rev,C_ny_rev|ref07-13o0|act13-16|rev|b0.5|a10|m1.0|tp0.75|x17,316,-91.5,0.42,92.27,False,91,-15.87,0.57
USDJPY,C_ny_rev,C_ny_rev|ref07-13o0|act13-16|rev|b0.5|a10|m1.0|tp0.75|x19,316,-89.54,0.45,90.31,False,91,-20.23,0.52
USDJPY,C_ny_rev,C_ny_rev|ref07-13o0|act13-16|rev|b0.5|a10|m1.0|tp1.0|x17,316,-79.34,0.51,80.61,False,91,-12.64,0.69
USDJPY,C_ny_rev,C_ny_rev|ref07-13o0|act13-16|rev|b0.5|a10|m1.0|tp1.0|x19,316,-79.31,0.54,80.58,False,91,-17.67,0.63
USDJPY,C_ny_rev,C_ny_rev|ref07-13o0|act13-16|rev|b0.5|a10|m1.5|tp0.5|x17,316,-63.21,0.42,63.72,False,91,-11.18,0.57
USDJPY,C_ny_rev,C_ny_rev|ref07-13o0|act13-16|rev|b0.5|a10|m1.5|tp0.5|x19,316,-63.27,0.45,63.78,False,91,-12.82,0.54
USDJPY,C_ny_rev,C_ny_rev|ref07-13o0|act13-16|rev|b0.5|a10|m1.5|tp0.75|x17,316,-55.33,0.52,55.83,False,91,-11.49,0.62
USDJPY,C_ny_rev,C_ny_rev|ref07-13o0|act13-16|rev|b0.5|a10|m1.5|tp0.75|x19,316,-55.46,0.56,56.48,False,91,-16.71,0.55
USDJPY,C_ny_rev,C_ny_rev|ref07-13o0|act13-16|rev|b0.5|a10|m1.5|tp1.0|x17,316,-54.12,0.54,54.88,False,91,-8.14,0.73
USDJPY,C_ny_rev,C_ny_rev|ref07-13o0|act13-16|rev|b0.5|a10|m1.5|tp1.0|x19,316,-58.83,0.56,60.34,False,91,-15.01,0.61
USDJPY,C_ny_rev,C_ny_rev|ref07-13o0|act13-16|rev_cf|b0.25|a10|m1.0|tp0.5|x17,182,-52.13,0.35,52.41,False,48,-16.81,0.25
USDJPY,C_ny_rev,C_ny_rev|ref07-13o0|act13-16|rev_cf|b0.25|a10|m1.0|tp0.5|x19,182,-50.79,0.38,51.07,False,48,-16.02,0.29
USDJPY,C_ny_rev,C_ny_rev|ref07-13o0|act13-16|rev_cf|b0.25|a10|m1.0|tp0.75|x17,182,-38.67,0.53,39.1,False,48,-12.08,0.46
USDJPY,C_ny_rev,C_ny_rev|ref07-13o0|act13-16|rev_cf|b0.25|a10|m1.0|tp0.75|x19,182,-38.41,0.56,38.85,False,48,-12.36,0.47
USDJPY,C_ny_rev,C_ny_rev|ref07-13o0|act13-16|rev_cf|b0.25|a10|m1.0|tp1.0|x17,182,-30.48,0.64,30.36,False,48,-11.22,0.53
USDJPY,C_ny_rev,C_ny_rev|ref07-13o0|act13-16|rev_cf|b0.25|a10|m1.0|tp1.0|x19,182,-26.45,0.7,27.13,False,48,-12.77,0.52
USDJPY,C_ny_rev,C_ny_rev|ref07-13o0|act13-16|rev_cf|b0.25|a10|m1.5|tp0.5|x17,182,-24.22,0.56,24.51,False,48,-7.54,0.49
USDJPY,C_ny_rev,C_ny_rev|ref07-13o0|act13-16|rev_cf|b0.25|a10|m1.5|tp0.5|x19,182,-24.62,0.58,24.91,False,48,-6.15,0.57
USDJPY,C_ny_rev,C_ny_rev|ref07-13o0|act13-16|rev_cf|b0.25|a10|m1.5|tp0.75|x17,182,-18.02,0.69,17.94,False,48,-6.39,0.61
USDJPY,C_ny_rev,C_ny_rev|ref07-13o0|act13-16|rev_cf|b0.25|a10|m1.5|tp0.75|x19,182,-15.83,0.74,16.37,False,48,-7.35,0.6
USDJPY,C_ny_rev,C_ny_rev|ref07-13o0|act13-16|rev_cf|b0.25|a10|m1.5|tp1.0|x17,182,-15.94,0.73,16.5,False,48,-8.66,0.55
USDJPY,C_ny_rev,C_ny_rev|ref07-13o0|act13-16|rev_cf|b0.25|a10|m1.5|tp1.0|x19,182,-17.33,0.73,18.12,False,48,-9.01,0.58
USDJPY,C_ny_rev,C_ny_rev|ref07-13o0|act13-16|rev_cf|b0.5|a10|m1.0|tp0.5|x17,90,-24.65,0.35,23.31,False,29,-7.8,0.33
USDJPY,C_ny_rev,C_ny_rev|ref07-13o0|act13-16|rev_cf|b0.5|a10|m1.0|tp0.5|x19,90,-23.59,0.4,22.14,False,29,-6.69,0.39
USDJPY,C_ny_rev,C_ny_rev|ref07-13o0|act13-16|rev_cf|b0.5|a10|m1.0|tp0.75|x17,90,-18.85,0.52,17.51,False,29,-4.73,0.61
USDJPY,C_ny_rev,C_ny_rev|ref07-13o0|act13-16|rev_cf|b0.5|a10|m1.0|tp0.75|x19,90,-18.75,0.55,17.3,False,29,-3.8,0.67
USDJPY,C_ny_rev,C_ny_rev|ref07-13o0|act13-16|rev_cf|b0.5|a10|m1.0|tp1.0|x17,90,-16.66,0.59,16.83,False,29,-3.53,0.73
USDJPY,C_ny_rev,C_ny_rev|ref07-13o0|act13-16|rev_cf|b0.5|a10|m1.0|tp1.0|x19,90,-15.88,0.64,15.35,False,29,-4.57,0.67
USDJPY,C_ny_rev,C_ny_rev|ref07-13o0|act13-16|rev_cf|b0.5|a10|m1.5|tp0.5|x17,90,-10.32,0.58,10.04,False,29,-3.61,0.57
USDJPY,C_ny_rev,C_ny_rev|ref07-13o0|act13-16|rev_cf|b0.5|a10|m1.5|tp0.5|x19,90,-9.84,0.62,9.15,False,29,-2.53,0.67
USDJPY,C_ny_rev,C_ny_rev|ref07-13o0|act13-16|rev_cf|b0.5|a10|m1.5|tp0.75|x17,90,-9.46,0.65,10.35,False,29,-2.73,0.72
USDJPY,C_ny_rev,C_ny_rev|ref07-13o0|act13-16|rev_cf|b0.5|a10|m1.5|tp0.75|x19,90,-8.71,0.7,9.43,False,29,-2.98,0.69
USDJPY,C_ny_rev,C_ny_rev|ref07-13o0|act13-16|rev_cf|b0.5|a10|m1.5|tp1.0|x17,90,-8.97,0.67,10.39,False,29,-1.94,0.81
USDJPY,C_ny_rev,C_ny_rev|ref07-13o0|act13-16|rev_cf|b0.5|a10|m1.5|tp1.0|x19,90,-11.23,0.64,10.88,False,29,-2.5,0.76
USDJPY,C_ny_rev,C_ny_rev|ref07-13o0|act13-17|rev|b0.25|a10|m1.0|tp0.5|x17,413,-130.94,0.32,131.19,False,120,-35.64,0.3
USDJPY,C_ny_rev,C_ny_rev|ref07-13o0|act13-17|rev|b0.25|a10|m1.0|tp0.5|x19,413,-130.83,0.33,131.08,False,120,-38.21,0.29
USDJPY,C_ny_rev,C_ny_rev|ref07-13o0|act13-17|rev|b0.25|a10|m1.0|tp0.75|x17,413,-108.27,0.47,109.03,False,120,-27.21,0.51
USDJPY,C_ny_rev,C_ny_rev|ref07-13o0|act13-17|rev|b0.25|a10|m1.0|tp0.75|x19,413,-112.57,0.47,113.32,False,120,-28.26,0.51
USDJPY,C_ny_rev,C_ny_rev|ref07-13o0|act13-17|rev|b0.25|a10|m1.0|tp1.0|x17,413,-88.89,0.58,89.35,False,120,-25.37,0.58
USDJPY,C_ny_rev,C_ny_rev|ref07-13o0|act13-17|rev|b0.25|a10|m1.0|tp1.0|x19,413,-94.88,0.57,96.14,False,120,-26.8,0.58
USDJPY,C_ny_rev,C_ny_rev|ref07-13o0|act13-17|rev|b0.25|a10|m1.5|tp0.5|x17,413,-75.58,0.47,76.09,False,120,-17.58,0.53
USDJPY,C_ny_rev,C_ny_rev|ref07-13o0|act13-17|rev|b0.25|a10|m1.5|tp0.5|x19,413,-79.67,0.47,80.18,False,120,-17.78,0.54
USDJPY,C_ny_rev,C_ny_rev|ref07-13o0|act13-17|rev|b0.25|a10|m1.5|tp0.75|x17,413,-66.39,0.57,66.78,False,120,-16.23,0.62
USDJPY,C_ny_rev,C_ny_rev|ref07-13o0|act13-17|rev|b0.25|a10|m1.5|tp0.75|x19,413,-67.0,0.58,68.0,False,120,-22.03,0.55
USDJPY,C_ny_rev,C_ny_rev|ref07-13o0|act13-17|rev|b0.25|a10|m1.5|tp1.0|x17,413,-62.74,0.6,63.37,False,120,-17.02,0.63
USDJPY,C_ny_rev,C_ny_rev|ref07-13o0|act13-17|rev|b0.25|a10|m1.5|tp1.0|x19,413,-68.92,0.59,70.42,False,120,-22.95,0.57
USDJPY,C_ny_rev,C_ny_rev|ref07-13o0|act13-17|rev|b0.5|a10|m1.0|tp0.5|x17,342,-105.71,0.32,105.98,False,102,-24.01,0.36
USDJPY,C_ny_rev,C_ny_rev|ref07-13o0|act13-17|rev|b0.5|a10|m1.0|tp0.5|x19,342,-103.08,0.34,103.35,False,102,-28.16,0.32
USDJPY,C_ny_rev,C_ny_rev|ref07-13o0|act13-17|rev|b0.5|a10|m1.0|tp0.75|x17,342,-89.93,0.46,90.7,False,102,-15.66,0.62
USDJPY,C_ny_rev,C_ny_rev|ref07-13o0|act13-17|rev|b0.5|a10|m1.0|tp0.75|x19,342,-89.89,0.47,90.66,False,102,-22.56,0.51
USDJPY,C_ny_rev,C_ny_rev|ref07-13o0|act13-17|rev|b0.5|a10|m1.0|tp1.0|x17,342,-79.02,0.55,80.28,False,102,-12.43,0.73
USDJPY,C_ny_rev,C_ny_rev|ref07-13o0|act13-17|rev|b0.5|a10|m1.0|tp1.0|x19,342,-79.46,0.55,80.73,False,102,-19.38,0.62
USDJPY,C_ny_rev,C_ny_rev|ref07-13o0|act13-17|rev|b0.5|a10|m1.5|tp0.5|x17,342,-62.99,0.46,63.51,False,102,-10.54,0.63
USDJPY,C_ny_rev,C_ny_rev|ref07-13o0|act13-17|rev|b0.5|a10|m1.5|tp0.5|x19,342,-63.68,0.47,64.2,False,102,-14.44,0.54
USDJPY,C_ny_rev,C_ny_rev|ref07-13o0|act13-17|rev|b0.5|a10|m1.5|tp0.75|x17,342,-55.98,0.56,56.48,False,102,-8.6,0.73
USDJPY,C_ny_rev,C_ny_rev|ref07-13o0|act13-17|rev|b0.5|a10|m1.5|tp0.75|x19,342,-55.9,0.57,56.91,False,102,-17.66,0.56
USDJPY,C_ny_rev,C_ny_rev|ref07-13o0|act13-17|rev|b0.5|a10|m1.5|tp1.0|x17,342,-52.78,0.59,53.53,False,102,-6.52,0.81
USDJPY,C_ny_rev,C_ny_rev|ref07-13o0|act13-17|rev|b0.5|a10|m1.5|tp1.0|x19,342,-59.64,0.56,61.16,False,102,-15.21,0.64
USDJPY,C_ny_rev,C_ny_rev|ref07-13o0|act13-17|rev_cf|b0.25|a10|m1.0|tp0.5|x17,205,-52.79,0.39,53.34,False,56,-16.84,0.29
USDJPY,C_ny_rev,C_ny_rev|ref07-13o0|act13-17|rev_cf|b0.25|a10|m1.0|tp0.5|x19,205,-52.83,0.4,53.39,False,56,-17.16,0.3
USDJPY,C_ny_rev,C_ny_rev|ref07-13o0|act13-17|rev_cf|b0.25|a10|m1.0|tp0.75|x17,205,-40.08,0.57,41.04,False,56,-12.11,0.51
USDJPY,C_ny_rev,C_ny_rev|ref07-13o0|act13-17|rev_cf|b0.25|a10|m1.0|tp0.75|x19,205,-44.46,0.54,44.89,False,56,-12.96,0.49
USDJPY,C_ny_rev,C_ny_rev|ref07-13o0|act13-17|rev_cf|b0.25|a10|m1.0|tp1.0|x17,205,-30.14,0.68,32.23,False,56,-11.75,0.58
USDJPY,C_ny_rev,C_ny_rev|ref07-13o0|act13-17|rev_cf|b0.25|a10|m1.0|tp1.0|x19,205,-33.45,0.66,34.14,False,56,-12.9,0.55
USDJPY,C_ny_rev,C_ny_rev|ref07-13o0|act13-17|rev_cf|b0.25|a10|m1.5|tp0.5|x17,205,-24.83,0.6,25.47,False,56,-8.23,0.52
USDJPY,C_ny_rev,C_ny_rev|ref07-13o0|act13-17|rev_cf|b0.25|a10|m1.5|tp0.5|x19,205,-28.72,0.56,29.01,False,56,-6.88,0.57
USDJPY,C_ny_rev,C_ny_rev|ref07-13o0|act13-17|rev_cf|b0.25|a10|m1.5|tp0.75|x17,205,-18.91,0.72,20.31,False,56,-7.32,0.63
USDJPY,C_ny_rev,C_ny_rev|ref07-13o0|act13-17|rev_cf|b0.25|a10|m1.5|tp0.75|x19,205,-20.48,0.7,21.02,False,56,-7.6,0.62
USDJPY,C_ny_rev,C_ny_rev|ref07-13o0|act13-17|rev_cf|b0.25|a10|m1.5|tp1.0|x17,205,-21.33,0.71,22.51,False,56,-8.34,0.63
USDJPY,C_ny_rev,C_ny_rev|ref07-13o0|act13-17|rev_cf|b0.25|a10|m1.5|tp1.0|x19,205,-21.73,0.7,22.52,False,56,-9.43,0.59
USDJPY,C_ny_rev,C_ny_rev|ref07-13o0|act13-17|rev_cf|b0.5|a10|m1.0|tp0.5|x17,103,-25.27,0.39,24.77,False,34,-7.03,0.4
USDJPY,C_ny_rev,C_ny_rev|ref07-13o0|act13-17|rev_cf|b0.5|a10|m1.0|tp0.5|x19,103,-23.36,0.44,22.18,False,34,-6.04,0.45
USDJPY,C_ny_rev,C_ny_rev|ref07-13o0|act13-17|rev_cf|b0.5|a10|m1.0|tp0.75|x17,103,-20.48,0.55,20.72,False,34,-6.2,0.57
USDJPY,C_ny_rev,C_ny_rev|ref07-13o0|act13-17|rev_cf|b0.5|a10|m1.0|tp0.75|x19,103,-21.06,0.55,19.6,False,34,-3.45,0.7
USDJPY,C_ny_rev,C_ny_rev|ref07-13o0|act13-17|rev_cf|b0.5|a10|m1.0|tp1.0|x17,103,-18.29,0.62,20.79,False,34,-6.26,0.64
USDJPY,C_ny_rev,C_ny_rev|ref07-13o0|act13-17|rev_cf|b0.5|a10|m1.0|tp1.0|x19,103,-18.31,0.62,18.11,False,34,-3.96,0.72
USDJPY,C_ny_rev,C_ny_rev|ref07-13o0|act13-17|rev_cf|b0.5|a10|m1.5|tp0.5|x17,103,-13.08,0.57,14.2,False,34,-5.26,0.51
USDJPY,C_ny_rev,C_ny_rev|ref07-13o0|act13-17|rev_cf|b0.5|a10|m1.5|tp0.5|x19,103,-11.45,0.61,10.76,False,34,-2.3,0.7
USDJPY,C_ny_rev,C_ny_rev|ref07-13o0|act13-17|rev_cf|b0.5|a10|m1.5|tp0.75|x17,103,-13.71,0.61,15.81,False,34,-3.63,0.7
USDJPY,C_ny_rev,C_ny_rev|ref07-13o0|act13-17|rev_cf|b0.5|a10|m1.5|tp0.75|x19,103,-10.32,0.68,10.87,False,34,-2.5,0.75
USDJPY,C_ny_rev,C_ny_rev|ref07-13o0|act13-17|rev_cf|b0.5|a10|m1.5|tp1.0|x17,103,-15.73,0.58,16.85,False,34,-2.09,0.83
USDJPY,C_ny_rev,C_ny_rev|ref07-13o0|act13-17|rev_cf|b0.5|a10|m1.5|tp1.0|x19,103,-12.88,0.63,12.75,False,34,-1.96,0.81
USDJPY,C_ny_rev,C_ny_rev|ref06-11o0|act12-15|rev|b0.25|a10|m1.0|tp0.5|x17,435,-155.42,0.3,155.63,False,112,-57.31,0.15
USDJPY,C_ny_rev,C_ny_rev|ref06-11o0|act12-15|rev|b0.25|a10|m1.0|tp0.5|x19,435,-153.78,0.31,154.0,False,112,-56.7,0.17
USDJPY,C_ny_rev,C_ny_rev|ref06-11o0|act12-15|rev|b0.25|a10|m1.0|tp0.75|x17,435,-124.58,0.47,124.82,False,112,-45.26,0.33
USDJPY,C_ny_rev,C_ny_rev|ref06-11o0|act12-15|rev|b0.25|a10|m1.0|tp0.75|x19,435,-120.46,0.49,121.42,False,112,-43.62,0.36
USDJPY,C_ny_rev,C_ny_rev|ref06-11o0|act12-15|rev|b0.25|a10|m1.0|tp1.0|x17,435,-106.73,0.57,107.47,False,112,-38.85,0.45
USDJPY,C_ny_rev,C_ny_rev|ref06-11o0|act12-15|rev|b0.25|a10|m1.0|tp1.0|x19,435,-102.91,0.59,104.61,False,112,-38.03,0.48
USDJPY,C_ny_rev,C_ny_rev|ref06-11o0|act12-15|rev|b0.25|a10|m1.5|tp0.5|x17,435,-92.77,0.46,92.93,False,112,-26.94,0.39
USDJPY,C_ny_rev,C_ny_rev|ref06-11o0|act12-15|rev|b0.25|a10|m1.5|tp0.5|x19,435,-90.33,0.48,90.97,False,112,-24.48,0.45
USDJPY,C_ny_rev,C_ny_rev|ref06-11o0|act12-15|rev|b0.25|a10|m1.5|tp0.75|x17,435,-76.01,0.6,76.67,False,112,-24.8,0.51
USDJPY,C_ny_rev,C_ny_rev|ref06-11o0|act12-15|rev|b0.25|a10|m1.5|tp0.75|x19,435,-74.22,0.62,75.61,False,112,-25.06,0.53
USDJPY,C_ny_rev,C_ny_rev|ref06-11o0|act12-15|rev|b0.25|a10|m1.5|tp1.0|x17,435,-62.58,0.67,63.97,False,112,-30.43,0.47
USDJPY,C_ny_rev,C_ny_rev|ref06-11o0|act12-15|rev|b0.25|a10|m1.5|tp1.0|x19,435,-65.07,0.68,67.3,False,112,-29.93,0.51
USDJPY,C_ny_rev,C_ny_rev|ref06-11o0|act12-15|rev|b0.5|a10|m1.0|tp0.5|x17,358,-125.88,0.3,126.09,False,91,-36.89,0.2
USDJPY,C_ny_rev,C_ny_rev|ref06-11o0|act12-15|rev|b0.5|a10|m1.0|tp0.5|x19,358,-127.71,0.3,127.93,False,91,-36.53,0.21
USDJPY,C_ny_rev,C_ny_rev|ref06-11o0|act12-15|rev|b0.5|a10|m1.0|tp0.75|x17,358,-98.25,0.49,98.49,False,91,-27.87,0.41
USDJPY,C_ny_rev,C_ny_rev|ref06-11o0|act12-15|rev|b0.5|a10|m1.0|tp0.75|x19,358,-99.23,0.49,100.19,False,91,-27.62,0.43
USDJPY,C_ny_rev,C_ny_rev|ref06-11o0|act12-15|rev|b0.5|a10|m1.0|tp1.0|x17,358,-83.52,0.59,84.25,False,91,-22.66,0.54
USDJPY,C_ny_rev,C_ny_rev|ref06-11o0|act12-15|rev|b0.5|a10|m1.0|tp1.0|x19,358,-84.65,0.59,86.36,False,91,-22.44,0.57
USDJPY,C_ny_rev,C_ny_rev|ref06-11o0|act12-15|rev|b0.5|a10|m1.5|tp0.5|x17,358,-75.06,0.47,75.22,False,91,-19.56,0.42
USDJPY,C_ny_rev,C_ny_rev|ref06-11o0|act12-15|rev|b0.5|a10|m1.5|tp0.5|x19,358,-77.18,0.47,77.82,False,91,-17.97,0.47
USDJPY,C_ny_rev,C_ny_rev|ref06-11o0|act12-15|rev|b0.5|a10|m1.5|tp0.75|x17,358,-61.77,0.6,62.43,False,91,-17.75,0.54
USDJPY,C_ny_rev,C_ny_rev|ref06-11o0|act12-15|rev|b0.5|a10|m1.5|tp0.75|x19,358,-65.39,0.6,66.78,False,91,-18.26,0.57
USDJPY,C_ny_rev,C_ny_rev|ref06-11o0|act12-15|rev|b0.5|a10|m1.5|tp1.0|x17,358,-49.22,0.68,50.37,False,91,-21.81,0.51
USDJPY,C_ny_rev,C_ny_rev|ref06-11o0|act12-15|rev|b0.5|a10|m1.5|tp1.0|x19,358,-56.5,0.67,58.64,False,91,-21.37,0.56
USDJPY,C_ny_rev,C_ny_rev|ref06-11o0|act12-15|rev_cf|b0.25|a10|m1.0|tp0.5|x17,198,-72.1,0.28,73.21,False,52,-19.99,0.22
USDJPY,C_ny_rev,C_ny_rev|ref06-11o0|act12-15|rev_cf|b0.25|a10|m1.0|tp0.5|x19,198,-71.24,0.3,72.43,False,52,-18.1,0.26
USDJPY,C_ny_rev,C_ny_rev|ref06-11o0|act12-15|rev_cf|b0.25|a10|m1.0|tp0.75|x17,198,-57.23,0.46,59.09,False,52,-15.8,0.4
USDJPY,C_ny_rev,C_ny_rev|ref06-11o0|act12-15|rev_cf|b0.25|a10|m1.0|tp0.75|x19,198,-55.58,0.48,57.78,False,52,-12.48,0.5
USDJPY,C_ny_rev,C_ny_rev|ref06-11o0|act12-15|rev_cf|b0.25|a10|m1.0|tp1.0|x17,198,-51.92,0.54,54.54,False,52,-14.67,0.51
USDJPY,C_ny_rev,C_ny_rev|ref06-11o0|act12-15|rev_cf|b0.25|a10|m1.0|tp1.0|x19,198,-50.85,0.56,53.53,False,52,-10.27,0.64
USDJPY,C_ny_rev,C_ny_rev|ref06-11o0|act12-15|rev_cf|b0.25|a10|m1.5|tp0.5|x17,198,-43.02,0.45,44.27,False,52,-11.45,0.39
USDJPY,C_ny_rev,C_ny_rev|ref06-11o0|act12-15|rev_cf|b0.25|a10|m1.5|tp0.5|x19,198,-42.4,0.47,43.87,False,52,-9.24,0.49
USDJPY,C_ny_rev,C_ny_rev|ref06-11o0|act12-15|rev_cf|b0.25|a10|m1.5|tp0.75|x17,198,-37.26,0.55,39.25,False,52,-10.71,0.52
USDJPY,C_ny_rev,C_ny_rev|ref06-11o0|act12-15|rev_cf|b0.25|a10|m1.5|tp0.75|x19,198,-37.03,0.57,39.07,False,52,-8.05,0.64
USDJPY,C_ny_rev,C_ny_rev|ref06-11o0|act12-15|rev_cf|b0.25|a10|m1.5|tp1.0|x17,198,-33.47,0.61,36.27,False,52,-13.24,0.49
USDJPY,C_ny_rev,C_ny_rev|ref06-11o0|act12-15|rev_cf|b0.25|a10|m1.5|tp1.0|x19,198,-35.59,0.61,37.3,False,52,-9.6,0.63
USDJPY,C_ny_rev,C_ny_rev|ref06-11o0|act12-15|rev_cf|b0.5|a10|m1.0|tp0.5|x17,109,-40.94,0.28,42.14,False,27,-10.52,0.2
USDJPY,C_ny_rev,C_ny_rev|ref06-11o0|act12-15|rev_cf|b0.5|a10|m1.0|tp0.5|x19,109,-42.74,0.28,43.94,False,27,-8.96,0.27
USDJPY,C_ny_rev,C_ny_rev|ref06-11o0|act12-15|rev_cf|b0.5|a10|m1.0|tp0.75|x17,109,-32.87,0.44,34.91,False,27,-8.55,0.37
USDJPY,C_ny_rev,C_ny_rev|ref06-11o0|act12-15|rev_cf|b0.5|a10|m1.0|tp0.75|x19,109,-34.05,0.45,36.25,False,27,-6.43,0.49
USDJPY,C_ny_rev,C_ny_rev|ref06-11o0|act12-15|rev_cf|b0.5|a10|m1.0|tp1.0|x17,109,-32.25,0.49,35.04,False,27,-6.0,0.56
USDJPY,C_ny_rev,C_ny_rev|ref06-11o0|act12-15|rev_cf|b0.5|a10|m1.0|tp1.0|x19,109,-33.68,0.5,36.77,False,27,-3.11,0.75
USDJPY,C_ny_rev,C_ny_rev|ref06-11o0|act12-15|rev_cf|b0.5|a10|m1.5|tp0.5|x17,109,-22.44,0.46,24.17,False,27,-5.76,0.37
USDJPY,C_ny_rev,C_ny_rev|ref06-11o0|act12-15|rev_cf|b0.5|a10|m1.5|tp0.5|x19,109,-24.21,0.45,25.72,False,27,-3.8,0.54
USDJPY,C_ny_rev,C_ny_rev|ref06-11o0|act12-15|rev_cf|b0.5|a10|m1.5|tp0.75|x17,109,-22.6,0.5,24.71,False,27,-4.9,0.52
USDJPY,C_ny_rev,C_ny_rev|ref06-11o0|act12-15|rev_cf|b0.5|a10|m1.5|tp0.75|x19,109,-26.14,0.48,28.45,False,27,-2.58,0.72
USDJPY,C_ny_rev,C_ny_rev|ref06-11o0|act12-15|rev_cf|b0.5|a10|m1.5|tp1.0|x17,109,-19.71,0.57,21.44,False,27,-6.19,0.48
USDJPY,C_ny_rev,C_ny_rev|ref06-11o0|act12-15|rev_cf|b0.5|a10|m1.5|tp1.0|x19,109,-24.04,0.53,25.28,False,27,-3.16,0.71
USDJPY,C_ny_rev,C_ny_rev|ref06-11o0|act13-16|rev|b0.25|a10|m1.0|tp0.5|x17,457,-148.45,0.32,148.7,False,126,-47.99,0.24
USDJPY,C_ny_rev,C_ny_rev|ref06-11o0|act13-16|rev|b0.25|a10|m1.0|tp0.5|x19,457,-148.01,0.34,148.26,False,126,-47.09,0.26
USDJPY,C_ny_rev,C_ny_rev|ref06-11o0|act13-16|rev|b0.25|a10|m1.0|tp0.75|x17,457,-117.83,0.49,118.58,False,126,-38.11,0.42
USDJPY,C_ny_rev,C_ny_rev|ref06-11o0|act13-16|rev|b0.25|a10|m1.0|tp0.75|x19,457,-118.65,0.5,119.4,False,126,-39.43,0.44
USDJPY,C_ny_rev,C_ny_rev|ref06-11o0|act13-16|rev|b0.25|a10|m1.0|tp1.0|x17,457,-95.38,0.6,95.83,False,126,-34.2,0.51
USDJPY,C_ny_rev,C_ny_rev|ref06-11o0|act13-16|rev|b0.25|a10|m1.0|tp1.0|x19,457,-92.77,0.62,94.05,False,126,-35.62,0.53
USDJPY,C_ny_rev,C_ny_rev|ref06-11o0|act13-16|rev|b0.25|a10|m1.5|tp0.5|x17,457,-93.11,0.45,93.62,False,126,-26.87,0.42
USDJPY,C_ny_rev,C_ny_rev|ref06-11o0|act13-16|rev|b0.25|a10|m1.5|tp0.5|x19,457,-95.54,0.46,96.04,False,126,-26.7,0.45
USDJPY,C_ny_rev,C_ny_rev|ref06-11o0|act13-16|rev|b0.25|a10|m1.5|tp0.75|x17,457,-75.44,0.58,75.82,False,126,-26.35,0.49
USDJPY,C_ny_rev,C_ny_rev|ref06-11o0|act13-16|rev|b0.25|a10|m1.5|tp0.75|x19,457,-73.97,0.61,74.97,False,126,-28.99,0.5
USDJPY,C_ny_rev,C_ny_rev|ref06-11o0|act13-16|rev|b0.25|a10|m1.5|tp1.0|x17,457,-66.46,0.63,67.1,False,126,-27.56,0.49
USDJPY,C_ny_rev,C_ny_rev|ref06-11o0|act13-16|rev|b0.25|a10|m1.5|tp1.0|x19,457,-68.53,0.65,70.03,False,126,-29.92,0.52
USDJPY,C_ny_rev,C_ny_rev|ref06-11o0|act13-16|rev|b0.5|a10|m1.0|tp0.5|x17,400,-125.13,0.33,125.38,False,104,-33.14,0.28
USDJPY,C_ny_rev,C_ny_rev|ref06-11o0|act13-16|rev|b0.5|a10|m1.0|tp0.5|x19,400,-123.83,0.35,124.08,False,104,-32.69,0.3
USDJPY,C_ny_rev,C_ny_rev|ref06-11o0|act13-16|rev|b0.5|a10|m1.0|tp0.75|x17,400,-97.83,0.5,98.59,False,104,-24.74,0.49
USDJPY,C_ny_rev,C_ny_rev|ref06-11o0|act13-16|rev|b0.5|a10|m1.0|tp0.75|x19,400,-96.73,0.52,97.48,False,104,-27.51,0.47
USDJPY,C_ny_rev,C_ny_rev|ref06-11o0|act13-16|rev|b0.5|a10|m1.0|tp1.0|x17,400,-79.57,0.61,80.03,False,104,-20.0,0.61
USDJPY,C_ny_rev,C_ny_rev|ref06-11o0|act13-16|rev|b0.5|a10|m1.0|tp1.0|x19,400,-77.49,0.64,78.74,False,104,-21.26,0.62
USDJPY,C_ny_rev,C_ny_rev|ref06-11o0|act13-16|rev|b0.5|a10|m1.5|tp0.5|x17,400,-71.23,0.49,71.73,False,104,-17.62,0.48
USDJPY,C_ny_rev,C_ny_rev|ref06-11o0|act13-16|rev|b0.5|a10|m1.5|tp0.5|x19,400,-73.9,0.5,74.4,False,104,-17.77,0.5
USDJPY,C_ny_rev,C_ny_rev|ref06-11o0|act13-16|rev|b0.5|a10|m1.5|tp0.75|x17,400,-57.31,0.61,57.69,False,104,-16.88,0.55
USDJPY,C_ny_rev,C_ny_rev|ref06-11o0|act13-16|rev|b0.5|a10|m1.5|tp0.75|x19,400,-58.71,0.63,59.71,False,104,-18.32,0.57
USDJPY,C_ny_rev,C_ny_rev|ref06-11o0|act13-16|rev|b0.5|a10|m1.5|tp1.0|x17,400,-46.84,0.69,47.47,False,104,-17.07,0.57
USDJPY,C_ny_rev,C_ny_rev|ref06-11o0|act13-16|rev|b0.5|a10|m1.5|tp1.0|x19,400,-52.65,0.68,54.15,False,104,-18.78,0.6
USDJPY,C_ny_rev,C_ny_rev|ref06-11o0|act13-16|rev_cf|b0.25|a10|m1.0|tp0.5|x17,206,-62.8,0.32,61.35,False,59,-25.16,0.2
USDJPY,C_ny_rev,C_ny_rev|ref06-11o0|act13-16|rev_cf|b0.25|a10|m1.0|tp0.5|x19,206,-59.92,0.36,58.47,False,59,-22.8,0.26
USDJPY,C_ny_rev,C_ny_rev|ref06-11o0|act13-16|rev_cf|b0.25|a10|m1.0|tp0.75|x17,206,-49.02,0.48,47.67,False,59,-24.54,0.27
USDJPY,C_ny_rev,C_ny_rev|ref06-11o0|act13-16|rev_cf|b0.25|a10|m1.0|tp0.75|x19,206,-45.11,0.55,44.1,False,59,-21.13,0.36
USDJPY,C_ny_rev,C_ny_rev|ref06-11o0|act13-16|rev_cf|b0.25|a10|m1.0|tp1.0|x17,206,-39.93,0.58,40.84,False,59,-23.99,0.32
USDJPY,C_ny_rev,C_ny_rev|ref06-11o0|act13-16|rev_cf|b0.25|a10|m1.0|tp1.0|x19,206,-34.31,0.66,34.51,False,59,-20.84,0.42
USDJPY,C_ny_rev,C_ny_rev|ref06-11o0|act13-16|rev_cf|b0.25|a10|m1.5|tp0.5|x17,206,-39.08,0.44,38.79,False,59,-18.77,0.25
USDJPY,C_ny_rev,C_ny_rev|ref06-11o0|act13-16|rev_cf|b0.25|a10|m1.5|tp0.5|x19,206,-36.4,0.51,35.96,False,59,-16.99,0.33
USDJPY,C_ny_rev,C_ny_rev|ref06-11o0|act13-16|rev_cf|b0.25|a10|m1.5|tp0.75|x17,206,-31.9,0.56,33.14,False,59,-17.75,0.33
USDJPY,C_ny_rev,C_ny_rev|ref06-11o0|act13-16|rev_cf|b0.25|a10|m1.5|tp0.75|x19,206,-29.56,0.62,29.95,False,59,-15.6,0.43
USDJPY,C_ny_rev,C_ny_rev|ref06-11o0|act13-16|rev_cf|b0.25|a10|m1.5|tp1.0|x17,206,-30.91,0.58,33.11,False,59,-17.4,0.36
USDJPY,C_ny_rev,C_ny_rev|ref06-11o0|act13-16|rev_cf|b0.25|a10|m1.5|tp1.0|x19,206,-32.47,0.6,33.12,False,59,-13.81,0.51
USDJPY,C_ny_rev,C_ny_rev|ref06-11o0|act13-16|rev_cf|b0.5|a10|m1.0|tp0.5|x17,119,-36.01,0.32,34.56,False,36,-13.78,0.21
USDJPY,C_ny_rev,C_ny_rev|ref06-11o0|act13-16|rev_cf|b0.5|a10|m1.0|tp0.5|x19,119,-34.26,0.36,33.68,False,36,-12.34,0.28
USDJPY,C_ny_rev,C_ny_rev|ref06-11o0|act13-16|rev_cf|b0.5|a10|m1.0|tp0.75|x17,119,-28.33,0.48,27.19,False,36,-12.62,0.29
USDJPY,C_ny_rev,C_ny_rev|ref06-11o0|act13-16|rev_cf|b0.5|a10|m1.0|tp0.75|x19,119,-27.13,0.53,26.09,False,36,-10.93,0.4
USDJPY,C_ny_rev,C_ny_rev|ref06-11o0|act13-16|rev_cf|b0.5|a10|m1.0|tp1.0|x17,119,-23.71,0.57,23.23,False,36,-11.4,0.36
USDJPY,C_ny_rev,C_ny_rev|ref06-11o0|act13-16|rev_cf|b0.5|a10|m1.0|tp1.0|x19,119,-22.01,0.63,21.54,False,36,-11.06,0.43
USDJPY,C_ny_rev,C_ny_rev|ref06-11o0|act13-16|rev_cf|b0.5|a10|m1.5|tp0.5|x17,119,-18.31,0.49,17.72,False,36,-9.31,0.27
USDJPY,C_ny_rev,C_ny_rev|ref06-11o0|act13-16|rev_cf|b0.5|a10|m1.5|tp0.5|x19,119,-19.29,0.52,18.55,False,36,-7.98,0.37
USDJPY,C_ny_rev,C_ny_rev|ref06-11o0|act13-16|rev_cf|b0.5|a10|m1.5|tp0.75|x17,119,-16.65,0.57,16.91,False,36,-8.26,0.35
USDJPY,C_ny_rev,C_ny_rev|ref06-11o0|act13-16|rev_cf|b0.5|a10|m1.5|tp0.75|x19,119,-19.18,0.57,19.12,False,36,-7.54,0.44
USDJPY,C_ny_rev,C_ny_rev|ref06-11o0|act13-16|rev_cf|b0.5|a10|m1.5|tp1.0|x17,119,-14.01,0.64,14.24,False,36,-7.67,0.4
USDJPY,C_ny_rev,C_ny_rev|ref06-11o0|act13-16|rev_cf|b0.5|a10|m1.5|tp1.0|x19,119,-19.01,0.58,17.99,False,36,-6.02,0.56
USDJPY,C_ny_rev,C_ny_rev|ref06-11o0|act13-17|rev|b0.25|a10|m1.0|tp0.5|x17,479,-148.85,0.34,149.11,False,131,-49.85,0.24
USDJPY,C_ny_rev,C_ny_rev|ref06-11o0|act13-17|rev|b0.25|a10|m1.0|tp0.5|x19,479,-153.23,0.34,153.48,False,131,-50.06,0.25
USDJPY,C_ny_rev,C_ny_rev|ref06-11o0|act13-17|rev|b0.25|a10|m1.0|tp0.75|x17,479,-117.48,0.51,118.24,False,131,-39.22,0.42
USDJPY,C_ny_rev,C_ny_rev|ref06-11o0|act13-17|rev|b0.25|a10|m1.0|tp0.75|x19,479,-123.57,0.5,124.32,False,131,-42.86,0.42
USDJPY,C_ny_rev,C_ny_rev|ref06-11o0|act13-17|rev|b0.25|a10|m1.0|tp1.0|x17,479,-93.28,0.62,93.73,False,131,-36.56,0.5
USDJPY,C_ny_rev,C_ny_rev|ref06-11o0|act13-17|rev|b0.25|a10|m1.0|tp1.0|x19,479,-97.74,0.62,98.99,False,131,-39.05,0.51
USDJPY,C_ny_rev,C_ny_rev|ref06-11o0|act13-17|rev|b0.25|a10|m1.5|tp0.5|x17,479,-92.22,0.47,92.72,False,131,-26.78,0.43
USDJPY,C_ny_rev,C_ny_rev|ref06-11o0|act13-17|rev|b0.25|a10|m1.5|tp0.5|x19,479,-98.5,0.46,99.0,False,131,-28.23,0.44
USDJPY,C_ny_rev,C_ny_rev|ref06-11o0|act13-17|rev|b0.25|a10|m1.5|tp0.75|x17,479,-75.54,0.6,75.93,False,131,-25.25,0.52
USDJPY,C_ny_rev,C_ny_rev|ref06-11o0|act13-17|rev|b0.25|a10|m1.5|tp0.75|x19,479,-77.02,0.61,78.03,False,131,-30.52,0.48
USDJPY,C_ny_rev,C_ny_rev|ref06-11o0|act13-17|rev|b0.25|a10|m1.5|tp1.0|x17,479,-64.96,0.66,65.59,False,131,-27.47,0.51
USDJPY,C_ny_rev,C_ny_rev|ref06-11o0|act13-17|rev|b0.25|a10|m1.5|tp1.0|x19,479,-71.33,0.65,72.83,False,131,-31.45,0.51
USDJPY,C_ny_rev,C_ny_rev|ref06-11o0|act13-17|rev|b0.5|a10|m1.0|tp0.5|x17,424,-128.37,0.35,128.63,False,114,-35.51,0.29
USDJPY,C_ny_rev,C_ny_rev|ref06-11o0|act13-17|rev|b0.5|a10|m1.0|tp0.5|x19,424,-127.95,0.35,128.21,False,114,-36.04,0.29
USDJPY,C_ny_rev,C_ny_rev|ref06-11o0|act13-17|rev|b0.5|a10|m1.0|tp0.75|x17,424,-100.33,0.52,101.08,False,114,-25.36,0.51
USDJPY,C_ny_rev,C_ny_rev|ref06-11o0|act13-17|rev|b0.5|a10|m1.0|tp0.75|x19,424,-100.38,0.53,101.13,False,114,-30.34,0.47
USDJPY,C_ny_rev,C_ny_rev|ref06-11o0|act13-17|rev|b0.5|a10|m1.0|tp1.0|x17,424,-84.32,0.61,84.77,False,114,-20.87,0.63
USDJPY,C_ny_rev,C_ny_rev|ref06-11o0|act13-17|rev|b0.5|a10|m1.0|tp1.0|x19,424,-80.92,0.64,82.18,False,114,-23.47,0.62
USDJPY,C_ny_rev,C_ny_rev|ref06-11o0|act13-17|rev|b0.5|a10|m1.5|tp0.5|x17,424,-74.39,0.5,74.9,False,114,-19.03,0.49
USDJPY,C_ny_rev,C_ny_rev|ref06-11o0|act13-17|rev|b0.5|a10|m1.5|tp0.5|x19,424,-76.19,0.51,76.69,False,114,-20.06,0.49
USDJPY,C_ny_rev,C_ny_rev|ref06-11o0|act13-17|rev|b0.5|a10|m1.5|tp0.75|x17,424,-61.72,0.61,62.11,False,114,-16.54,0.6
USDJPY,C_ny_rev,C_ny_rev|ref06-11o0|act13-17|rev|b0.5|a10|m1.5|tp0.75|x19,424,-61.12,0.63,62.12,False,114,-19.94,0.57
USDJPY,C_ny_rev,C_ny_rev|ref06-11o0|act13-17|rev|b0.5|a10|m1.5|tp1.0|x17,424,-50.0,0.69,50.64,False,114,-14.99,0.66
USDJPY,C_ny_rev,C_ny_rev|ref06-11o0|act13-17|rev|b0.5|a10|m1.5|tp1.0|x19,424,-55.1,0.68,56.6,False,114,-19.95,0.61
USDJPY,C_ny_rev,C_ny_rev|ref06-11o0|act13-17|rev_cf|b0.25|a10|m1.0|tp0.5|x17,230,-62.86,0.36,61.74,False,67,-24.67,0.24
USDJPY,C_ny_rev,C_ny_rev|ref06-11o0|act13-17|rev_cf|b0.25|a10|m1.0|tp0.5|x19,230,-63.23,0.38,62.12,False,67,-23.42,0.28
USDJPY,C_ny_rev,C_ny_rev|ref06-11o0|act13-17|rev_cf|b0.25|a10|m1.0|tp0.75|x17,230,-46.07,0.55,45.8,False,67,-25.79,0.31
USDJPY,C_ny_rev,C_ny_rev|ref06-11o0|act13-17|rev_cf|b0.25|a10|m1.0|tp0.75|x19,230,-49.16,0.55,47.77,False,67,-22.56,0.36
USDJPY,C_ny_rev,C_ny_rev|ref06-11o0|act13-17|rev_cf|b0.25|a10|m1.0|tp1.0|x17,230,-34.49,0.67,37.94,False,67,-26.0,0.36
USDJPY,C_ny_rev,C_ny_rev|ref06-11o0|act13-17|rev_cf|b0.25|a10|m1.0|tp1.0|x19,230,-39.63,0.64,38.58,False,67,-22.02,0.43
USDJPY,C_ny_rev,C_ny_rev|ref06-11o0|act13-17|rev_cf|b0.25|a10|m1.5|tp0.5|x17,230,-37.61,0.51,36.82,False,67,-19.1,0.3
USDJPY,C_ny_rev,C_ny_rev|ref06-11o0|act13-17|rev_cf|b0.25|a10|m1.5|tp0.5|x19,230,-39.73,0.5,38.47,False,67,-17.27,0.34
USDJPY,C_ny_rev,C_ny_rev|ref06-11o0|act13-17|rev_cf|b0.25|a10|m1.5|tp0.75|x17,230,-29.76,0.63,32.18,False,67,-16.59,0.43
USDJPY,C_ny_rev,C_ny_rev|ref06-11o0|act13-17|rev_cf|b0.25|a10|m1.5|tp0.75|x19,230,-33.58,0.6,32.8,False,67,-15.73,0.45
USDJPY,C_ny_rev,C_ny_rev|ref06-11o0|act13-17|rev_cf|b0.25|a10|m1.5|tp1.0|x17,230,-30.77,0.64,33.16,False,67,-16.73,0.45
USDJPY,C_ny_rev,C_ny_rev|ref06-11o0|act13-17|rev_cf|b0.25|a10|m1.5|tp1.0|x19,230,-36.21,0.59,35.7,False,67,-13.94,0.52
USDJPY,C_ny_rev,C_ny_rev|ref06-11o0|act13-17|rev_cf|b0.5|a10|m1.0|tp0.5|x17,137,-38.2,0.35,37.08,False,41,-12.61,0.28
USDJPY,C_ny_rev,C_ny_rev|ref06-11o0|act13-17|rev_cf|b0.5|a10|m1.0|tp0.5|x19,137,-36.21,0.39,35.96,False,41,-11.29,0.34
USDJPY,C_ny_rev,C_ny_rev|ref06-11o0|act13-17|rev_cf|b0.5|a10|m1.0|tp0.75|x17,137,-30.76,0.51,30.21,False,41,-13.7,0.33
USDJPY,C_ny_rev,C_ny_rev|ref06-11o0|act13-17|rev_cf|b0.5|a10|m1.0|tp0.75|x19,137,-32.06,0.51,30.67,False,41,-10.93,0.41
USDJPY,C_ny_rev,C_ny_rev|ref06-11o0|act13-17|rev_cf|b0.5|a10|m1.0|tp1.0|x17,137,-25.39,0.61,25.34,False,41,-13.73,0.37
USDJPY,C_ny_rev,C_ny_rev|ref06-11o0|act13-17|rev_cf|b0.5|a10|m1.0|tp1.0|x19,137,-26.51,0.61,25.34,False,41,-11.06,0.44
USDJPY,C_ny_rev,C_ny_rev|ref06-11o0|act13-17|rev_cf|b0.5|a10|m1.5|tp0.5|x17,137,-20.77,0.52,20.3,False,41,-10.7,0.29
USDJPY,C_ny_rev,C_ny_rev|ref06-11o0|act13-17|rev_cf|b0.5|a10|m1.5|tp0.5|x19,137,-22.96,0.5,21.7,False,41,-7.98,0.39
USDJPY,C_ny_rev,C_ny_rev|ref06-11o0|act13-17|rev_cf|b0.5|a10|m1.5|tp0.75|x17,137,-20.18,0.58,19.27,False,41,-8.9,0.41
USDJPY,C_ny_rev,C_ny_rev|ref06-11o0|act13-17|rev_cf|b0.5|a10|m1.5|tp0.75|x19,137,-22.31,0.56,21.28,False,41,-7.54,0.45
USDJPY,C_ny_rev,C_ny_rev|ref06-11o0|act13-17|rev_cf|b0.5|a10|m1.5|tp1.0|x17,137,-19.3,0.62,18.04,False,41,-9.56,0.41
USDJPY,C_ny_rev,C_ny_rev|ref06-11o0|act13-17|rev_cf|b0.5|a10|m1.5|tp1.0|x19,137,-21.9,0.57,20.64,False,41,-6.02,0.56
USDJPY,D_asia_breakout,D_asia_breakout|ref22-03o0|act03-08|con|b0.25|a10|m1.0|tp1.0|x08,413,-100.34,0.58,103.66,False,121,-68.29,0.27
USDJPY,D_asia_breakout,D_asia_breakout|ref22-03o0|act03-08|con|b0.25|a10|m1.0|tp1.0|x10,413,-101.71,0.59,105.33,False,121,-60.92,0.3
USDJPY,D_asia_breakout,D_asia_breakout|ref22-03o0|act03-08|con|b0.25|a10|m1.0|tp1.5|x08,413,-86.52,0.67,91.62,False,121,-69.24,0.29
USDJPY,D_asia_breakout,D_asia_breakout|ref22-03o0|act03-08|con|b0.25|a10|m1.0|tp1.5|x10,413,-87.06,0.68,93.47,False,121,-66.13,0.31
USDJPY,D_asia_breakout,D_asia_breakout|ref22-03o0|act03-08|con|b0.25|a10|m1.0|tp2.0|x08,413,-58.15,0.78,71.33,False,121,-65.97,0.34
USDJPY,D_asia_breakout,D_asia_breakout|ref22-03o0|act03-08|con|b0.25|a10|m1.0|tp2.0|x10,413,-60.83,0.78,83.8,False,121,-66.24,0.32
USDJPY,D_asia_breakout,D_asia_breakout|ref22-03o0|act03-08|con|b0.25|a10|m1.5|tp1.0|x08,413,-56.5,0.7,59.81,False,121,-48.38,0.32
USDJPY,D_asia_breakout,D_asia_breakout|ref22-03o0|act03-08|con|b0.25|a10|m1.5|tp1.0|x10,413,-50.29,0.73,53.94,False,121,-42.42,0.37
USDJPY,D_asia_breakout,D_asia_breakout|ref22-03o0|act03-08|con|b0.25|a10|m1.5|tp1.5|x08,413,-30.48,0.84,42.17,False,121,-46.56,0.37
USDJPY,D_asia_breakout,D_asia_breakout|ref22-03o0|act03-08|con|b0.25|a10|m1.5|tp1.5|x10,413,-26.73,0.86,46.08,False,121,-45.36,0.35
USDJPY,D_asia_breakout,D_asia_breakout|ref22-03o0|act03-08|con|b0.25|a10|m1.5|tp2.0|x08,413,-20.18,0.9,34.78,False,121,-42.32,0.43
USDJPY,D_asia_breakout,D_asia_breakout|ref22-03o0|act03-08|con|b0.25|a10|m1.5|tp2.0|x10,413,-26.67,0.87,47.59,False,121,-42.41,0.4
USDJPY,D_asia_breakout,D_asia_breakout|ref22-03o0|act03-08|con|b0.25|a10|m2.0|tp1.0|x08,413,-20.99,0.85,26.53,False,121,-32.25,0.4
USDJPY,D_asia_breakout,D_asia_breakout|ref22-03o0|act03-08|con|b0.25|a10|m2.0|tp1.0|x10,413,-17.69,0.88,31.51,False,121,-28.14,0.42
USDJPY,D_asia_breakout,D_asia_breakout|ref22-03o0|act03-08|con|b0.25|a10|m2.0|tp1.5|x08,413,-7.99,0.94,16.83,False,121,-29.77,0.46
USDJPY,D_asia_breakout,D_asia_breakout|ref22-03o0|act03-08|con|b0.25|a10|m2.0|tp1.5|x10,413,-15.28,0.9,31.03,False,121,-27.33,0.46
USDJPY,D_asia_breakout,D_asia_breakout|ref22-03o0|act03-08|con|b0.25|a10|m2.0|tp2.0|x08,413,-5.5,0.96,13.41,False,121,-30.83,0.45
USDJPY,D_asia_breakout,D_asia_breakout|ref22-03o0|act03-08|con|b0.25|a10|m2.0|tp2.0|x10,413,-12.41,0.92,29.34,False,121,-29.81,0.41
USDJPY,D_asia_breakout,D_asia_breakout|ref22-03o0|act03-08|con|b0.5|a10|m1.0|tp1.0|x08,349,-90.15,0.56,91.65,False,99,-59.38,0.24
USDJPY,D_asia_breakout,D_asia_breakout|ref22-03o0|act03-08|con|b0.5|a10|m1.0|tp1.0|x10,349,-85.66,0.58,88.77,False,99,-56.14,0.26
USDJPY,D_asia_breakout,D_asia_breakout|ref22-03o0|act03-08|con|b0.5|a10|m1.0|tp1.5|x08,349,-72.63,0.68,77.41,False,99,-60.04,0.27
USDJPY,D_asia_breakout,D_asia_breakout|ref22-03o0|act03-08|con|b0.5|a10|m1.0|tp1.5|x10,349,-68.7,0.69,74.78,False,99,-60.79,0.26
USDJPY,D_asia_breakout,D_asia_breakout|ref22-03o0|act03-08|con|b0.5|a10|m1.0|tp2.0|x08,349,-53.52,0.77,59.98,False,99,-55.85,0.32
USDJPY,D_asia_breakout,D_asia_breakout|ref22-03o0|act03-08|con|b0.5|a10|m1.0|tp2.0|x10,349,-47.98,0.79,56.6,False,99,-59.75,0.27
USDJPY,D_asia_breakout,D_asia_breakout|ref22-03o0|act03-08|con|b0.5|a10|m1.5|tp1.0|x08,349,-48.46,0.7,51.55,False,99,-38.35,0.33
USDJPY,D_asia_breakout,D_asia_breakout|ref22-03o0|act03-08|con|b0.5|a10|m1.5|tp1.0|x10,349,-41.28,0.74,44.69,False,99,-35.29,0.34
USDJPY,D_asia_breakout,D_asia_breakout|ref22-03o0|act03-08|con|b0.5|a10|m1.5|tp1.5|x08,349,-36.5,0.78,41.32,False,99,-36.59,0.37
USDJPY,D_asia_breakout,D_asia_breakout|ref22-03o0|act03-08|con|b0.5|a10|m1.5|tp1.5|x10,349,-31.79,0.81,36.44,False,99,-35.85,0.33
USDJPY,D_asia_breakout,D_asia_breakout|ref22-03o0|act03-08|con|b0.5|a10|m1.5|tp2.0|x08,349,-20.24,0.88,31.43,False,99,-36.39,0.39
USDJPY,D_asia_breakout,D_asia_breakout|ref22-03o0|act03-08|con|b0.5|a10|m1.5|tp2.0|x10,349,-24.96,0.85,33.38,False,99,-36.91,0.32
USDJPY,D_asia_breakout,D_asia_breakout|ref22-03o0|act03-08|con|b0.5|a10|m2.0|tp1.0|x08,349,-16.27,0.86,21.19,False,99,-26.61,0.4
USDJPY,D_asia_breakout,D_asia_breakout|ref22-03o0|act03-08|con|b0.5|a10|m2.0|tp1.0|x10,349,-14.97,0.87,23.24,False,99,-26.28,0.36
USDJPY,D_asia_breakout,D_asia_breakout|ref22-03o0|act03-08|con|b0.5|a10|m2.0|tp1.5|x08,349,-5.27,0.96,15.54,False,99,-27.61,0.41
USDJPY,D_asia_breakout,D_asia_breakout|ref22-03o0|act03-08|con|b0.5|a10|m2.0|tp1.5|x10,349,-13.94,0.89,22.37,False,99,-27.51,0.34
USDJPY,D_asia_breakout,D_asia_breakout|ref22-03o0|act03-08|con|b0.5|a10|m2.0|tp2.0|x08,349,-2.79,0.98,14.19,False,99,-27.88,0.42
USDJPY,D_asia_breakout,D_asia_breakout|ref22-03o0|act03-08|con|b0.5|a10|m2.0|tp2.0|x10,349,-12.83,0.9,20.03,False,99,-27.29,0.34
USDJPY,D_asia_breakout,D_asia_breakout|ref22-03o0|act04-09|con|b0.25|a10|m1.0|tp1.0|x08,442,-119.33,0.55,121.05,False,131,-64.83,0.32
USDJPY,D_asia_breakout,D_asia_breakout|ref22-03o0|act04-09|con|b0.25|a10|m1.0|tp1.0|x10,442,-114.01,0.56,116.4,False,131,-60.7,0.32
USDJPY,D_asia_breakout,D_asia_breakout|ref22-03o0|act04-09|con|b0.25|a10|m1.0|tp1.5|x08,442,-103.54,0.64,105.13,False,131,-63.19,0.38
USDJPY,D_asia_breakout,D_asia_breakout|ref22-03o0|act04-09|con|b0.25|a10|m1.0|tp1.5|x10,442,-99.09,0.65,104.1,False,131,-59.91,0.37
USDJPY,D_asia_breakout,D_asia_breakout|ref22-03o0|act04-09|con|b0.25|a10|m1.0|tp2.0|x08,442,-88.61,0.7,93.2,False,131,-64.27,0.39
USDJPY,D_asia_breakout,D_asia_breakout|ref22-03o0|act04-09|con|b0.25|a10|m1.0|tp2.0|x10,442,-90.0,0.69,96.04,False,131,-63.2,0.34
USDJPY,D_asia_breakout,D_asia_breakout|ref22-03o0|act04-09|con|b0.25|a10|m1.5|tp1.0|x08,442,-61.53,0.69,64.03,False,131,-42.54,0.41
USDJPY,D_asia_breakout,D_asia_breakout|ref22-03o0|act04-09|con|b0.25|a10|m1.5|tp1.0|x10,442,-55.49,0.71,60.56,False,131,-40.12,0.4
USDJPY,D_asia_breakout,D_asia_breakout|ref22-03o0|act04-09|con|b0.25|a10|m1.5|tp1.5|x08,442,-37.7,0.82,42.02,False,131,-42.18,0.44
USDJPY,D_asia_breakout,D_asia_breakout|ref22-03o0|act04-09|con|b0.25|a10|m1.5|tp1.5|x10,442,-36.61,0.82,41.78,False,131,-45.01,0.35
USDJPY,D_asia_breakout,D_asia_breakout|ref22-03o0|act04-09|con|b0.25|a10|m1.5|tp2.0|x08,442,-25.24,0.88,35.86,False,131,-38.26,0.5
USDJPY,D_asia_breakout,D_asia_breakout|ref22-03o0|act04-09|con|b0.25|a10|m1.5|tp2.0|x10,442,-32.98,0.84,41.31,False,131,-41.24,0.4
USDJPY,D_asia_breakout,D_asia_breakout|ref22-03o0|act04-09|con|b0.25|a10|m2.0|tp1.0|x08,442,-33.48,0.79,35.81,False,131,-32.33,0.44
USDJPY,D_asia_breakout,D_asia_breakout|ref22-03o0|act04-09|con|b0.25|a10|m2.0|tp1.0|x10,442,-32.09,0.79,36.49,False,131,-27.69,0.43
USDJPY,D_asia_breakout,D_asia_breakout|ref22-03o0|act04-09|con|b0.25|a10|m2.0|tp1.5|x08,442,-18.45,0.88,25.36,False,131,-28.26,0.52
USDJPY,D_asia_breakout,D_asia_breakout|ref22-03o0|act04-09|con|b0.25|a10|m2.0|tp1.5|x10,442,-23.04,0.85,30.86,False,131,-25.64,0.47
USDJPY,D_asia_breakout,D_asia_breakout|ref22-03o0|act04-09|con|b0.25|a10|m2.0|tp2.0|x08,442,-18.74,0.88,25.72,False,131,-27.0,0.55
USDJPY,D_asia_breakout,D_asia_breakout|ref22-03o0|act04-09|con|b0.25|a10|m2.0|tp2.0|x10,442,-22.26,0.86,31.18,False,131,-26.49,0.45
USDJPY,D_asia_breakout,D_asia_breakout|ref22-03o0|act04-09|con|b0.5|a10|m1.0|tp1.0|x08,381,-102.18,0.55,104.03,False,110,-56.96,0.31
USDJPY,D_asia_breakout,D_asia_breakout|ref22-03o0|act04-09|con|b0.5|a10|m1.0|tp1.0|x10,381,-90.45,0.58,93.79,False,110,-55.41,0.29
USDJPY,D_asia_breakout,D_asia_breakout|ref22-03o0|act04-09|con|b0.5|a10|m1.0|tp1.5|x08,381,-79.21,0.68,86.11,False,110,-60.11,0.33
USDJPY,D_asia_breakout,D_asia_breakout|ref22-03o0|act04-09|con|b0.5|a10|m1.0|tp1.5|x10,381,-70.07,0.7,76.8,False,110,-56.64,0.32
USDJPY,D_asia_breakout,D_asia_breakout|ref22-03o0|act04-09|con|b0.5|a10|m1.0|tp2.0|x08,381,-65.31,0.75,77.31,False,110,-59.96,0.35
USDJPY,D_asia_breakout,D_asia_breakout|ref22-03o0|act04-09|con|b0.5|a10|m1.0|tp2.0|x10,381,-65.52,0.73,74.78,False,110,-57.41,0.31
USDJPY,D_asia_breakout,D_asia_breakout|ref22-03o0|act04-09|con|b0.5|a10|m1.5|tp1.0|x08,381,-48.5,0.72,55.15,False,110,-38.71,0.39
USDJPY,D_asia_breakout,D_asia_breakout|ref22-03o0|act04-09|con|b0.5|a10|m1.5|tp1.0|x10,381,-38.1,0.76,44.97,False,110,-32.87,0.39
USDJPY,D_asia_breakout,D_asia_breakout|ref22-03o0|act04-09|con|b0.5|a10|m1.5|tp1.5|x08,381,-34.76,0.81,44.84,False,110,-39.31,0.41
USDJPY,D_asia_breakout,D_asia_breakout|ref22-03o0|act04-09|con|b0.5|a10|m1.5|tp1.5|x10,381,-32.38,0.8,40.17,False,110,-34.8,0.36
USDJPY,D_asia_breakout,D_asia_breakout|ref22-03o0|act04-09|con|b0.5|a10|m1.5|tp2.0|x08,381,-21.67,0.88,37.8,False,110,-36.83,0.46
USDJPY,D_asia_breakout,D_asia_breakout|ref22-03o0|act04-09|con|b0.5|a10|m1.5|tp2.0|x10,381,-26.81,0.84,35.21,False,110,-34.54,0.37
USDJPY,D_asia_breakout,D_asia_breakout|ref22-03o0|act04-09|con|b0.5|a10|m2.0|tp1.0|x08,381,-21.07,0.84,29.1,False,110,-27.26,0.45
USDJPY,D_asia_breakout,D_asia_breakout|ref22-03o0|act04-09|con|b0.5|a10|m2.0|tp1.0|x10,381,-20.0,0.84,29.33,False,110,-23.9,0.4
USDJPY,D_asia_breakout,D_asia_breakout|ref22-03o0|act04-09|con|b0.5|a10|m2.0|tp1.5|x08,381,-8.67,0.94,22.3,False,110,-25.54,0.51
USDJPY,D_asia_breakout,D_asia_breakout|ref22-03o0|act04-09|con|b0.5|a10|m2.0|tp1.5|x10,381,-15.29,0.88,25.22,False,110,-24.27,0.4
USDJPY,D_asia_breakout,D_asia_breakout|ref22-03o0|act04-09|con|b0.5|a10|m2.0|tp2.0|x08,381,-7.25,0.95,20.21,False,110,-25.31,0.52
USDJPY,D_asia_breakout,D_asia_breakout|ref22-03o0|act04-09|con|b0.5|a10|m2.0|tp2.0|x10,381,-15.13,0.88,25.18,False,110,-23.82,0.41
USDJPY,D_asia_breakout,D_asia_breakout|ref00-04o0|act03-08|con|b0.25|a10|m1.0|tp1.0|x08,498,-112.0,0.61,122.95,False,150,-42.69,0.52
USDJPY,D_asia_breakout,D_asia_breakout|ref00-04o0|act03-08|con|b0.25|a10|m1.0|tp1.0|x10,498,-118.01,0.6,129.18,False,150,-43.9,0.52
USDJPY,D_asia_breakout,D_asia_breakout|ref00-04o0|act03-08|con|b0.25|a10|m1.0|tp1.5|x08,498,-98.48,0.69,111.63,False,150,-40.84,0.59
USDJPY,D_asia_breakout,D_asia_breakout|ref00-04o0|act03-08|con|b0.25|a10|m1.0|tp1.5|x10,498,-112.24,0.67,127.2,False,150,-38.88,0.61
USDJPY,D_asia_breakout,D_asia_breakout|ref00-04o0|act03-08|con|b0.25|a10|m1.0|tp2.0|x08,498,-76.18,0.77,91.0,False,150,-35.54,0.65
USDJPY,D_asia_breakout,D_asia_breakout|ref00-04o0|act03-08|con|b0.25|a10|m1.0|tp2.0|x10,498,-95.83,0.73,113.42,False,150,-33.64,0.67
USDJPY,D_asia_breakout,D_asia_breakout|ref00-04o0|act03-08|con|b0.25|a10|m1.5|tp1.0|x08,498,-63.69,0.71,72.13,False,150,-33.22,0.55
USDJPY,D_asia_breakout,D_asia_breakout|ref00-04o0|act03-08|con|b0.25|a10|m1.5|tp1.0|x10,498,-82.68,0.67,92.77,False,150,-26.43,0.63
USDJPY,D_asia_breakout,D_asia_breakout|ref00-04o0|act03-08|con|b0.25|a10|m1.5|tp1.5|x08,498,-53.15,0.77,63.64,False,150,-32.93,0.57
USDJPY,D_asia_breakout,D_asia_breakout|ref00-04o0|act03-08|con|b0.25|a10|m1.5|tp1.5|x10,498,-74.6,0.72,87.8,False,150,-22.29,0.7
USDJPY,D_asia_breakout,D_asia_breakout|ref00-04o0|act03-08|con|b0.25|a10|m1.5|tp2.0|x08,498,-48.12,0.8,61.58,False,150,-33.36,0.57
USDJPY,D_asia_breakout,D_asia_breakout|ref00-04o0|act03-08|con|b0.25|a10|m1.5|tp2.0|x10,498,-68.56,0.74,82.49,False,150,-25.57,0.67
USDJPY,D_asia_breakout,D_asia_breakout|ref00-04o0|act03-08|con|b0.25|a10|m2.0|tp1.0|x08,498,-32.7,0.81,43.03,False,150,-19.54,0.65
USDJPY,D_asia_breakout,D_asia_breakout|ref00-04o0|act03-08|con|b0.25|a10|m2.0|tp1.0|x10,498,-42.79,0.78,55.83,False,150,-15.06,0.72
USDJPY,D_asia_breakout,D_asia_breakout|ref00-04o0|act03-08|con|b0.25|a10|m2.0|tp1.5|x08,498,-33.12,0.81,46.87,False,150,-22.76,0.6
USDJPY,D_asia_breakout,D_asia_breakout|ref00-04o0|act03-08|con|b0.25|a10|m2.0|tp1.5|x10,498,-43.1,0.78,58.5,False,150,-18.28,0.68
USDJPY,D_asia_breakout,D_asia_breakout|ref00-04o0|act03-08|con|b0.25|a10|m2.0|tp2.0|x08,498,-20.33,0.88,37.95,False,150,-21.27,0.63
USDJPY,D_asia_breakout,D_asia_breakout|ref00-04o0|act03-08|con|b0.25|a10|m2.0|tp2.0|x10,498,-29.02,0.86,51.09,False,150,-17.66,0.69
USDJPY,D_asia_breakout,D_asia_breakout|ref00-04o0|act03-08|con|b0.5|a10|m1.0|tp1.0|x08,483,-108.52,0.61,119.52,False,139,-32.12,0.59
USDJPY,D_asia_breakout,D_asia_breakout|ref00-04o0|act03-08|con|b0.5|a10|m1.0|tp1.0|x10,483,-117.6,0.59,128.82,False,139,-35.67,0.56
USDJPY,D_asia_breakout,D_asia_breakout|ref00-04o0|act03-08|con|b0.5|a10|m1.0|tp1.5|x08,483,-95.45,0.69,108.74,False,139,-28.42,0.67
USDJPY,D_asia_breakout,D_asia_breakout|ref00-04o0|act03-08|con|b0.5|a10|m1.0|tp1.5|x10,483,-109.53,0.66,124.04,False,139,-28.99,0.67
USDJPY,D_asia_breakout,D_asia_breakout|ref00-04o0|act03-08|con|b0.5|a10|m1.0|tp2.0|x08,483,-81.81,0.74,97.33,False,139,-27.01,0.7
USDJPY,D_asia_breakout,D_asia_breakout|ref00-04o0|act03-08|con|b0.5|a10|m1.0|tp2.0|x10,483,-96.23,0.72,112.89,False,139,-26.6,0.71
USDJPY,D_asia_breakout,D_asia_breakout|ref00-04o0|act03-08|con|b0.5|a10|m1.5|tp1.0|x08,483,-62.51,0.7,71.18,False,139,-23.33,0.63
USDJPY,D_asia_breakout,D_asia_breakout|ref00-04o0|act03-08|con|b0.5|a10|m1.5|tp1.0|x10,483,-85.35,0.65,95.15,False,139,-20.31,0.68
USDJPY,D_asia_breakout,D_asia_breakout|ref00-04o0|act03-08|con|b0.5|a10|m1.5|tp1.5|x08,483,-52.97,0.76,64.1,False,139,-25.8,0.62
USDJPY,D_asia_breakout,D_asia_breakout|ref00-04o0|act03-08|con|b0.5|a10|m1.5|tp1.5|x10,483,-78.82,0.69,91.23,False,139,-18.32,0.72
USDJPY,D_asia_breakout,D_asia_breakout|ref00-04o0|act03-08|con|b0.5|a10|m1.5|tp2.0|x08,483,-47.49,0.79,61.19,False,139,-25.55,0.63
USDJPY,D_asia_breakout,D_asia_breakout|ref00-04o0|act03-08|con|b0.5|a10|m1.5|tp2.0|x10,483,-74.18,0.72,87.35,False,139,-21.73,0.68
USDJPY,D_asia_breakout,D_asia_breakout|ref00-04o0|act03-08|con|b0.5|a10|m2.0|tp1.0|x08,483,-32.06,0.8,42.43,False,139,-15.8,0.68
USDJPY,D_asia_breakout,D_asia_breakout|ref00-04o0|act03-08|con|b0.5|a10|m2.0|tp1.0|x10,483,-43.66,0.77,56.29,False,139,-11.65,0.76
USDJPY,D_asia_breakout,D_asia_breakout|ref00-04o0|act03-08|con|b0.5|a10|m2.0|tp1.5|x08,483,-31.39,0.81,44.63,False,139,-18.39,0.64
USDJPY,D_asia_breakout,D_asia_breakout|ref00-04o0|act03-08|con|b0.5|a10|m2.0|tp1.5|x10,483,-46.09,0.76,60.05,False,139,-14.4,0.72
USDJPY,D_asia_breakout,D_asia_breakout|ref00-04o0|act03-08|con|b0.5|a10|m2.0|tp2.0|x08,483,-17.11,0.9,34.12,False,139,-16.4,0.68
USDJPY,D_asia_breakout,D_asia_breakout|ref00-04o0|act03-08|con|b0.5|a10|m2.0|tp2.0|x10,483,-31.89,0.84,49.81,False,139,-13.78,0.73
USDJPY,D_asia_breakout,D_asia_breakout|ref00-04o0|act04-09|con|b0.25|a10|m1.0|tp1.0|x08,444,-103.29,0.59,110.47,False,135,-58.65,0.37
USDJPY,D_asia_breakout,D_asia_breakout|ref00-04o0|act04-09|con|b0.25|a10|m1.0|tp1.0|x10,444,-99.17,0.6,106.47,False,135,-52.67,0.38
USDJPY,D_asia_breakout,D_asia_breakout|ref00-04o0|act04-09|con|b0.25|a10|m1.0|tp1.5|x08,444,-83.52,0.69,91.33,False,135,-57.87,0.41
USDJPY,D_asia_breakout,D_asia_breakout|ref00-04o0|act04-09|con|b0.25|a10|m1.0|tp1.5|x10,444,-82.61,0.69,92.72,False,135,-52.62,0.42
USDJPY,D_asia_breakout,D_asia_breakout|ref00-04o0|act04-09|con|b0.25|a10|m1.0|tp2.0|x08,444,-63.97,0.77,76.23,False,135,-59.13,0.43
USDJPY,D_asia_breakout,D_asia_breakout|ref00-04o0|act04-09|con|b0.25|a10|m1.0|tp2.0|x10,444,-72.3,0.74,84.41,False,135,-55.1,0.41
USDJPY,D_asia_breakout,D_asia_breakout|ref00-04o0|act04-09|con|b0.25|a10|m1.5|tp1.0|x08,444,-51.12,0.74,57.61,False,135,-39.11,0.45
USDJPY,D_asia_breakout,D_asia_breakout|ref00-04o0|act04-09|con|b0.25|a10|m1.5|tp1.0|x10,444,-46.49,0.75,54.14,False,135,-33.99,0.46
USDJPY,D_asia_breakout,D_asia_breakout|ref00-04o0|act04-09|con|b0.25|a10|m1.5|tp1.5|x08,444,-28.68,0.86,39.76,False,135,-38.7,0.48
USDJPY,D_asia_breakout,D_asia_breakout|ref00-04o0|act04-09|con|b0.25|a10|m1.5|tp1.5|x10,444,-31.15,0.84,39.06,False,135,-38.18,0.41
USDJPY,D_asia_breakout,D_asia_breakout|ref00-04o0|act04-09|con|b0.25|a10|m1.5|tp2.0|x08,444,-14.41,0.93,30.43,False,135,-32.94,0.56
USDJPY,D_asia_breakout,D_asia_breakout|ref00-04o0|act04-09|con|b0.25|a10|m1.5|tp2.0|x10,444,-24.56,0.87,33.7,False,135,-33.78,0.48
USDJPY,D_asia_breakout,D_asia_breakout|ref00-04o0|act04-09|con|b0.25|a10|m2.0|tp1.0|x08,444,-23.8,0.84,31.54,False,135,-31.49,0.46
USDJPY,D_asia_breakout,D_asia_breakout|ref00-04o0|act04-09|con|b0.25|a10|m2.0|tp1.0|x10,444,-24.05,0.83,30.46,False,135,-24.03,0.49
USDJPY,D_asia_breakout,D_asia_breakout|ref00-04o0|act04-09|con|b0.25|a10|m2.0|tp1.5|x08,444,-9.47,0.94,21.32,False,135,-25.92,0.56
USDJPY,D_asia_breakout,D_asia_breakout|ref00-04o0|act04-09|con|b0.25|a10|m2.0|tp1.5|x10,444,-14.63,0.9,23.39,False,135,-21.38,0.54
USDJPY,D_asia_breakout,D_asia_breakout|ref00-04o0|act04-09|con|b0.25|a10|m2.0|tp2.0|x08,444,-8.46,0.95,22.83,False,135,-22.39,0.63
USDJPY,D_asia_breakout,D_asia_breakout|ref00-04o0|act04-09|con|b0.25|a10|m2.0|tp2.0|x10,444,-12.08,0.92,22.76,False,135,-22.09,0.53
USDJPY,D_asia_breakout,D_asia_breakout|ref00-04o0|act04-09|con|b0.5|a10|m1.0|tp1.0|x08,375,-98.06,0.56,101.34,False,117,-52.52,0.36
USDJPY,D_asia_breakout,D_asia_breakout|ref00-04o0|act04-09|con|b0.5|a10|m1.0|tp1.0|x10,375,-94.5,0.55,99.33,False,117,-47.43,0.36
USDJPY,D_asia_breakout,D_asia_breakout|ref00-04o0|act04-09|con|b0.5|a10|m1.0|tp1.5|x08,375,-59.66,0.74,68.54,False,117,-58.25,0.35
USDJPY,D_asia_breakout,D_asia_breakout|ref00-04o0|act04-09|con|b0.5|a10|m1.0|tp1.5|x10,375,-71.39,0.68,80.19,False,117,-50.62,0.36
USDJPY,D_asia_breakout,D_asia_breakout|ref00-04o0|act04-09|con|b0.5|a10|m1.0|tp2.0|x08,375,-34.98,0.85,49.48,False,117,-56.53,0.38
USDJPY,D_asia_breakout,D_asia_breakout|ref00-04o0|act04-09|con|b0.5|a10|m1.0|tp2.0|x10,375,-56.36,0.75,68.19,False,117,-48.93,0.38
USDJPY,D_asia_breakout,D_asia_breakout|ref00-04o0|act04-09|con|b0.5|a10|m1.5|tp1.0|x08,375,-36.32,0.78,45.73,False,117,-35.48,0.42
USDJPY,D_asia_breakout,D_asia_breakout|ref00-04o0|act04-09|con|b0.5|a10|m1.5|tp1.0|x10,375,-47.25,0.7,54.18,False,117,-30.03,0.43
USDJPY,D_asia_breakout,D_asia_breakout|ref00-04o0|act04-09|con|b0.5|a10|m1.5|tp1.5|x08,375,-19.13,0.89,29.52,False,117,-36.86,0.44
USDJPY,D_asia_breakout,D_asia_breakout|ref00-04o0|act04-09|con|b0.5|a10|m1.5|tp1.5|x10,375,-39.66,0.76,48.47,False,117,-30.67,0.42
USDJPY,D_asia_breakout,D_asia_breakout|ref00-04o0|act04-09|con|b0.5|a10|m1.5|tp2.0|x08,375,-3.88,0.98,20.28,False,117,-35.14,0.49
USDJPY,D_asia_breakout,D_asia_breakout|ref00-04o0|act04-09|con|b0.5|a10|m1.5|tp2.0|x10,375,-33.7,0.79,42.32,False,117,-30.54,0.42
USDJPY,D_asia_breakout,D_asia_breakout|ref00-04o0|act04-09|con|b0.5|a10|m2.0|tp1.0|x08,375,-12.93,0.9,22.83,False,117,-26.46,0.48
USDJPY,D_asia_breakout,D_asia_breakout|ref00-04o0|act04-09|con|b0.5|a10|m2.0|tp1.0|x10,375,-24.71,0.79,32.67,False,117,-24.3,0.42
USDJPY,D_asia_breakout,D_asia_breakout|ref00-04o0|act04-09|con|b0.5|a10|m2.0|tp1.5|x08,375,-0.83,0.99,15.83,False,117,-27.18,0.5
USDJPY,D_asia_breakout,D_asia_breakout|ref00-04o0|act04-09|con|b0.5|a10|m2.0|tp1.5|x10,375,-19.99,0.83,27.64,False,117,-25.03,0.4
USDJPY,D_asia_breakout,D_asia_breakout|ref00-04o0|act04-09|con|b0.5|a10|m2.0|tp2.0|x08,375,-2.21,0.98,18.74,False,117,-26.45,0.53
USDJPY,D_asia_breakout,D_asia_breakout|ref00-04o0|act04-09|con|b0.5|a10|m2.0|tp2.0|x10,375,-15.82,0.87,22.18,False,117,-23.7,0.43
USDJPY,E_pd_extreme_rev,E_pd_extreme_rev|ref00-23o1|act22-09|rev|b0.5|a10|m1.0|tp0.75|x08,356,-102.47,0.49,101.44,False,100,-20.59,0.57
USDJPY,E_pd_extreme_rev,E_pd_extreme_rev|ref00-23o1|act22-09|rev|b0.5|a10|m1.0|tp1.0|x08,356,-84.15,0.61,82.78,False,100,-16.0,0.7
USDJPY,E_pd_extreme_rev,E_pd_extreme_rev|ref00-23o1|act22-09|rev|b0.5|a10|m1.0|tpopp|x08,356,-44.17,0.84,42.81,False,100,-7.78,0.9
USDJPY,E_pd_extreme_rev,E_pd_extreme_rev|ref00-23o1|act22-09|rev|b0.5|a10|m1.5|tp0.75|x08,356,-63.97,0.63,63.76,False,100,-15.63,0.65
USDJPY,E_pd_extreme_rev,E_pd_extreme_rev|ref00-23o1|act22-09|rev|b0.5|a10|m1.5|tp1.0|x08,356,-50.31,0.73,50.6,False,100,-21.32,0.6
USDJPY,E_pd_extreme_rev,E_pd_extreme_rev|ref00-23o1|act22-09|rev|b0.5|a10|m1.5|tpopp|x08,356,-50.56,0.77,51.23,False,100,-8.03,0.87
USDJPY,E_pd_extreme_rev,E_pd_extreme_rev|ref00-23o1|act22-09|rev|b1.0|a10|m1.0|tp0.75|x08,311,-102.98,0.44,101.97,False,87,-18.94,0.56
USDJPY,E_pd_extreme_rev,E_pd_extreme_rev|ref00-23o1|act22-09|rev|b1.0|a10|m1.0|tp1.0|x08,311,-93.43,0.54,92.06,False,87,-14.73,0.68
USDJPY,E_pd_extreme_rev,E_pd_extreme_rev|ref00-23o1|act22-09|rev|b1.0|a10|m1.0|tpopp|x08,311,-63.49,0.75,62.73,False,87,-28.95,0.59
USDJPY,E_pd_extreme_rev,E_pd_extreme_rev|ref00-23o1|act22-09|rev|b1.0|a10|m1.5|tp0.75|x08,311,-64.08,0.59,62.84,False,87,-14.43,0.63
USDJPY,E_pd_extreme_rev,E_pd_extreme_rev|ref00-23o1|act22-09|rev|b1.0|a10|m1.5|tp1.0|x08,311,-54.41,0.68,53.16,False,87,-19.78,0.57
USDJPY,E_pd_extreme_rev,E_pd_extreme_rev|ref00-23o1|act22-09|rev|b1.0|a10|m1.5|tpopp|x08,311,-60.32,0.7,59.07,False,87,-17.47,0.66
USDJPY,E_pd_extreme_rev,E_pd_extreme_rev|ref00-23o1|act22-09|rev|b1.5|a10|m1.0|tp0.75|x08,279,-95.07,0.44,94.12,False,81,-17.92,0.56
USDJPY,E_pd_extreme_rev,E_pd_extreme_rev|ref00-23o1|act22-09|rev|b1.5|a10|m1.0|tp1.0|x08,279,-90.7,0.51,89.33,False,81,-15.83,0.65
USDJPY,E_pd_extreme_rev,E_pd_extreme_rev|ref00-23o1|act22-09|rev|b1.5|a10|m1.0|tpopp|x08,279,-79.98,0.65,79.52,False,81,-20.67,0.68
USDJPY,E_pd_extreme_rev,E_pd_extreme_rev|ref00-23o1|act22-09|rev|b1.5|a10|m1.5|tp0.75|x08,279,-57.69,0.59,56.44,False,81,-11.39,0.68
USDJPY,E_pd_extreme_rev,E_pd_extreme_rev|ref00-23o1|act22-09|rev|b1.5|a10|m1.5|tp1.0|x08,279,-48.26,0.68,47.31,False,81,-15.89,0.62
USDJPY,E_pd_extreme_rev,E_pd_extreme_rev|ref00-23o1|act22-09|rev|b1.5|a10|m1.5|tpopp|x08,279,-59.63,0.67,58.63,False,81,-12.11,0.75
USDJPY,E_pd_extreme_rev,E_pd_extreme_rev|ref00-23o1|act22-09|rev_cf|b0.5|a10|m1.0|tp0.75|x08,86,-23.14,0.49,23.8,False,25,-3.14,0.7
USDJPY,E_pd_extreme_rev,E_pd_extreme_rev|ref00-23o1|act22-09|rev_cf|b0.5|a10|m1.0|tp1.0|x08,86,-24.23,0.53,25.89,False,25,1.11,1.11
USDJPY,E_pd_extreme_rev,E_pd_extreme_rev|ref00-23o1|act22-09|rev_cf|b0.5|a10|m1.0|tpopp|x08,86,1.03,1.02,13.53,False,25,13.56,1.84
USDJPY,E_pd_extreme_rev,E_pd_extreme_rev|ref00-23o1|act22-09|rev_cf|b0.5|a10|m1.5|tp0.75|x08,86,-18.22,0.55,19.96,False,25,-1.85,0.81
USDJPY,E_pd_extreme_rev,E_pd_extreme_rev|ref00-23o1|act22-09|rev_cf|b0.5|a10|m1.5|tp1.0|x08,86,-18.59,0.58,18.8,False,25,-0.64,0.94
USDJPY,E_pd_extreme_rev,E_pd_extreme_rev|ref00-23o1|act22-09|rev_cf|b0.5|a10|m1.5|tpopp|x08,86,-7.4,0.85,14.61,False,25,8.66,1.75
USDJPY,E_pd_extreme_rev,E_pd_extreme_rev|ref00-23o1|act06-10|rev|b0.5|a10|m1.0|tp0.75|x11,256,-79.94,0.43,79.38,False,79,-26.34,0.41
USDJPY,E_pd_extreme_rev,E_pd_extreme_rev|ref00-23o1|act06-10|rev|b0.5|a10|m1.0|tp1.0|x11,256,-76.31,0.5,76.0,False,79,-22.7,0.51
USDJPY,E_pd_extreme_rev,E_pd_extreme_rev|ref00-23o1|act06-10|rev|b0.5|a10|m1.0|tpopp|x11,256,-73.53,0.55,72.66,False,79,-14.75,0.69
USDJPY,E_pd_extreme_rev,E_pd_extreme_rev|ref00-23o1|act06-10|rev|b0.5|a10|m1.5|tp0.75|x11,256,-58.63,0.5,58.05,False,79,-16.95,0.51
USDJPY,E_pd_extreme_rev,E_pd_extreme_rev|ref00-23o1|act06-10|rev|b0.5|a10|m1.5|tp1.0|x11,256,-54.29,0.55,53.71,False,79,-14.79,0.57
USDJPY,E_pd_extreme_rev,E_pd_extreme_rev|ref00-23o1|act06-10|rev|b0.5|a10|m1.5|tpopp|x11,256,-55.05,0.54,54.48,False,79,-12.29,0.65
USDJPY,E_pd_extreme_rev,E_pd_extreme_rev|ref00-23o1|act06-10|rev|b1.0|a10|m1.0|tp0.75|x11,211,-59.04,0.47,57.57,False,58,-23.76,0.34
USDJPY,E_pd_extreme_rev,E_pd_extreme_rev|ref00-23o1|act06-10|rev|b1.0|a10|m1.0|tp1.0|x11,211,-58.77,0.52,57.31,False,58,-19.74,0.45
USDJPY,E_pd_extreme_rev,E_pd_extreme_rev|ref00-23o1|act06-10|rev|b1.0|a10|m1.0|tpopp|x11,211,-55.4,0.58,53.94,False,58,-8.51,0.76
USDJPY,E_pd_extreme_rev,E_pd_extreme_rev|ref00-23o1|act06-10|rev|b1.0|a10|m1.5|tp0.75|x11,211,-44.1,0.52,43.92,False,58,-14.43,0.44
USDJPY,E_pd_extreme_rev,E_pd_extreme_rev|ref00-23o1|act06-10|rev|b1.0|a10|m1.5|tp1.0|x11,211,-41.61,0.57,41.44,False,58,-12.97,0.5
USDJPY,E_pd_extreme_rev,E_pd_extreme_rev|ref00-23o1|act06-10|rev|b1.0|a10|m1.5|tpopp|x11,211,-40.94,0.58,40.77,False,58,-7.7,0.7
USDJPY,E_pd_extreme_rev,E_pd_extreme_rev|ref00-23o1|act06-10|rev|b1.5|a10|m1.0|tp0.75|x11,165,-48.85,0.46,47.47,False,38,-19.28,0.27
USDJPY,E_pd_extreme_rev,E_pd_extreme_rev|ref00-23o1|act06-10|rev|b1.5|a10|m1.0|tp1.0|x11,165,-50.8,0.49,49.42,False,38,-16.28,0.39
USDJPY,E_pd_extreme_rev,E_pd_extreme_rev|ref00-23o1|act06-10|rev|b1.5|a10|m1.0|tpopp|x11,165,-51.41,0.52,50.03,False,38,-14.63,0.46
USDJPY,E_pd_extreme_rev,E_pd_extreme_rev|ref00-23o1|act06-10|rev|b1.5|a10|m1.5|tp0.75|x11,165,-33.18,0.52,33.07,False,38,-12.95,0.34
USDJPY,E_pd_extreme_rev,E_pd_extreme_rev|ref00-23o1|act06-10|rev|b1.5|a10|m1.5|tp1.0|x11,165,-32.19,0.55,32.07,False,38,-12.68,0.36
USDJPY,E_pd_extreme_rev,E_pd_extreme_rev|ref00-23o1|act06-10|rev|b1.5|a10|m1.5|tpopp|x11,165,-32.29,0.56,32.17,False,38,-11.42,0.42
USDJPY,E_pd_extreme_rev,E_pd_extreme_rev|ref00-23o1|act06-10|rev_cf|b0.5|a10|m1.0|tp0.75|x11,61,-17.27,0.44,16.41,False,28,-5.79,0.56
USDJPY,E_pd_extreme_rev,E_pd_extreme_rev|ref00-23o1|act06-10|rev_cf|b0.5|a10|m1.0|tp1.0|x11,61,-17.53,0.48,16.93,False,28,-4.7,0.65
USDJPY,E_pd_extreme_rev,E_pd_extreme_rev|ref00-23o1|act06-10|rev_cf|b0.5|a10|m1.0|tpopp|x11,61,-13.99,0.58,14.12,False,28,-3.03,0.78
USDJPY,E_pd_extreme_rev,E_pd_extreme_rev|ref00-23o1|act06-10|rev_cf|b0.5|a10|m1.5|tp0.75|x11,61,-9.74,0.56,9.54,False,28,-4.33,0.58
USDJPY,E_pd_extreme_rev,E_pd_extreme_rev|ref00-23o1|act06-10|rev_cf|b0.5|a10|m1.5|tp1.0|x11,61,-9.72,0.56,9.95,False,28,-2.69,0.74
USDJPY,E_pd_extreme_rev,E_pd_extreme_rev|ref00-23o1|act06-10|rev_cf|b0.5|a10|m1.5|tpopp|x11,61,-8.89,0.6,9.68,False,28,-3.05,0.71
USDJPY,E_pd_extreme_rev,E_pd_extreme_rev|ref00-23o1|act13-16|rev|b0.5|a10|m1.0|tp0.75|x17,323,-84.15,0.48,84.9,False,89,-33.07,0.36
USDJPY,E_pd_extreme_rev,E_pd_extreme_rev|ref00-23o1|act13-16|rev|b0.5|a10|m1.0|tp1.0|x17,323,-73.2,0.57,73.77,False,89,-32.4,0.41
USDJPY,E_pd_extreme_rev,E_pd_extreme_rev|ref00-23o1|act13-16|rev|b0.5|a10|m1.0|tpopp|x17,323,-34.02,0.8,37.92,False,89,-31.27,0.47
USDJPY,E_pd_extreme_rev,E_pd_extreme_rev|ref00-23o1|act13-16|rev|b0.5|a10|m1.5|tp0.75|x17,323,-50.89,0.58,51.36,False,89,-22.36,0.43
USDJPY,E_pd_extreme_rev,E_pd_extreme_rev|ref00-23o1|act13-16|rev|b0.5|a10|m1.5|tp1.0|x17,323,-44.58,0.64,45.3,False,89,-22.97,0.43
USDJPY,E_pd_extreme_rev,E_pd_extreme_rev|ref00-23o1|act13-16|rev|b0.5|a10|m1.5|tpopp|x17,323,-31.43,0.75,32.9,False,89,-20.57,0.49
USDJPY,E_pd_extreme_rev,E_pd_extreme_rev|ref00-23o1|act13-16|rev|b1.0|a10|m1.0|tp0.75|x17,253,-77.48,0.44,77.8,False,70,-25.27,0.37
USDJPY,E_pd_extreme_rev,E_pd_extreme_rev|ref00-23o1|act13-16|rev|b1.0|a10|m1.0|tp1.0|x17,253,-66.74,0.53,67.31,False,70,-26.12,0.4
USDJPY,E_pd_extreme_rev,E_pd_extreme_rev|ref00-23o1|act13-16|rev|b1.0|a10|m1.0|tpopp|x17,253,-35.83,0.75,39.62,False,70,-25.06,0.47
USDJPY,E_pd_extreme_rev,E_pd_extreme_rev|ref00-23o1|act13-16|rev|b1.0|a10|m1.5|tp0.75|x17,253,-44.41,0.55,44.87,False,70,-15.68,0.47
USDJPY,E_pd_extreme_rev,E_pd_extreme_rev|ref00-23o1|act13-16|rev|b1.0|a10|m1.5|tp1.0|x17,253,-38.55,0.62,39.26,False,70,-16.95,0.44
USDJPY,E_pd_extreme_rev,E_pd_extreme_rev|ref00-23o1|act13-16|rev|b1.0|a10|m1.5|tpopp|x17,253,-28.53,0.72,31.27,False,70,-14.41,0.53
USDJPY,E_pd_extreme_rev,E_pd_extreme_rev|ref00-23o1|act13-16|rev|b1.5|a10|m1.0|tp0.75|x17,214,-63.57,0.44,63.89,False,54,-23.86,0.31
USDJPY,E_pd_extreme_rev,E_pd_extreme_rev|ref00-23o1|act13-16|rev|b1.5|a10|m1.0|tp1.0|x17,214,-52.86,0.54,53.43,False,54,-23.8,0.35
USDJPY,E_pd_extreme_rev,E_pd_extreme_rev|ref00-23o1|act13-16|rev|b1.5|a10|m1.0|tpopp|x17,214,-24.55,0.79,28.38,False,54,-20.75,0.45
USDJPY,E_pd_extreme_rev,E_pd_extreme_rev|ref00-23o1|act13-16|rev|b1.5|a10|m1.5|tp0.75|x17,214,-35.25,0.57,35.72,False,54,-12.61,0.47
USDJPY,E_pd_extreme_rev,E_pd_extreme_rev|ref00-23o1|act13-16|rev|b1.5|a10|m1.5|tp1.0|x17,214,-30.46,0.64,31.18,False,54,-13.91,0.43
USDJPY,E_pd_extreme_rev,E_pd_extreme_rev|ref00-23o1|act13-16|rev|b1.5|a10|m1.5|tpopp|x17,214,-21.28,0.75,24.0,False,54,-11.72,0.52
USDJPY,E_pd_extreme_rev,E_pd_extreme_rev|ref00-23o1|act13-16|rev_cf|b0.5|a10|m1.0|tp0.75|x17,78,-14.93,0.56,15.35,False,24,-9.06,0.33
USDJPY,E_pd_extreme_rev,E_pd_extreme_rev|ref00-23o1|act13-16|rev_cf|b0.5|a10|m1.0|tp1.0|x17,78,-11.89,0.66,12.67,False,24,-10.53,0.31
USDJPY,E_pd_extreme_rev,E_pd_extreme_rev|ref00-23o1|act13-16|rev_cf|b0.5|a10|m1.0|tpopp|x17,78,-3.09,0.91,9.74,False,24,-8.97,0.41
USDJPY,E_pd_extreme_rev,E_pd_extreme_rev|ref00-23o1|act13-16|rev_cf|b0.5|a10|m1.5|tp0.75|x17,78,-7.42,0.7,8.0,False,24,-7.71,0.3
USDJPY,E_pd_extreme_rev,E_pd_extreme_rev|ref00-23o1|act13-16|rev_cf|b0.5|a10|m1.5|tp1.0|x17,78,-7.31,0.71,8.12,False,24,-7.17,0.35
USDJPY,E_pd_extreme_rev,E_pd_extreme_rev|ref00-23o1|act13-16|rev_cf|b0.5|a10|m1.5|tpopp|x17,78,-3.69,0.85,7.15,False,24,-6.84,0.38
USDJPY,F_ny_trend_cont,F_ny_trend_cont|ref07-13o0|act14-17|con_cb|b0.0|a10|m1.5|tp1.0|x20,325,-28.93,0.74,31.66,False,103,-20.45,0.49
USDJPY,F_ny_trend_cont,F_ny_trend_cont|ref07-13o0|act14-17|con_cb|b0.0|a10|m1.5|tp1.0|x21,325,-38.63,0.69,40.2,False,103,-22.59,0.49
USDJPY,F_ny_trend_cont,F_ny_trend_cont|ref07-13o0|act14-17|con_cb|b0.0|a10|m1.5|tp1.5|x20,325,-28.27,0.75,32.58,False,103,-23.43,0.45
USDJPY,F_ny_trend_cont,F_ny_trend_cont|ref07-13o0|act14-17|con_cb|b0.0|a10|m1.5|tp1.5|x21,325,-39.31,0.69,42.5,False,103,-26.07,0.43
USDJPY,F_ny_trend_cont,F_ny_trend_cont|ref07-13o0|act14-17|con_cb|b0.0|a10|m1.5|tp2.0|x20,325,-25.44,0.77,31.41,False,103,-24.59,0.42
USDJPY,F_ny_trend_cont,F_ny_trend_cont|ref07-13o0|act14-17|con_cb|b0.0|a10|m1.5|tp2.0|x21,325,-34.59,0.73,41.09,False,103,-27.25,0.4
USDJPY,F_ny_trend_cont,F_ny_trend_cont|ref07-13o0|act14-17|con_cb|b0.0|a10|m2.0|tp1.0|x20,325,-20.01,0.76,23.06,False,103,-19.65,0.42
USDJPY,F_ny_trend_cont,F_ny_trend_cont|ref07-13o0|act14-17|con_cb|b0.0|a10|m2.0|tp1.0|x21,325,-27.77,0.71,29.59,False,103,-20.95,0.43
USDJPY,F_ny_trend_cont,F_ny_trend_cont|ref07-13o0|act14-17|con_cb|b0.0|a10|m2.0|tp1.5|x20,325,-16.58,0.8,21.51,False,103,-20.61,0.39
USDJPY,F_ny_trend_cont,F_ny_trend_cont|ref07-13o0|act14-17|con_cb|b0.0|a10|m2.0|tp1.5|x21,325,-23.96,0.75,28.56,False,103,-23.21,0.37
USDJPY,F_ny_trend_cont,F_ny_trend_cont|ref07-13o0|act14-17|con_cb|b0.0|a10|m2.0|tp2.0|x20,325,-14.57,0.83,21.46,False,103,-21.21,0.37
USDJPY,F_ny_trend_cont,F_ny_trend_cont|ref07-13o0|act14-17|con_cb|b0.0|a10|m2.0|tp2.0|x21,325,-18.7,0.8,25.84,False,103,-23.28,0.37
USDJPY,F_ny_trend_cont,F_ny_trend_cont|ref07-13o0|act14-17|con_cb|b0.0|a10|m2.5|tp1.0|x20,325,-14.5,0.78,17.6,False,103,-17.23,0.39
USDJPY,F_ny_trend_cont,F_ny_trend_cont|ref07-13o0|act14-17|con_cb|b0.0|a10|m2.5|tp1.0|x21,325,-21.3,0.72,23.4,False,103,-20.12,0.36
USDJPY,F_ny_trend_cont,F_ny_trend_cont|ref07-13o0|act14-17|con_cb|b0.0|a10|m2.5|tp1.5|x20,325,-11.85,0.82,16.12,False,103,-17.51,0.38
USDJPY,F_ny_trend_cont,F_ny_trend_cont|ref07-13o0|act14-17|con_cb|b0.0|a10|m2.5|tp1.5|x21,325,-15.88,0.79,20.19,False,103,-19.98,0.37
USDJPY,F_ny_trend_cont,F_ny_trend_cont|ref07-13o0|act14-17|con_cb|b0.0|a10|m2.5|tp2.0|x20,325,-10.91,0.84,15.22,False,103,-18.29,0.36
USDJPY,F_ny_trend_cont,F_ny_trend_cont|ref07-13o0|act14-17|con_cb|b0.0|a10|m2.5|tp2.0|x21,325,-13.3,0.83,17.28,False,103,-20.24,0.36
USDJPY,F_ny_trend_cont,F_ny_trend_cont|ref07-13o0|act15-18|con_cb|b0.0|a10|m1.5|tp1.0|x20,322,-40.64,0.6,45.14,False,109,-19.85,0.52
USDJPY,F_ny_trend_cont,F_ny_trend_cont|ref07-13o0|act15-18|con_cb|b0.0|a10|m1.5|tp1.0|x21,322,-52.18,0.55,55.21,False,109,-22.99,0.5
USDJPY,F_ny_trend_cont,F_ny_trend_cont|ref07-13o0|act15-18|con_cb|b0.0|a10|m1.5|tp1.5|x20,322,-42.11,0.59,49.07,False,109,-26.61,0.39
USDJPY,F_ny_trend_cont,F_ny_trend_cont|ref07-13o0|act15-18|con_cb|b0.0|a10|m1.5|tp1.5|x21,322,-55.19,0.53,60.52,False,109,-30.25,0.37
USDJPY,F_ny_trend_cont,F_ny_trend_cont|ref07-13o0|act15-18|con_cb|b0.0|a10|m1.5|tp2.0|x20,322,-39.56,0.62,47.54,False,109,-26.4,0.39
USDJPY,F_ny_trend_cont,F_ny_trend_cont|ref07-13o0|act15-18|con_cb|b0.0|a10|m1.5|tp2.0|x21,322,-51.16,0.57,57.68,False,109,-29.78,0.38
USDJPY,F_ny_trend_cont,F_ny_trend_cont|ref07-13o0|act15-18|con_cb|b0.0|a10|m2.0|tp1.0|x20,322,-27.22,0.64,31.8,False,109,-21.61,0.37
USDJPY,F_ny_trend_cont,F_ny_trend_cont|ref07-13o0|act15-18|con_cb|b0.0|a10|m2.0|tp1.0|x21,322,-36.51,0.58,39.87,False,109,-24.02,0.38
USDJPY,F_ny_trend_cont,F_ny_trend_cont|ref07-13o0|act15-18|con_cb|b0.0|a10|m2.0|tp1.5|x20,322,-25.03,0.66,30.98,False,109,-21.61,0.37
USDJPY,F_ny_trend_cont,F_ny_trend_cont|ref07-13o0|act15-18|con_cb|b0.0|a10|m2.0|tp1.5|x21,322,-35.5,0.6,40.38,False,109,-24.99,0.35
USDJPY,F_ny_trend_cont,F_ny_trend_cont|ref07-13o0|act15-18|con_cb|b0.0|a10|m2.0|tp2.0|x20,322,-22.96,0.69,29.83,False,109,-21.11,0.39
USDJPY,F_ny_trend_cont,F_ny_trend_cont|ref07-13o0|act15-18|con_cb|b0.0|a10|m2.0|tp2.0|x21,322,-29.98,0.66,35.43,False,109,-23.99,0.38
USDJPY,F_ny_trend_cont,F_ny_trend_cont|ref07-13o0|act15-18|con_cb|b0.0|a10|m2.5|tp1.0|x20,322,-21.4,0.64,25.73,False,109,-17.89,0.36
USDJPY,F_ny_trend_cont,F_ny_trend_cont|ref07-13o0|act15-18|con_cb|b0.0|a10|m2.5|tp1.0|x21,322,-31.16,0.57,34.51,False,109,-21.16,0.33
USDJPY,F_ny_trend_cont,F_ny_trend_cont|ref07-13o0|act15-18|con_cb|b0.0|a10|m2.5|tp1.5|x20,322,-18.79,0.69,24.08,False,109,-17.39,0.38
USDJPY,F_ny_trend_cont,F_ny_trend_cont|ref07-13o0|act15-18|con_cb|b0.0|a10|m2.5|tp1.5|x21,322,-24.92,0.65,29.09,False,109,-20.16,0.36
USDJPY,F_ny_trend_cont,F_ny_trend_cont|ref07-13o0|act15-18|con_cb|b0.0|a10|m2.5|tp2.0|x20,322,-19.35,0.68,23.85,False,109,-16.89,0.4
USDJPY,F_ny_trend_cont,F_ny_trend_cont|ref07-13o0|act15-18|con_cb|b0.0|a10|m2.5|tp2.0|x21,322,-22.43,0.69,25.54,False,109,-19.16,0.39
USDJPY,F_ny_trend_cont,F_ny_trend_cont|ref06-12o0|act14-17|con_cb|b0.0|a10|m1.5|tp1.0|x20,372,-37.25,0.72,40.72,False,101,-23.4,0.46
USDJPY,F_ny_trend_cont,F_ny_trend_cont|ref06-12o0|act14-17|con_cb|b0.0|a10|m1.5|tp1.0|x21,372,-49.59,0.66,51.9,False,101,-26.57,0.44
USDJPY,F_ny_trend_cont,F_ny_trend_cont|ref06-12o0|act14-17|con_cb|b0.0|a10|m1.5|tp1.5|x20,372,-33.14,0.75,37.42,False,101,-24.98,0.44
USDJPY,F_ny_trend_cont,F_ny_trend_cont|ref06-12o0|act14-17|con_cb|b0.0|a10|m1.5|tp1.5|x21,372,-47.63,0.68,50.67,False,101,-29.99,0.4
USDJPY,F_ny_trend_cont,F_ny_trend_cont|ref06-12o0|act14-17|con_cb|b0.0|a10|m1.5|tp2.0|x20,372,-31.89,0.76,37.34,False,101,-26.14,0.42
USDJPY,F_ny_trend_cont,F_ny_trend_cont|ref06-12o0|act14-17|con_cb|b0.0|a10|m1.5|tp2.0|x21,372,-48.33,0.68,52.55,False,101,-31.17,0.38
USDJPY,F_ny_trend_cont,F_ny_trend_cont|ref06-12o0|act14-17|con_cb|b0.0|a10|m2.0|tp1.0|x20,372,-25.45,0.74,28.59,False,101,-21.25,0.41
USDJPY,F_ny_trend_cont,F_ny_trend_cont|ref06-12o0|act14-17|con_cb|b0.0|a10|m2.0|tp1.0|x21,372,-34.73,0.69,36.56,False,101,-25.03,0.4
USDJPY,F_ny_trend_cont,F_ny_trend_cont|ref06-12o0|act14-17|con_cb|b0.0|a10|m2.0|tp1.5|x20,372,-23.35,0.76,27.99,False,101,-22.23,0.39
USDJPY,F_ny_trend_cont,F_ny_trend_cont|ref06-12o0|act14-17|con_cb|b0.0|a10|m2.0|tp1.5|x21,372,-35.75,0.68,39.09,False,101,-27.47,0.34
USDJPY,F_ny_trend_cont,F_ny_trend_cont|ref06-12o0|act14-17|con_cb|b0.0|a10|m2.0|tp2.0|x20,372,-22.27,0.78,27.73,False,101,-22.84,0.37
USDJPY,F_ny_trend_cont,F_ny_trend_cont|ref06-12o0|act14-17|con_cb|b0.0|a10|m2.0|tp2.0|x21,372,-31.72,0.72,35.62,False,101,-27.54,0.34
USDJPY,F_ny_trend_cont,F_ny_trend_cont|ref06-12o0|act14-17|con_cb|b0.0|a10|m2.5|tp1.0|x20,372,-18.38,0.77,21.36,False,101,-18.26,0.39
USDJPY,F_ny_trend_cont,F_ny_trend_cont|ref06-12o0|act14-17|con_cb|b0.0|a10|m2.5|tp1.0|x21,372,-28.94,0.68,30.86,False,101,-23.63,0.33
USDJPY,F_ny_trend_cont,F_ny_trend_cont|ref06-12o0|act14-17|con_cb|b0.0|a10|m2.5|tp1.5|x20,372,-16.95,0.78,20.92,False,101,-18.54,0.38
USDJPY,F_ny_trend_cont,F_ny_trend_cont|ref06-12o0|act14-17|con_cb|b0.0|a10|m2.5|tp1.5|x21,372,-24.97,0.72,27.7,False,101,-23.5,0.34
USDJPY,F_ny_trend_cont,F_ny_trend_cont|ref06-12o0|act14-17|con_cb|b0.0|a10|m2.5|tp2.0|x20,372,-16.29,0.79,19.47,False,101,-19.32,0.36
USDJPY,F_ny_trend_cont,F_ny_trend_cont|ref06-12o0|act14-17|con_cb|b0.0|a10|m2.5|tp2.0|x21,372,-20.61,0.77,22.28,False,101,-23.75,0.33
USDJPY,F_ny_trend_cont,F_ny_trend_cont|ref06-12o0|act15-18|con_cb|b0.0|a10|m1.5|tp1.0|x20,352,-39.42,0.64,43.54,False,107,-24.39,0.44
USDJPY,F_ny_trend_cont,F_ny_trend_cont|ref06-12o0|act15-18|con_cb|b0.0|a10|m1.5|tp1.0|x21,352,-49.87,0.59,52.35,False,107,-28.42,0.43
USDJPY,F_ny_trend_cont,F_ny_trend_cont|ref06-12o0|act15-18|con_cb|b0.0|a10|m1.5|tp1.5|x20,352,-41.01,0.62,47.2,False,107,-28.9,0.36
USDJPY,F_ny_trend_cont,F_ny_trend_cont|ref06-12o0|act15-18|con_cb|b0.0|a10|m1.5|tp1.5|x21,352,-52.68,0.57,56.71,False,107,-33.76,0.34
USDJPY,F_ny_trend_cont,F_ny_trend_cont|ref06-12o0|act15-18|con_cb|b0.0|a10|m1.5|tp2.0|x20,352,-38.46,0.65,45.66,False,107,-28.7,0.37
USDJPY,F_ny_trend_cont,F_ny_trend_cont|ref06-12o0|act15-18|con_cb|b0.0|a10|m1.5|tp2.0|x21,352,-48.64,0.61,53.85,False,107,-33.29,0.35
USDJPY,F_ny_trend_cont,F_ny_trend_cont|ref06-12o0|act15-18|con_cb|b0.0|a10|m2.0|tp1.0|x20,352,-25.39,0.67,29.38,False,107,-23.98,0.34
USDJPY,F_ny_trend_cont,F_ny_trend_cont|ref06-12o0|act15-18|con_cb|b0.0|a10|m2.0|tp1.0|x21,352,-32.65,0.63,35.16,False,107,-27.42,0.35
USDJPY,F_ny_trend_cont,F_ny_trend_cont|ref06-12o0|act15-18|con_cb|b0.0|a10|m2.0|tp1.5|x20,352,-23.42,0.7,28.8,False,107,-24.08,0.34
USDJPY,F_ny_trend_cont,F_ny_trend_cont|ref06-12o0|act15-18|con_cb|b0.0|a10|m2.0|tp1.5|x21,352,-31.92,0.65,35.83,False,107,-28.63,0.32
USDJPY,F_ny_trend_cont,F_ny_trend_cont|ref06-12o0|act15-18|con_cb|b0.0|a10|m2.0|tp2.0|x20,352,-21.36,0.73,27.65,False,107,-23.58,0.36
USDJPY,F_ny_trend_cont,F_ny_trend_cont|ref06-12o0|act15-18|con_cb|b0.0|a10|m2.0|tp2.0|x21,352,-26.23,0.71,30.7,False,107,-27.63,0.34
USDJPY,F_ny_trend_cont,F_ny_trend_cont|ref06-12o0|act15-18|con_cb|b0.0|a10|m2.5|tp1.0|x20,352,-19.84,0.68,23.7,False,107,-19.78,0.33
USDJPY,F_ny_trend_cont,F_ny_trend_cont|ref06-12o0|act15-18|con_cb|b0.0|a10|m2.5|tp1.0|x21,352,-27.45,0.63,30.02,False,107,-24.06,0.3
USDJPY,F_ny_trend_cont,F_ny_trend_cont|ref06-12o0|act15-18|con_cb|b0.0|a10|m2.5|tp1.5|x20,352,-17.22,0.73,22.05,False,107,-19.28,0.35
USDJPY,F_ny_trend_cont,F_ny_trend_cont|ref06-12o0|act15-18|con_cb|b0.0|a10|m2.5|tp1.5|x21,352,-21.46,0.71,24.84,False,107,-23.06,0.33
USDJPY,F_ny_trend_cont,F_ny_trend_cont|ref06-12o0|act15-18|con_cb|b0.0|a10|m2.5|tp2.0|x20,352,-17.78,0.72,21.82,False,107,-18.78,0.37
USDJPY,F_ny_trend_cont,F_ny_trend_cont|ref06-12o0|act15-18|con_cb|b0.0|a10|m2.5|tp2.0|x21,352,-18.46,0.75,21.7,False,107,-22.06,0.36
USDJPY,G_asia_cont,G_asia_cont|ref19-21o1|act22-09|con|b0.5|a10|m1.0|tp1.0|x09,497,-122.63,0.59,123.43,False,137,-50.63,0.44
USDJPY,G_asia_cont,G_asia_cont|ref19-21o1|act22-09|con|b0.5|a10|m1.0|tp1.0|x10,497,-119.11,0.6,120.17,False,137,-49.56,0.45
USDJPY,G_asia_cont,G_asia_cont|ref19-21o1|act22-09|con|b0.5|a10|m1.0|tp1.5|x09,497,-97.23,0.71,98.83,False,137,-57.4,0.46
USDJPY,G_asia_cont,G_asia_cont|ref19-21o1|act22-09|con|b0.5|a10|m1.0|tp1.5|x10,497,-95.87,0.72,98.08,False,137,-55.81,0.48
USDJPY,G_asia_cont,G_asia_cont|ref19-21o1|act22-09|con|b0.5|a10|m1.5|tp1.0|x09,497,-91.83,0.66,93.74,False,137,-39.02,0.5
USDJPY,G_asia_cont,G_asia_cont|ref19-21o1|act22-09|con|b0.5|a10|m1.5|tp1.0|x10,497,-89.05,0.67,91.37,False,137,-37.77,0.52
USDJPY,G_asia_cont,G_asia_cont|ref19-21o1|act22-09|con|b0.5|a10|m1.5|tp1.5|x09,497,-74.86,0.74,79.03,False,137,-43.54,0.5
USDJPY,G_asia_cont,G_asia_cont|ref19-21o1|act22-09|con|b0.5|a10|m1.5|tp1.5|x10,497,-70.27,0.76,74.48,False,137,-43.62,0.51
USDJPY,G_asia_cont,G_asia_cont|ref19-21o1|act22-09|con|b1.0|a10|m1.0|tp1.0|x09,472,-134.74,0.55,139.18,False,122,-55.04,0.37
USDJPY,G_asia_cont,G_asia_cont|ref19-21o1|act22-09|con|b1.0|a10|m1.0|tp1.0|x10,472,-130.96,0.56,134.87,False,122,-55.58,0.36
USDJPY,G_asia_cont,G_asia_cont|ref19-21o1|act22-09|con|b1.0|a10|m1.0|tp1.5|x09,472,-100.05,0.69,103.9,False,122,-63.8,0.38
USDJPY,G_asia_cont,G_asia_cont|ref19-21o1|act22-09|con|b1.0|a10|m1.0|tp1.5|x10,472,-95.2,0.71,100.68,False,122,-65.12,0.37
USDJPY,G_asia_cont,G_asia_cont|ref19-21o1|act22-09|con|b1.0|a10|m1.5|tp1.0|x09,472,-86.47,0.65,89.31,False,122,-47.27,0.39
USDJPY,G_asia_cont,G_asia_cont|ref19-21o1|act22-09|con|b1.0|a10|m1.5|tp1.0|x10,472,-78.51,0.68,81.88,False,122,-49.17,0.37
USDJPY,G_asia_cont,G_asia_cont|ref19-21o1|act22-09|con|b1.0|a10|m1.5|tp1.5|x09,472,-81.87,0.7,87.22,False,122,-44.75,0.46
USDJPY,G_asia_cont,G_asia_cont|ref19-21o1|act22-09|con|b1.0|a10|m1.5|tp1.5|x10,472,-77.07,0.71,83.91,False,122,-47.14,0.44
USDJPY,G_asia_cont,G_asia_cont|ref19-21o1|act22-10|con|b0.5|a10|m1.0|tp1.0|x09,497,-122.63,0.59,123.43,False,139,-49.1,0.46
USDJPY,G_asia_cont,G_asia_cont|ref19-21o1|act22-10|con|b0.5|a10|m1.0|tp1.0|x10,497,-119.11,0.6,120.17,False,139,-48.03,0.47
USDJPY,G_asia_cont,G_asia_cont|ref19-21o1|act22-10|con|b0.5|a10|m1.0|tp1.5|x09,497,-97.23,0.71,98.83,False,139,-57.37,0.46
USDJPY,G_asia_cont,G_asia_cont|ref19-21o1|act22-10|con|b0.5|a10|m1.0|tp1.5|x10,497,-95.87,0.72,98.08,False,139,-55.77,0.48
USDJPY,G_asia_cont,G_asia_cont|ref19-21o1|act22-10|con|b0.5|a10|m1.5|tp1.0|x09,497,-91.83,0.66,93.74,False,139,-39.33,0.5
USDJPY,G_asia_cont,G_asia_cont|ref19-21o1|act22-10|con|b0.5|a10|m1.5|tp1.0|x10,497,-89.05,0.67,91.37,False,139,-38.08,0.52
USDJPY,G_asia_cont,G_asia_cont|ref19-21o1|act22-10|con|b0.5|a10|m1.5|tp1.5|x09,497,-74.86,0.74,79.03,False,139,-43.35,0.51
USDJPY,G_asia_cont,G_asia_cont|ref19-21o1|act22-10|con|b0.5|a10|m1.5|tp1.5|x10,497,-70.27,0.76,74.48,False,139,-43.43,0.52
USDJPY,G_asia_cont,G_asia_cont|ref19-21o1|act22-10|con|b1.0|a10|m1.0|tp1.0|x09,475,-134.64,0.55,139.08,False,125,-55.08,0.38
USDJPY,G_asia_cont,G_asia_cont|ref19-21o1|act22-10|con|b1.0|a10|m1.0|tp1.0|x10,475,-130.87,0.56,134.78,False,125,-55.62,0.37
USDJPY,G_asia_cont,G_asia_cont|ref19-21o1|act22-10|con|b1.0|a10|m1.0|tp1.5|x09,475,-98.95,0.7,102.8,False,125,-65.33,0.38
USDJPY,G_asia_cont,G_asia_cont|ref19-21o1|act22-10|con|b1.0|a10|m1.0|tp1.5|x10,475,-94.1,0.71,99.58,False,125,-66.65,0.37
USDJPY,G_asia_cont,G_asia_cont|ref19-21o1|act22-10|con|b1.0|a10|m1.5|tp1.0|x09,475,-86.07,0.65,88.91,False,125,-48.96,0.38
USDJPY,G_asia_cont,G_asia_cont|ref19-21o1|act22-10|con|b1.0|a10|m1.5|tp1.0|x10,475,-78.12,0.68,81.48,False,125,-50.86,0.37
USDJPY,G_asia_cont,G_asia_cont|ref19-21o1|act22-10|con|b1.0|a10|m1.5|tp1.5|x09,475,-82.97,0.7,88.32,False,125,-45.94,0.46
USDJPY,G_asia_cont,G_asia_cont|ref19-21o1|act22-10|con|b1.0|a10|m1.5|tp1.5|x10,475,-78.17,0.71,85.01,False,125,-48.33,0.45
USDJPY,G_asia_cont,G_asia_cont|ref19-22o1|act22-09|con|b0.5|a10|m1.0|tp1.0|x09,493,-119.6,0.6,122.12,False,132,-45.35,0.47
USDJPY,G_asia_cont,G_asia_cont|ref19-22o1|act22-09|con|b0.5|a10|m1.0|tp1.0|x10,493,-116.0,0.61,118.79,False,132,-44.88,0.47
USDJPY,G_asia_cont,G_asia_cont|ref19-22o1|act22-09|con|b0.5|a10|m1.0|tp1.5|x09,493,-89.22,0.73,92.76,False,132,-54.39,0.47
USDJPY,G_asia_cont,G_asia_cont|ref19-22o1|act22-09|con|b0.5|a10|m1.0|tp1.5|x10,493,-87.49,0.74,91.5,False,132,-53.91,0.48
USDJPY,G_asia_cont,G_asia_cont|ref19-22o1|act22-09|con|b0.5|a10|m1.5|tp1.0|x09,493,-85.66,0.67,89.1,False,132,-39.06,0.49
USDJPY,G_asia_cont,G_asia_cont|ref19-22o1|act22-09|con|b0.5|a10|m1.5|tp1.0|x10,493,-82.09,0.69,86.04,False,132,-38.97,0.5
USDJPY,G_asia_cont,G_asia_cont|ref19-22o1|act22-09|con|b0.5|a10|m1.5|tp1.5|x09,493,-67.89,0.76,72.68,False,132,-40.38,0.51
USDJPY,G_asia_cont,G_asia_cont|ref19-22o1|act22-09|con|b0.5|a10|m1.5|tp1.5|x10,493,-64.29,0.78,69.42,False,132,-42.13,0.51
USDJPY,G_asia_cont,G_asia_cont|ref19-22o1|act22-09|con|b1.0|a10|m1.0|tp1.0|x09,455,-128.58,0.55,131.03,False,117,-58.67,0.33
USDJPY,G_asia_cont,G_asia_cont|ref19-22o1|act22-09|con|b1.0|a10|m1.0|tp1.0|x10,455,-124.35,0.56,126.26,False,117,-58.92,0.33
USDJPY,G_asia_cont,G_asia_cont|ref19-22o1|act22-09|con|b1.0|a10|m1.0|tp1.5|x09,455,-103.82,0.67,107.66,False,117,-62.42,0.37
USDJPY,G_asia_cont,G_asia_cont|ref19-22o1|act22-09|con|b1.0|a10|m1.0|tp1.5|x10,455,-98.93,0.69,102.94,False,117,-63.95,0.36
USDJPY,G_asia_cont,G_asia_cont|ref19-22o1|act22-09|con|b1.0|a10|m1.5|tp1.0|x09,455,-77.97,0.67,80.82,False,117,-43.09,0.4
USDJPY,G_asia_cont,G_asia_cont|ref19-22o1|act22-09|con|b1.0|a10|m1.5|tp1.0|x10,455,-71.54,0.69,74.69,False,117,-44.64,0.39
USDJPY,G_asia_cont,G_asia_cont|ref19-22o1|act22-09|con|b1.0|a10|m1.5|tp1.5|x09,455,-68.63,0.73,73.33,False,117,-41.87,0.46
USDJPY,G_asia_cont,G_asia_cont|ref19-22o1|act22-09|con|b1.0|a10|m1.5|tp1.5|x10,455,-64.24,0.74,69.03,False,117,-44.85,0.43
USDJPY,G_asia_cont,G_asia_cont|ref19-22o1|act22-10|con|b0.5|a10|m1.0|tp1.0|x09,494,-119.01,0.6,121.53,False,134,-43.82,0.48
USDJPY,G_asia_cont,G_asia_cont|ref19-22o1|act22-10|con|b0.5|a10|m1.0|tp1.0|x10,494,-115.41,0.61,118.19,False,134,-43.34,0.49
USDJPY,G_asia_cont,G_asia_cont|ref19-22o1|act22-10|con|b0.5|a10|m1.0|tp1.5|x09,494,-88.12,0.73,91.67,False,134,-54.36,0.48
USDJPY,G_asia_cont,G_asia_cont|ref19-22o1|act22-10|con|b0.5|a10|m1.0|tp1.5|x10,494,-86.4,0.74,90.4,False,134,-53.87,0.49
USDJPY,G_asia_cont,G_asia_cont|ref19-22o1|act22-10|con|b0.5|a10|m1.5|tp1.0|x09,494,-84.93,0.68,88.37,False,134,-39.37,0.49
USDJPY,G_asia_cont,G_asia_cont|ref19-22o1|act22-10|con|b0.5|a10|m1.5|tp1.0|x10,494,-81.36,0.69,85.31,False,134,-39.28,0.5
USDJPY,G_asia_cont,G_asia_cont|ref19-22o1|act22-10|con|b0.5|a10|m1.5|tp1.5|x09,494,-69.16,0.76,73.95,False,134,-40.19,0.52
USDJPY,G_asia_cont,G_asia_cont|ref19-22o1|act22-10|con|b0.5|a10|m1.5|tp1.5|x10,494,-65.55,0.77,70.69,False,134,-41.94,0.52
USDJPY,G_asia_cont,G_asia_cont|ref19-22o1|act22-10|con|b1.0|a10|m1.0|tp1.0|x09,461,-132.28,0.54,134.73,False,121,-60.03,0.34
USDJPY,G_asia_cont,G_asia_cont|ref19-22o1|act22-10|con|b1.0|a10|m1.0|tp1.0|x10,461,-128.04,0.55,129.95,False,121,-60.28,0.33
USDJPY,G_asia_cont,G_asia_cont|ref19-22o1|act22-10|con|b1.0|a10|m1.0|tp1.5|x09,461,-106.52,0.67,110.36,False,121,-65.28,0.37
USDJPY,G_asia_cont,G_asia_cont|ref19-22o1|act22-10|con|b1.0|a10|m1.0|tp1.5|x10,461,-101.63,0.68,105.64,False,121,-66.81,0.35
USDJPY,G_asia_cont,G_asia_cont|ref19-22o1|act22-10|con|b1.0|a10|m1.5|tp1.0|x09,461,-79.11,0.67,81.95,False,121,-45.99,0.39
USDJPY,G_asia_cont,G_asia_cont|ref19-22o1|act22-10|con|b1.0|a10|m1.5|tp1.0|x10,461,-72.67,0.69,75.82,False,121,-47.54,0.38
USDJPY,G_asia_cont,G_asia_cont|ref19-22o1|act22-10|con|b1.0|a10|m1.5|tp1.5|x09,461,-72.75,0.72,77.45,False,121,-44.28,0.46
USDJPY,G_asia_cont,G_asia_cont|ref19-22o1|act22-10|con|b1.0|a10|m1.5|tp1.5|x10,461,-68.53,0.73,73.32,False,121,-47.25,0.43
USDJPY,H_mon_range_cont,H_mon_range_cont|ref00-23o1|act06-10|con|b0.25|a10|m1.0|tp1.0|x10,292,-65.02,0.6,77.2,False,88,-29.65,0.43
USDJPY,H_mon_range_cont,H_mon_range_cont|ref00-23o1|act06-10|con|b0.25|a10|m1.0|tp1.0|x16,292,-67.28,0.62,80.48,False,88,-31.74,0.46
USDJPY,H_mon_range_cont,H_mon_range_cont|ref00-23o1|act06-10|con|b0.25|a10|m1.0|tp1.0|x19,292,-66.88,0.63,80.32,False,88,-31.91,0.46
USDJPY,H_mon_range_cont,H_mon_range_cont|ref00-23o1|act06-10|con|b0.25|a10|m1.0|tp1.5|x10,292,-48.05,0.72,65.82,False,88,-32.38,0.43
USDJPY,H_mon_range_cont,H_mon_range_cont|ref00-23o1|act06-10|con|b0.25|a10|m1.0|tp1.5|x16,292,-56.44,0.73,76.61,False,88,-35.41,0.5
USDJPY,H_mon_range_cont,H_mon_range_cont|ref00-23o1|act06-10|con|b0.25|a10|m1.0|tp1.5|x19,292,-55.13,0.73,75.19,False,88,-36.46,0.49
USDJPY,H_mon_range_cont,H_mon_range_cont|ref00-23o1|act06-10|con|b0.25|a10|m1.0|tp2.0|x10,292,-36.77,0.79,58.64,False,88,-30.5,0.46
USDJPY,H_mon_range_cont,H_mon_range_cont|ref00-23o1|act06-10|con|b0.25|a10|m1.0|tp2.0|x16,292,-44.49,0.8,74.38,False,88,-33.66,0.54
USDJPY,H_mon_range_cont,H_mon_range_cont|ref00-23o1|act06-10|con|b0.25|a10|m1.0|tp2.0|x19,292,-44.82,0.8,73.64,False,88,-33.44,0.55
USDJPY,H_mon_range_cont,H_mon_range_cont|ref00-23o1|act06-10|con|b0.25|a10|m1.5|tp1.0|x10,292,-35.28,0.7,48.61,False,88,-18.96,0.5
USDJPY,H_mon_range_cont,H_mon_range_cont|ref00-23o1|act06-10|con|b0.25|a10|m1.5|tp1.0|x16,292,-49.87,0.7,63.74,False,88,-25.68,0.52
USDJPY,H_mon_range_cont,H_mon_range_cont|ref00-23o1|act06-10|con|b0.25|a10|m1.5|tp1.0|x19,292,-47.27,0.71,60.59,False,88,-27.18,0.51
USDJPY,H_mon_range_cont,H_mon_range_cont|ref00-23o1|act06-10|con|b0.25|a10|m1.5|tp1.5|x10,292,-32.96,0.73,50.2,False,88,-14.98,0.6
USDJPY,H_mon_range_cont,H_mon_range_cont|ref00-23o1|act06-10|con|b0.25|a10|m1.5|tp1.5|x16,292,-39.83,0.78,59.52,False,88,-25.48,0.56
USDJPY,H_mon_range_cont,H_mon_range_cont|ref00-23o1|act06-10|con|b0.25|a10|m1.5|tp1.5|x19,292,-43.93,0.76,61.81,False,88,-26.16,0.57
USDJPY,H_mon_range_cont,H_mon_range_cont|ref00-23o1|act06-10|con|b0.25|a10|m1.5|tp2.0|x10,292,-27.44,0.78,46.73,False,88,-15.07,0.61
USDJPY,H_mon_range_cont,H_mon_range_cont|ref00-23o1|act06-10|con|b0.25|a10|m1.5|tp2.0|x16,292,-33.75,0.81,54.84,False,88,-18.46,0.68
USDJPY,H_mon_range_cont,H_mon_range_cont|ref00-23o1|act06-10|con|b0.25|a10|m1.5|tp2.0|x19,292,-32.09,0.82,55.88,False,88,-17.76,0.7
USDJPY,H_mon_range_cont,H_mon_range_cont|ref00-23o1|act06-10|con|b0.5|a10|m1.0|tp1.0|x10,256,-41.33,0.69,51.37,False,79,-22.71,0.48
USDJPY,H_mon_range_cont,H_mon_range_cont|ref00-23o1|act06-10|con|b0.5|a10|m1.0|tp1.0|x16,256,-43.26,0.71,51.13,False,79,-25.27,0.51
USDJPY,H_mon_range_cont,H_mon_range_cont|ref00-23o1|act06-10|con|b0.5|a10|m1.0|tp1.0|x19,256,-42.85,0.71,51.24,False,79,-25.44,0.5
USDJPY,H_mon_range_cont,H_mon_range_cont|ref00-23o1|act06-10|con|b0.5|a10|m1.0|tp1.5|x10,256,-26.77,0.81,45.73,False,79,-21.51,0.54
USDJPY,H_mon_range_cont,H_mon_range_cont|ref00-23o1|act06-10|con|b0.5|a10|m1.0|tp1.5|x16,256,-36.31,0.79,55.89,False,79,-24.13,0.59
USDJPY,H_mon_range_cont,H_mon_range_cont|ref00-23o1|act06-10|con|b0.5|a10|m1.0|tp1.5|x19,256,-34.73,0.8,54.44,False,79,-24.94,0.58
USDJPY,H_mon_range_cont,H_mon_range_cont|ref00-23o1|act06-10|con|b0.5|a10|m1.0|tp2.0|x10,256,-20.88,0.85,43.36,False,79,-19.13,0.59
USDJPY,H_mon_range_cont,H_mon_range_cont|ref00-23o1|act06-10|con|b0.5|a10|m1.0|tp2.0|x16,256,-27.44,0.85,53.56,False,79,-22.72,0.63
USDJPY,H_mon_range_cont,H_mon_range_cont|ref00-23o1|act06-10|con|b0.5|a10|m1.0|tp2.0|x19,256,-27.24,0.85,52.01,False,79,-21.92,0.65
USDJPY,H_mon_range_cont,H_mon_range_cont|ref00-23o1|act06-10|con|b0.5|a10|m1.5|tp1.0|x10,256,-19.1,0.81,33.47,False,79,-12.64,0.58
USDJPY,H_mon_range_cont,H_mon_range_cont|ref00-23o1|act06-10|con|b0.5|a10|m1.5|tp1.0|x16,256,-30.97,0.77,45.19,False,79,-20.66,0.56
USDJPY,H_mon_range_cont,H_mon_range_cont|ref00-23o1|act06-10|con|b0.5|a10|m1.5|tp1.0|x19,256,-27.41,0.8,41.82,False,79,-22.64,0.54
USDJPY,H_mon_range_cont,H_mon_range_cont|ref00-23o1|act06-10|con|b0.5|a10|m1.5|tp1.5|x10,256,-21.05,0.8,37.68,False,79,-8.67,0.71
USDJPY,H_mon_range_cont,H_mon_range_cont|ref00-23o1|act06-10|con|b0.5|a10|m1.5|tp1.5|x16,256,-24.48,0.84,41.91,False,79,-19.34,0.62
USDJPY,H_mon_range_cont,H_mon_range_cont|ref00-23o1|act06-10|con|b0.5|a10|m1.5|tp1.5|x19,256,-24.3,0.84,41.08,False,79,-20.12,0.62
USDJPY,H_mon_range_cont,H_mon_range_cont|ref00-23o1|act06-10|con|b0.5|a10|m1.5|tp2.0|x10,256,-13.82,0.87,34.44,False,79,-8.75,0.72
USDJPY,H_mon_range_cont,H_mon_range_cont|ref00-23o1|act06-10|con|b0.5|a10|m1.5|tp2.0|x16,256,-20.97,0.86,41.2,False,79,-11.93,0.76
USDJPY,H_mon_range_cont,H_mon_range_cont|ref00-23o1|act06-10|con|b0.5|a10|m1.5|tp2.0|x19,256,-15.95,0.89,37.89,False,79,-12.25,0.77
USDJPY,H_mon_range_cont,H_mon_range_cont|ref00-23o1|act06-10|rev|b0.25|a10|m1.0|tp1.0|x10,292,-73.34,0.56,72.69,False,88,-24.73,0.5
USDJPY,H_mon_range_cont,H_mon_range_cont|ref00-23o1|act06-10|rev|b0.25|a10|m1.0|tp1.0|x16,292,-75.1,0.59,74.25,False,88,-22.63,0.58
USDJPY,H_mon_range_cont,H_mon_range_cont|ref00-23o1|act06-10|rev|b0.25|a10|m1.0|tp1.0|x19,292,-75.5,0.59,74.66,False,88,-22.46,0.58
USDJPY,H_mon_range_cont,H_mon_range_cont|ref00-23o1|act06-10|rev|b0.25|a10|m1.0|tp1.5|x10,292,-66.8,0.62,65.58,False,88,-30.25,0.48
USDJPY,H_mon_range_cont,H_mon_range_cont|ref00-23o1|act06-10|rev|b0.25|a10|m1.0|tp1.5|x16,292,-61.84,0.7,60.43,False,88,-18.94,0.7
USDJPY,H_mon_range_cont,H_mon_range_cont|ref00-23o1|act06-10|rev|b0.25|a10|m1.0|tp1.5|x19,292,-62.43,0.7,61.03,False,88,-17.96,0.71
USDJPY,H_mon_range_cont,H_mon_range_cont|ref00-23o1|act06-10|rev|b0.25|a10|m1.0|tp2.0|x10,292,-74.42,0.6,73.21,False,88,-25.34,0.56
USDJPY,H_mon_range_cont,H_mon_range_cont|ref00-23o1|act06-10|rev|b0.25|a10|m1.0|tp2.0|x16,292,-67.69,0.71,66.28,False,88,-11.4,0.83
USDJPY,H_mon_range_cont,H_mon_range_cont|ref00-23o1|act06-10|rev|b0.25|a10|m1.0|tp2.0|x19,292,-69.92,0.7,68.52,False,88,-11.75,0.83
USDJPY,H_mon_range_cont,H_mon_range_cont|ref00-23o1|act06-10|rev|b0.25|a10|m1.5|tp1.0|x10,292,-51.63,0.6,50.82,False,88,-17.29,0.54
USDJPY,H_mon_range_cont,H_mon_range_cont|ref00-23o1|act06-10|rev|b0.25|a10|m1.5|tp1.0|x16,292,-47.04,0.71,45.77,False,88,-12.57,0.73
USDJPY,H_mon_range_cont,H_mon_range_cont|ref00-23o1|act06-10|rev|b0.25|a10|m1.5|tp1.0|x19,292,-49.64,0.7,48.38,False,88,-11.07,0.76
USDJPY,H_mon_range_cont,H_mon_range_cont|ref00-23o1|act06-10|rev|b0.25|a10|m1.5|tp1.5|x10,292,-51.69,0.61,50.88,False,88,-17.29,0.57
USDJPY,H_mon_range_cont,H_mon_range_cont|ref00-23o1|act06-10|rev|b0.25|a10|m1.5|tp1.5|x16,292,-49.27,0.73,48.04,False,88,-12.55,0.76
USDJPY,H_mon_range_cont,H_mon_range_cont|ref00-23o1|act06-10|rev|b0.25|a10|m1.5|tp1.5|x19,292,-51.36,0.73,50.13,False,88,-8.75,0.83
USDJPY,H_mon_range_cont,H_mon_range_cont|ref00-23o1|act06-10|rev|b0.25|a10|m1.5|tp2.0|x10,292,-53.23,0.61,52.42,False,88,-14.94,0.63
USDJPY,H_mon_range_cont,H_mon_range_cont|ref00-23o1|act06-10|rev|b0.25|a10|m1.5|tp2.0|x16,292,-40.95,0.78,40.22,False,88,-11.73,0.78
USDJPY,H_mon_range_cont,H_mon_range_cont|ref00-23o1|act06-10|rev|b0.25|a10|m1.5|tp2.0|x19,292,-40.72,0.79,39.99,False,88,-11.7,0.79
USDJPY,H_mon_range_cont,H_mon_range_cont|ref00-23o1|act06-10|rev|b0.5|a10|m1.0|tp1.0|x10,256,-81.0,0.48,80.34,False,79,-24.72,0.46
USDJPY,H_mon_range_cont,H_mon_range_cont|ref00-23o1|act06-10|rev|b0.5|a10|m1.0|tp1.0|x16,256,-83.08,0.51,82.23,False,79,-22.16,0.55
USDJPY,H_mon_range_cont,H_mon_range_cont|ref00-23o1|act06-10|rev|b0.5|a10|m1.0|tp1.0|x19,256,-83.48,0.51,82.64,False,79,-21.99,0.55
USDJPY,H_mon_range_cont,H_mon_range_cont|ref00-23o1|act06-10|rev|b0.5|a10|m1.0|tp1.5|x10,256,-76.93,0.54,75.72,False,79,-26.24,0.47
USDJPY,H_mon_range_cont,H_mon_range_cont|ref00-23o1|act06-10|rev|b0.5|a10|m1.0|tp1.5|x16,256,-73.04,0.62,71.63,False,79,-14.46,0.74
USDJPY,H_mon_range_cont,H_mon_range_cont|ref00-23o1|act06-10|rev|b0.5|a10|m1.0|tp1.5|x19,256,-74.79,0.61,73.39,False,79,-13.27,0.76
USDJPY,H_mon_range_cont,H_mon_range_cont|ref00-23o1|act06-10|rev|b0.5|a10|m1.0|tp2.0|x10,256,-83.38,0.51,82.17,False,79,-22.77,0.54
USDJPY,H_mon_range_cont,H_mon_range_cont|ref00-23o1|act06-10|rev|b0.5|a10|m1.0|tp2.0|x16,256,-74.02,0.64,72.62,False,79,-8.72,0.85
USDJPY,H_mon_range_cont,H_mon_range_cont|ref00-23o1|act06-10|rev|b0.5|a10|m1.0|tp2.0|x19,256,-76.11,0.64,74.71,False,79,-8.81,0.85
USDJPY,H_mon_range_cont,H_mon_range_cont|ref00-23o1|act06-10|rev|b0.5|a10|m1.5|tp1.0|x10,256,-57.11,0.53,56.3,False,79,-18.98,0.46
USDJPY,H_mon_range_cont,H_mon_range_cont|ref00-23o1|act06-10|rev|b0.5|a10|m1.5|tp1.0|x16,256,-55.24,0.63,53.98,False,79,-12.96,0.7
USDJPY,H_mon_range_cont,H_mon_range_cont|ref00-23o1|act06-10|rev|b0.5|a10|m1.5|tp1.0|x19,256,-58.8,0.61,57.53,False,79,-10.98,0.74
USDJPY,H_mon_range_cont,H_mon_range_cont|ref00-23o1|act06-10|rev|b0.5|a10|m1.5|tp1.5|x10,256,-58.03,0.53,57.22,False,79,-16.43,0.54
USDJPY,H_mon_range_cont,H_mon_range_cont|ref00-23o1|act06-10|rev|b0.5|a10|m1.5|tp1.5|x16,256,-54.88,0.67,53.62,False,79,-13.39,0.72
USDJPY,H_mon_range_cont,H_mon_range_cont|ref00-23o1|act06-10|rev|b0.5|a10|m1.5|tp1.5|x19,256,-59.83,0.65,58.56,False,79,-8.61,0.82
USDJPY,H_mon_range_cont,H_mon_range_cont|ref00-23o1|act06-10|rev|b0.5|a10|m1.5|tp2.0|x10,256,-58.49,0.53,57.68,False,79,-15.21,0.57
USDJPY,H_mon_range_cont,H_mon_range_cont|ref00-23o1|act06-10|rev|b0.5|a10|m1.5|tp2.0|x16,256,-46.48,0.73,45.21,False,79,-12.49,0.74
USDJPY,H_mon_range_cont,H_mon_range_cont|ref00-23o1|act06-10|rev|b0.5|a10|m1.5|tp2.0|x19,256,-49.85,0.72,48.58,False,79,-10.26,0.79
USDJPY,H_mon_range_cont,H_mon_range_cont|ref00-23o1|act13-16|con|b0.25|a10|m1.0|tp1.0|x10,347,-75.87,0.64,83.06,False,95,-36.02,0.45
USDJPY,H_mon_range_cont,H_mon_range_cont|ref00-23o1|act13-16|con|b0.25|a10|m1.0|tp1.0|x16,347,-56.86,0.65,62.4,False,95,-27.18,0.45
USDJPY,H_mon_range_cont,H_mon_range_cont|ref00-23o1|act13-16|con|b0.25|a10|m1.0|tp1.0|x19,347,-66.14,0.63,73.15,False,95,-26.15,0.52
USDJPY,H_mon_range_cont,H_mon_range_cont|ref00-23o1|act13-16|con|b0.25|a10|m1.0|tp1.5|x10,347,-67.86,0.72,74.16,False,95,-33.53,0.56
USDJPY,H_mon_range_cont,H_mon_range_cont|ref00-23o1|act13-16|con|b0.25|a10|m1.0|tp1.5|x16,347,-46.93,0.73,51.76,False,95,-26.82,0.48
USDJPY,H_mon_range_cont,H_mon_range_cont|ref00-23o1|act13-16|con|b0.25|a10|m1.0|tp1.5|x19,347,-51.22,0.73,55.86,False,95,-18.61,0.66
USDJPY,H_mon_range_cont,H_mon_range_cont|ref00-23o1|act13-16|con|b0.25|a10|m1.0|tp2.0|x10,347,-81.18,0.7,88.63,False,95,-40.08,0.53
USDJPY,H_mon_range_cont,H_mon_range_cont|ref00-23o1|act13-16|con|b0.25|a10|m1.0|tp2.0|x16,347,-35.67,0.8,40.73,False,95,-26.81,0.48
USDJPY,H_mon_range_cont,H_mon_range_cont|ref00-23o1|act13-16|con|b0.25|a10|m1.0|tp2.0|x19,347,-37.73,0.8,45.06,False,95,-18.77,0.68
USDJPY,H_mon_range_cont,H_mon_range_cont|ref00-23o1|act13-16|con|b0.25|a10|m1.5|tp1.0|x10,347,-40.0,0.78,51.45,False,95,-11.85,0.76
USDJPY,H_mon_range_cont,H_mon_range_cont|ref00-23o1|act13-16|con|b0.25|a10|m1.5|tp1.0|x16,347,-37.0,0.7,39.63,False,95,-18.29,0.49
USDJPY,H_mon_range_cont,H_mon_range_cont|ref00-23o1|act13-16|con|b0.25|a10|m1.5|tp1.0|x19,347,-44.56,0.68,49.68,False,95,-7.63,0.79
USDJPY,H_mon_range_cont,H_mon_range_cont|ref00-23o1|act13-16|con|b0.25|a10|m1.5|tp1.5|x10,347,-41.76,0.8,58.84,False,95,-18.77,0.69
USDJPY,H_mon_range_cont,H_mon_range_cont|ref00-23o1|act13-16|con|b0.25|a10|m1.5|tp1.5|x16,347,-27.11,0.79,30.52,False,95,-16.74,0.53
USDJPY,H_mon_range_cont,H_mon_range_cont|ref00-23o1|act13-16|con|b0.25|a10|m1.5|tp1.5|x19,347,-31.86,0.77,39.5,False,95,-8.1,0.79
USDJPY,H_mon_range_cont,H_mon_range_cont|ref00-23o1|act13-16|con|b0.25|a10|m1.5|tp2.0|x10,347,-39.46,0.82,55.0,False,95,-19.63,0.69
USDJPY,H_mon_range_cont,H_mon_range_cont|ref00-23o1|act13-16|con|b0.25|a10|m1.5|tp2.0|x16,347,-28.59,0.78,32.32,False,95,-16.78,0.53
USDJPY,H_mon_range_cont,H_mon_range_cont|ref00-23o1|act13-16|con|b0.25|a10|m1.5|tp2.0|x19,347,-33.06,0.76,41.96,False,95,-7.26,0.81
USDJPY,H_mon_range_cont,H_mon_range_cont|ref00-23o1|act13-16|con|b0.5|a10|m1.0|tp1.0|x10,323,-65.82,0.66,73.95,False,89,-32.04,0.47
USDJPY,H_mon_range_cont,H_mon_range_cont|ref00-23o1|act13-16|con|b0.5|a10|m1.0|tp1.0|x16,323,-54.81,0.64,61.29,False,89,-23.43,0.49
USDJPY,H_mon_range_cont,H_mon_range_cont|ref00-23o1|act13-16|con|b0.5|a10|m1.0|tp1.0|x19,323,-59.82,0.64,67.78,False,89,-23.88,0.53
USDJPY,H_mon_range_cont,H_mon_range_cont|ref00-23o1|act13-16|con|b0.5|a10|m1.0|tp1.5|x10,323,-57.31,0.74,64.75,False,89,-28.05,0.59
USDJPY,H_mon_range_cont,H_mon_range_cont|ref00-23o1|act13-16|con|b0.5|a10|m1.0|tp1.5|x16,323,-46.56,0.72,53.18,False,89,-22.53,0.52
USDJPY,H_mon_range_cont,H_mon_range_cont|ref00-23o1|act13-16|con|b0.5|a10|m1.0|tp1.5|x19,323,-44.27,0.75,50.06,False,89,-16.98,0.67
USDJPY,H_mon_range_cont,H_mon_range_cont|ref00-23o1|act13-16|con|b0.5|a10|m1.0|tp2.0|x10,323,-68.66,0.72,76.83,False,89,-32.1,0.58
USDJPY,H_mon_range_cont,H_mon_range_cont|ref00-23o1|act13-16|con|b0.5|a10|m1.0|tp2.0|x16,323,-36.71,0.78,41.94,False,89,-22.02,0.54
USDJPY,H_mon_range_cont,H_mon_range_cont|ref00-23o1|act13-16|con|b0.5|a10|m1.0|tp2.0|x19,323,-32.42,0.82,40.71,False,89,-17.63,0.68
USDJPY,H_mon_range_cont,H_mon_range_cont|ref00-23o1|act13-16|con|b0.5|a10|m1.5|tp1.0|x10,323,-32.16,0.81,45.78,False,89,-9.56,0.79
USDJPY,H_mon_range_cont,H_mon_range_cont|ref00-23o1|act13-16|con|b0.5|a10|m1.5|tp1.0|x16,323,-36.44,0.69,42.34,False,89,-14.13,0.55
USDJPY,H_mon_range_cont,H_mon_range_cont|ref00-23o1|act13-16|con|b0.5|a10|m1.5|tp1.0|x19,323,-40.54,0.69,46.29,False,89,-7.69,0.78
USDJPY,H_mon_range_cont,H_mon_range_cont|ref00-23o1|act13-16|con|b0.5|a10|m1.5|tp1.5|x10,323,-34.56,0.82,51.88,False,89,-12.49,0.77
USDJPY,H_mon_range_cont,H_mon_range_cont|ref00-23o1|act13-16|con|b0.5|a10|m1.5|tp1.5|x16,323,-29.87,0.76,33.37,False,89,-12.08,0.62
USDJPY,H_mon_range_cont,H_mon_range_cont|ref00-23o1|act13-16|con|b0.5|a10|m1.5|tp1.5|x19,323,-29.21,0.78,37.8,False,89,-8.28,0.77
USDJPY,H_mon_range_cont,H_mon_range_cont|ref00-23o1|act13-16|con|b0.5|a10|m1.5|tp2.0|x10,323,-36.52,0.82,52.04,False,89,-14.7,0.75
USDJPY,H_mon_range_cont,H_mon_range_cont|ref00-23o1|act13-16|con|b0.5|a10|m1.5|tp2.0|x16,323,-32.12,0.74,36.21,False,89,-13.66,0.57
USDJPY,H_mon_range_cont,H_mon_range_cont|ref00-23o1|act13-16|con|b0.5|a10|m1.5|tp2.0|x19,323,-30.53,0.77,40.73,False,89,-7.43,0.8
USDJPY,H_mon_range_cont,H_mon_range_cont|ref00-23o1|act13-16|rev|b0.25|a10|m1.0|tp1.0|x10,347,-72.85,0.65,73.42,False,95,-28.46,0.54
USDJPY,H_mon_range_cont,H_mon_range_cont|ref00-23o1|act13-16|rev|b0.25|a10|m1.0|tp1.0|x16,347,-87.86,0.52,88.43,False,95,-33.3,0.39
USDJPY,H_mon_range_cont,H_mon_range_cont|ref00-23o1|act13-16|rev|b0.25|a10|m1.0|tp1.0|x19,347,-80.58,0.57,81.16,False,95,-38.32,0.4
USDJPY,H_mon_range_cont,H_mon_range_cont|ref00-23o1|act13-16|rev|b0.25|a10|m1.0|tp1.5|x10,347,-78.22,0.69,79.29,False,95,-29.65,0.59
USDJPY,H_mon_range_cont,H_mon_range_cont|ref00-23o1|act13-16|rev|b0.25|a10|m1.0|tp1.5|x16,347,-76.14,0.6,77.21,False,95,-29.71,0.47
USDJPY,H_mon_range_cont,H_mon_range_cont|ref00-23o1|act13-16|rev|b0.25|a10|m1.0|tp1.5|x19,347,-61.15,0.69,62.22,False,95,-37.29,0.45
USDJPY,H_mon_range_cont,H_mon_range_cont|ref00-23o1|act13-16|rev|b0.25|a10|m1.0|tp2.0|x10,347,-73.47,0.73,83.51,False,95,-30.65,0.61
USDJPY,H_mon_range_cont,H_mon_range_cont|ref00-23o1|act13-16|rev|b0.25|a10|m1.0|tp2.0|x16,347,-61.08,0.68,67.91,False,95,-24.89,0.56
USDJPY,H_mon_range_cont,H_mon_range_cont|ref00-23o1|act13-16|rev|b0.25|a10|m1.0|tp2.0|x19,347,-53.71,0.73,57.32,False,95,-36.96,0.46
USDJPY,H_mon_range_cont,H_mon_range_cont|ref00-23o1|act13-16|rev|b0.25|a10|m1.5|tp1.0|x10,347,-56.49,0.71,57.21,False,95,-24.46,0.57
USDJPY,H_mon_range_cont,H_mon_range_cont|ref00-23o1|act13-16|rev|b0.25|a10|m1.5|tp1.0|x16,347,-57.48,0.58,58.2,False,95,-18.03,0.51
USDJPY,H_mon_range_cont,H_mon_range_cont|ref00-23o1|act13-16|rev|b0.25|a10|m1.5|tp1.0|x19,347,-49.93,0.65,50.65,False,95,-28.68,0.42
USDJPY,H_mon_range_cont,H_mon_range_cont|ref00-23o1|act13-16|rev|b0.25|a10|m1.5|tp1.5|x10,347,-58.36,0.73,59.38,False,95,-29.98,0.55
USDJPY,H_mon_range_cont,H_mon_range_cont|ref00-23o1|act13-16|rev|b0.25|a10|m1.5|tp1.5|x16,347,-46.11,0.67,46.6,False,95,-12.75,0.65
USDJPY,H_mon_range_cont,H_mon_range_cont|ref00-23o1|act13-16|rev|b0.25|a10|m1.5|tp1.5|x19,347,-42.37,0.71,41.31,False,95,-28.56,0.44
USDJPY,H_mon_range_cont,H_mon_range_cont|ref00-23o1|act13-16|rev|b0.25|a10|m1.5|tp2.0|x10,347,-57.27,0.75,62.42,False,95,-34.35,0.52
USDJPY,H_mon_range_cont,H_mon_range_cont|ref00-23o1|act13-16|rev|b0.25|a10|m1.5|tp2.0|x16,347,-42.35,0.7,43.12,False,95,-17.95,0.53
USDJPY,H_mon_range_cont,H_mon_range_cont|ref00-23o1|act13-16|rev|b0.25|a10|m1.5|tp2.0|x19,347,-36.13,0.75,37.66,False,95,-34.03,0.35
USDJPY,H_mon_range_cont,H_mon_range_cont|ref00-23o1|act13-16|rev|b0.5|a10|m1.0|tp1.0|x10,323,-67.69,0.66,68.26,False,89,-26.47,0.54
USDJPY,H_mon_range_cont,H_mon_range_cont|ref00-23o1|act13-16|rev|b0.5|a10|m1.0|tp1.0|x16,323,-76.7,0.55,77.27,False,89,-33.09,0.37
USDJPY,H_mon_range_cont,H_mon_range_cont|ref00-23o1|act13-16|rev|b0.5|a10|m1.0|tp1.0|x19,323,-73.69,0.58,74.26,False,89,-34.64,0.41
USDJPY,H_mon_range_cont,H_mon_range_cont|ref00-23o1|act13-16|rev|b0.5|a10|m1.0|tp1.5|x10,323,-73.86,0.68,74.93,False,89,-27.61,0.6
USDJPY,H_mon_range_cont,H_mon_range_cont|ref00-23o1|act13-16|rev|b0.5|a10|m1.0|tp1.5|x16,323,-65.46,0.63,66.53,False,89,-31.46,0.42
USDJPY,H_mon_range_cont,H_mon_range_cont|ref00-23o1|act13-16|rev|b0.5|a10|m1.0|tp1.5|x19,323,-53.35,0.7,54.42,False,89,-34.4,0.46
USDJPY,H_mon_range_cont,H_mon_range_cont|ref00-23o1|act13-16|rev|b0.5|a10|m1.0|tp2.0|x10,323,-69.19,0.73,72.3,False,89,-26.41,0.64
USDJPY,H_mon_range_cont,H_mon_range_cont|ref00-23o1|act13-16|rev|b0.5|a10|m1.0|tp2.0|x16,323,-53.59,0.7,55.87,False,89,-26.99,0.5
USDJPY,H_mon_range_cont,H_mon_range_cont|ref00-23o1|act13-16|rev|b0.5|a10|m1.0|tp2.0|x19,323,-48.7,0.74,50.16,False,89,-31.3,0.51
USDJPY,H_mon_range_cont,H_mon_range_cont|ref00-23o1|act13-16|rev|b0.5|a10|m1.5|tp1.0|x10,323,-52.87,0.71,53.59,False,89,-24.11,0.56
USDJPY,H_mon_range_cont,H_mon_range_cont|ref00-23o1|act13-16|rev|b0.5|a10|m1.5|tp1.0|x16,323,-48.57,0.62,49.29,False,89,-19.55,0.45
USDJPY,H_mon_range_cont,H_mon_range_cont|ref00-23o1|act13-16|rev|b0.5|a10|m1.5|tp1.0|x19,323,-44.49,0.66,45.21,False,89,-25.98,0.44
USDJPY,H_mon_range_cont,H_mon_range_cont|ref00-23o1|act13-16|rev|b0.5|a10|m1.5|tp1.5|x10,323,-53.08,0.74,51.8,False,89,-25.82,0.58
USDJPY,H_mon_range_cont,H_mon_range_cont|ref00-23o1|act13-16|rev|b0.5|a10|m1.5|tp1.5|x16,323,-41.99,0.68,42.48,False,89,-14.84,0.59
USDJPY,H_mon_range_cont,H_mon_range_cont|ref00-23o1|act13-16|rev|b0.5|a10|m1.5|tp1.5|x19,323,-38.51,0.72,37.45,False,89,-23.52,0.5
USDJPY,H_mon_range_cont,H_mon_range_cont|ref00-23o1|act13-16|rev|b0.5|a10|m1.5|tp2.0|x10,323,-52.72,0.75,52.31,False,89,-31.18,0.53
USDJPY,H_mon_range_cont,H_mon_range_cont|ref00-23o1|act13-16|rev|b0.5|a10|m1.5|tp2.0|x16,323,-39.05,0.7,39.54,False,89,-19.1,0.48
USDJPY,H_mon_range_cont,H_mon_range_cont|ref00-23o1|act13-16|rev|b0.5|a10|m1.5|tp2.0|x19,323,-33.52,0.75,32.46,False,89,-29.25,0.39
USDJPY,I_ny_prevday_rev,I_ny_prevday_rev|ref19-21o1|act13-16|rev|b0.25|a10|m1.0|tp0.75|x17,550,-162.32,0.45,163.07,False,162,-50.13,0.43
USDJPY,I_ny_prevday_rev,I_ny_prevday_rev|ref19-21o1|act13-16|rev|b0.25|a10|m1.0|tp0.75|x19,550,-161.91,0.46,162.66,False,162,-50.73,0.44
USDJPY,I_ny_prevday_rev,I_ny_prevday_rev|ref19-21o1|act13-16|rev|b0.25|a10|m1.0|tp0.75|x21,550,-163.51,0.47,164.26,False,162,-50.51,0.44
USDJPY,I_ny_prevday_rev,I_ny_prevday_rev|ref19-21o1|act13-16|rev|b0.25|a10|m1.0|tp1.0|x17,550,-147.21,0.52,147.78,False,162,-47.82,0.49
USDJPY,I_ny_prevday_rev,I_ny_prevday_rev|ref19-21o1|act13-16|rev|b0.25|a10|m1.0|tp1.0|x19,550,-143.75,0.55,144.32,False,162,-47.01,0.52
USDJPY,I_ny_prevday_rev,I_ny_prevday_rev|ref19-21o1|act13-16|rev|b0.25|a10|m1.0|tp1.0|x21,550,-143.69,0.56,144.26,False,162,-45.39,0.54
USDJPY,I_ny_prevday_rev,I_ny_prevday_rev|ref19-21o1|act13-16|rev|b0.25|a10|m1.0|tp1.5|x17,550,-115.78,0.64,116.85,False,162,-47.52,0.53
USDJPY,I_ny_prevday_rev,I_ny_prevday_rev|ref19-21o1|act13-16|rev|b0.25|a10|m1.0|tp1.5|x19,550,-119.15,0.64,120.22,False,162,-44.02,0.59
USDJPY,I_ny_prevday_rev,I_ny_prevday_rev|ref19-21o1|act13-16|rev|b0.25|a10|m1.0|tp1.5|x21,550,-118.1,0.66,119.17,False,162,-41.56,0.61
USDJPY,I_ny_prevday_rev,I_ny_prevday_rev|ref19-21o1|act13-16|rev|b0.25|a10|m1.0|tpopp|x17,550,-117.92,0.63,118.39,False,162,-39.75,0.61
USDJPY,I_ny_prevday_rev,I_ny_prevday_rev|ref19-21o1|act13-16|rev|b0.25|a10|m1.0|tpopp|x19,550,-123.06,0.63,122.55,False,162,-38.1,0.64
USDJPY,I_ny_prevday_rev,I_ny_prevday_rev|ref19-21o1|act13-16|rev|b0.25|a10|m1.0|tpopp|x21,550,-123.06,0.65,122.55,False,162,-35.34,0.67
USDJPY,I_ny_prevday_rev,I_ny_prevday_rev|ref19-21o1|act13-16|rev|b0.25|a10|m1.5|tp0.75|x17,550,-107.84,0.53,108.3,False,162,-36.25,0.48
USDJPY,I_ny_prevday_rev,I_ny_prevday_rev|ref19-21o1|act13-16|rev|b0.25|a10|m1.5|tp0.75|x19,550,-111.02,0.54,111.48,False,162,-37.21,0.51
USDJPY,I_ny_prevday_rev,I_ny_prevday_rev|ref19-21o1|act13-16|rev|b0.25|a10|m1.5|tp0.75|x21,550,-106.82,0.57,107.29,False,162,-36.92,0.52
USDJPY,I_ny_prevday_rev,I_ny_prevday_rev|ref19-21o1|act13-16|rev|b0.25|a10|m1.5|tp1.0|x17,550,-97.81,0.58,98.53,False,162,-36.86,0.5
USDJPY,I_ny_prevday_rev,I_ny_prevday_rev|ref19-21o1|act13-16|rev|b0.25|a10|m1.5|tp1.0|x19,550,-104.93,0.59,105.64,False,162,-36.91,0.55
USDJPY,I_ny_prevday_rev,I_ny_prevday_rev|ref19-21o1|act13-16|rev|b0.25|a10|m1.5|tp1.0|x21,550,-100.68,0.62,101.39,False,162,-34.19,0.58
USDJPY,I_ny_prevday_rev,I_ny_prevday_rev|ref19-21o1|act13-16|rev|b0.25|a10|m1.5|tp1.5|x17,550,-83.64,0.65,83.33,False,162,-33.32,0.56
USDJPY,I_ny_prevday_rev,I_ny_prevday_rev|ref19-21o1|act13-16|rev|b0.25|a10|m1.5|tp1.5|x19,550,-98.27,0.62,97.21,False,162,-34.69,0.58
USDJPY,I_ny_prevday_rev,I_ny_prevday_rev|ref19-21o1|act13-16|rev|b0.25|a10|m1.5|tp1.5|x21,550,-97.59,0.64,96.87,False,162,-28.59,0.65
USDJPY,I_ny_prevday_rev,I_ny_prevday_rev|ref19-21o1|act13-16|rev|b0.25|a10|m1.5|tpopp|x17,550,-98.54,0.58,98.51,False,162,-30.7,0.58
USDJPY,I_ny_prevday_rev,I_ny_prevday_rev|ref19-21o1|act13-16|rev|b0.25|a10|m1.5|tpopp|x19,550,-106.96,0.58,106.18,False,162,-34.11,0.58
USDJPY,I_ny_prevday_rev,I_ny_prevday_rev|ref19-21o1|act13-16|rev|b0.25|a10|m1.5|tpopp|x21,550,-101.16,0.62,100.73,False,162,-29.88,0.62
USDJPY,I_ny_prevday_rev,I_ny_prevday_rev|ref19-21o1|act13-16|rev|b0.5|a10|m1.0|tp0.75|x17,543,-165.17,0.44,165.92,False,154,-44.63,0.44
USDJPY,I_ny_prevday_rev,I_ny_prevday_rev|ref19-21o1|act13-16|rev|b0.5|a10|m1.0|tp0.75|x19,543,-164.18,0.45,164.93,False,154,-46.51,0.45
USDJPY,I_ny_prevday_rev,I_ny_prevday_rev|ref19-21o1|act13-16|rev|b0.5|a10|m1.0|tp0.75|x21,543,-162.34,0.47,163.09,False,154,-47.56,0.44
USDJPY,I_ny_prevday_rev,I_ny_prevday_rev|ref19-21o1|act13-16|rev|b0.5|a10|m1.0|tp1.0|x17,543,-147.34,0.52,147.91,False,154,-40.92,0.52
USDJPY,I_ny_prevday_rev,I_ny_prevday_rev|ref19-21o1|act13-16|rev|b0.5|a10|m1.0|tp1.0|x19,543,-143.53,0.54,144.1,False,154,-40.29,0.56
USDJPY,I_ny_prevday_rev,I_ny_prevday_rev|ref19-21o1|act13-16|rev|b0.5|a10|m1.0|tp1.0|x21,543,-140.69,0.56,141.26,False,154,-40.75,0.56
USDJPY,I_ny_prevday_rev,I_ny_prevday_rev|ref19-21o1|act13-16|rev|b0.5|a10|m1.0|tp1.5|x17,543,-118.45,0.63,119.53,False,154,-41.47,0.55
USDJPY,I_ny_prevday_rev,I_ny_prevday_rev|ref19-21o1|act13-16|rev|b0.5|a10|m1.0|tp1.5|x19,543,-117.47,0.64,118.54,False,154,-38.06,0.62
USDJPY,I_ny_prevday_rev,I_ny_prevday_rev|ref19-21o1|act13-16|rev|b0.5|a10|m1.0|tp1.5|x21,543,-113.78,0.67,114.85,False,154,-37.71,0.63
USDJPY,I_ny_prevday_rev,I_ny_prevday_rev|ref19-21o1|act13-16|rev|b0.5|a10|m1.0|tpopp|x17,543,-116.85,0.63,117.31,False,154,-32.03,0.65
USDJPY,I_ny_prevday_rev,I_ny_prevday_rev|ref19-21o1|act13-16|rev|b0.5|a10|m1.0|tpopp|x19,543,-116.88,0.65,116.37,False,154,-30.06,0.7
USDJPY,I_ny_prevday_rev,I_ny_prevday_rev|ref19-21o1|act13-16|rev|b0.5|a10|m1.0|tpopp|x21,543,-112.33,0.67,111.82,False,154,-29.93,0.7
USDJPY,I_ny_prevday_rev,I_ny_prevday_rev|ref19-21o1|act13-16|rev|b0.5|a10|m1.5|tp0.75|x17,543,-107.21,0.53,107.68,False,154,-32.03,0.5
USDJPY,I_ny_prevday_rev,I_ny_prevday_rev|ref19-21o1|act13-16|rev|b0.5|a10|m1.5|tp0.75|x19,543,-108.54,0.55,109.01,False,154,-33.95,0.53
USDJPY,I_ny_prevday_rev,I_ny_prevday_rev|ref19-21o1|act13-16|rev|b0.5|a10|m1.5|tp0.75|x21,543,-103.94,0.58,104.4,False,154,-32.69,0.54
USDJPY,I_ny_prevday_rev,I_ny_prevday_rev|ref19-21o1|act13-16|rev|b0.5|a10|m1.5|tp1.0|x17,543,-99.75,0.57,100.46,False,154,-32.77,0.52
USDJPY,I_ny_prevday_rev,I_ny_prevday_rev|ref19-21o1|act13-16|rev|b0.5|a10|m1.5|tp1.0|x19,543,-104.78,0.58,105.5,False,154,-34.33,0.56
USDJPY,I_ny_prevday_rev,I_ny_prevday_rev|ref19-21o1|act13-16|rev|b0.5|a10|m1.5|tp1.0|x21,543,-99.11,0.62,99.83,False,154,-31.17,0.59
USDJPY,I_ny_prevday_rev,I_ny_prevday_rev|ref19-21o1|act13-16|rev|b0.5|a10|m1.5|tp1.5|x17,543,-88.61,0.62,88.31,False,154,-26.73,0.61
USDJPY,I_ny_prevday_rev,I_ny_prevday_rev|ref19-21o1|act13-16|rev|b0.5|a10|m1.5|tp1.5|x19,543,-99.09,0.62,98.03,False,154,-28.97,0.63
USDJPY,I_ny_prevday_rev,I_ny_prevday_rev|ref19-21o1|act13-16|rev|b0.5|a10|m1.5|tp1.5|x21,543,-96.64,0.64,95.93,False,154,-22.13,0.71
USDJPY,I_ny_prevday_rev,I_ny_prevday_rev|ref19-21o1|act13-16|rev|b0.5|a10|m1.5|tpopp|x17,543,-98.12,0.58,98.09,False,154,-26.34,0.61
USDJPY,I_ny_prevday_rev,I_ny_prevday_rev|ref19-21o1|act13-16|rev|b0.5|a10|m1.5|tpopp|x19,543,-103.43,0.59,102.65,False,154,-29.93,0.61
USDJPY,I_ny_prevday_rev,I_ny_prevday_rev|ref19-21o1|act13-16|rev|b0.5|a10|m1.5|tpopp|x21,543,-95.8,0.63,95.36,False,154,-25.82,0.65
USDJPY,I_ny_prevday_rev,I_ny_prevday_rev|ref19-21o1|act13-16|rev|b0.75|a10|m1.0|tp0.75|x17,523,-159.46,0.44,159.78,False,144,-39.44,0.46
USDJPY,I_ny_prevday_rev,I_ny_prevday_rev|ref19-21o1|act13-16|rev|b0.75|a10|m1.0|tp0.75|x19,523,-160.06,0.45,160.38,False,144,-39.69,0.48
USDJPY,I_ny_prevday_rev,I_ny_prevday_rev|ref19-21o1|act13-16|rev|b0.75|a10|m1.0|tp0.75|x21,523,-158.74,0.46,159.06,False,144,-41.66,0.47
USDJPY,I_ny_prevday_rev,I_ny_prevday_rev|ref19-21o1|act13-16|rev|b0.75|a10|m1.0|tp1.0|x17,523,-143.17,0.52,143.74,False,144,-35.46,0.55
USDJPY,I_ny_prevday_rev,I_ny_prevday_rev|ref19-21o1|act13-16|rev|b0.75|a10|m1.0|tp1.0|x19,523,-141.06,0.53,141.63,False,144,-33.74,0.59
USDJPY,I_ny_prevday_rev,I_ny_prevday_rev|ref19-21o1|act13-16|rev|b0.75|a10|m1.0|tp1.0|x21,523,-138.58,0.55,139.15,False,144,-34.54,0.59
USDJPY,I_ny_prevday_rev,I_ny_prevday_rev|ref19-21o1|act13-16|rev|b0.75|a10|m1.0|tp1.5|x17,523,-118.44,0.61,119.51,False,144,-35.66,0.57
USDJPY,I_ny_prevday_rev,I_ny_prevday_rev|ref19-21o1|act13-16|rev|b0.75|a10|m1.0|tp1.5|x19,523,-119.44,0.63,120.52,False,144,-30.05,0.66
USDJPY,I_ny_prevday_rev,I_ny_prevday_rev|ref19-21o1|act13-16|rev|b0.75|a10|m1.0|tp1.5|x21,523,-115.16,0.65,116.23,False,144,-30.54,0.66
USDJPY,I_ny_prevday_rev,I_ny_prevday_rev|ref19-21o1|act13-16|rev|b0.75|a10|m1.0|tpopp|x17,523,-108.86,0.64,109.56,False,144,-26.84,0.68
USDJPY,I_ny_prevday_rev,I_ny_prevday_rev|ref19-21o1|act13-16|rev|b0.75|a10|m1.0|tpopp|x19,523,-110.43,0.66,110.15,False,144,-23.97,0.73
USDJPY,I_ny_prevday_rev,I_ny_prevday_rev|ref19-21o1|act13-16|rev|b0.75|a10|m1.0|tpopp|x21,523,-107.22,0.68,106.94,False,144,-24.12,0.73
USDJPY,I_ny_prevday_rev,I_ny_prevday_rev|ref19-21o1|act13-16|rev|b0.75|a10|m1.5|tp0.75|x17,523,-103.12,0.52,103.58,False,144,-26.39,0.54
USDJPY,I_ny_prevday_rev,I_ny_prevday_rev|ref19-21o1|act13-16|rev|b0.75|a10|m1.5|tp0.75|x19,523,-103.91,0.54,104.37,False,144,-25.35,0.59
USDJPY,I_ny_prevday_rev,I_ny_prevday_rev|ref19-21o1|act13-16|rev|b0.75|a10|m1.5|tp0.75|x21,523,-99.24,0.57,99.88,False,144,-20.43,0.65
USDJPY,I_ny_prevday_rev,I_ny_prevday_rev|ref19-21o1|act13-16|rev|b0.75|a10|m1.5|tp1.0|x17,523,-96.81,0.57,97.53,False,144,-26.77,0.55
USDJPY,I_ny_prevday_rev,I_ny_prevday_rev|ref19-21o1|act13-16|rev|b0.75|a10|m1.5|tp1.0|x19,523,-101.62,0.58,102.33,False,144,-25.46,0.61
USDJPY,I_ny_prevday_rev,I_ny_prevday_rev|ref19-21o1|act13-16|rev|b0.75|a10|m1.5|tp1.0|x21,523,-95.34,0.61,96.48,False,144,-20.01,0.69
USDJPY,I_ny_prevday_rev,I_ny_prevday_rev|ref19-21o1|act13-16|rev|b0.75|a10|m1.5|tp1.5|x17,523,-85.06,0.62,85.13,False,144,-22.06,0.63
USDJPY,I_ny_prevday_rev,I_ny_prevday_rev|ref19-21o1|act13-16|rev|b0.75|a10|m1.5|tp1.5|x19,523,-97.13,0.6,96.22,False,144,-21.48,0.67
USDJPY,I_ny_prevday_rev,I_ny_prevday_rev|ref19-21o1|act13-16|rev|b0.75|a10|m1.5|tp1.5|x21,523,-92.58,0.64,92.79,False,144,-11.07,0.83
USDJPY,I_ny_prevday_rev,I_ny_prevday_rev|ref19-21o1|act13-16|rev|b0.75|a10|m1.5|tpopp|x17,523,-89.66,0.6,90.33,False,144,-20.73,0.65
USDJPY,I_ny_prevday_rev,I_ny_prevday_rev|ref19-21o1|act13-16|rev|b0.75|a10|m1.5|tpopp|x19,523,-94.79,0.61,94.47,False,144,-22.41,0.66
USDJPY,I_ny_prevday_rev,I_ny_prevday_rev|ref19-21o1|act13-16|rev|b0.75|a10|m1.5|tpopp|x21,523,-87.7,0.65,88.51,False,144,-13.25,0.79
USDJPY,I_ny_prevday_rev,I_ny_prevday_rev|ref19-21o1|act13-16|rev|b1.0|a10|m1.0|tp0.75|x17,489,-153.16,0.43,153.48,False,134,-34.93,0.48
USDJPY,I_ny_prevday_rev,I_ny_prevday_rev|ref19-21o1|act13-16|rev|b1.0|a10|m1.0|tp0.75|x19,489,-150.58,0.45,150.91,False,134,-36.29,0.48
USDJPY,I_ny_prevday_rev,I_ny_prevday_rev|ref19-21o1|act13-16|rev|b1.0|a10|m1.0|tp0.75|x21,489,-149.39,0.46,149.71,False,134,-36.11,0.49
USDJPY,I_ny_prevday_rev,I_ny_prevday_rev|ref19-21o1|act13-16|rev|b1.0|a10|m1.0|tp1.0|x17,489,-137.25,0.51,137.82,False,134,-31.95,0.56
USDJPY,I_ny_prevday_rev,I_ny_prevday_rev|ref19-21o1|act13-16|rev|b1.0|a10|m1.0|tp1.0|x19,489,-134.0,0.53,134.57,False,134,-31.58,0.59
USDJPY,I_ny_prevday_rev,I_ny_prevday_rev|ref19-21o1|act13-16|rev|b1.0|a10|m1.0|tp1.0|x21,489,-128.98,0.55,129.55,False,134,-29.99,0.61
USDJPY,I_ny_prevday_rev,I_ny_prevday_rev|ref19-21o1|act13-16|rev|b1.0|a10|m1.0|tp1.5|x17,489,-112.64,0.6,113.71,False,134,-32.39,0.58
USDJPY,I_ny_prevday_rev,I_ny_prevday_rev|ref19-21o1|act13-16|rev|b1.0|a10|m1.0|tp1.5|x19,489,-114.48,0.62,115.56,False,134,-28.68,0.65
USDJPY,I_ny_prevday_rev,I_ny_prevday_rev|ref19-21o1|act13-16|rev|b1.0|a10|m1.0|tp1.5|x21,489,-108.59,0.65,109.66,False,134,-25.28,0.69
USDJPY,I_ny_prevday_rev,I_ny_prevday_rev|ref19-21o1|act13-16|rev|b1.0|a10|m1.0|tpopp|x17,489,-100.86,0.65,101.56,False,134,-22.09,0.71
USDJPY,I_ny_prevday_rev,I_ny_prevday_rev|ref19-21o1|act13-16|rev|b1.0|a10|m1.0|tpopp|x19,489,-104.47,0.66,104.2,False,134,-19.75,0.76
USDJPY,I_ny_prevday_rev,I_ny_prevday_rev|ref19-21o1|act13-16|rev|b1.0|a10|m1.0|tpopp|x21,489,-97.41,0.69,97.13,False,134,-14.24,0.83
USDJPY,I_ny_prevday_rev,I_ny_prevday_rev|ref19-21o1|act13-16|rev|b1.0|a10|m1.5|tp0.75|x17,489,-97.71,0.52,98.18,False,134,-22.47,0.57
USDJPY,I_ny_prevday_rev,I_ny_prevday_rev|ref19-21o1|act13-16|rev|b1.0|a10|m1.5|tp0.75|x19,489,-96.79,0.55,97.25,False,134,-22.74,0.6
USDJPY,I_ny_prevday_rev,I_ny_prevday_rev|ref19-21o1|act13-16|rev|b1.0|a10|m1.5|tp0.75|x21,489,-89.55,0.58,90.19,False,134,-16.8,0.68
USDJPY,I_ny_prevday_rev,I_ny_prevday_rev|ref19-21o1|act13-16|rev|b1.0|a10|m1.5|tp1.0|x17,489,-91.13,0.56,91.85,False,134,-23.43,0.57
USDJPY,I_ny_prevday_rev,I_ny_prevday_rev|ref19-21o1|act13-16|rev|b1.0|a10|m1.5|tp1.0|x19,489,-96.04,0.57,96.75,False,134,-23.32,0.61
USDJPY,I_ny_prevday_rev,I_ny_prevday_rev|ref19-21o1|act13-16|rev|b1.0|a10|m1.5|tp1.0|x21,489,-87.92,0.62,89.06,False,134,-15.88,0.72
USDJPY,I_ny_prevday_rev,I_ny_prevday_rev|ref19-21o1|act13-16|rev|b1.0|a10|m1.5|tp1.5|x17,489,-77.85,0.63,77.92,False,134,-18.03,0.67
USDJPY,I_ny_prevday_rev,I_ny_prevday_rev|ref19-21o1|act13-16|rev|b1.0|a10|m1.5|tp1.5|x19,489,-89.55,0.61,88.63,False,134,-18.11,0.7
USDJPY,I_ny_prevday_rev,I_ny_prevday_rev|ref19-21o1|act13-16|rev|b1.0|a10|m1.5|tp1.5|x21,489,-83.58,0.65,83.79,False,134,-7.58,0.87
USDJPY,I_ny_prevday_rev,I_ny_prevday_rev|ref19-21o1|act13-16|rev|b1.0|a10|m1.5|tpopp|x17,489,-82.41,0.61,83.08,False,134,-16.42,0.7
USDJPY,I_ny_prevday_rev,I_ny_prevday_rev|ref19-21o1|act13-16|rev|b1.0|a10|m1.5|tpopp|x19,489,-88.35,0.61,88.04,False,134,-18.37,0.7
USDJPY,I_ny_prevday_rev,I_ny_prevday_rev|ref19-21o1|act13-16|rev|b1.0|a10|m1.5|tpopp|x21,489,-78.23,0.67,79.04,False,134,-6.77,0.88
USDJPY,I_ny_prevday_rev,I_ny_prevday_rev|ref19-21o1|act13-17|rev|b0.25|a10|m1.0|tp0.75|x17,553,-164.0,0.45,164.75,False,164,-49.26,0.44
USDJPY,I_ny_prevday_rev,I_ny_prevday_rev|ref19-21o1|act13-17|rev|b0.25|a10|m1.0|tp0.75|x19,553,-163.13,0.46,163.88,False,164,-50.23,0.44
USDJPY,I_ny_prevday_rev,I_ny_prevday_rev|ref19-21o1|act13-17|rev|b0.25|a10|m1.0|tp0.75|x21,553,-164.57,0.47,165.32,False,164,-49.63,0.45
USDJPY,I_ny_prevday_rev,I_ny_prevday_rev|ref19-21o1|act13-17|rev|b0.25|a10|m1.0|tp1.0|x17,553,-148.63,0.52,149.21,False,164,-48.45,0.5
USDJPY,I_ny_prevday_rev,I_ny_prevday_rev|ref19-21o1|act13-17|rev|b0.25|a10|m1.0|tp1.0|x19,553,-145.48,0.54,146.06,False,164,-46.25,0.53
USDJPY,I_ny_prevday_rev,I_ny_prevday_rev|ref19-21o1|act13-17|rev|b0.25|a10|m1.0|tp1.0|x21,553,-144.86,0.56,145.43,False,164,-46.01,0.54
USDJPY,I_ny_prevday_rev,I_ny_prevday_rev|ref19-21o1|act13-17|rev|b0.25|a10|m1.0|tp1.5|x17,553,-116.71,0.63,117.78,False,164,-47.64,0.54
USDJPY,I_ny_prevday_rev,I_ny_prevday_rev|ref19-21o1|act13-17|rev|b0.25|a10|m1.0|tp1.5|x19,553,-120.89,0.64,121.96,False,164,-42.76,0.6
USDJPY,I_ny_prevday_rev,I_ny_prevday_rev|ref19-21o1|act13-17|rev|b0.25|a10|m1.0|tp1.5|x21,553,-119.27,0.66,120.34,False,164,-41.68,0.62
USDJPY,I_ny_prevday_rev,I_ny_prevday_rev|ref19-21o1|act13-17|rev|b0.25|a10|m1.0|tpopp|x17,553,-116.72,0.63,117.18,False,164,-38.06,0.63
USDJPY,I_ny_prevday_rev,I_ny_prevday_rev|ref19-21o1|act13-17|rev|b0.25|a10|m1.0|tpopp|x19,553,-124.8,0.63,124.29,False,164,-36.54,0.66
USDJPY,I_ny_prevday_rev,I_ny_prevday_rev|ref19-21o1|act13-17|rev|b0.25|a10|m1.0|tpopp|x21,553,-124.23,0.65,123.73,False,164,-34.94,0.68
USDJPY,I_ny_prevday_rev,I_ny_prevday_rev|ref19-21o1|act13-17|rev|b0.25|a10|m1.5|tp0.75|x17,553,-107.63,0.53,108.09,False,164,-35.17,0.5
USDJPY,I_ny_prevday_rev,I_ny_prevday_rev|ref19-21o1|act13-17|rev|b0.25|a10|m1.5|tp0.75|x19,553,-112.13,0.54,112.6,False,164,-36.62,0.52
USDJPY,I_ny_prevday_rev,I_ny_prevday_rev|ref19-21o1|act13-17|rev|b0.25|a10|m1.5|tp0.75|x21,553,-107.94,0.57,108.4,False,164,-35.83,0.53
USDJPY,I_ny_prevday_rev,I_ny_prevday_rev|ref19-21o1|act13-17|rev|b0.25|a10|m1.5|tp1.0|x17,553,-99.1,0.58,99.81,False,164,-35.28,0.52
USDJPY,I_ny_prevday_rev,I_ny_prevday_rev|ref19-21o1|act13-17|rev|b0.25|a10|m1.5|tp1.0|x19,553,-106.05,0.59,106.76,False,164,-36.07,0.56
USDJPY,I_ny_prevday_rev,I_ny_prevday_rev|ref19-21o1|act13-17|rev|b0.25|a10|m1.5|tp1.0|x21,553,-101.79,0.61,102.51,False,164,-32.61,0.6
USDJPY,I_ny_prevday_rev,I_ny_prevday_rev|ref19-21o1|act13-17|rev|b0.25|a10|m1.5|tp1.5|x17,553,-84.42,0.65,84.12,False,164,-33.23,0.57
USDJPY,I_ny_prevday_rev,I_ny_prevday_rev|ref19-21o1|act13-17|rev|b0.25|a10|m1.5|tp1.5|x19,553,-99.39,0.62,98.33,False,164,-33.65,0.6
USDJPY,I_ny_prevday_rev,I_ny_prevday_rev|ref19-21o1|act13-17|rev|b0.25|a10|m1.5|tp1.5|x21,553,-98.7,0.64,97.99,False,164,-28.65,0.66
USDJPY,I_ny_prevday_rev,I_ny_prevday_rev|ref19-21o1|act13-17|rev|b0.25|a10|m1.5|tpopp|x17,553,-96.46,0.59,96.44,False,164,-28.37,0.61
USDJPY,I_ny_prevday_rev,I_ny_prevday_rev|ref19-21o1|act13-17|rev|b0.25|a10|m1.5|tpopp|x19,553,-108.08,0.58,107.3,False,164,-33.07,0.59
USDJPY,I_ny_prevday_rev,I_ny_prevday_rev|ref19-21o1|act13-17|rev|b0.25|a10|m1.5|tpopp|x21,553,-102.28,0.62,101.84,False,164,-28.4,0.64
USDJPY,I_ny_prevday_rev,I_ny_prevday_rev|ref19-21o1|act13-17|rev|b0.5|a10|m1.0|tp0.75|x17,545,-165.71,0.44,166.46,False,158,-44.7,0.45
USDJPY,I_ny_prevday_rev,I_ny_prevday_rev|ref19-21o1|act13-17|rev|b0.5|a10|m1.0|tp0.75|x19,545,-165.29,0.45,166.04,False,158,-48.19,0.44
USDJPY,I_ny_prevday_rev,I_ny_prevday_rev|ref19-21o1|act13-17|rev|b0.5|a10|m1.0|tp0.75|x21,545,-163.17,0.47,163.92,False,158,-48.44,0.44
USDJPY,I_ny_prevday_rev,I_ny_prevday_rev|ref19-21o1|act13-17|rev|b0.5|a10|m1.0|tp1.0|x17,545,-149.62,0.52,150.19,False,158,-42.24,0.52
USDJPY,I_ny_prevday_rev,I_ny_prevday_rev|ref19-21o1|act13-17|rev|b0.5|a10|m1.0|tp1.0|x19,545,-144.64,0.54,145.21,False,158,-42.8,0.55
USDJPY,I_ny_prevday_rev,I_ny_prevday_rev|ref19-21o1|act13-17|rev|b0.5|a10|m1.0|tp1.0|x21,545,-141.52,0.56,142.09,False,158,-43.13,0.55
USDJPY,I_ny_prevday_rev,I_ny_prevday_rev|ref19-21o1|act13-17|rev|b0.5|a10|m1.0|tp1.5|x17,545,-120.74,0.62,121.81,False,158,-41.79,0.56
USDJPY,I_ny_prevday_rev,I_ny_prevday_rev|ref19-21o1|act13-17|rev|b0.5|a10|m1.0|tp1.5|x19,545,-118.59,0.64,119.66,False,158,-40.57,0.61
USDJPY,I_ny_prevday_rev,I_ny_prevday_rev|ref19-21o1|act13-17|rev|b0.5|a10|m1.0|tp1.5|x21,545,-114.61,0.66,115.68,False,158,-40.21,0.62
USDJPY,I_ny_prevday_rev,I_ny_prevday_rev|ref19-21o1|act13-17|rev|b0.5|a10|m1.0|tpopp|x17,545,-119.13,0.63,119.6,False,158,-35.74,0.63
USDJPY,I_ny_prevday_rev,I_ny_prevday_rev|ref19-21o1|act13-17|rev|b0.5|a10|m1.0|tpopp|x19,545,-117.99,0.65,117.48,False,158,-32.58,0.68
USDJPY,I_ny_prevday_rev,I_ny_prevday_rev|ref19-21o1|act13-17|rev|b0.5|a10|m1.0|tpopp|x21,545,-113.16,0.67,112.65,False,158,-32.43,0.68
USDJPY,I_ny_prevday_rev,I_ny_prevday_rev|ref19-21o1|act13-17|rev|b0.5|a10|m1.5|tp0.75|x17,545,-107.65,0.53,108.12,False,158,-31.66,0.52
USDJPY,I_ny_prevday_rev,I_ny_prevday_rev|ref19-21o1|act13-17|rev|b0.5|a10|m1.5|tp0.75|x19,545,-109.25,0.55,109.71,False,158,-35.96,0.51
USDJPY,I_ny_prevday_rev,I_ny_prevday_rev|ref19-21o1|act13-17|rev|b0.5|a10|m1.5|tp0.75|x21,545,-104.82,0.57,105.29,False,158,-33.11,0.54
USDJPY,I_ny_prevday_rev,I_ny_prevday_rev|ref19-21o1|act13-17|rev|b0.5|a10|m1.5|tp1.0|x17,545,-99.94,0.58,100.65,False,158,-31.65,0.54
USDJPY,I_ny_prevday_rev,I_ny_prevday_rev|ref19-21o1|act13-17|rev|b0.5|a10|m1.5|tp1.0|x19,545,-105.49,0.58,106.2,False,158,-36.34,0.54
USDJPY,I_ny_prevday_rev,I_ny_prevday_rev|ref19-21o1|act13-17|rev|b0.5|a10|m1.5|tp1.0|x21,545,-100.0,0.62,100.72,False,158,-31.5,0.59
USDJPY,I_ny_prevday_rev,I_ny_prevday_rev|ref19-21o1|act13-17|rev|b0.5|a10|m1.5|tp1.5|x17,545,-88.3,0.63,88.0,False,158,-30.64,0.58
USDJPY,I_ny_prevday_rev,I_ny_prevday_rev|ref19-21o1|act13-17|rev|b0.5|a10|m1.5|tp1.5|x19,545,-99.79,0.61,98.73,False,158,-30.98,0.61
USDJPY,I_ny_prevday_rev,I_ny_prevday_rev|ref19-21o1|act13-17|rev|b0.5|a10|m1.5|tp1.5|x21,545,-97.53,0.64,96.82,False,158,-24.46,0.69
USDJPY,I_ny_prevday_rev,I_ny_prevday_rev|ref19-21o1|act13-17|rev|b0.5|a10|m1.5|tpopp|x17,545,-98.22,0.58,98.19,False,158,-28.27,0.6
USDJPY,I_ny_prevday_rev,I_ny_prevday_rev|ref19-21o1|act13-17|rev|b0.5|a10|m1.5|tpopp|x19,545,-104.13,0.59,103.35,False,158,-31.94,0.59
USDJPY,I_ny_prevday_rev,I_ny_prevday_rev|ref19-21o1|act13-17|rev|b0.5|a10|m1.5|tpopp|x21,545,-96.69,0.63,96.25,False,158,-26.62,0.65
USDJPY,I_ny_prevday_rev,I_ny_prevday_rev|ref19-21o1|act13-17|rev|b0.75|a10|m1.0|tp0.75|x17,534,-158.23,0.45,158.55,False,150,-41.94,0.46
USDJPY,I_ny_prevday_rev,I_ny_prevday_rev|ref19-21o1|act13-17|rev|b0.75|a10|m1.0|tp0.75|x19,534,-161.16,0.45,161.48,False,150,-42.88,0.46
USDJPY,I_ny_prevday_rev,I_ny_prevday_rev|ref19-21o1|act13-17|rev|b0.75|a10|m1.0|tp0.75|x21,534,-159.33,0.46,159.65,False,150,-44.16,0.46
USDJPY,I_ny_prevday_rev,I_ny_prevday_rev|ref19-21o1|act13-17|rev|b0.75|a10|m1.0|tp1.0|x17,534,-141.94,0.53,142.52,False,150,-39.21,0.53
USDJPY,I_ny_prevday_rev,I_ny_prevday_rev|ref19-21o1|act13-17|rev|b0.75|a10|m1.0|tp1.0|x19,534,-141.66,0.54,142.23,False,150,-37.76,0.56
USDJPY,I_ny_prevday_rev,I_ny_prevday_rev|ref19-21o1|act13-17|rev|b0.75|a10|m1.0|tp1.0|x21,534,-138.67,0.56,139.24,False,150,-38.29,0.57
USDJPY,I_ny_prevday_rev,I_ny_prevday_rev|ref19-21o1|act13-17|rev|b0.75|a10|m1.0|tp1.5|x17,534,-116.84,0.62,117.91,False,150,-40.91,0.55
USDJPY,I_ny_prevday_rev,I_ny_prevday_rev|ref19-21o1|act13-17|rev|b0.75|a10|m1.0|tp1.5|x19,534,-120.2,0.63,121.27,False,150,-34.07,0.63
USDJPY,I_ny_prevday_rev,I_ny_prevday_rev|ref19-21o1|act13-17|rev|b0.75|a10|m1.0|tp1.5|x21,534,-115.14,0.65,116.21,False,150,-36.41,0.63
USDJPY,I_ny_prevday_rev,I_ny_prevday_rev|ref19-21o1|act13-17|rev|b0.75|a10|m1.0|tpopp|x17,534,-108.26,0.65,108.96,False,150,-34.59,0.62
USDJPY,I_ny_prevday_rev,I_ny_prevday_rev|ref19-21o1|act13-17|rev|b0.75|a10|m1.0|tpopp|x19,534,-111.12,0.66,110.85,False,150,-27.99,0.7
USDJPY,I_ny_prevday_rev,I_ny_prevday_rev|ref19-21o1|act13-17|rev|b0.75|a10|m1.0|tpopp|x21,534,-107.39,0.68,107.12,False,150,-29.99,0.69
USDJPY,I_ny_prevday_rev,I_ny_prevday_rev|ref19-21o1|act13-17|rev|b0.75|a10|m1.5|tp0.75|x17,534,-101.3,0.54,101.76,False,150,-28.3,0.54
USDJPY,I_ny_prevday_rev,I_ny_prevday_rev|ref19-21o1|act13-17|rev|b0.75|a10|m1.5|tp0.75|x19,534,-103.91,0.55,104.37,False,150,-28.57,0.56
USDJPY,I_ny_prevday_rev,I_ny_prevday_rev|ref19-21o1|act13-17|rev|b0.75|a10|m1.5|tp0.75|x21,534,-98.92,0.58,99.56,False,150,-22.35,0.64
USDJPY,I_ny_prevday_rev,I_ny_prevday_rev|ref19-21o1|act13-17|rev|b0.75|a10|m1.5|tp1.0|x17,534,-95.42,0.58,96.13,False,150,-29.45,0.54
USDJPY,I_ny_prevday_rev,I_ny_prevday_rev|ref19-21o1|act13-17|rev|b0.75|a10|m1.5|tp1.0|x19,534,-101.65,0.58,102.36,False,150,-28.69,0.58
USDJPY,I_ny_prevday_rev,I_ny_prevday_rev|ref19-21o1|act13-17|rev|b0.75|a10|m1.5|tp1.0|x21,534,-95.11,0.62,96.25,False,150,-22.93,0.66
USDJPY,I_ny_prevday_rev,I_ny_prevday_rev|ref19-21o1|act13-17|rev|b0.75|a10|m1.5|tp1.5|x17,534,-80.67,0.65,80.74,False,150,-28.74,0.57
USDJPY,I_ny_prevday_rev,I_ny_prevday_rev|ref19-21o1|act13-17|rev|b0.75|a10|m1.5|tp1.5|x19,534,-97.17,0.61,96.25,False,150,-24.71,0.64
USDJPY,I_ny_prevday_rev,I_ny_prevday_rev|ref19-21o1|act13-17|rev|b0.75|a10|m1.5|tp1.5|x21,534,-92.47,0.64,92.68,False,150,-15.99,0.77
USDJPY,I_ny_prevday_rev,I_ny_prevday_rev|ref19-21o1|act13-17|rev|b0.75|a10|m1.5|tpopp|x17,534,-88.84,0.61,89.51,False,150,-25.88,0.6
USDJPY,I_ny_prevday_rev,I_ny_prevday_rev|ref19-21o1|act13-17|rev|b0.75|a10|m1.5|tpopp|x19,534,-94.78,0.61,94.46,False,150,-25.63,0.63
USDJPY,I_ny_prevday_rev,I_ny_prevday_rev|ref19-21o1|act13-17|rev|b0.75|a10|m1.5|tpopp|x21,534,-87.6,0.65,88.41,False,150,-16.64,0.75
USDJPY,I_ny_prevday_rev,I_ny_prevday_rev|ref19-21o1|act13-17|rev|b1.0|a10|m1.0|tp0.75|x17,501,-155.39,0.43,155.71,False,141,-40.41,0.44
USDJPY,I_ny_prevday_rev,I_ny_prevday_rev|ref19-21o1|act13-17|rev|b1.0|a10|m1.0|tp0.75|x19,501,-152.53,0.45,152.86,False,141,-40.86,0.45
USDJPY,I_ny_prevday_rev,I_ny_prevday_rev|ref19-21o1|act13-17|rev|b1.0|a10|m1.0|tp0.75|x21,501,-152.73,0.46,153.05,False,141,-42.19,0.45
USDJPY,I_ny_prevday_rev,I_ny_prevday_rev|ref19-21o1|act13-17|rev|b1.0|a10|m1.0|tp1.0|x17,501,-137.73,0.51,138.3,False,141,-36.94,0.53
USDJPY,I_ny_prevday_rev,I_ny_prevday_rev|ref19-21o1|act13-17|rev|b1.0|a10|m1.0|tp1.0|x19,501,-135.74,0.53,136.31,False,141,-36.99,0.55
USDJPY,I_ny_prevday_rev,I_ny_prevday_rev|ref19-21o1|act13-17|rev|b1.0|a10|m1.0|tp1.0|x21,501,-132.23,0.55,132.8,False,141,-35.82,0.57
USDJPY,I_ny_prevday_rev,I_ny_prevday_rev|ref19-21o1|act13-17|rev|b1.0|a10|m1.0|tp1.5|x17,501,-115.24,0.61,116.31,False,141,-38.87,0.54
USDJPY,I_ny_prevday_rev,I_ny_prevday_rev|ref19-21o1|act13-17|rev|b1.0|a10|m1.0|tp1.5|x19,501,-116.38,0.62,117.45,False,141,-34.08,0.61
USDJPY,I_ny_prevday_rev,I_ny_prevday_rev|ref19-21o1|act13-17|rev|b1.0|a10|m1.0|tp1.5|x21,501,-111.72,0.64,112.79,False,141,-31.22,0.65
USDJPY,I_ny_prevday_rev,I_ny_prevday_rev|ref19-21o1|act13-17|rev|b1.0|a10|m1.0|tpopp|x17,501,-104.37,0.65,105.06,False,141,-31.08,0.64
USDJPY,I_ny_prevday_rev,I_ny_prevday_rev|ref19-21o1|act13-17|rev|b1.0|a10|m1.0|tpopp|x19,501,-106.3,0.66,106.03,False,141,-25.15,0.71
USDJPY,I_ny_prevday_rev,I_ny_prevday_rev|ref19-21o1|act13-17|rev|b1.0|a10|m1.0|tpopp|x21,501,-100.74,0.69,100.47,False,141,-20.19,0.77
USDJPY,I_ny_prevday_rev,I_ny_prevday_rev|ref19-21o1|act13-17|rev|b1.0|a10|m1.5|tp0.75|x17,501,-100.86,0.52,101.33,False,141,-27.3,0.53
USDJPY,I_ny_prevday_rev,I_ny_prevday_rev|ref19-21o1|act13-17|rev|b1.0|a10|m1.5|tp0.75|x19,501,-97.88,0.55,98.34,False,141,-26.8,0.56
USDJPY,I_ny_prevday_rev,I_ny_prevday_rev|ref19-21o1|act13-17|rev|b1.0|a10|m1.5|tp0.75|x21,501,-92.0,0.58,92.64,False,141,-21.61,0.63
USDJPY,I_ny_prevday_rev,I_ny_prevday_rev|ref19-21o1|act13-17|rev|b1.0|a10|m1.5|tp1.0|x17,501,-95.2,0.56,95.92,False,141,-29.75,0.51
USDJPY,I_ny_prevday_rev,I_ny_prevday_rev|ref19-21o1|act13-17|rev|b1.0|a10|m1.5|tp1.0|x19,501,-97.16,0.57,97.88,False,141,-27.39,0.57
USDJPY,I_ny_prevday_rev,I_ny_prevday_rev|ref19-21o1|act13-17|rev|b1.0|a10|m1.5|tp1.0|x21,501,-90.46,0.61,91.6,False,141,-20.86,0.67
USDJPY,I_ny_prevday_rev,I_ny_prevday_rev|ref19-21o1|act13-17|rev|b1.0|a10|m1.5|tp1.5|x17,501,-82.42,0.62,82.49,False,141,-26.35,0.58
USDJPY,I_ny_prevday_rev,I_ny_prevday_rev|ref19-21o1|act13-17|rev|b1.0|a10|m1.5|tp1.5|x19,501,-90.67,0.61,89.75,False,141,-22.17,0.66
USDJPY,I_ny_prevday_rev,I_ny_prevday_rev|ref19-21o1|act13-17|rev|b1.0|a10|m1.5|tp1.5|x21,501,-86.25,0.64,86.46,False,141,-12.55,0.8
USDJPY,I_ny_prevday_rev,I_ny_prevday_rev|ref19-21o1|act13-17|rev|b1.0|a10|m1.5|tpopp|x17,501,-87.08,0.6,87.75,False,141,-24.74,0.6
USDJPY,I_ny_prevday_rev,I_ny_prevday_rev|ref19-21o1|act13-17|rev|b1.0|a10|m1.5|tpopp|x19,501,-89.43,0.61,89.12,False,141,-22.43,0.65
USDJPY,I_ny_prevday_rev,I_ny_prevday_rev|ref19-21o1|act13-17|rev|b1.0|a10|m1.5|tpopp|x21,501,-80.9,0.66,81.71,False,141,-11.75,0.81
USDJPY,I_ny_prevday_rev,I_ny_prevday_rev|ref19-22o1|act13-16|rev|b0.25|a10|m1.0|tp0.75|x17,549,-167.56,0.44,168.31,False,158,-50.96,0.42
USDJPY,I_ny_prevday_rev,I_ny_prevday_rev|ref19-22o1|act13-16|rev|b0.25|a10|m1.0|tp0.75|x19,549,-167.66,0.45,168.41,False,158,-51.08,0.43
USDJPY,I_ny_prevday_rev,I_ny_prevday_rev|ref19-22o1|act13-16|rev|b0.25|a10|m1.0|tp0.75|x21,549,-169.31,0.46,170.06,False,158,-51.31,0.43
USDJPY,I_ny_prevday_rev,I_ny_prevday_rev|ref19-22o1|act13-16|rev|b0.25|a10|m1.0|tp1.0|x17,549,-155.03,0.51,155.6,False,158,-49.0,0.48
USDJPY,I_ny_prevday_rev,I_ny_prevday_rev|ref19-22o1|act13-16|rev|b0.25|a10|m1.0|tp1.0|x19,549,-152.25,0.53,152.82,False,158,-47.5,0.52
USDJPY,I_ny_prevday_rev,I_ny_prevday_rev|ref19-22o1|act13-16|rev|b0.25|a10|m1.0|tp1.0|x21,549,-150.2,0.54,150.77,False,158,-46.94,0.52
USDJPY,I_ny_prevday_rev,I_ny_prevday_rev|ref19-22o1|act13-16|rev|b0.25|a10|m1.0|tp1.5|x17,549,-125.74,0.61,126.81,False,158,-46.61,0.53
USDJPY,I_ny_prevday_rev,I_ny_prevday_rev|ref19-22o1|act13-16|rev|b0.25|a10|m1.0|tp1.5|x19,549,-129.66,0.62,130.73,False,158,-41.2,0.61
USDJPY,I_ny_prevday_rev,I_ny_prevday_rev|ref19-22o1|act13-16|rev|b0.25|a10|m1.0|tp1.5|x21,549,-126.12,0.64,127.19,False,158,-39.4,0.62
USDJPY,I_ny_prevday_rev,I_ny_prevday_rev|ref19-22o1|act13-16|rev|b0.25|a10|m1.0|tpopp|x17,549,-114.83,0.64,115.79,False,158,-39.11,0.61
USDJPY,I_ny_prevday_rev,I_ny_prevday_rev|ref19-22o1|act13-16|rev|b0.25|a10|m1.0|tpopp|x19,549,-118.92,0.65,118.91,False,158,-35.56,0.66
USDJPY,I_ny_prevday_rev,I_ny_prevday_rev|ref19-22o1|act13-16|rev|b0.25|a10|m1.0|tpopp|x21,549,-115.39,0.67,115.38,False,158,-33.61,0.68
USDJPY,I_ny_prevday_rev,I_ny_prevday_rev|ref19-22o1|act13-16|rev|b0.25|a10|m1.5|tp0.75|x17,549,-115.34,0.51,115.8,False,158,-38.59,0.46
USDJPY,I_ny_prevday_rev,I_ny_prevday_rev|ref19-22o1|act13-16|rev|b0.25|a10|m1.5|tp0.75|x19,549,-119.67,0.52,120.13,False,158,-37.3,0.51
USDJPY,I_ny_prevday_rev,I_ny_prevday_rev|ref19-22o1|act13-16|rev|b0.25|a10|m1.5|tp0.75|x21,549,-117.03,0.54,117.5,False,158,-36.39,0.52
USDJPY,I_ny_prevday_rev,I_ny_prevday_rev|ref19-22o1|act13-16|rev|b0.25|a10|m1.5|tp1.0|x17,549,-106.47,0.56,107.19,False,158,-37.7,0.49
USDJPY,I_ny_prevday_rev,I_ny_prevday_rev|ref19-22o1|act13-16|rev|b0.25|a10|m1.5|tp1.0|x19,549,-114.83,0.56,115.55,False,158,-35.71,0.55
USDJPY,I_ny_prevday_rev,I_ny_prevday_rev|ref19-22o1|act13-16|rev|b0.25|a10|m1.5|tp1.0|x21,549,-111.61,0.58,112.32,False,158,-32.62,0.58
USDJPY,I_ny_prevday_rev,I_ny_prevday_rev|ref19-22o1|act13-16|rev|b0.25|a10|m1.5|tp1.5|x17,549,-92.03,0.62,91.73,False,158,-34.66,0.54
USDJPY,I_ny_prevday_rev,I_ny_prevday_rev|ref19-22o1|act13-16|rev|b0.25|a10|m1.5|tp1.5|x19,549,-107.29,0.6,106.23,False,158,-33.98,0.58
USDJPY,I_ny_prevday_rev,I_ny_prevday_rev|ref19-22o1|act13-16|rev|b0.25|a10|m1.5|tp1.5|x21,549,-107.18,0.61,106.47,False,158,-27.52,0.66
USDJPY,I_ny_prevday_rev,I_ny_prevday_rev|ref19-22o1|act13-16|rev|b0.25|a10|m1.5|tpopp|x17,549,-98.02,0.59,98.33,False,158,-31.7,0.57
USDJPY,I_ny_prevday_rev,I_ny_prevday_rev|ref19-22o1|act13-16|rev|b0.25|a10|m1.5|tpopp|x19,549,-106.24,0.59,105.79,False,158,-33.75,0.58
USDJPY,I_ny_prevday_rev,I_ny_prevday_rev|ref19-22o1|act13-16|rev|b0.25|a10|m1.5|tpopp|x21,549,-101.31,0.62,101.21,False,158,-29.51,0.63
USDJPY,I_ny_prevday_rev,I_ny_prevday_rev|ref19-22o1|act13-16|rev|b0.5|a10|m1.0|tp0.75|x17,537,-168.03,0.43,168.78,False,149,-45.85,0.43
USDJPY,I_ny_prevday_rev,I_ny_prevday_rev|ref19-22o1|act13-16|rev|b0.5|a10|m1.0|tp0.75|x19,537,-167.88,0.44,168.63,False,149,-47.6,0.43
USDJPY,I_ny_prevday_rev,I_ny_prevday_rev|ref19-22o1|act13-16|rev|b0.5|a10|m1.0|tp0.75|x21,537,-165.47,0.46,166.22,False,149,-48.47,0.43
USDJPY,I_ny_prevday_rev,I_ny_prevday_rev|ref19-22o1|act13-16|rev|b0.5|a10|m1.0|tp1.0|x17,537,-150.08,0.51,150.65,False,149,-42.95,0.5
USDJPY,I_ny_prevday_rev,I_ny_prevday_rev|ref19-22o1|act13-16|rev|b0.5|a10|m1.0|tp1.0|x19,537,-147.36,0.53,147.93,False,149,-42.53,0.53
USDJPY,I_ny_prevday_rev,I_ny_prevday_rev|ref19-22o1|act13-16|rev|b0.5|a10|m1.0|tp1.0|x21,537,-143.69,0.55,144.26,False,149,-42.92,0.53
USDJPY,I_ny_prevday_rev,I_ny_prevday_rev|ref19-22o1|act13-16|rev|b0.5|a10|m1.0|tp1.5|x17,537,-119.37,0.62,120.44,False,149,-42.17,0.53
USDJPY,I_ny_prevday_rev,I_ny_prevday_rev|ref19-22o1|act13-16|rev|b0.5|a10|m1.0|tp1.5|x19,537,-119.12,0.64,120.19,False,149,-37.4,0.62
USDJPY,I_ny_prevday_rev,I_ny_prevday_rev|ref19-22o1|act13-16|rev|b0.5|a10|m1.0|tp1.5|x21,537,-114.15,0.66,115.22,False,149,-37.37,0.62
USDJPY,I_ny_prevday_rev,I_ny_prevday_rev|ref19-22o1|act13-16|rev|b0.5|a10|m1.0|tpopp|x17,537,-106.07,0.66,107.03,False,149,-33.85,0.63
USDJPY,I_ny_prevday_rev,I_ny_prevday_rev|ref19-22o1|act13-16|rev|b0.5|a10|m1.0|tpopp|x19,537,-106.0,0.68,105.98,False,149,-30.63,0.69
USDJPY,I_ny_prevday_rev,I_ny_prevday_rev|ref19-22o1|act13-16|rev|b0.5|a10|m1.0|tpopp|x21,537,-100.22,0.71,100.21,False,149,-30.16,0.69
USDJPY,I_ny_prevday_rev,I_ny_prevday_rev|ref19-22o1|act13-16|rev|b0.5|a10|m1.5|tp0.75|x17,537,-109.63,0.52,110.1,False,149,-32.47,0.49
USDJPY,I_ny_prevday_rev,I_ny_prevday_rev|ref19-22o1|act13-16|rev|b0.5|a10|m1.5|tp0.75|x19,537,-111.75,0.53,112.21,False,149,-33.03,0.52
USDJPY,I_ny_prevday_rev,I_ny_prevday_rev|ref19-22o1|act13-16|rev|b0.5|a10|m1.5|tp0.75|x21,537,-107.37,0.56,107.83,False,149,-30.13,0.55
USDJPY,I_ny_prevday_rev,I_ny_prevday_rev|ref19-22o1|act13-16|rev|b0.5|a10|m1.5|tp1.0|x17,537,-100.52,0.57,101.24,False,149,-32.32,0.51
USDJPY,I_ny_prevday_rev,I_ny_prevday_rev|ref19-22o1|act13-16|rev|b0.5|a10|m1.5|tp1.0|x19,537,-106.1,0.58,106.81,False,149,-32.23,0.56
USDJPY,I_ny_prevday_rev,I_ny_prevday_rev|ref19-22o1|act13-16|rev|b0.5|a10|m1.5|tp1.0|x21,537,-100.24,0.61,100.96,False,149,-29.36,0.59
USDJPY,I_ny_prevday_rev,I_ny_prevday_rev|ref19-22o1|act13-16|rev|b0.5|a10|m1.5|tp1.5|x17,537,-86.37,0.63,86.07,False,149,-27.28,0.59
USDJPY,I_ny_prevday_rev,I_ny_prevday_rev|ref19-22o1|act13-16|rev|b0.5|a10|m1.5|tp1.5|x19,537,-98.17,0.62,97.11,False,149,-27.87,0.62
USDJPY,I_ny_prevday_rev,I_ny_prevday_rev|ref19-22o1|act13-16|rev|b0.5|a10|m1.5|tp1.5|x21,537,-94.85,0.64,94.14,False,149,-21.05,0.71
USDJPY,I_ny_prevday_rev,I_ny_prevday_rev|ref19-22o1|act13-16|rev|b0.5|a10|m1.5|tpopp|x17,537,-90.96,0.61,91.27,False,149,-26.62,0.6
USDJPY,I_ny_prevday_rev,I_ny_prevday_rev|ref19-22o1|act13-16|rev|b0.5|a10|m1.5|tpopp|x19,537,-96.23,0.62,95.78,False,149,-28.71,0.61
USDJPY,I_ny_prevday_rev,I_ny_prevday_rev|ref19-22o1|act13-16|rev|b0.5|a10|m1.5|tpopp|x21,537,-88.43,0.66,88.33,False,149,-24.5,0.66
USDJPY,I_ny_prevday_rev,I_ny_prevday_rev|ref19-22o1|act13-16|rev|b0.75|a10|m1.0|tp0.75|x17,516,-155.35,0.44,155.67,False,139,-40.9,0.44
USDJPY,I_ny_prevday_rev,I_ny_prevday_rev|ref19-22o1|act13-16|rev|b0.75|a10|m1.0|tp0.75|x19,516,-155.54,0.45,155.86,False,139,-41.3,0.45
USDJPY,I_ny_prevday_rev,I_ny_prevday_rev|ref19-22o1|act13-16|rev|b0.75|a10|m1.0|tp0.75|x21,516,-156.1,0.46,156.42,False,139,-43.32,0.44
USDJPY,I_ny_prevday_rev,I_ny_prevday_rev|ref19-22o1|act13-16|rev|b0.75|a10|m1.0|tp1.0|x17,516,-137.81,0.52,138.38,False,139,-37.39,0.52
USDJPY,I_ny_prevday_rev,I_ny_prevday_rev|ref19-22o1|act13-16|rev|b0.75|a10|m1.0|tp1.0|x19,516,-135.04,0.54,135.61,False,139,-36.01,0.56
USDJPY,I_ny_prevday_rev,I_ny_prevday_rev|ref19-22o1|act13-16|rev|b0.75|a10|m1.0|tp1.0|x21,516,-132.69,0.56,133.26,False,139,-36.46,0.57
USDJPY,I_ny_prevday_rev,I_ny_prevday_rev|ref19-22o1|act13-16|rev|b0.75|a10|m1.0|tp1.5|x17,516,-111.66,0.62,112.73,False,139,-38.55,0.54
USDJPY,I_ny_prevday_rev,I_ny_prevday_rev|ref19-22o1|act13-16|rev|b0.75|a10|m1.0|tp1.5|x19,516,-114.02,0.63,115.09,False,139,-33.01,0.63
USDJPY,I_ny_prevday_rev,I_ny_prevday_rev|ref19-22o1|act13-16|rev|b0.75|a10|m1.0|tp1.5|x21,516,-111.39,0.65,112.46,False,139,-32.64,0.64
USDJPY,I_ny_prevday_rev,I_ny_prevday_rev|ref19-22o1|act13-16|rev|b0.75|a10|m1.0|tpopp|x17,516,-98.24,0.67,99.39,False,139,-30.13,0.64
USDJPY,I_ny_prevday_rev,I_ny_prevday_rev|ref19-22o1|act13-16|rev|b0.75|a10|m1.0|tpopp|x19,516,-99.32,0.69,99.5,False,139,-26.68,0.7
USDJPY,I_ny_prevday_rev,I_ny_prevday_rev|ref19-22o1|act13-16|rev|b0.75|a10|m1.0|tpopp|x21,516,-97.11,0.7,97.29,False,139,-25.26,0.72
USDJPY,I_ny_prevday_rev,I_ny_prevday_rev|ref19-22o1|act13-16|rev|b0.75|a10|m1.5|tp0.75|x17,516,-100.51,0.53,100.97,False,139,-26.9,0.53
USDJPY,I_ny_prevday_rev,I_ny_prevday_rev|ref19-22o1|act13-16|rev|b0.75|a10|m1.5|tp0.75|x19,516,-100.67,0.55,101.14,False,139,-26.28,0.57
USDJPY,I_ny_prevday_rev,I_ny_prevday_rev|ref19-22o1|act13-16|rev|b0.75|a10|m1.5|tp0.75|x21,516,-95.98,0.58,96.62,False,139,-21.33,0.64
USDJPY,I_ny_prevday_rev,I_ny_prevday_rev|ref19-22o1|act13-16|rev|b0.75|a10|m1.5|tp1.0|x17,516,-93.0,0.57,93.72,False,139,-27.75,0.53
USDJPY,I_ny_prevday_rev,I_ny_prevday_rev|ref19-22o1|act13-16|rev|b0.75|a10|m1.5|tp1.0|x19,516,-98.4,0.58,99.11,False,139,-26.77,0.59
USDJPY,I_ny_prevday_rev,I_ny_prevday_rev|ref19-22o1|act13-16|rev|b0.75|a10|m1.5|tp1.0|x21,516,-92.73,0.62,93.87,False,139,-21.41,0.66
USDJPY,I_ny_prevday_rev,I_ny_prevday_rev|ref19-22o1|act13-16|rev|b0.75|a10|m1.5|tp1.5|x17,516,-80.37,0.63,80.44,False,139,-23.54,0.6
USDJPY,I_ny_prevday_rev,I_ny_prevday_rev|ref19-22o1|act13-16|rev|b0.75|a10|m1.5|tp1.5|x19,516,-92.31,0.62,91.4,False,139,-23.3,0.64
USDJPY,I_ny_prevday_rev,I_ny_prevday_rev|ref19-22o1|act13-16|rev|b0.75|a10|m1.5|tp1.5|x21,516,-88.32,0.65,88.53,False,139,-12.69,0.8
USDJPY,I_ny_prevday_rev,I_ny_prevday_rev|ref19-22o1|act13-16|rev|b0.75|a10|m1.5|tpopp|x17,516,-83.29,0.62,84.27,False,139,-21.98,0.63
USDJPY,I_ny_prevday_rev,I_ny_prevday_rev|ref19-22o1|act13-16|rev|b0.75|a10|m1.5|tpopp|x19,516,-87.76,0.63,87.75,False,139,-23.55,0.64
USDJPY,I_ny_prevday_rev,I_ny_prevday_rev|ref19-22o1|act13-16|rev|b0.75|a10|m1.5|tpopp|x21,516,-80.89,0.67,82.0,False,139,-13.91,0.78
USDJPY,I_ny_prevday_rev,I_ny_prevday_rev|ref19-22o1|act13-16|rev|b1.0|a10|m1.0|tp0.75|x17,483,-152.09,0.42,152.41,False,128,-34.68,0.46
USDJPY,I_ny_prevday_rev,I_ny_prevday_rev|ref19-22o1|act13-16|rev|b1.0|a10|m1.0|tp0.75|x19,483,-149.96,0.44,150.28,False,128,-35.42,0.47
USDJPY,I_ny_prevday_rev,I_ny_prevday_rev|ref19-22o1|act13-16|rev|b1.0|a10|m1.0|tp0.75|x21,483,-149.66,0.45,149.98,False,128,-35.25,0.48
USDJPY,I_ny_prevday_rev,I_ny_prevday_rev|ref19-22o1|act13-16|rev|b1.0|a10|m1.0|tp1.0|x17,483,-135.98,0.5,136.55,False,128,-33.3,0.53
USDJPY,I_ny_prevday_rev,I_ny_prevday_rev|ref19-22o1|act13-16|rev|b1.0|a10|m1.0|tp1.0|x19,483,-132.7,0.53,133.27,False,128,-32.24,0.56
USDJPY,I_ny_prevday_rev,I_ny_prevday_rev|ref19-22o1|act13-16|rev|b1.0|a10|m1.0|tp1.0|x21,483,-127.84,0.55,128.41,False,128,-30.39,0.59
USDJPY,I_ny_prevday_rev,I_ny_prevday_rev|ref19-22o1|act13-16|rev|b1.0|a10|m1.0|tp1.5|x17,483,-109.53,0.61,110.6,False,128,-34.58,0.54
USDJPY,I_ny_prevday_rev,I_ny_prevday_rev|ref19-22o1|act13-16|rev|b1.0|a10|m1.0|tp1.5|x19,483,-110.25,0.63,111.32,False,128,-30.12,0.62
USDJPY,I_ny_prevday_rev,I_ny_prevday_rev|ref19-22o1|act13-16|rev|b1.0|a10|m1.0|tp1.5|x21,483,-104.7,0.65,105.77,False,128,-24.09,0.7
USDJPY,I_ny_prevday_rev,I_ny_prevday_rev|ref19-22o1|act13-16|rev|b1.0|a10|m1.0|tpopp|x17,483,-93.26,0.67,94.42,False,128,-24.93,0.67
USDJPY,I_ny_prevday_rev,I_ny_prevday_rev|ref19-22o1|act13-16|rev|b1.0|a10|m1.0|tpopp|x19,483,-95.39,0.68,95.57,False,128,-21.19,0.74
USDJPY,I_ny_prevday_rev,I_ny_prevday_rev|ref19-22o1|act13-16|rev|b1.0|a10|m1.0|tpopp|x21,483,-87.64,0.72,87.82,False,128,-12.21,0.85
USDJPY,I_ny_prevday_rev,I_ny_prevday_rev|ref19-22o1|act13-16|rev|b1.0|a10|m1.5|tp0.75|x17,483,-97.6,0.51,98.07,False,128,-22.95,0.55
USDJPY,I_ny_prevday_rev,I_ny_prevday_rev|ref19-22o1|act13-16|rev|b1.0|a10|m1.5|tp0.75|x19,483,-96.66,0.54,97.13,False,128,-22.62,0.58
USDJPY,I_ny_prevday_rev,I_ny_prevday_rev|ref19-22o1|act13-16|rev|b1.0|a10|m1.5|tp0.75|x21,483,-89.18,0.58,89.82,False,128,-16.28,0.68
USDJPY,I_ny_prevday_rev,I_ny_prevday_rev|ref19-22o1|act13-16|rev|b1.0|a10|m1.5|tp1.0|x17,483,-89.29,0.57,90.01,False,128,-24.23,0.54
USDJPY,I_ny_prevday_rev,I_ny_prevday_rev|ref19-22o1|act13-16|rev|b1.0|a10|m1.5|tp1.0|x19,483,-92.99,0.58,93.71,False,128,-23.62,0.59
USDJPY,I_ny_prevday_rev,I_ny_prevday_rev|ref19-22o1|act13-16|rev|b1.0|a10|m1.5|tp1.0|x21,483,-84.63,0.62,85.77,False,128,-14.09,0.74
USDJPY,I_ny_prevday_rev,I_ny_prevday_rev|ref19-22o1|act13-16|rev|b1.0|a10|m1.5|tp1.5|x17,483,-76.51,0.63,76.58,False,128,-19.33,0.64
USDJPY,I_ny_prevday_rev,I_ny_prevday_rev|ref19-22o1|act13-16|rev|b1.0|a10|m1.5|tp1.5|x19,483,-86.79,0.61,85.88,False,128,-18.9,0.67
USDJPY,I_ny_prevday_rev,I_ny_prevday_rev|ref19-22o1|act13-16|rev|b1.0|a10|m1.5|tp1.5|x21,483,-79.7,0.66,79.91,False,128,-6.02,0.89
USDJPY,I_ny_prevday_rev,I_ny_prevday_rev|ref19-22o1|act13-16|rev|b1.0|a10|m1.5|tpopp|x17,483,-77.59,0.62,78.56,False,128,-17.64,0.67
USDJPY,I_ny_prevday_rev,I_ny_prevday_rev|ref19-22o1|act13-16|rev|b1.0|a10|m1.5|tpopp|x19,483,-82.06,0.63,82.04,False,128,-18.66,0.68
USDJPY,I_ny_prevday_rev,I_ny_prevday_rev|ref19-22o1|act13-16|rev|b1.0|a10|m1.5|tpopp|x21,483,-70.99,0.69,72.11,False,128,-5.45,0.9
USDJPY,I_ny_prevday_rev,I_ny_prevday_rev|ref19-22o1|act13-17|rev|b0.25|a10|m1.0|tp0.75|x17,553,-168.62,0.44,169.37,False,160,-50.09,0.43
USDJPY,I_ny_prevday_rev,I_ny_prevday_rev|ref19-22o1|act13-17|rev|b0.25|a10|m1.0|tp0.75|x19,553,-168.85,0.45,169.6,False,160,-50.57,0.43
USDJPY,I_ny_prevday_rev,I_ny_prevday_rev|ref19-22o1|act13-17|rev|b0.25|a10|m1.0|tp0.75|x21,553,-170.06,0.46,170.81,False,160,-50.43,0.44
USDJPY,I_ny_prevday_rev,I_ny_prevday_rev|ref19-22o1|act13-17|rev|b0.25|a10|m1.0|tp1.0|x17,553,-157.59,0.5,158.17,False,160,-49.63,0.48
USDJPY,I_ny_prevday_rev,I_ny_prevday_rev|ref19-22o1|act13-17|rev|b0.25|a10|m1.0|tp1.0|x19,553,-153.95,0.53,154.52,False,160,-46.74,0.52
USDJPY,I_ny_prevday_rev,I_ny_prevday_rev|ref19-22o1|act13-17|rev|b0.25|a10|m1.0|tp1.0|x21,553,-151.06,0.54,151.63,False,160,-47.57,0.52
USDJPY,I_ny_prevday_rev,I_ny_prevday_rev|ref19-22o1|act13-17|rev|b0.25|a10|m1.0|tp1.5|x17,553,-127.8,0.61,128.87,False,160,-46.73,0.54
USDJPY,I_ny_prevday_rev,I_ny_prevday_rev|ref19-22o1|act13-17|rev|b0.25|a10|m1.0|tp1.5|x19,553,-131.36,0.62,132.43,False,160,-39.94,0.62
USDJPY,I_ny_prevday_rev,I_ny_prevday_rev|ref19-22o1|act13-17|rev|b0.25|a10|m1.0|tp1.5|x21,553,-126.98,0.64,128.05,False,160,-39.52,0.63
USDJPY,I_ny_prevday_rev,I_ny_prevday_rev|ref19-22o1|act13-17|rev|b0.25|a10|m1.0|tpopp|x17,553,-114.77,0.64,115.73,False,160,-37.41,0.63
USDJPY,I_ny_prevday_rev,I_ny_prevday_rev|ref19-22o1|act13-17|rev|b0.25|a10|m1.0|tpopp|x19,553,-120.63,0.65,120.61,False,160,-34.01,0.68
USDJPY,I_ny_prevday_rev,I_ny_prevday_rev|ref19-22o1|act13-17|rev|b0.25|a10|m1.0|tpopp|x21,553,-116.25,0.67,116.23,False,160,-33.2,0.69
USDJPY,I_ny_prevday_rev,I_ny_prevday_rev|ref19-22o1|act13-17|rev|b0.25|a10|m1.5|tp0.75|x17,553,-114.46,0.51,114.93,False,160,-37.5,0.48
USDJPY,I_ny_prevday_rev,I_ny_prevday_rev|ref19-22o1|act13-17|rev|b0.25|a10|m1.5|tp0.75|x19,553,-120.76,0.52,121.23,False,160,-36.71,0.52
USDJPY,I_ny_prevday_rev,I_ny_prevday_rev|ref19-22o1|act13-17|rev|b0.25|a10|m1.5|tp0.75|x21,553,-117.94,0.54,118.41,False,160,-35.3,0.53
USDJPY,I_ny_prevday_rev,I_ny_prevday_rev|ref19-22o1|act13-17|rev|b0.25|a10|m1.5|tp1.0|x17,553,-106.85,0.56,107.56,False,160,-36.11,0.51
USDJPY,I_ny_prevday_rev,I_ny_prevday_rev|ref19-22o1|act13-17|rev|b0.25|a10|m1.5|tp1.0|x19,553,-115.93,0.56,116.64,False,160,-34.87,0.56
USDJPY,I_ny_prevday_rev,I_ny_prevday_rev|ref19-22o1|act13-17|rev|b0.25|a10|m1.5|tp1.0|x21,553,-112.51,0.58,113.23,False,160,-31.03,0.61
USDJPY,I_ny_prevday_rev,I_ny_prevday_rev|ref19-22o1|act13-17|rev|b0.25|a10|m1.5|tp1.5|x17,553,-91.41,0.63,91.1,False,160,-34.57,0.55
USDJPY,I_ny_prevday_rev,I_ny_prevday_rev|ref19-22o1|act13-17|rev|b0.25|a10|m1.5|tp1.5|x19,553,-108.39,0.59,107.33,False,160,-32.94,0.6
USDJPY,I_ny_prevday_rev,I_ny_prevday_rev|ref19-22o1|act13-17|rev|b0.25|a10|m1.5|tp1.5|x21,553,-108.09,0.61,107.38,False,160,-27.58,0.66
USDJPY,I_ny_prevday_rev,I_ny_prevday_rev|ref19-22o1|act13-17|rev|b0.25|a10|m1.5|tpopp|x17,553,-94.86,0.6,95.16,False,160,-29.32,0.6
USDJPY,I_ny_prevday_rev,I_ny_prevday_rev|ref19-22o1|act13-17|rev|b0.25|a10|m1.5|tpopp|x19,553,-107.34,0.59,106.89,False,160,-32.72,0.59
USDJPY,I_ny_prevday_rev,I_ny_prevday_rev|ref19-22o1|act13-17|rev|b0.25|a10|m1.5|tpopp|x21,553,-102.22,0.62,102.12,False,160,-27.98,0.64
USDJPY,I_ny_prevday_rev,I_ny_prevday_rev|ref19-22o1|act13-17|rev|b0.5|a10|m1.0|tp0.75|x17,541,-171.19,0.43,171.94,False,155,-46.56,0.43
USDJPY,I_ny_prevday_rev,I_ny_prevday_rev|ref19-22o1|act13-17|rev|b0.5|a10|m1.0|tp0.75|x19,541,-170.25,0.44,171.0,False,155,-51.01,0.41
USDJPY,I_ny_prevday_rev,I_ny_prevday_rev|ref19-22o1|act13-17|rev|b0.5|a10|m1.0|tp0.75|x21,541,-168.06,0.45,168.8,False,155,-49.99,0.43
USDJPY,I_ny_prevday_rev,I_ny_prevday_rev|ref19-22o1|act13-17|rev|b0.5|a10|m1.0|tp1.0|x17,541,-154.99,0.5,155.56,False,155,-44.66,0.5
USDJPY,I_ny_prevday_rev,I_ny_prevday_rev|ref19-22o1|act13-17|rev|b0.5|a10|m1.0|tp1.0|x19,541,-149.73,0.53,150.3,False,155,-46.77,0.51
USDJPY,I_ny_prevday_rev,I_ny_prevday_rev|ref19-22o1|act13-17|rev|b0.5|a10|m1.0|tp1.0|x21,541,-146.28,0.55,146.85,False,155,-45.69,0.52
USDJPY,I_ny_prevday_rev,I_ny_prevday_rev|ref19-22o1|act13-17|rev|b0.5|a10|m1.0|tp1.5|x17,541,-124.27,0.61,125.35,False,155,-44.88,0.53
USDJPY,I_ny_prevday_rev,I_ny_prevday_rev|ref19-22o1|act13-17|rev|b0.5|a10|m1.0|tp1.5|x19,541,-121.49,0.63,122.56,False,155,-41.63,0.59
USDJPY,I_ny_prevday_rev,I_ny_prevday_rev|ref19-22o1|act13-17|rev|b0.5|a10|m1.0|tp1.5|x21,541,-116.74,0.66,117.81,False,155,-42.27,0.59
USDJPY,I_ny_prevday_rev,I_ny_prevday_rev|ref19-22o1|act13-17|rev|b0.5|a10|m1.0|tpopp|x17,541,-110.98,0.65,111.94,False,155,-39.7,0.59
USDJPY,I_ny_prevday_rev,I_ny_prevday_rev|ref19-22o1|act13-17|rev|b0.5|a10|m1.0|tpopp|x19,541,-108.37,0.67,108.35,False,155,-34.87,0.66
USDJPY,I_ny_prevday_rev,I_ny_prevday_rev|ref19-22o1|act13-17|rev|b0.5|a10|m1.0|tpopp|x21,541,-102.81,0.7,102.79,False,155,-35.05,0.66
USDJPY,I_ny_prevday_rev,I_ny_prevday_rev|ref19-22o1|act13-17|rev|b0.5|a10|m1.5|tp0.75|x17,541,-112.49,0.51,112.95,False,155,-32.61,0.51
USDJPY,I_ny_prevday_rev,I_ny_prevday_rev|ref19-22o1|act13-17|rev|b0.5|a10|m1.5|tp0.75|x19,541,-113.29,0.53,113.75,False,155,-36.41,0.5
USDJPY,I_ny_prevday_rev,I_ny_prevday_rev|ref19-22o1|act13-17|rev|b0.5|a10|m1.5|tp0.75|x21,541,-109.76,0.56,110.22,False,155,-31.06,0.55
USDJPY,I_ny_prevday_rev,I_ny_prevday_rev|ref19-22o1|act13-17|rev|b0.5|a10|m1.5|tp1.0|x17,541,-103.13,0.56,103.84,False,155,-32.98,0.52
USDJPY,I_ny_prevday_rev,I_ny_prevday_rev|ref19-22o1|act13-17|rev|b0.5|a10|m1.5|tp1.0|x19,541,-107.64,0.57,108.35,False,155,-35.6,0.53
USDJPY,I_ny_prevday_rev,I_ny_prevday_rev|ref19-22o1|act13-17|rev|b0.5|a10|m1.5|tp1.0|x21,541,-102.63,0.61,103.35,False,155,-31.3,0.58
USDJPY,I_ny_prevday_rev,I_ny_prevday_rev|ref19-22o1|act13-17|rev|b0.5|a10|m1.5|tp1.5|x17,541,-88.48,0.63,88.17,False,155,-32.97,0.54
USDJPY,I_ny_prevday_rev,I_ny_prevday_rev|ref19-22o1|act13-17|rev|b0.5|a10|m1.5|tp1.5|x19,541,-99.71,0.61,98.65,False,155,-31.25,0.59
USDJPY,I_ny_prevday_rev,I_ny_prevday_rev|ref19-22o1|act13-17|rev|b0.5|a10|m1.5|tp1.5|x21,541,-97.24,0.64,96.53,False,155,-24.99,0.67
USDJPY,I_ny_prevday_rev,I_ny_prevday_rev|ref19-22o1|act13-17|rev|b0.5|a10|m1.5|tpopp|x17,541,-93.39,0.6,93.7,False,155,-30.11,0.57
USDJPY,I_ny_prevday_rev,I_ny_prevday_rev|ref19-22o1|act13-17|rev|b0.5|a10|m1.5|tpopp|x19,541,-97.77,0.61,97.32,False,155,-32.09,0.58
USDJPY,I_ny_prevday_rev,I_ny_prevday_rev|ref19-22o1|act13-17|rev|b0.5|a10|m1.5|tpopp|x21,541,-90.82,0.65,90.72,False,155,-26.85,0.64
USDJPY,I_ny_prevday_rev,I_ny_prevday_rev|ref19-22o1|act13-17|rev|b0.75|a10|m1.0|tp0.75|x17,530,-156.28,0.45,156.61,False,146,-42.86,0.44
USDJPY,I_ny_prevday_rev,I_ny_prevday_rev|ref19-22o1|act13-17|rev|b0.75|a10|m1.0|tp0.75|x19,530,-158.1,0.45,158.42,False,146,-45.01,0.43
USDJPY,I_ny_prevday_rev,I_ny_prevday_rev|ref19-22o1|act13-17|rev|b0.75|a10|m1.0|tp0.75|x21,530,-158.85,0.46,159.17,False,146,-46.53,0.44
USDJPY,I_ny_prevday_rev,I_ny_prevday_rev|ref19-22o1|act13-17|rev|b0.75|a10|m1.0|tp1.0|x17,530,-138.5,0.53,139.07,False,146,-40.35,0.52
USDJPY,I_ny_prevday_rev,I_ny_prevday_rev|ref19-22o1|act13-17|rev|b0.75|a10|m1.0|tp1.0|x19,530,-137.38,0.54,137.96,False,146,-40.54,0.53
USDJPY,I_ny_prevday_rev,I_ny_prevday_rev|ref19-22o1|act13-17|rev|b0.75|a10|m1.0|tp1.0|x21,530,-135.34,0.56,135.91,False,146,-40.92,0.54
USDJPY,I_ny_prevday_rev,I_ny_prevday_rev|ref19-22o1|act13-17|rev|b0.75|a10|m1.0|tp1.5|x17,530,-113.98,0.63,115.05,False,146,-42.51,0.53
USDJPY,I_ny_prevday_rev,I_ny_prevday_rev|ref19-22o1|act13-17|rev|b0.75|a10|m1.0|tp1.5|x19,530,-116.53,0.63,117.6,False,146,-37.55,0.6
USDJPY,I_ny_prevday_rev,I_ny_prevday_rev|ref19-22o1|act13-17|rev|b0.75|a10|m1.0|tp1.5|x21,530,-113.93,0.65,115.0,False,146,-39.22,0.6
USDJPY,I_ny_prevday_rev,I_ny_prevday_rev|ref19-22o1|act13-17|rev|b0.75|a10|m1.0|tpopp|x17,530,-101.5,0.67,102.66,False,146,-36.16,0.61
USDJPY,I_ny_prevday_rev,I_ny_prevday_rev|ref19-22o1|act13-17|rev|b0.75|a10|m1.0|tpopp|x19,530,-101.76,0.68,101.94,False,146,-31.22,0.67
USDJPY,I_ny_prevday_rev,I_ny_prevday_rev|ref19-22o1|act13-17|rev|b0.75|a10|m1.0|tpopp|x21,530,-99.85,0.7,100.03,False,146,-31.84,0.67
USDJPY,I_ny_prevday_rev,I_ny_prevday_rev|ref19-22o1|act13-17|rev|b0.75|a10|m1.5|tp0.75|x17,530,-100.55,0.54,101.01,False,146,-28.2,0.53
USDJPY,I_ny_prevday_rev,I_ny_prevday_rev|ref19-22o1|act13-17|rev|b0.75|a10|m1.5|tp0.75|x19,530,-101.7,0.55,102.16,False,146,-29.85,0.54
USDJPY,I_ny_prevday_rev,I_ny_prevday_rev|ref19-22o1|act13-17|rev|b0.75|a10|m1.5|tp0.75|x21,530,-97.18,0.58,97.82,False,146,-23.72,0.62
USDJPY,I_ny_prevday_rev,I_ny_prevday_rev|ref19-22o1|act13-17|rev|b0.75|a10|m1.5|tp1.0|x17,530,-93.21,0.59,93.93,False,146,-29.57,0.53
USDJPY,I_ny_prevday_rev,I_ny_prevday_rev|ref19-22o1|act13-17|rev|b0.75|a10|m1.5|tp1.0|x19,530,-99.46,0.58,100.17,False,146,-30.34,0.56
USDJPY,I_ny_prevday_rev,I_ny_prevday_rev|ref19-22o1|act13-17|rev|b0.75|a10|m1.5|tp1.0|x21,530,-94.02,0.62,95.16,False,146,-24.8,0.63
USDJPY,I_ny_prevday_rev,I_ny_prevday_rev|ref19-22o1|act13-17|rev|b0.75|a10|m1.5|tp1.5|x17,530,-78.24,0.65,78.31,False,146,-28.86,0.56
USDJPY,I_ny_prevday_rev,I_ny_prevday_rev|ref19-22o1|act13-17|rev|b0.75|a10|m1.5|tp1.5|x19,530,-93.38,0.62,92.46,False,146,-26.87,0.61
USDJPY,I_ny_prevday_rev,I_ny_prevday_rev|ref19-22o1|act13-17|rev|b0.75|a10|m1.5|tp1.5|x21,530,-89.74,0.64,89.95,False,146,-18.09,0.74
USDJPY,I_ny_prevday_rev,I_ny_prevday_rev|ref19-22o1|act13-17|rev|b0.75|a10|m1.5|tpopp|x17,530,-84.62,0.62,85.6,False,146,-25.92,0.6
USDJPY,I_ny_prevday_rev,I_ny_prevday_rev|ref19-22o1|act13-17|rev|b0.75|a10|m1.5|tpopp|x19,530,-88.78,0.63,88.76,False,146,-27.12,0.61
USDJPY,I_ny_prevday_rev,I_ny_prevday_rev|ref19-22o1|act13-17|rev|b0.75|a10|m1.5|tpopp|x21,530,-82.32,0.67,83.43,False,146,-17.71,0.74
USDJPY,I_ny_prevday_rev,I_ny_prevday_rev|ref19-22o1|act13-17|rev|b1.0|a10|m1.0|tp0.75|x17,498,-158.05,0.42,158.37,False,135,-40.17,0.43
USDJPY,I_ny_prevday_rev,I_ny_prevday_rev|ref19-22o1|act13-17|rev|b1.0|a10|m1.0|tp0.75|x19,498,-154.5,0.44,154.82,False,135,-39.99,0.44
USDJPY,I_ny_prevday_rev,I_ny_prevday_rev|ref19-22o1|act13-17|rev|b1.0|a10|m1.0|tp0.75|x21,498,-156.46,0.45,156.78,False,135,-41.33,0.44
USDJPY,I_ny_prevday_rev,I_ny_prevday_rev|ref19-22o1|act13-17|rev|b1.0|a10|m1.0|tp1.0|x17,498,-140.2,0.51,140.77,False,135,-38.28,0.5
USDJPY,I_ny_prevday_rev,I_ny_prevday_rev|ref19-22o1|act13-17|rev|b1.0|a10|m1.0|tp1.0|x19,498,-137.03,0.52,137.6,False,135,-37.65,0.53
USDJPY,I_ny_prevday_rev,I_ny_prevday_rev|ref19-22o1|act13-17|rev|b1.0|a10|m1.0|tp1.0|x21,498,-134.54,0.54,135.11,False,135,-36.21,0.55
USDJPY,I_ny_prevday_rev,I_ny_prevday_rev|ref19-22o1|act13-17|rev|b1.0|a10|m1.0|tp1.5|x17,498,-115.87,0.6,116.94,False,135,-41.06,0.51
USDJPY,I_ny_prevday_rev,I_ny_prevday_rev|ref19-22o1|act13-17|rev|b1.0|a10|m1.0|tp1.5|x19,498,-114.73,0.62,115.8,False,135,-35.52,0.58
USDJPY,I_ny_prevday_rev,I_ny_prevday_rev|ref19-22o1|act13-17|rev|b1.0|a10|m1.0|tp1.5|x21,498,-111.29,0.64,112.36,False,135,-30.04,0.65
USDJPY,I_ny_prevday_rev,I_ny_prevday_rev|ref19-22o1|act13-17|rev|b1.0|a10|m1.0|tpopp|x17,498,-100.51,0.66,101.66,False,135,-33.91,0.6
USDJPY,I_ny_prevday_rev,I_ny_prevday_rev|ref19-22o1|act13-17|rev|b1.0|a10|m1.0|tpopp|x19,498,-99.81,0.67,99.99,False,135,-26.6,0.69
USDJPY,I_ny_prevday_rev,I_ny_prevday_rev|ref19-22o1|act13-17|rev|b1.0|a10|m1.0|tpopp|x21,498,-94.43,0.7,94.61,False,135,-18.15,0.79
USDJPY,I_ny_prevday_rev,I_ny_prevday_rev|ref19-22o1|act13-17|rev|b1.0|a10|m1.5|tp0.75|x17,498,-102.49,0.51,102.96,False,135,-27.78,0.51
USDJPY,I_ny_prevday_rev,I_ny_prevday_rev|ref19-22o1|act13-17|rev|b1.0|a10|m1.5|tp0.75|x19,498,-99.34,0.54,99.81,False,135,-26.68,0.54
USDJPY,I_ny_prevday_rev,I_ny_prevday_rev|ref19-22o1|act13-17|rev|b1.0|a10|m1.5|tp0.75|x21,498,-93.74,0.57,94.38,False,135,-21.09,0.63
USDJPY,I_ny_prevday_rev,I_ny_prevday_rev|ref19-22o1|act13-17|rev|b1.0|a10|m1.5|tp1.0|x17,498,-94.85,0.56,95.57,False,135,-30.55,0.49
USDJPY,I_ny_prevday_rev,I_ny_prevday_rev|ref19-22o1|act13-17|rev|b1.0|a10|m1.5|tp1.0|x19,498,-95.71,0.57,96.42,False,135,-27.68,0.55
USDJPY,I_ny_prevday_rev,I_ny_prevday_rev|ref19-22o1|act13-17|rev|b1.0|a10|m1.5|tp1.0|x21,498,-89.29,0.61,90.43,False,135,-19.06,0.68
USDJPY,I_ny_prevday_rev,I_ny_prevday_rev|ref19-22o1|act13-17|rev|b1.0|a10|m1.5|tp1.5|x17,498,-83.23,0.62,83.3,False,135,-27.65,0.55
USDJPY,I_ny_prevday_rev,I_ny_prevday_rev|ref19-22o1|act13-17|rev|b1.0|a10|m1.5|tp1.5|x19,498,-89.51,0.61,88.6,False,135,-22.96,0.63
USDJPY,I_ny_prevday_rev,I_ny_prevday_rev|ref19-22o1|act13-17|rev|b1.0|a10|m1.5|tp1.5|x21,498,-84.49,0.64,84.7,False,135,-10.99,0.82
USDJPY,I_ny_prevday_rev,I_ny_prevday_rev|ref19-22o1|act13-17|rev|b1.0|a10|m1.5|tpopp|x17,498,-84.42,0.61,85.39,False,135,-25.96,0.58
USDJPY,I_ny_prevday_rev,I_ny_prevday_rev|ref19-22o1|act13-17|rev|b1.0|a10|m1.5|tpopp|x19,498,-84.73,0.63,84.72,False,135,-22.73,0.64
USDJPY,I_ny_prevday_rev,I_ny_prevday_rev|ref19-22o1|act13-17|rev|b1.0|a10|m1.5|tpopp|x21,498,-75.79,0.68,76.9,False,135,-10.43,0.83
